{"x": [0, 1, 2, 3, 4, 5], "y": [7.593450546264648, 1.4598842859268188, 7.322947978973389, 1.3299453258514404, 7.80745792388916, 1.5970561504364014], "params": [12.087517738342285, 0.25, 1.0, 12.955024719238281]}