{"x": [0, 1, 2, 3, 4, 5], "y": [7.407926082611084, 7.300962448120117, 6.482071399688721, 5.6751508712768555, 5.350768566131592, 5.242762565612793], "params": [-2.2651052474975586, 2.5264878273010254, 4.330327033996582]}