{"x": [0, 1, 2, 3, 4, 5], "y": [6.952963352203369, 7.048941612243652, 6.488542079925537, 5.935378551483154, 6.042403697967529, 5.082308292388916], "params": [-2.1911163330078125, 2.4225592613220215, 3.9332666397094727]}