{"x": [0, 1, 2, 3, 4, 5], "y": [8.661385536193848, 8.388571739196777, 7.428491592407227, 7.211453914642334, 5.679424285888672, 4.933629512786865], "params": [-3.9069032669067383, 4.550454616546631, 7.455512046813965]}