{"x": [0, 1, 2, 3, 4, 5], "y": [5.255584716796875, 5.578840255737305, 5.957464218139648, 6.0143585205078125, 5.974147319793701, 6.374688148498535], "params": [1.1825079917907715, 1.5325433015823364, 2.2382068634033203]}