{"x": [0, 1, 2, 3, 4, 5], "y": [6.428243637084961, 5.7625274658203125, 5.0816497802734375, 4.550107955932617, 3.6547484397888184, 3.191004991531372], "params": [-3.7506368160247803, -0.5603569746017456, 6.474477291107178]}