{"x": [0, 1, 2, 3, 4, 5], "y": [5.005473613739014, 5.056982040405273, 5.964860439300537, 6.068281650543213, 6.460453510284424, 6.770023822784424], "params": [1.8493289947509766, 1.7746204137802124, 3.5291004180908203]}