{"x": [0, 1, 2, 3, 4, 5], "y": [7.017603397369385, 6.563390731811523, 5.9210357666015625, 4.506543159484863, 4.194755554199219, 3.199306011199951], "params": [-4.281472206115723, 0.6201887130737305, 7.636594772338867]}