{"x": [0, 1, 2, 3, 4, 5], "y": [2.4321370124816895, 2.8281383514404297, 3.2614951133728027, 3.2847611904144287, 3.337581157684326, 3.940540313720703], "params": [1.3364713191986084, -3.7394511699676514, 3.0168066024780273]}