{"x": [0, 1, 2, 3, 4, 5], "y": [4.631707191467285, 4.459774971008301, 4.136779308319092, 3.7813754081726074, 3.2547905445098877, 3.3037874698638916], "params": [-1.1768639087677002, -2.329460382461548, 2.753833293914795]}