{"x": [0, 1, 2, 3, 4, 5], "y": [4.294325351715088, 3.9372458457946777, 4.156557559967041, 3.595813512802124, 3.6253256797790527, 2.5886871814727783], "params": [-1.722806692123413, -2.914435386657715, 3.411276340484619]}