{"x": [0, 1, 2, 3, 4, 5], "y": [5.591835975646973, 4.812837600708008, 3.9214038848876953, 3.726597547531128, 2.2842013835906982, 1.822041630744934], "params": [-4.107734680175781, -2.5067405700683594, 7.539588928222656]}