{"x": [0, 1, 2, 3, 4, 5], "y": [6.446122646331787, 6.3235368728637695, 6.716292381286621, 6.525012969970703, 6.970091342926025, 7.468361854553223], "params": [1.0838921070098877, 3.250784397125244, 2.2896499633789062]}