{"x": [0, 1, 2, 3, 4, 5], "y": [8.187756538391113, 7.604104995727539, 7.7821831703186035, 6.471288681030273, 6.5655622482299805, 5.914456367492676], "params": [-2.138183355331421, 4.220346450805664, 4.546600341796875]}