{"x": [0, 1, 2, 3, 4, 5], "y": [6.3726043701171875, 5.346360206604004, 4.811612129211426, 4.274227142333984, 3.738579750061035, 2.6155216693878174], "params": [-3.8210787773132324, -0.7107329368591309, 7.51416540145874]}