{"x": [0, 1, 2, 3, 4, 5], "y": [4.876340389251709, 4.09206485748291, 4.05662202835083, 3.9928550720214844, 3.636371374130249, 3.387761116027832], "params": [-1.0558351278305054, -1.9805669784545898, 2.977158546447754]}