{"x": [0, 1, 2, 3, 4, 5], "y": [4.413668632507324, 3.84324312210083, 3.171872615814209, 2.8281447887420654, 2.1935412883758545, 1.089146614074707], "params": [-3.229430913925171, -4.384248733520508, 6.649044036865234]}