{"x": [0, 1, 2, 3, 4, 5], "y": [4.44011926651001, 4.793930530548096, 5.261835098266602, 5.350005626678467, 5.450351715087891, 5.569544792175293], "params": [1.3688428401947021, 0.30036985874176025, 2.2588510513305664]}