{"x": [0, 1, 2, 3, 4, 5], "y": [6.92498779296875, 6.7748894691467285, 6.497644901275635, 5.330972194671631, 4.910859107971191, 4.155643939971924], "params": [-2.799680233001709, 1.5247857570648193, 5.538687705993652]}