{"x": [0, 1, 2, 3, 4, 5], "y": [5.3659987449646, 4.376963138580322, 3.3326468467712402, 2.477959156036377, 1.0462981462478638, 0.3153296709060669], "params": [-4.718541622161865, -4.336199760437012, 10.101338386535645]}