{"x": [0, 1, 2, 3, 4, 5], "y": [9.924482345581055, 8.649110794067383, 7.019524574279785, 6.492144584655762, 5.444060325622559, 4.799871921539307], "params": [-4.63076114654541, 3.925644874572754, 10.249220848083496]}