{"x": [0, 1, 2, 3, 4, 5], "y": [7.688403129577637, 6.875792980194092, 6.194490432739258, 5.803656101226807, 5.091874122619629, 4.745429992675781], "params": [-2.964920997619629, 2.122622013092041, 5.885946273803711]}