{"x": [0, 1, 2, 3, 4, 5], "y": [5.609893321990967, 6.617792129516602, 6.6379170417785645, 7.37191915512085, 7.284280776977539, 7.8830952644348145], "params": [1.7581787109375, 3.679668426513672, 4.546403884887695]}