{"x": [0, 1, 2, 3, 4, 5], "y": [6.244743824005127, 5.3813395500183105, 4.761841297149658, 4.169519424438477, 3.0719916820526123, 1.79892897605896], "params": [-4.157599449157715, -1.5216702222824097, 8.891630172729492]}