{"x": [0, 1, 2, 3, 4, 5], "y": [6.862143516540527, 6.515275001525879, 6.0396599769592285, 5.881124973297119, 5.049490451812744, 4.802350044250488], "params": [-2.0499107837677, 1.526113748550415, 4.119586944580078]}