{"x": [0, 1, 2, 3, 4, 5], "y": [3.6589438915252686, 4.176596641540527, 4.336982727050781, 4.804919242858887, 4.868258476257324, 5.325408935546875], "params": [1.7646608352661133, -0.8063513040542603, 3.332930088043213]}