{"x": [0, 1, 2, 3, 4, 5], "y": [2.7481350898742676, 3.8002078533172607, 4.2395172119140625, 4.5053205490112305, 4.822751045227051, 5.06978702545166], "params": [1.8413982391357422, -1.4370554685592651, 4.643303871154785]}