{"x": [0, 1, 2, 3, 4, 5], "y": [6.218850612640381, 5.784909248352051, 5.448265552520752, 4.9641594886779785, 4.671370029449463, 4.146738529205322], "params": [-1.725508689880371, 0.2983701229095459, 4.144224166870117]}