{"x": [0, 1, 2, 3, 4, 5], "y": [8.633480072021484, 7.448721885681152, 6.740756034851074, 6.086523056030273, 5.290135383605957, 4.062792778015137], "params": [-4.454455375671387, 2.680758237838745, 9.141374588012695]}