{"x": [0, 1, 2, 3, 4, 5], "y": [8.681918144226074, 7.998711585998535, 7.470488548278809, 6.549205303192139, 5.209007263183594, 4.794212341308594], "params": [-4.555817604064941, 3.2856225967407227, 7.775411605834961]}