{"x": [0, 1, 2, 3, 4, 5], "y": [8.183728218078613, 7.528477668762207, 7.605994701385498, 6.49200963973999, 6.454703330993652, 5.791330814361572], "params": [-2.789515972137451, 3.9634454250335693, 4.784794807434082]}