{"x": [0, 1, 2, 3, 4, 5], "y": [5.849085807800293, 5.951533317565918, 5.602072715759277, 5.323273658752441, 5.981473445892334, 5.5839104652404785], "params": [-0.10815280675888062, 1.3954788446426392, 1.3163995742797852]}