{"x": [0, 1, 2, 3, 4, 5], "y": [3.8781285285949707, 3.8459877967834473, 2.756220817565918, 2.8113222122192383, 2.3922526836395264, 2.3814473152160645], "params": [-1.5719330310821533, -3.8481366634368896, 2.9933624267578125]}