{"x": [0, 1, 2, 3, 4, 5], "y": [6.946731090545654, 7.150730609893799, 6.565406799316406, 6.743453502655029, 6.484507083892822, 6.297235488891602], "params": [-0.95667564868927, 3.312880516052246, 1.7069902420043945]}