{"x": [0, 1, 2, 3, 4, 5], "y": [9.29398250579834, 8.700153350830078, 7.453009605407715, 6.904517650604248, 6.469387531280518, 5.512713432312012], "params": [-4.127732753753662, 4.72237491607666, 7.562538146972656]}