{"x": [0, 1, 2, 3, 4, 5], "y": [8.991613388061523, 7.882663249969482, 6.899477005004883, 6.09852409362793, 5.645458221435547, 4.1573567390441895], "params": [-4.606751441955566, 2.836571216583252, 9.668513298034668]}