{"x": [0, 1, 2, 3, 4, 5], "y": [7.6371026039123535, 6.6899847984313965, 5.7773590087890625, 5.29435396194458, 3.6978695392608643, 2.83884859085083], "params": [-4.778105735778809, 0.6597137451171875, 9.596508026123047]}