{"x": [0, 1, 2, 3, 4, 5], "y": [6.151879787445068, 5.33030891418457, 4.387258529663086, 3.6408956050872803, 3.2833364009857178, 2.0287647247314453], "params": [-4.019144535064697, -1.5096485614776611, 8.246230125427246]}