{"x": [0, 1, 2, 3, 4, 5], "y": [6.911473751068115, 5.716634273529053, 4.494183540344238, 4.327890396118164, 2.9281885623931885, 2.236354351043701], "params": [-4.124190807342529, -0.8249282836914062, 9.350238800048828]}