{"x": [0, 1, 2, 3, 4, 5], "y": [3.8931386470794678, 3.4778668880462646, 3.1440200805664062, 2.7981772422790527, 2.5690085887908936, 1.7332267761230469], "params": [-2.258608341217041, -4.025348663330078, 4.319823741912842]}