{"x": [0, 1, 2, 3, 4, 5], "y": [2.4719529151916504, 2.3574066162109375, 2.630244493484497, 2.4280169010162354, 2.595602512359619, 2.73366117477417], "params": [0.07628732919692993, -4.7871599197387695, 0.7525091171264648]}