{"x": [0, 1, 2, 3, 4, 5], "y": [3.9774060249328613, 4.502367973327637, 4.880841255187988, 5.206579685211182, 5.563780307769775, 5.487849235534668], "params": [1.5255206823349, -0.08736729621887207, 3.172748565673828]}