{"x": [0, 1, 2, 3, 4, 5], "y": [5.426373481750488, 5.04810094833374, 5.320496082305908, 5.064891815185547, 5.494262218475342, 5.635345458984375], "params": [0.4724579453468323, 0.9485328197479248, 1.1744890213012695]}