{"x": [0, 1, 2, 3, 4, 5], "y": [6.088413238525391, 5.3142781257629395, 4.514350414276123, 3.37796950340271, 2.4069361686706543, 1.6920077800750732], "params": [-4.422517776489258, -2.2497713565826416, 8.792810440063477]}