{"x": [0, 1, 2, 3, 4, 5], "y": [6.347367286682129, 5.541674613952637, 4.706811904907227, 4.002429008483887, 3.2465574741363525, 2.4856667518615723], "params": [-4.270946502685547, -1.156151294708252, 7.723401069641113]}