{"x": [0, 1, 2, 3, 4, 5], "y": [4.821223735809326, 4.24959135055542, 3.5346429347991943, 2.10760760307312, 1.4835153818130493, 0.5610719323158264], "params": [-4.334168434143066, -4.313112258911133, 8.520303726196289]}