{"x": [0, 1, 2, 3, 4, 5], "y": [6.158616542816162, 6.241401195526123, 6.621976852416992, 6.71356201171875, 6.400449752807617, 6.6645660400390625], "params": [0.16602152585983276, 3.038698434829712, 1.1098909378051758]}