{"x": [0, 1, 2, 3, 4, 5], "y": [7.656167030334473, 7.147705554962158, 7.563381195068359, 7.308144569396973, 7.301447868347168, 7.053503513336182], "params": [-0.3013615012168884, 4.57009744644165, 1.205327033996582]}