{"x": [0, 1, 2, 3, 4, 5], "y": [4.219975471496582, 4.559659957885742, 4.761493682861328, 4.727901935577393, 4.9594502449035645, 5.116238117218018], "params": [0.4692540168762207, -0.4904758930206299, 1.792525291442871]}