{"x": [0, 1, 2, 3, 4, 5], "y": [2.854785442352295, 3.025078773498535, 2.588371753692627, 2.814474582672119, 2.1244616508483887, 2.813246965408325], "params": [-0.4789869785308838, -4.577841281890869, 1.801234245300293]}