{"x": [0, 1, 2, 3, 4, 5], "y": [4.746397018432617, 3.922511100769043, 3.956622362136841, 2.8022754192352295, 2.420097589492798, 1.6975065469741821], "params": [-2.475220203399658, -3.385838270187378, 6.097781181335449]}