{"x": [0, 1, 2, 3, 4, 5], "y": [5.042932510375977, 4.384694576263428, 4.1214375495910645, 2.746716260910034, 2.2803709506988525, 1.7503833770751953], "params": [-3.3530008792877197, -3.3564209938049316, 6.5850982666015625]}