{"x": [0, 1, 2, 3, 4, 5], "y": [6.6148176193237305, 6.85965633392334, 6.605943202972412, 5.949610233306885, 5.66162633895874, 5.4339070320129395], "params": [-0.7275795340538025, 2.3717141151428223, 2.851498603820801]}