{"x": [0, 1, 2, 3, 4, 5], "y": [7.641204833984375, 7.966429233551025, 7.245638847351074, 7.202606678009033, 7.193544387817383, 6.9650797843933105], "params": [-0.8715652227401733, 4.930114269256592, 2.0026988983154297]}