{"x": [0, 1, 2, 3, 4, 5], "y": [4.169887065887451, 3.1655471324920654, 3.4170455932617188, 3.4318292140960693, 2.8113715648651123, 2.3355424404144287], "params": [-1.5977617502212524, -3.5876922607421875, 3.668689250946045]}