{"x": [0, 1, 2, 3, 4, 5], "y": [8.359275817871094, 7.715958118438721, 7.460960388183594, 6.944874286651611, 6.5500946044921875, 5.977199077606201], "params": [-1.8224973678588867, 4.501588344573975, 4.764153480529785]}