{"x": [0, 1, 2, 3, 4, 5], "y": [7.343310356140137, 7.537001132965088, 7.016456604003906, 6.793153762817383, 6.582452297210693, 6.407617092132568], "params": [-0.7537750601768494, 3.6882753372192383, 2.258768081665039]}