{"x": [0, 1, 2, 3, 4, 5], "y": [5.100050926208496, 5.6255950927734375, 5.017181873321533, 4.947549343109131, 5.027278900146484, 5.580101490020752], "params": [0.0786125659942627, 0.22478222846984863, 1.3560914993286133]}