{"x": [0, 1, 2, 3, 4, 5], "y": [5.99318265914917, 5.872718334197998, 6.034709930419922, 5.0594377517700195, 5.347408771514893, 4.868579387664795], "params": [-1.0588767528533936, 1.225820779800415, 2.332261085510254]}