{"x": [0, 1, 2, 3, 4, 5], "y": [3.514531373977661, 2.6035056114196777, 2.5380194187164307, 1.8871862888336182, 2.118466377258301, 2.21150541305542], "params": [-1.661666750907898, -4.927480220794678, 3.254690170288086]}