{"x": [0, 1, 2, 3, 4, 5], "y": [5.766868591308594, 4.996327877044678, 4.56955623626709, 3.5744833946228027, 2.8554515838623047, 2.5545639991760254], "params": [-3.2508387565612793, -1.6598880290985107, 6.424609184265137]}