{"x": [0, 1, 2, 3, 4, 5], "y": [6.790765285491943, 5.898489475250244, 5.508890628814697, 4.428586959838867, 3.757782220840454, 3.1119184494018555], "params": [-3.427286148071289, -0.13189911842346191, 7.357693672180176]}