{"x": [0, 1, 2, 3, 4, 5], "y": [5.990190029144287, 4.147243976593018, 3.095747470855713, 2.353060245513916, 1.7633421421051025, 0.8371140956878662], "params": [-4.867965221405029, -4.086033821105957, 10.30615234375]}