{"x": [0, 1, 2, 3, 4, 5], "y": [6.53306770324707, 6.730765342712402, 6.640727519989014, 7.133023738861084, 7.295523643493652, 7.207925319671631], "params": [0.882168173789978, 3.8121533393859863, 1.524911880493164]}