{"x": [0, 1, 2, 3, 4, 5], "y": [7.275393486022949, 6.389377117156982, 5.942058563232422, 5.790917873382568, 4.978893280029297, 4.683630466461182], "params": [-2.4567220211029053, 1.3700032234191895, 5.183526039123535]}