{"x": [0, 1, 2, 3, 4, 5], "y": [7.038339138031006, 6.865330219268799, 5.711116790771484, 5.516507148742676, 4.70915412902832, 3.8502769470214844], "params": [-3.457160472869873, 1.4641118049621582, 6.376124382019043]}