{"x": [0, 1, 2, 3, 4, 5], "y": [4.316640377044678, 3.767819404602051, 2.7752389907836914, 2.06490159034729, 2.411163806915283, 1.4656329154968262], "params": [-2.9425580501556396, -4.524101734161377, 5.702014923095703]}