{"x": [0, 1, 2, 3, 4, 5], "y": [9.389020919799805, 8.279742240905762, 7.946707725524902, 7.1622819900512695, 6.270427703857422, 5.234637260437012], "params": [-4.164078712463379, 4.42575740814209, 8.308767318725586]}