{"x": [0, 1, 2, 3, 4, 5], "y": [4.21795129776001, 3.6020710468292236, 2.8261682987213135, 2.267284631729126, 1.7032368183135986, 0.9127991199493408], "params": [-2.845926284790039, -4.767634391784668, 6.610304355621338]}