{"x": [0, 1, 2, 3, 4, 5], "y": [5.372032165527344, 4.83384370803833, 3.8947649002075195, 2.8685977458953857, 1.585841178894043, 1.0720127820968628], "params": [-4.756886005401611, -3.5907344818115234, 8.600038528442383]}