{"x": [0, 1, 2, 3, 4, 5], "y": [6.176769733428955, 5.823187351226807, 5.116196632385254, 4.918524265289307, 4.317269325256348, 3.466820001602173], "params": [-2.8714656829833984, 0.054354071617126465, 5.4198994636535645]}