{"x": [0, 1, 2, 3, 4, 5], "y": [6.484710216522217, 5.194674968719482, 4.240935802459717, 3.5396411418914795, 3.117227792739868, 1.863661766052246], "params": [-4.3275370597839355, -1.8339329957962036, 9.242096900939941]}