{"x": [0, 1, 2, 3, 4, 5], "y": [5.35399055480957, 4.961021900177002, 5.225874423980713, 4.866523265838623, 4.677590847015381, 4.907813549041748], "params": [-0.5759697556495667, -0.10130465030670166, 1.352799415588379]}