{"x": [0, 1, 2, 3, 4, 5], "y": [6.041783332824707, 5.633552551269531, 5.8620219230651855, 6.012675762176514, 6.390098571777344, 6.630530834197998], "params": [0.8106495141983032, 2.117758274078369, 1.9939565658569336]}