{"x": [0, 1, 2, 3, 4, 5], "y": [4.353711128234863, 4.835393905639648, 5.401889801025391, 5.072343349456787, 5.099166393280029, 4.877394199371338], "params": [0.8288675546646118, -0.02020120620727539, 2.0963573455810547]}