{"x": [0, 1, 2, 3, 4, 5], "y": [6.890827655792236, 5.715831756591797, 4.927303791046143, 3.8290958404541016, 3.0702836513519287, 2.1809072494506836], "params": [-4.463558197021484, -1.0147595405578613, 9.419840812683105]}