{"x": [0, 1, 2, 3, 4, 5], "y": [7.971523761749268, 7.7398247718811035, 7.5983405113220215, 7.3670573234558105, 7.055305004119873, 6.785888195037842], "params": [-1.3490207195281982, 4.76278829574585, 2.3712711334228516]}