{"x": [0, 1, 2, 3, 4, 5], "y": [7.842497825622559, 7.089418411254883, 6.82703161239624, 6.364684104919434, 5.929004669189453, 5.532806396484375], "params": [-2.0112805366516113, 3.0958139896392822, 4.619382858276367]}