{"x": [0, 1, 2, 3, 4, 5], "y": [5.076881408691406, 4.46783447265625, 4.3564887046813965, 4.333580017089844, 4.045511722564697, 3.5048952102661133], "params": [-1.2094075679779053, -1.476312279701233, 3.143972396850586]}