{"x": [0, 1, 2, 3, 4, 5], "y": [6.994153022766113, 6.5125532150268555, 6.056275367736816, 6.162589073181152, 5.390720844268799, 4.938910484313965], "params": [-1.8549201488494873, 1.825958490371704, 4.110485076904297]}