{"x": [0, 1, 2, 3, 4, 5], "y": [3.7098214626312256, 4.102622985839844, 4.271835803985596, 3.990900993347168, 4.33464241027832, 4.445389747619629], "params": [0.709630012512207, -1.4757192134857178, 1.4711365699768066]}