{"x": [0, 1, 2, 3, 4, 5], "y": [4.738379001617432, 4.120362758636475, 3.959195852279663, 3.6831977367401123, 3.1085848808288574, 3.0321011543273926], "params": [-1.324296236038208, -2.152782678604126, 3.412555694580078]}