{"x": [0, 1, 2, 3, 4, 5], "y": [8.014841079711914, 7.162711143493652, 6.091604709625244, 5.586608409881592, 5.032354354858398, 3.7271251678466797], "params": [-4.333451271057129, 2.193279266357422, 8.575431823730469]}