{"x": [0, 1, 2, 3, 4, 5], "y": [5.293385982513428, 4.826534271240234, 4.380442142486572, 4.0728631019592285, 3.4861347675323486, 3.5554230213165283], "params": [-1.7381054162979126, -1.416337490081787, 3.614502429962158]}