{"x": [0, 1, 2, 3, 4, 5], "y": [7.937877178192139, 7.593602180480957, 7.428006172180176, 7.1195783615112305, 6.843067646026611, 6.331548690795898], "params": [-1.4251317977905273, 4.395327091217041, 3.2126569747924805]}