{"x": [0, 1, 2, 3, 4, 5], "y": [6.929009437561035, 6.064578056335449, 5.84459924697876, 5.04348087310791, 4.3510308265686035, 3.9824349880218506], "params": [-2.863550901412964, 0.8239752054214478, 5.893148899078369]}