{"x": [0, 1, 2, 3, 4, 5], "y": [6.497682094573975, 6.165190696716309, 5.573232650756836, 5.228364944458008, 4.392516136169434, 3.9491336345672607], "params": [-2.2985568046569824, 0.4482567310333252, 5.097096920013428]}