{"x": [0, 1, 2, 3, 4, 5], "y": [3.6907899379730225, 4.127777099609375, 4.113613605499268, 4.081393241882324, 4.499758720397949, 4.753012657165527], "params": [1.2552599906921387, -1.4580798149108887, 2.1244454383850098]}