{"x": [0, 1, 2, 3, 4, 5], "y": [5.109749794006348, 5.673410892486572, 5.1596574783325195, 4.593814849853516, 4.544228553771973, 4.316634654998779], "params": [-0.9915496110916138, 0.055643320083618164, 2.713552474975586]}