{"x": [0, 1, 2, 3, 4, 5], "y": [4.01266622543335, 3.9735612869262695, 3.1665587425231934, 2.751927137374878, 2.1365864276885986, 1.3064212799072266], "params": [-2.9055304527282715, -4.215144634246826, 5.412489891052246]}