{"x": [0, 1, 2, 3, 4, 5], "y": [4.505875587463379, 4.237659454345703, 4.269469738006592, 4.334988117218018, 4.794812202453613, 3.962822914123535], "params": [0.0035853981971740723, -1.3496357202529907, 1.6639785766601562]}