{"x": [0, 1, 2, 3, 4, 5], "y": [8.990256309509277, 8.21957778930664, 7.0084991455078125, 6.223718643188477, 5.653700351715088, 4.520697593688965], "params": [-4.179531574249268, 3.4997434616088867, 8.939117431640625]}