{"x": [0, 1, 2, 3, 4, 5], "y": [4.2995100021362305, 3.766678810119629, 3.979146957397461, 3.718226194381714, 3.5745601654052734, 3.5720629692077637], "params": [-1.3290865421295166, -2.209895133972168, 1.4548940658569336]}