{"x": [0, 1, 2, 3, 4, 5], "y": [9.098917007446289, 8.240272521972656, 7.688149929046631, 6.737278461456299, 5.213389873504639, 4.472799301147461], "params": [-4.570088863372803, 3.905693292617798, 9.252235412597656]}