{"x": [0, 1, 2, 3, 4, 5], "y": [4.807645797729492, 4.5621161460876465, 4.685455322265625, 4.302648544311523, 4.785122871398926, 4.188916206359863], "params": [-0.7206935286521912, -0.6802606582641602, 1.2374591827392578]}