{"x": [0, 1, 2, 3, 4, 5], "y": [6.579591274261475, 7.03007698059082, 7.412601947784424, 7.762873649597168, 8.233359336853027, 7.960253715515137], "params": [1.5213608741760254, 4.744004249572754, 3.3075361251831055]}