{"x": [0, 1, 2, 3, 4, 5], "y": [4.583139896392822, 4.714512825012207, 5.36427640914917, 5.977472305297852, 5.963031768798828, 6.305209159851074], "params": [1.7610167264938354, 0.9331440925598145, 3.444138526916504]}