{"x": [0, 1, 2, 3, 4, 5], "y": [7.093158721923828, 7.166962146759033, 7.044936656951904, 6.321287155151367, 6.322504043579102, 5.888420104980469], "params": [-1.1027040481567383, 3.3100075721740723, 2.557084083557129]}