{"x": [0, 1, 2, 3, 4, 5], "y": [3.4513885974884033, 3.5742411613464355, 3.4518065452575684, 3.05588698387146, 2.5101702213287354, 2.4541895389556885], "params": [-1.263087511062622, -3.951712131500244, 2.240103244781494]}