{"x": [0, 1, 2, 3, 4, 5], "y": [7.185410976409912, 6.600668430328369, 6.074488162994385, 5.570237159729004, 4.733883857727051, 4.187153339385986], "params": [-2.8349647521972656, 1.5725672245025635, 5.996515274047852]}