{"x": [0, 1, 2, 3, 4, 5], "y": [7.774996757507324, 7.612826824188232, 6.534562110900879, 5.616970539093018, 5.4217681884765625, 4.481606483459473], "params": [-3.4713656902313232, 2.8473401069641113, 6.586780548095703]}