{"x": [0, 1, 2, 3, 4, 5], "y": [0.5873569250106812, 5.093093395233154, 0.689472496509552, 4.6458587646484375, 0.40777188539505005, 4.982320308685303], "params": [9.247119903564453, 0.25, 0.0, 9.37064266204834]}