{"x": [0, 1, 2, 3, 4, 5], "y": [0.3033384084701538, 5.008081436157227, 0.23950350284576416, 5.437939643859863, 0.02289082109928131, 5.265239238739014], "params": [9.996524810791016, 0.25, 0.0, 10.830097198486328]}