{"x": [0, 1, 2, 3, 4, 5], "y": [0.8643300533294678, 5.5173468589782715, 0.9676201343536377, 5.3159918785095215, 1.246785044670105, 5.43516206741333], "params": [8.37918758392334, 0.25, 0.0, 9.306034088134766]}