{"x": [0, 1, 2, 3, 4, 5], "y": [-0.016397900879383087, 4.458582878112793, 0.1054522916674614, 4.739394187927246, -0.053991131484508514, 4.434069633483887], "params": [8.317269325256348, 0.25, 0.0, 9.586771011352539]}