{"x": [0, 1, 2, 3, 4, 5], "y": [0.9161707758903503, 6.379448413848877, 0.8949826955795288, 6.210947513580322, 0.9536192417144775, 6.109166145324707], "params": [10.468504905700684, 0.25, 0.0, 10.968931198120117]}