{"x": [0, 1, 2, 3, 4, 5], "y": [0.3745129704475403, 4.82034158706665, 0.6363232731819153, 4.960415363311768, 0.5359199643135071, 4.966551780700684], "params": [8.914304733276367, 0.25, 0.0, 9.184077262878418]}