{"x": [0, 1, 2, 3, 4, 5], "y": [1.4754223823547363, 7.04857873916626, 1.4165291786193848, 6.822856426239014, 1.4936528205871582, 7.367274284362793], "params": [11.25674819946289, 0.25, 0.0, 11.901490211486816]}