{"x": [0, 1, 2, 3, 4, 5], "y": [1.5847314596176147, 5.006261825561523, 1.4180246591567993, 5.2383503913879395, 1.291560173034668, 4.916873931884766], "params": [7.634177207946777, 0.25, 0.0, 7.893580436706543]}