{"x": [0, 1, 2, 3, 4, 5], "y": [0.983407735824585, 8.189827919006348, 0.8503950238227844, 7.371576309204102, 0.8886331915855408, 7.5451788902282715], "params": [14.103716850280762, 0.25, 0.0, 14.678865432739258]}