{"x": [0, 1, 2, 3, 4, 5], "y": [0.2369241714477539, 7.497693061828613, 0.17502892017364502, 7.536531448364258, 0.272981733083725, 7.002165794372559], "params": [14.603191375732422, 0.25, 0.0, 14.723005294799805]}