{"x": [0, 1, 2, 3, 4, 5], "y": [0.7523820996284485, 7.509647846221924, 1.0905953645706177, 7.676745891571045, 0.6274303793907166, 6.881992816925049], "params": [13.076151847839355, 0.25, 0.0, 14.098630905151367]}