{"x": [0, 1, 2, 3, 4, 5], "y": [1.3883413076400757, 7.183877468109131, 0.8349784016609192, 7.544983863830566, 0.9766470789909363, 7.265315055847168], "params": [12.479927062988281, 0.25, 0.0, 13.420010566711426]}