{"x": [0, 1, 2, 3, 4, 5], "y": [0.5200132131576538, 6.344841957092285, 0.5247046947479248, 6.326939105987549, 0.7812008857727051, 6.749924659729004], "params": [11.400195121765137, 0.25, 0.0, 12.459822654724121]}