{"x": [0, 1, 2, 3, 4, 5], "y": [-0.028845742344856262, 3.2809338569641113, 0.31055253744125366, 2.9286863803863525, 0.40237343311309814, 3.126216411590576], "params": [5.9492926597595215, 0.25, 0.0, 6.619559288024902]}