{"x": [0, 1, 2, 3, 4, 5], "y": [0.6416299939155579, 4.48587703704834, 0.35854673385620117, 4.432924747467041, 0.515988290309906, 4.686229228973389], "params": [8.030304908752441, 0.25, 0.0, 8.655364990234375]}