{"x": [0, 1, 2, 3, 4, 5], "y": [1.537972092628479, 8.603403091430664, 1.4758613109588623, 8.32855224609375, 1.4525237083435059, 7.82343053817749], "params": [13.263331413269043, 0.25, 0.0, 14.301758766174316]}