{"x": [0, 1, 2, 3, 4, 5], "y": [-0.1515752077102661, 5.269321441650391, 0.10477608442306519, 5.608494281768799, 0.16930991411209106, 5.544679164886475], "params": [10.643967628479004, 0.25, 0.0, 11.52013874053955]}