{"x": [0, 1, 2, 3, 4, 5], "y": [-0.011861935257911682, 6.835057258605957, 0.04578220471739769, 6.460097789764404, -0.04216925799846649, 7.2560319900512695], "params": [13.599361419677734, 0.25, 0.0, 14.596402168273926]}