{"x": [0, 1, 2, 3, 4, 5], "y": [1.7928935289382935, 8.54858112335205, 1.6612919569015503, 8.292431831359863, 1.7051728963851929, 8.48541259765625], "params": [13.636667251586914, 0.25, 0.0, 13.774578094482422]}