{"x": [0, 1, 2, 3, 4, 5], "y": [-0.3836408853530884, 2.9551827907562256, 0.025569237768650055, 3.329312562942505, -0.02599295973777771, 3.074608087539673], "params": [5.810122966766357, 0.25, 0.0, 7.425907135009766]}