{"x": [0, 1, 2, 3, 4, 5], "y": [1.0426965951919556, 8.332012176513672, 1.4951285123825073, 8.756962776184082, 1.7816712856292725, 8.659416198730469], "params": [13.734561920166016, 0.25, 0.0, 15.428532600402832]}