{"x": [0, 1, 2, 3, 4, 5], "y": [0.9262790679931641, 5.33604621887207, 1.3757991790771484, 5.625558853149414, 0.8687664270401001, 5.515554904937744], "params": [8.664239883422852, 0.25, 0.0, 9.513585090637207]}