{"x": [0, 1, 2, 3, 4, 5], "y": [0.37308675050735474, 3.122124433517456, 0.13895252346992493, 3.426682949066162, 0.01904180645942688, 2.9590678215026855], "params": [5.667281150817871, 0.25, 0.0, 6.815282344818115]}