{"x": [0, 1, 2, 3, 4, 5], "y": [0.820587158203125, 7.976081371307373, 1.001818060874939, 7.667535781860352, 0.876209557056427, 7.681704521179199], "params": [13.495809555053711, 0.25, 0.0, 14.310988426208496]}