{"x": [0, 1, 2, 3, 4, 5], "y": [0.3380099833011627, 6.644277095794678, 0.7740039825439453, 6.010809898376465, 0.394074022769928, 6.839548110961914], "params": [11.900537490844727, 0.25, 0.0, 13.003076553344727]}