{"x": [0, 1, 2, 3, 4, 5], "y": [1.2111403942108154, 7.435269355773926, 1.4730992317199707, 6.602308750152588, 1.2596261501312256, 7.262066841125488], "params": [11.278166770935059, 0.25, 0.0, 12.448257446289062]}