{"x": [0, 1, 2, 3, 4, 5], "y": [1.2160109281539917, 6.5599284172058105, 1.4041639566421509, 6.043539047241211, 1.0673259496688843, 6.676966667175293], "params": [10.317167282104492, 0.25, 0.0, 11.219281196594238]}