{"x": [0, 1, 2, 3, 4, 5], "y": [1.9935383796691895, 8.236197471618652, 1.6619080305099487, 7.771284580230713, 1.868567705154419, 8.283803939819336], "params": [12.341981887817383, 0.25, 0.0, 13.243791580200195]}