{"x": [0, 1, 2, 3, 4, 5], "y": [-0.15048974752426147, 3.7680611610412598, -0.2912100851535797, 3.3634538650512695, -0.06884520500898361, 3.6357309818267822], "params": [6.586556911468506, 0.25, 0.0, 8.118542671203613]}