{"x": [0, 1, 2, 3, 4, 5], "y": [0.7237904071807861, 6.431447505950928, 0.7607252597808838, 6.559072971343994, 1.2241508960723877, 6.43281364440918], "params": [11.392740249633789, 0.25, 0.0, 11.670564651489258]}