{"x": [0, 1, 2, 3, 4, 5], "y": [0.5809841156005859, 5.527981758117676, 0.9539976119995117, 5.388000965118408, 0.28541022539138794, 5.336281776428223], "params": [9.928168296813965, 0.25, 0.0, 10.485142707824707]}