{"x": [0, 1, 2, 3, 4, 5], "y": [0.48672690987586975, 3.7952916622161865, 0.3054927587509155, 3.6850597858428955, 0.7721177339553833, 3.8042516708374023], "params": [6.786689758300781, 0.25, 0.0, 6.9975175857543945]}