{"x": [0, 1, 2, 3, 4, 5], "y": [0.5761067271232605, 4.884195804595947, 0.3880860209465027, 5.385092258453369, 0.696554958820343, 4.847590923309326], "params": [8.908976554870605, 0.25, 0.0, 9.994012832641602]}