{"x": [0, 1, 2, 3, 4, 5], "y": [0.039902154356241226, 3.808692216873169, 0.07072463631629944, 4.148698806762695, -0.009488224983215332, 4.084249496459961], "params": [7.38101053237915, 0.25, 0.0, 8.316373825073242]}