{"x": [0, 1, 2, 3, 4, 5], "y": [-0.03013528138399124, 7.434411525726318, 0.1896378993988037, 6.743683815002441, -0.046233318746089935, 6.912435054779053], "params": [13.548572540283203, 0.25, 0.0, 14.961289405822754]}