{"x": [0, 1, 2, 3, 4, 5], "y": [0.004688509739935398, 3.797037124633789, -0.0730949267745018, 3.865229606628418, -0.2711614966392517, 3.8276376724243164], "params": [7.739832401275635, 0.25, 0.0, 8.272782325744629]}