{"x": [0, 1, 2, 3, 4, 5], "y": [1.830073595046997, 9.224489212036133, 1.921015739440918, 8.567434310913086, 2.1661198139190674, 9.189567565917969], "params": [13.69542121887207, 0.25, 0.0, 14.78883171081543]}