{"x": [0, 1, 2, 3, 4, 5], "y": [1.2757866382598877, 5.918549537658691, 0.8383299112319946, 6.440188407897949, 1.4800350666046143, 5.7682976722717285], "params": [9.322248458862305, 0.25, 0.0, 11.203717231750488]}