{"x": [0, 1, 2, 3, 4, 5], "y": [1.1493061780929565, 6.574210166931152, 1.780624270439148, 6.54473352432251, 1.7587416172027588, 5.836421012878418], "params": [9.308572769165039, 0.25, 0.0, 10.849807739257812]}