{"x": [0, 1, 2, 3, 4, 5], "y": [0.9455916285514832, 7.090989112854004, 1.4208108186721802, 6.874356269836426, 1.190947413444519, 6.6962432861328125], "params": [11.543075561523438, 0.25, 0.0, 12.29079532623291]}