{"x": [0, 1, 2, 3, 4, 5], "y": [1.5892291069030762, 8.97750186920166, 2.1951663494110107, 8.994495391845703, 1.8955508470535278, 8.408631324768066], "params": [14.084748268127441, 0.25, 0.0, 14.810532569885254]}