{"x": [0, 1, 2, 3, 4, 5], "y": [-0.056142956018447876, 3.641702890396118, -0.05921667814254761, 3.0680150985717773, 0.1296442300081253, 3.721714735031128], "params": [6.6208648681640625, 0.25, 0.0, 7.561862945556641]}