{"x": [0, 1, 2, 3, 4, 5], "y": [0.6363672614097595, 4.322515487670898, 0.5755362510681152, 4.858565807342529, 0.6401855945587158, 5.115472316741943], "params": [8.077169418334961, 0.25, 0.0, 9.079872131347656]}