{"x": [0, 1, 2, 3, 4, 5], "y": [1.4942415952682495, 8.790873527526855, 1.5958805084228516, 8.929841041564941, 1.3603425025939941, 9.168384552001953], "params": [14.703598022460938, 0.25, 0.0, 15.616084098815918]}