{"x": [0, 1, 2, 3, 4, 5], "y": [0.6611030697822571, 2.80665922164917, 0.27785515785217285, 3.0496649742126465, -0.06835690140724182, 2.575709342956543], "params": [5.092292308807373, 0.25, 0.0, 6.236043930053711]}