{"x": [0, 1, 2, 3, 4, 5], "y": [0.544485330581665, 5.672078609466553, 0.9219732284545898, 5.843104362487793, 0.6039273738861084, 6.320544242858887], "params": [10.411369323730469, 0.25, 0.0, 11.552118301391602]}