{"x": [0, 1, 2, 3, 4, 5], "y": [0.8410770893096924, 3.9261698722839355, 0.9138104915618896, 4.270589828491211, 0.8397735357284546, 4.417629241943359], "params": [6.833536624908447, 0.25, 0.0, 7.1557111740112305]}