{"x": [0, 1, 2, 3, 4, 5], "y": [1.214662790298462, 5.417918682098389, 1.0268075466156006, 5.144628047943115, 1.14680814743042, 5.8791985511779785], "params": [8.086060523986816, 0.25, 0.0, 9.704782485961914]}