{"x": [0, 1, 2, 3, 4, 5], "y": [1.9763729572296143, 8.682433128356934, 1.413111686706543, 8.313203811645508, 1.9629493951797485, 8.837265014648438], "params": [13.05285930633545, 0.25, 0.0, 14.848306655883789]}