{"x": [0, 1, 2, 3, 4, 5], "y": [0.2876284420490265, 4.9440107345581055, 0.1702430695295334, 5.166184425354004, 0.5561141967773438, 4.8867669105529785], "params": [9.648773193359375, 0.25, 0.0, 9.99188232421875]}