{"x": [0, 1, 2, 3, 4, 5], "y": [1.3538587093353271, 4.294534683227539, 1.025138020515442, 4.29069709777832, 1.0393589735031128, 3.817162036895752], "params": [6.1564040184021, 0.25, 0.0, 6.538793563842773]}