{"x": [0, 1, 2, 3, 4, 5], "y": [0.6152149438858032, 5.254218101501465, 0.3011963665485382, 5.083237648010254, 0.5577542185783386, 5.345486164093018], "params": [8.912514686584473, 0.25, 0.0, 10.088579177856445]}