{"x": [0, 1, 2, 3, 4, 5], "y": [0.22639261186122894, 6.6642069816589355, 0.06456705927848816, 6.676211833953857, 0.2785693407058716, 7.196423053741455], "params": [12.819276809692383, 0.25, 0.0, 14.263711929321289]}