{"x": [0, 1, 2, 3, 4, 5], "y": [0.3819155991077423, 7.298501968383789, 0.5165497660636902, 7.049724578857422, 0.15683963894844055, 7.209795951843262], "params": [13.7620267868042, 0.25, 0.0, 14.283324241638184]}