{"x": [0, 1, 2, 3, 4, 5], "y": [1.095826268196106, 6.915048122406006, 0.7424510717391968, 6.448424339294434, 1.1363332271575928, 6.782636642456055], "params": [11.107010841369629, 0.25, 0.0, 12.345193862915039]}