{"x": [0, 1, 2, 3, 4, 5], "y": [0.6251904368400574, 7.527834892272949, 0.2932746410369873, 7.724133014678955, 0.5367971062660217, 7.450058460235596], "params": [14.019996643066406, 0.25, 0.0, 14.861717224121094]}