{"x": [0, 1, 2, 3, 4, 5], "y": [0.24442549049854279, 5.007772922515869, 0.3359528183937073, 4.948355674743652, -0.29817333817481995, 4.618319511413574], "params": [9.721199035644531, 0.25, 0.0, 10.611892700195312]}