{"x": [0, 1, 2, 3, 4, 5], "y": [0.5209442377090454, 4.765588760375977, 0.365677148103714, 4.951889514923096, 0.43570083379745483, 4.884881973266602], "params": [8.583837509155273, 0.25, 0.0, 9.17242431640625]}