{"x": [0, 1, 2, 3, 4, 5], "y": [2.0220327377319336, 8.960413932800293, 1.8389300107955933, 9.105918884277344, 1.856196403503418, 9.633940696716309], "params": [14.702096939086914, 0.25, 0.0, 15.590021133422852]}