{"x": [0, 1, 2, 3, 4, 5], "y": [0.9571771621704102, 6.495161056518555, 0.9940001368522644, 6.553532600402832, 1.169225811958313, 7.042259693145752], "params": [11.231302261352539, 0.25, 0.0, 12.170165061950684]}