{"x": [0, 1, 2, 3, 4, 5], "y": [0.3471892178058624, 2.7249650955200195, 0.3298550248146057, 2.756253480911255, -0.09479380398988724, 2.7672858238220215], "params": [5.003600597381592, 0.25, 0.0, 5.724159240722656]}