{"x": [0, 1, 2, 3, 4, 5], "y": [1.1333701610565186, 4.417524814605713, 0.8072779178619385, 4.155852794647217, 1.0278223752975464, 4.191572666168213], "params": [7.55705451965332, 0.25, 0.0, 7.220493793487549]}