{"x": [0, 1, 2, 3, 4, 5], "y": [1.6675854921340942, 7.068779468536377, 1.7215189933776855, 6.896498680114746, 1.7623205184936523, 6.655623912811279], "params": [10.532044410705566, 0.25, 0.0, 10.802388191223145]}