{"x": [0, 1, 2, 3, 4, 5], "y": [0.7582455277442932, 6.263213634490967, 0.7392845749855042, 6.615172386169434, 0.7787448167800903, 6.536813259124756], "params": [11.724472045898438, 0.25, 0.0, 11.751775741577148]}