{"x": [0, 1, 2, 3, 4, 5], "y": [0.9984058737754822, 4.307308673858643, 1.1621580123901367, 3.9991562366485596, 1.1700608730316162, 4.237865447998047], "params": [6.689300060272217, 0.25, 0.0, 6.617805480957031]}