{"x": [0, 1, 2, 3, 4, 5], "y": [0.8154903054237366, 2.9388809204101562, 0.34010109305381775, 3.1215505599975586, -0.1099754273891449, 2.775766611099243], "params": [5.275578022003174, 0.25, 0.0, 6.463051795959473]}