{"x": [0, 1, 2, 3, 4, 5], "y": [0.16485580801963806, 4.7945756912231445, -0.062315937131643295, 4.239162445068359, 0.1966233253479004, 4.708576202392578], "params": [9.276655197143555, 0.25, 0.0, 9.713783264160156]}