{"x": [0, 1, 2, 3, 4, 5], "y": [0.6544744968414307, 4.854282855987549, 0.8003351092338562, 4.7729997634887695, 0.8994634747505188, 4.629600524902344], "params": [8.852025032043457, 0.25, 0.0, 8.399616241455078]}