{"x": [0, 1, 2, 3, 4, 5], "y": [0.4772389531135559, 4.858009338378906, -0.08355370163917542, 4.866039276123047, 0.166145920753479, 4.256106376647949], "params": [8.838051795959473, 0.25, 0.0, 9.899186134338379]}