{"x": [0, 1, 2, 3, 4, 5], "y": [0.9276410341262817, 6.567732810974121, 0.9460896253585815, 6.547673225402832, 0.5208892822265625, 6.600588798522949], "params": [11.82849407196045, 0.25, 0.0, 12.159399032592773]}