{"x": [0, 1, 2, 3, 4, 5], "y": [1.3769813776016235, 8.747093200683594, 1.8294708728790283, 8.594555854797363, 1.4190566539764404, 8.732264518737793], "params": [14.915970802307129, 0.25, 0.0, 14.74022388458252]}