{"x": [0, 1, 2, 3, 4, 5], "y": [1.8073748350143433, 7.238039493560791, 1.714916706085205, 7.366631031036377, 1.7206101417541504, 7.16812801361084], "params": [11.106339454650879, 0.25, 0.0, 11.303428649902344]}