{"x": [0, 1, 2, 3, 4, 5], "y": [0.441570520401001, 5.859488010406494, 0.18786197900772095, 5.777362823486328, 0.3161747455596924, 6.111562728881836], "params": [10.912557601928711, 0.25, 0.0, 11.84740161895752]}