{"x": [0, 1, 2, 3, 4, 5], "y": [0.0584491491317749, 4.139922142028809, 0.12692084908485413, 4.6964569091796875, 0.749065637588501, 3.7744765281677246], "params": [7.689346790313721, 0.25, 0.0, 9.276015281677246]}