{"x": [0, 1, 2, 3, 4, 5], "y": [0.785268247127533, 7.111538887023926, 1.2599031925201416, 7.138427734375, 0.9473570585250854, 7.005453586578369], "params": [12.595993995666504, 0.25, 0.0, 12.706318855285645]}