{"x": [0, 1, 2, 3, 4, 5], "y": [0.35839101672172546, 3.1576244831085205, 0.5240842700004578, 3.3262250423431396, 0.8023020625114441, 3.094784736633301], "params": [5.34150505065918, 0.25, 0.0, 5.935667991638184]}