{"x": [0, 1, 2, 3, 4, 5], "y": [0.12996485829353333, 3.6641805171966553, -0.07774093747138977, 3.714315176010132, 0.07079997658729553, 3.736304521560669], "params": [7.1663923263549805, 0.25, 0.0, 7.628090858459473]}