{"x": [0, 1, 2, 3, 4, 5], "y": [1.3428101539611816, 8.804183006286621, 1.7465468645095825, 8.294052124023438, 1.5180450677871704, 8.346536636352539], "params": [14.624327659606934, 0.25, 0.0, 14.922745704650879]}