{"x": [0, 1, 2, 3, 4, 5], "y": [0.4908018112182617, 3.4524338245391846, 0.664908766746521, 3.593661069869995, 0.651960551738739, 3.568366527557373], "params": [5.570289611816406, 0.25, 0.0, 6.205718517303467]}