{"x": [0, 1, 2, 3, 4, 5], "y": [0.018260985612869263, 3.834481716156006, -0.03318941593170166, 3.78947114944458, 0.4395267963409424, 3.9552102088928223], "params": [7.472592353820801, 0.25, 0.0, 7.976799011230469]}