{"x": [0, 1, 2, 3, 4, 5], "y": [0.6959735751152039, 5.632560729980469, 0.9281142354011536, 6.000854015350342, 0.5666446685791016, 5.853788375854492], "params": [10.823053359985352, 0.25, 0.0, 10.86841869354248]}