{"x": [0, 1, 2, 3, 4, 5], "y": [1.1888797283172607, 4.841470241546631, 1.1943132877349854, 4.833216190338135, 0.9926597476005554, 5.144777774810791], "params": [7.958374977111816, 0.25, 0.0, 8.30423641204834]}