{"x": [0, 1, 2, 3, 4, 5], "y": [1.1505835056304932, 8.020098686218262, 0.7540402412414551, 7.189957618713379, 0.8782780766487122, 7.801361083984375], "params": [13.646404266357422, 0.25, 0.0, 14.532116889953613]}