{"x": [0, 1, 2, 3, 4, 5], "y": [1.318665623664856, 8.097116470336914, 1.5331814289093018, 7.486069679260254, 1.4415446519851685, 7.462185382843018], "params": [12.590453147888184, 0.25, 0.0, 13.556901931762695]}