{"x": [0, 1, 2, 3, 4, 5], "y": [0.3696747422218323, 4.242969036102295, 0.2093043327331543, 4.288332462310791, 0.05176218971610069, 4.5706915855407715], "params": [8.970829010009766, 0.25, 0.0, 9.037858963012695]}