{"x": [0, 1, 2, 3, 4, 5], "y": [1.5402393341064453, 8.008222579956055, 0.7557984590530396, 8.001533508300781, 0.9450024962425232, 7.616807460784912], "params": [13.661115646362305, 0.25, 0.0, 14.50484848022461]}