{"x": [0, 1, 2, 3, 4, 5], "y": [0.705278754234314, 6.075514793395996, 0.7503812313079834, 5.891505241394043, 0.5787853002548218, 5.788948059082031], "params": [10.205333709716797, 0.25, 0.0, 10.99345874786377]}