{"x": [0, 1, 2, 3, 4, 5], "y": [0.8068426251411438, 3.860504388809204, 0.40611985325813293, 3.9213852882385254, 0.8698426485061646, 3.9613747596740723], "params": [7.088788986206055, 0.25, 0.0, 7.110509872436523]}