{"x": [0, 1, 2, 3, 4, 5], "y": [1.623321533203125, 8.228357315063477, 1.4542310237884521, 8.42263126373291, 1.4874109029769897, 8.02573013305664], "params": [13.476577758789062, 0.25, 0.0, 13.936800003051758]}