{"x": [0, 1, 2, 3, 4, 5], "y": [0.29871001839637756, 4.473298072814941, 0.9785858392715454, 4.830065727233887, 0.46560847759246826, 4.806603908538818], "params": [7.637940406799316, 0.25, 0.0, 9.062711715698242]}