{"x": [0, 1, 2, 3, 4, 5], "y": [0.3950250446796417, 6.833072185516357, 0.47588664293289185, 6.810396194458008, 0.2782449722290039, 6.949005603790283], "params": [13.181408882141113, 0.25, 0.0, 13.341521263122559]}