{"x": [0, 1, 2, 3, 4, 5], "y": [0.8311547040939331, 7.1081156730651855, 0.25846078991889954, 7.296588897705078, 0.9181398749351501, 6.950196266174316], "params": [12.925525665283203, 0.25, 0.0, 14.076255798339844]}