{"x": [0, 1, 2, 3, 4, 5], "y": [0.4315141439437866, 7.697134494781494, 0.3090723752975464, 7.491676330566406, -0.09784509241580963, 7.945657253265381], "params": [14.911993026733398, 0.25, 0.0, 16.087005615234375]}