{"x": [0, 1, 2, 3, 4, 5], "y": [0.11581394821405411, 3.0109262466430664, 0.22400547564029694, 3.058396339416504, 0.20004092156887054, 3.4486703872680664], "params": [5.885692119598389, 0.25, 0.0, 6.665712833404541]}