{"x": [0, 1, 2, 3, 4, 5], "y": [0.25733616948127747, 6.694205284118652, 0.5981552004814148, 6.936949253082275, 0.24707819521427155, 7.3298492431640625], "params": [13.55808162689209, 0.25, 0.0, 14.165541648864746]}