{"x": [0, 1, 2, 3, 4, 5], "y": [0.840317964553833, 7.202301025390625, 1.371251106262207, 7.1924614906311035, 1.1843836307525635, 6.882165431976318], "params": [11.414304733276367, 0.25, 0.0, 12.723966598510742]}