{"x": [0, 1, 2, 3, 4, 5], "y": [0.06001456081867218, 3.3932573795318604, 0.2899847626686096, 3.539973497390747, 0.30491548776626587, 3.5170438289642334], "params": [7.146564483642578, 0.25, 0.0, 6.959918022155762]}