{"x": [0, 1, 2, 3, 4, 5], "y": [0.4364508390426636, 3.469569683074951, 0.10641536116600037, 2.8677637577056885, 0.33914339542388916, 2.783632516860962], "params": [5.20527458190918, 0.25, 0.0, 6.726308822631836]}