{"x": [0, 1, 2, 3, 4, 5], "y": [0.2658953368663788, 6.085144996643066, 0.4210875630378723, 6.286625862121582, 0.6090838313102722, 5.92710018157959], "params": [11.466702461242676, 0.25, 0.0, 12.041460990905762]}