{"x": [0, 1, 2, 3, 4, 5], "y": [1.324080467224121, 7.864344596862793, 0.9195125699043274, 7.71757698059082, 1.063603401184082, 7.562013626098633], "params": [13.120372772216797, 0.25, 0.0, 13.889663696289062]}