{"x": [0, 1, 2, 3, 4, 5], "y": [0.06001456081867218, 3.3932573795318604, 0.2899847626686096, 4.334988117218018, 4.794812202453613, 3.962822914123535], "params": [7.146564483642578, 0.25, 0.0, 6.959918022155762, 0.0035853981971740723, -1.3496357202529907, 1.6639785766601562]}