{"x": [0, 1, 2, 3, 4, 5], "y": [0.5809841156005859, 5.527981758117676, 0.9539976119995117, 5.881124973297119, 5.049490451812744, 4.802350044250488], "params": [9.928168296813965, 0.25, 0.0, 10.485142707824707, -2.0499107837677, 1.526113748550415, 4.119586944580078]}