{"x": [0, 1, 2, 3, 4, 5], "y": [1.1333701610565186, 4.417524814605713, 0.8072779178619385, 4.947549343109131, 5.027278900146484, 5.580101490020752], "params": [7.55705451965332, 0.25, 0.0, 7.220493793487549, 0.0786125659942627, 0.22478222846984863, 1.3560914993286133]}