{"x": [0, 1, 2, 3, 4, 5], "y": [1.7928935289382935, 8.54858112335205, 1.6612919569015503, 2.8281447887420654, 2.1935412883758545, 1.089146614074707], "params": [13.636667251586914, 0.25, 0.0, 13.774578094482422, -3.229430913925171, -4.384248733520508, 6.649044036865234]}