{"x": [0, 1, 2, 3, 4, 5], "y": [0.2369241714477539, 7.497693061828613, 0.17502892017364502, 3.2847611904144287, 3.337581157684326, 3.940540313720703], "params": [14.603191375732422, 0.25, 0.0, 14.723005294799805, 1.3364713191986084, -3.7394511699676514, 3.0168066024780273]}