{"x": [0, 1, 2, 3, 4, 5], "y": [1.5892291069030762, 8.97750186920166, 2.1951663494110107, 4.327890396118164, 2.9281885623931885, 2.236354351043701], "params": [14.084748268127441, 0.25, 0.0, 14.810532569885254, -4.124190807342529, -0.8249282836914062, 9.350238800048828]}