{"x": [0, 1, 2, 3, 4, 5], "y": [1.623321533203125, 8.228357315063477, 1.4542310237884521, 3.990900993347168, 4.33464241027832, 4.445389747619629], "params": [13.476577758789062, 0.25, 0.0, 13.936800003051758, 0.709630012512207, -1.4757192134857178, 1.4711365699768066]}