{"x": [0, 1, 2, 3, 4, 5], "y": [1.3538587093353271, 4.294534683227539, 1.025138020515442, 7.308144569396973, 7.301447868347168, 7.053503513336182], "params": [6.1564040184021, 0.25, 0.0, 6.538793563842773, -0.3013615012168884, 4.57009744644165, 1.205327033996582]}