{"x": [0, 1, 2, 3, 4, 5], "y": [0.24442549049854279, 5.007772922515869, 0.3359528183937073, 7.133023738861084, 7.295523643493652, 7.207925319671631], "params": [9.721199035644531, 0.25, 0.0, 10.611892700195312, 0.882168173789978, 3.8121533393859863, 1.524911880493164]}