{"x": [0, 1, 2, 3, 4, 5], "y": [0.12996485829353333, 3.6641805171966553, -0.07774093747138977, 6.364684104919434, 5.929004669189453, 5.532806396484375], "params": [7.1663923263549805, 0.25, 0.0, 7.628090858459473, -2.0112805366516113, 3.0958139896392822, 4.619382858276367]}