{"x": [0, 1, 2, 3, 4, 5], "y": [1.214662790298462, 5.417918682098389, 1.0268075466156006, 6.71356201171875, 6.400449752807617, 6.6645660400390625], "params": [8.086060523986816, 0.25, 0.0, 9.704782485961914, 0.16602152585983276, 3.038698434829712, 1.1098909378051758]}