{"x": [0, 1, 2, 3, 4, 5], "y": [-0.3836408853530884, 2.9551827907562256, 0.025569237768650055, 6.492144584655762, 5.444060325622559, 4.799871921539307], "params": [5.810122966766357, 0.25, 0.0, 7.425907135009766, -4.63076114654541, 3.925644874572754, 10.249220848083496]}