{"x": [0, 1, 2, 3, 4, 5], "y": [0.35839101672172546, 3.1576244831085205, 0.5240842700004578, 4.333580017089844, 4.045511722564697, 3.5048952102661133], "params": [5.34150505065918, 0.25, 0.0, 5.935667991638184, -1.2094075679779053, -1.476312279701233, 3.143972396850586]}