{"x": [0, 1, 2, 3, 4, 5], "y": [1.2111403942108154, 7.435269355773926, 1.4730992317199707, 2.8113222122192383, 2.3922526836395264, 2.3814473152160645], "params": [11.278166770935059, 0.25, 0.0, 12.448257446289062, -1.5719330310821533, -3.8481366634368896, 2.9933624267578125]}