{"x": [0, 1, 2, 3, 4, 5], "y": [-0.028845742344856262, 3.2809338569641113, 0.31055253744125366, 5.803656101226807, 5.091874122619629, 4.745429992675781], "params": [5.9492926597595215, 0.25, 0.0, 6.619559288024902, -2.964920997619629, 2.122622013092041, 5.885946273803711]}