{"x": [0, 1, 2, 3, 4, 5], "y": [-0.03013528138399124, 7.434411525726318, 0.1896378993988037, 2.4280169010162354, 2.595602512359619, 2.73366117477417], "params": [13.548572540283203, 0.25, 0.0, 14.961289405822754, 0.07628732919692993, -4.7871599197387695, 0.7525091171264648]}