{"x": [0, 1, 2, 3, 4, 5], "y": [0.6611030697822571, 2.80665922164917, 0.27785515785217285, 2.10760760307312, 1.4835153818130493, 0.5610719323158264], "params": [5.092292308807373, 0.25, 0.0, 6.236043930053711, -4.334168434143066, -4.313112258911133, 8.520303726196289]}