{"x": [0, 1, 2, 3, 4, 5], "y": [0.4364508390426636, 3.469569683074951, 0.10641536116600037, 6.223718643188477, 5.653700351715088, 4.520697593688965], "params": [5.20527458190918, 0.25, 0.0, 6.726308822631836, -4.179531574249268, 3.4997434616088867, 8.939117431640625]}