{"x": [0, 1, 2, 3, 4, 5], "y": [1.537972092628479, 8.603403091430664, 1.4758613109588623, 5.330972194671631, 4.910859107971191, 4.155643939971924], "params": [13.263331413269043, 0.25, 0.0, 14.301758766174316, -2.799680233001709, 1.5247857570648193, 5.538687705993652]}