{"x": [0, 1, 2, 3, 4, 5], "y": [1.1505835056304932, 8.020098686218262, 0.7540402412414551, 2.751927137374878, 2.1365864276885986, 1.3064212799072266], "params": [13.646404266357422, 0.25, 0.0, 14.532116889953613, -2.9055304527282715, -4.215144634246826, 5.412489891052246]}