{"x": [0, 1, 2, 3, 4, 5], "y": [0.8068426251411438, 3.860504388809204, 0.40611985325813293, 4.081393241882324, 4.499758720397949, 4.753012657165527], "params": [7.088788986206055, 0.25, 0.0, 7.110509872436523, 1.2552599906921387, -1.4580798149108887, 2.1244454383850098]}