{"x": [0, 1, 2, 3, 4, 5], "y": [0.8410770893096924, 3.9261698722839355, 0.9138104915618896, 5.949610233306885, 5.66162633895874, 5.4339070320129395], "params": [6.833536624908447, 0.25, 0.0, 7.1557111740112305, -0.7275795340538025, 2.3717141151428223, 2.851498603820801]}