{"x": [0, 1, 2, 3, 4, 5], "y": [0.018260985612869263, 3.834481716156006, -0.03318941593170166, 6.162589073181152, 5.390720844268799, 4.938910484313965], "params": [7.472592353820801, 0.25, 0.0, 7.976799011230469, -1.8549201488494873, 1.825958490371704, 4.110485076904297]}