{"x": [0, 1, 2, 3, 4, 5], "y": [0.0584491491317749, 4.139922142028809, 0.12692084908485413, 3.5396411418914795, 3.117227792739868, 1.863661766052246], "params": [7.689346790313721, 0.25, 0.0, 9.276015281677246, -4.3275370597839355, -1.8339329957962036, 9.242096900939941]}