{"x": [0, 1, 2, 3, 4, 5], "y": [1.3883413076400757, 7.183877468109131, 0.8349784016609192, 3.7813754081726074, 3.2547905445098877, 3.3037874698638916], "params": [12.479927062988281, 0.25, 0.0, 13.420010566711426, -1.1768639087677002, -2.329460382461548, 2.753833293914795]}