{"x": [0, 1, 2, 3, 4, 5], "y": [1.1888797283172607, 4.841470241546631, 1.1943132877349854, 5.586608409881592, 5.032354354858398, 3.7271251678466797], "params": [7.958374977111816, 0.25, 0.0, 8.30423641204834, -4.333451271057129, 2.193279266357422, 8.575431823730469]}