{"x": [0, 1, 2, 3, 4, 5], "y": [0.6152149438858032, 5.254218101501465, 0.3011963665485382, 7.202606678009033, 7.193544387817383, 6.9650797843933105], "params": [8.912514686584473, 0.25, 0.0, 10.088579177856445, -0.8715652227401733, 4.930114269256592, 2.0026988983154297]}