{"x": [0, 1, 2, 3, 4, 5], "y": [0.705278754234314, 6.075514793395996, 0.7503812313079834, 4.0728631019592285, 3.4861347675323486, 3.5554230213165283], "params": [10.205333709716797, 0.25, 0.0, 10.99345874786377, -1.7381054162979126, -1.416337490081787, 3.614502429962158]}