{"x": [0, 1, 2, 3, 4, 5], "y": [1.318665623664856, 8.097116470336914, 1.5331814289093018, 4.593814849853516, 4.544228553771973, 4.316634654998779], "params": [12.590453147888184, 0.25, 0.0, 13.556901931762695, -0.9915496110916138, 0.055643320083618164, 2.713552474975586]}