{"x": [0, 1, 2, 3, 4, 5], "y": [0.004688509739935398, 3.797037124633789, -0.0730949267745018, 4.002429008483887, 3.2465574741363525, 2.4856667518615723], "params": [7.739832401275635, 0.25, 0.0, 8.272782325744629, -4.270946502685547, -1.156151294708252, 7.723401069641113]}