{"x": [0, 1, 2, 3, 4, 5], "y": [0.9455916285514832, 7.090989112854004, 1.4208108186721802, 3.37796950340271, 2.4069361686706543, 1.6920077800750732], "params": [11.543075561523438, 0.25, 0.0, 12.29079532623291, -4.422517776489258, -2.2497713565826416, 8.792810440063477]}