{"x": [0, 1, 2, 3, 4, 5], "y": [0.3745129704475403, 4.82034158706665, 0.6363232731819153, 3.595813512802124, 3.6253256797790527, 2.5886871814727783], "params": [8.914304733276367, 0.25, 0.0, 9.184077262878418, -1.722806692123413, -2.914435386657715, 3.411276340484619]}