{"x": [0, 1, 2, 3, 4, 5], "y": [0.37308675050735474, 3.122124433517456, 0.13895252346992493, 2.477959156036377, 1.0462981462478638, 0.3153296709060669], "params": [5.667281150817871, 0.25, 0.0, 6.815282344818115, -4.718541622161865, -4.336199760437012, 10.101338386535645]}