{"x": [0, 1, 2, 3, 4, 5], "y": [0.3380099833011627, 6.644277095794678, 0.7740039825439453, 4.804919242858887, 4.868258476257324, 5.325408935546875], "params": [11.900537490844727, 0.25, 0.0, 13.003076553344727, 1.7646608352661133, -0.8063513040542603, 3.332930088043213]}