{"x": [0, 1, 2, 3, 4, 5], "y": [1.5402393341064453, 8.008222579956055, 0.7557984590530396, 3.6831977367401123, 3.1085848808288574, 3.0321011543273926], "params": [13.661115646362305, 0.25, 0.0, 14.50484848022461, -1.324296236038208, -2.152782678604126, 3.412555694580078]}