{"x": [0, 1, 2, 3, 4, 5], "y": [0.5873569250106812, 5.093093395233154, 0.689472496509552, 5.6751508712768555, 5.350768566131592, 5.242762565612793], "params": [9.247119903564453, 0.25, 0.0, 9.37064266204834, -2.2651052474975586, 2.5264878273010254, 4.330327033996582]}