{"x": [0, 1, 2, 3, 4, 5], "y": [0.5761067271232605, 4.884195804595947, 0.3880860209465027, 6.904517650604248, 6.469387531280518, 5.512713432312012], "params": [8.908976554870605, 0.25, 0.0, 9.994012832641602, -4.127732753753662, 4.72237491607666, 7.562538146972656]}