{"x": [0, 1, 2, 3, 4, 5], "y": [0.4772389531135559, 4.858009338378906, -0.08355370163917542, 5.072343349456787, 5.099166393280029, 4.877394199371338], "params": [8.838051795959473, 0.25, 0.0, 9.899186134338379, 0.8288675546646118, -0.02020120620727539, 2.0963573455810547]}