{"x": [0, 1, 2, 3, 4, 5], "y": [1.3769813776016235, 8.747093200683594, 1.8294708728790283, 3.8290958404541016, 3.0702836513519287, 2.1809072494506836], "params": [14.915970802307129, 0.25, 0.0, 14.74022388458252, -4.463558197021484, -1.0147595405578613, 9.419840812683105]}