{"x": [0, 1, 2, 3, 4, 5], "y": [0.9984058737754822, 4.307308673858643, 1.1621580123901367, 2.06490159034729, 2.411163806915283, 1.4656329154968262], "params": [6.689300060272217, 0.25, 0.0, 6.617805480957031, -2.9425580501556396, -4.524101734161377, 5.702014923095703]}