{"x": [0, 1, 2, 3, 4, 5], "y": [0.25733616948127747, 6.694205284118652, 0.5981552004814148, 7.762873649597168, 8.233359336853027, 7.960253715515137], "params": [13.55808162689209, 0.25, 0.0, 14.165541648864746, 1.5213608741760254, 4.744004249572754, 3.3075361251831055]}