{"x": [0, 1, 2, 3, 4, 5], "y": [0.2876284420490265, 4.9440107345581055, 0.1702430695295334, 2.746716260910034, 2.2803709506988525, 1.7503833770751953], "params": [9.648773193359375, 0.25, 0.0, 9.99188232421875, -3.3530008792877197, -3.3564209938049316, 6.5850982666015625]}