{"x": [0, 1, 2, 3, 4, 5], "y": [0.29871001839637756, 4.473298072814941, 0.9785858392715454, 5.616970539093018, 5.4217681884765625, 4.481606483459473], "params": [7.637940406799316, 0.25, 0.0, 9.062711715698242, -3.4713656902313232, 2.8473401069641113, 6.586780548095703]}