{"x": [0, 1, 2, 3, 4, 5], "y": [1.3428101539611816, 8.804183006286621, 1.7465468645095825, 6.012675762176514, 6.390098571777344, 6.630530834197998], "params": [14.624327659606934, 0.25, 0.0, 14.922745704650879, 0.8106495141983032, 2.117758274078369, 1.9939565658569336]}