{"x": [0, 1, 2, 3, 4, 5], "y": [0.983407735824585, 8.189827919006348, 0.8503950238227844, 7.211453914642334, 5.679424285888672, 4.933629512786865], "params": [14.103716850280762, 0.25, 0.0, 14.678865432739258, -3.9069032669067383, 4.550454616546631, 7.455512046813965]}