{"x": [0, 1, 2, 3, 4, 5], "y": [1.830073595046997, 9.224489212036133, 1.921015739440918, 6.09852409362793, 5.645458221435547, 4.1573567390441895], "params": [13.69542121887207, 0.25, 0.0, 14.78883171081543, -4.606751441955566, 2.836571216583252, 9.668513298034668]}