{"x": [0, 1, 2, 3, 4, 5], "y": [0.3696747422218323, 4.242969036102295, 0.2093043327331543, 7.1195783615112305, 6.843067646026611, 6.331548690795898], "params": [8.970829010009766, 0.25, 0.0, 9.037858963012695, -1.4251317977905273, 4.395327091217041, 3.2126569747924805]}