{"x": [0, 1, 2, 3, 4, 5], "y": [0.8311547040939331, 7.1081156730651855, 0.25846078991889954, 5.570237159729004, 4.733883857727051, 4.187153339385986], "params": [12.925525665283203, 0.25, 0.0, 14.076255798339844, -2.8349647521972656, 1.5725672245025635, 5.996515274047852]}