{"x": [0, 1, 2, 3, 4, 5], "y": [0.7523820996284485, 7.509647846221924, 1.0905953645706177, 6.068281650543213, 6.460453510284424, 6.770023822784424], "params": [13.076151847839355, 0.25, 0.0, 14.098630905151367, 1.8493289947509766, 1.7746204137802124, 3.5291004180908203]}