{"x": [0, 1, 2, 3, 4, 5], "y": [1.2757866382598877, 5.918549537658691, 0.8383299112319946, 5.206579685211182, 5.563780307769775, 5.487849235534668], "params": [9.322248458862305, 0.25, 0.0, 11.203717231750488, 1.5255206823349, -0.08736729621887207, 3.172748565673828]}