{"x": [0, 1, 2, 3, 4, 5], "y": [0.7582455277442932, 6.263213634490967, 0.7392845749855042, 2.353060245513916, 1.7633421421051025, 0.8371140956878662], "params": [11.724472045898438, 0.25, 0.0, 11.751775741577148, -4.867965221405029, -4.086033821105957, 10.30615234375]}