{"x": [0, 1, 2, 3, 4, 5], "y": [0.3033384084701538, 5.008081436157227, 0.23950350284576416, 4.506543159484863, 4.194755554199219, 3.199306011199951], "params": [9.996524810791016, 0.25, 0.0, 10.830097198486328, -4.281472206115723, 0.6201887130737305, 7.636594772338867]}