{"x": [0, 1, 2, 3, 4, 5], "y": [0.5200132131576538, 6.344841957092285, 0.5247046947479248, 7.37191915512085, 7.284280776977539, 7.8830952644348145], "params": [11.400195121765137, 0.25, 0.0, 12.459822654724121, 1.7581787109375, 3.679668426513672, 4.546403884887695]}