{"x": [0, 1, 2, 3, 4, 5], "y": [1.5847314596176147, 5.006261825561523, 1.4180246591567993, 3.726597547531128, 2.2842013835906982, 1.822041630744934], "params": [7.634177207946777, 0.25, 0.0, 7.893580436706543, -4.107734680175781, -2.5067405700683594, 7.539588928222656]}