{"x": [0, 1, 2, 3, 4, 5], "y": [-0.011861935257911682, 6.835057258605957, 0.04578220471739769, 3.9928550720214844, 3.636371374130249, 3.387761116027832], "params": [13.599361419677734, 0.25, 0.0, 14.596402168273926, -1.0558351278305054, -1.9805669784545898, 2.977158546447754]}