{"x": [0, 1, 2, 3, 4, 5], "y": [0.22639261186122894, 6.6642069816589355, 0.06456705927848816, 6.944874286651611, 6.5500946044921875, 5.977199077606201], "params": [12.819276809692383, 0.25, 0.0, 14.263711929321289, -1.8224973678588867, 4.501588344573975, 4.764153480529785]}