{"x": [0, 1, 2, 3, 4, 5], "y": [0.8154903054237366, 2.9388809204101562, 0.34010109305381775, 1.8871862888336182, 2.118466377258301, 2.21150541305542], "params": [5.275578022003174, 0.25, 0.0, 6.463051795959473, -1.661666750907898, -4.927480220794678, 3.254690170288086]}