{"x": [0, 1, 2, 3, 4, 5], "y": [1.1493061780929565, 6.574210166931152, 1.780624270439148, 5.29435396194458, 3.6978695392608643, 2.83884859085083], "params": [9.308572769165039, 0.25, 0.0, 10.849807739257812, -4.778105735778809, 0.6597137451171875, 9.596508026123047]}