{"x": [0, 1, 2, 3, 4, 5], "y": [0.6416299939155579, 4.48587703704834, 0.35854673385620117, 4.169519424438477, 3.0719916820526123, 1.79892897605896], "params": [8.030304908752441, 0.25, 0.0, 8.655364990234375, -4.157599449157715, -1.5216702222824097, 8.891630172729492]}