{"x": [0, 1, 2, 3, 4, 5], "y": [1.9935383796691895, 8.236197471618652, 1.6619080305099487, 6.086523056030273, 5.290135383605957, 4.062792778015137], "params": [12.341981887817383, 0.25, 0.0, 13.243791580200195, -4.454455375671387, 2.680758237838745, 9.141374588012695]}