{"x": [0, 1, 2, 3, 4, 5], "y": [0.9571771621704102, 6.495161056518555, 0.9940001368522644, 4.428586959838867, 3.757782220840454, 3.1119184494018555], "params": [11.231302261352539, 0.25, 0.0, 12.170165061950684, -3.427286148071289, -0.13189911842346191, 7.357693672180176]}