{"x": [0, 1, 2, 3, 4, 5], "y": [0.840317964553833, 7.202301025390625, 1.371251106262207, 5.977472305297852, 5.963031768798828, 6.305209159851074], "params": [11.414304733276367, 0.25, 0.0, 12.723966598510742, 1.7610167264938354, 0.9331440925598145, 3.444138526916504]}