{"x": [0, 1, 2, 3, 4, 5], "y": [1.095826268196106, 6.915048122406006, 0.7424510717391968, 3.4318292140960693, 2.8113715648651123, 2.3355424404144287], "params": [11.107010841369629, 0.25, 0.0, 12.345193862915039, -1.5977617502212524, -3.5876922607421875, 3.668689250946045]}