{"x": [0, 1, 2, 3, 4, 5], "y": [0.441570520401001, 5.859488010406494, 0.18786197900772095, 4.866523265838623, 4.677590847015381, 4.907813549041748], "params": [10.912557601928711, 0.25, 0.0, 11.84740161895752, -0.5759697556495667, -0.10130465030670166, 1.352799415588379]}