{"x": [0, 1, 2, 3, 4, 5], "y": [1.2160109281539917, 6.5599284172058105, 1.4041639566421509, 4.5053205490112305, 4.822751045227051, 5.06978702545166], "params": [10.317167282104492, 0.25, 0.0, 11.219281196594238, 1.8413982391357422, -1.4370554685592651, 4.643303871154785]}