{"x": [0, 1, 2, 3, 4, 5], "y": [0.6251904368400574, 7.527834892272949, 0.2932746410369873, 4.727901935577393, 4.9594502449035645, 5.116238117218018], "params": [14.019996643066406, 0.25, 0.0, 14.861717224121094, 0.4692540168762207, -0.4904758930206299, 1.792525291442871]}