{"x": [0, 1, 2, 3, 4, 5], "y": [0.5209442377090454, 4.765588760375977, 0.365677148103714, 5.790917873382568, 4.978893280029297, 4.683630466461182], "params": [8.583837509155273, 0.25, 0.0, 9.17242431640625, -2.4567220211029053, 1.3700032234191895, 5.183526039123535]}