{"x": [0, 1, 2, 3, 4, 5], "y": [1.324080467224121, 7.864344596862793, 0.9195125699043274, 4.302648544311523, 4.785122871398926, 4.188916206359863], "params": [13.120372772216797, 0.25, 0.0, 13.889663696289062, -0.7206935286521912, -0.6802606582641602, 1.2374591827392578]}