{"x": [0, 1, 2, 3, 4, 5], "y": [0.785268247127533, 7.111538887023926, 1.2599031925201416, 4.918524265289307, 4.317269325256348, 3.466820001602173], "params": [12.595993995666504, 0.25, 0.0, 12.706318855285645, -2.8714656829833984, 0.054354071617126465, 5.4198994636535645]}