{"x": [0, 1, 2, 3, 4, 5], "y": [1.9763729572296143, 8.682433128356934, 1.413111686706543, 6.793153762817383, 6.582452297210693, 6.407617092132568], "params": [13.05285930633545, 0.25, 0.0, 14.848306655883789, -0.7537750601768494, 3.6882753372192383, 2.258768081665039]}