{"x": [0, 1, 2, 3, 4, 5], "y": [0.820587158203125, 7.976081371307373, 1.001818060874939, 6.743453502655029, 6.484507083892822, 6.297235488891602], "params": [13.495809555053711, 0.25, 0.0, 14.310988426208496, -0.95667564868927, 3.312880516052246, 1.7069902420043945]}