{"x": [0, 1, 2, 3, 4, 5], "y": [1.4942415952682495, 8.790873527526855, 1.5958805084228516, 3.6408956050872803, 3.2833364009857178, 2.0287647247314453], "params": [14.703598022460938, 0.25, 0.0, 15.616084098815918, -4.019144535064697, -1.5096485614776611, 8.246230125427246]}