{"x": [0, 1, 2, 3, 4, 5], "y": [0.8643300533294678, 5.5173468589782715, 0.9676201343536377, 6.525012969970703, 6.970091342926025, 7.468361854553223], "params": [8.37918758392334, 0.25, 0.0, 9.306034088134766, 1.0838921070098877, 3.250784397125244, 2.2896499633789062]}