{"x": [0, 1, 2, 3, 4, 5], "y": [0.4315141439437866, 7.697134494781494, 0.3090723752975464, 6.321287155151367, 6.322504043579102, 5.888420104980469], "params": [14.911993026733398, 0.25, 0.0, 16.087005615234375, -1.1027040481567383, 3.3100075721740723, 2.557084083557129]}