{"x": [0, 1, 2, 3, 4, 5], "y": [0.11581394821405411, 3.0109262466430664, 0.22400547564029694, 3.718226194381714, 3.5745601654052734, 3.5720629692077637], "params": [5.885692119598389, 0.25, 0.0, 6.665712833404541, -1.3290865421295166, -2.209895133972168, 1.4548940658569336]}