{"x": [0, 1, 2, 3, 4, 5], "y": [0.48672690987586975, 3.7952916622161865, 0.3054927587509155, 5.323273658752441, 5.981473445892334, 5.5839104652404785], "params": [6.786689758300781, 0.25, 0.0, 6.9975175857543945, -0.10815280675888062, 1.3954788446426392, 1.3163995742797852]}