{"x": [0, 1, 2, 3, 4, 5], "y": [0.544485330581665, 5.672078609466553, 0.9219732284545898, 2.814474582672119, 2.1244616508483887, 2.813246965408325], "params": [10.411369323730469, 0.25, 0.0, 11.552118301391602, -0.4789869785308838, -4.577841281890869, 1.801234245300293]}