{"x": [0, 1, 2, 3, 4, 5], "y": [1.6675854921340942, 7.068779468536377, 1.7215189933776855, 5.0594377517700195, 5.347408771514893, 4.868579387664795], "params": [10.532044410705566, 0.25, 0.0, 10.802388191223145, -1.0588767528533936, 1.225820779800415, 2.332261085510254]}