{"x": [0, 1, 2, 3, 4, 5], "y": [0.2658953368663788, 6.085144996643066, 0.4210875630378723, 6.737278461456299, 5.213389873504639, 4.472799301147461], "params": [11.466702461242676, 0.25, 0.0, 12.041460990905762, -4.570088863372803, 3.905693292617798, 9.252235412597656]}