{"x": [0, 1, 2, 3, 4, 5], "y": [-0.1515752077102661, 5.269321441650391, 0.10477608442306519, 4.274227142333984, 3.738579750061035, 2.6155216693878174], "params": [10.643967628479004, 0.25, 0.0, 11.52013874053955, -3.8210787773132324, -0.7107329368591309, 7.51416540145874]}