{"x": [0, 1, 2, 3, 4, 5], "y": [2.0220327377319336, 8.960413932800293, 1.8389300107955933, 5.516507148742676, 4.70915412902832, 3.8502769470214844], "params": [14.702096939086914, 0.25, 0.0, 15.590021133422852, -3.457160472869873, 1.4641118049621582, 6.376124382019043]}