{"x": [0, 1, 2, 3, 4, 5], "y": [0.6544744968414307, 4.854282855987549, 0.8003351092338562, 2.8685977458953857, 1.585841178894043, 1.0720127820968628], "params": [8.852025032043457, 0.25, 0.0, 8.399616241455078, -4.756886005401611, -3.5907344818115234, 8.600038528442383]}