{"x": [0, 1, 2, 3, 4, 5], "y": [-0.056142956018447876, 3.641702890396118, -0.05921667814254761, 2.7981772422790527, 2.5690085887908936, 1.7332267761230469], "params": [6.6208648681640625, 0.25, 0.0, 7.561862945556641, -2.258608341217041, -4.025348663330078, 4.319823741912842]}