{"x": [0, 1, 2, 3, 4, 5], "y": [-0.15048974752426147, 3.7680611610412598, -0.2912100851535797, 6.549205303192139, 5.209007263183594, 4.794212341308594], "params": [6.586556911468506, 0.25, 0.0, 8.118542671203613, -4.555817604064941, 3.2856225967407227, 7.775411605834961]}