{"x": [0, 1, 2, 3, 4, 5], "y": [-0.016397900879383087, 4.458582878112793, 0.1054522916674614, 6.0143585205078125, 5.974147319793701, 6.374688148498535], "params": [8.317269325256348, 0.25, 0.0, 9.586771011352539, 1.1825079917907715, 1.5325433015823364, 2.2382068634033203]}