{"x": [0, 1, 2, 3, 4, 5], "y": [0.6363672614097595, 4.322515487670898, 0.5755362510681152, 5.064891815185547, 5.494262218475342, 5.635345458984375], "params": [8.077169418334961, 0.25, 0.0, 9.079872131347656, 0.4724579453468323, 0.9485328197479248, 1.1744890213012695]}