{"x": [0, 1, 2, 3, 4, 5], "y": [0.6959735751152039, 5.632560729980469, 0.9281142354011536, 5.04348087310791, 4.3510308265686035, 3.9824349880218506], "params": [10.823053359985352, 0.25, 0.0, 10.86841869354248, -2.863550901412964, 0.8239752054214478, 5.893148899078369]}