{"x": [0, 1, 2, 3, 4, 5], "y": [0.4908018112182617, 3.4524338245391846, 0.664908766746521, 5.228364944458008, 4.392516136169434, 3.9491336345672607], "params": [5.570289611816406, 0.25, 0.0, 6.205718517303467, -2.2985568046569824, 0.4482567310333252, 5.097096920013428]}