{"x": [0, 1, 2, 3, 4, 5], "y": [0.9161707758903503, 6.379448413848877, 0.8949826955795288, 4.550107955932617, 3.6547484397888184, 3.191004991531372], "params": [10.468504905700684, 0.25, 0.0, 10.968931198120117, -3.7506368160247803, -0.5603569746017456, 6.474477291107178]}