{"x": [0, 1, 2, 3, 4, 5], "y": [0.039902154356241226, 3.808692216873169, 0.07072463631629944, 6.49200963973999, 6.454703330993652, 5.791330814361572], "params": [7.38101053237915, 0.25, 0.0, 8.316373825073242, -2.789515972137451, 3.9634454250335693, 4.784794807434082]}