{"x": [0, 1, 2, 3, 4, 5], "y": [0.16485580801963806, 4.7945756912231445, -0.062315937131643295, 3.5744833946228027, 2.8554515838623047, 2.5545639991760254], "params": [9.276655197143555, 0.25, 0.0, 9.713783264160156, -3.2508387565612793, -1.6598880290985107, 6.424609184265137]}