{"x": [0, 1, 2, 3, 4, 5], "y": [0.3950250446796417, 6.833072185516357, 0.47588664293289185, 3.05588698387146, 2.5101702213287354, 2.4541895389556885], "params": [13.181408882141113, 0.25, 0.0, 13.341521263122559, -1.263087511062622, -3.951712131500244, 2.240103244781494]}