{"x": [0, 1, 2, 3, 4, 5], "y": [0.9262790679931641, 5.33604621887207, 1.3757991790771484, 6.471288681030273, 6.5655622482299805, 5.914456367492676], "params": [8.664239883422852, 0.25, 0.0, 9.513585090637207, -2.138183355331421, 4.220346450805664, 4.546600341796875]}