{"x": [0, 1, 2, 3, 4, 5], "y": [0.3819155991077423, 7.298501968383789, 0.5165497660636902, 2.8022754192352295, 2.420097589492798, 1.6975065469741821], "params": [13.7620267868042, 0.25, 0.0, 14.283324241638184, -2.475220203399658, -3.385838270187378, 6.097781181335449]}