{"x": [0, 1, 2, 3, 4, 5], "y": [0.9276410341262817, 6.567732810974121, 0.9460896253585815, 2.267284631729126, 1.7032368183135986, 0.9127991199493408], "params": [11.82849407196045, 0.25, 0.0, 12.159399032592773, -2.845926284790039, -4.767634391784668, 6.610304355621338]}