{"x": [0, 1, 2, 3, 4, 5], "y": [0.7237904071807861, 6.431447505950928, 0.7607252597808838, 4.9641594886779785, 4.671370029449463, 4.146738529205322], "params": [11.392740249633789, 0.25, 0.0, 11.670564651489258, -1.725508689880371, 0.2983701229095459, 4.144224166870117]}