{"x": [0, 1, 2, 3, 4, 5], "y": [1.4754223823547363, 7.04857873916626, 1.4165291786193848, 5.935378551483154, 6.042403697967529, 5.082308292388916], "params": [11.25674819946289, 0.25, 0.0, 11.901490211486816, -2.1911163330078125, 2.4225592613220215, 3.9332666397094727]}