{"x": [0, 1, 2, 3, 4, 5], "y": [1.8073748350143433, 7.238039493560791, 1.714916706085205, 7.3670573234558105, 7.055305004119873, 6.785888195037842], "params": [11.106339454650879, 0.25, 0.0, 11.303428649902344, -1.3490207195281982, 4.76278829574585, 2.3712711334228516]}