{"x": [0, 1, 2, 3, 4, 5], "y": [1.0426965951919556, 8.332012176513672, 1.4951285123825073, 5.350005626678467, 5.450351715087891, 5.569544792175293], "params": [13.734561920166016, 0.25, 0.0, 15.428532600402832, 1.3688428401947021, 0.30036985874176025, 2.2588510513305664]}