{"x": [0, 1, 2, 3, 4, 5], "y": [0.3471892178058624, 2.7249650955200195, 0.3298550248146057, 7.1622819900512695, 6.270427703857422, 5.234637260437012], "params": [5.003600597381592, 0.25, 0.0, 5.724159240722656, -4.164078712463379, 4.42575740814209, 8.308767318725586]}