{"x": [0, 1, 2, 3, 4, 5], "y": [6.9265241622924805, 6.700511455535889, 6.48850154876709, 6.5772552490234375, 6.613731384277344, 6.367660999298096], "params": [-0.3434827923774719, 3.111603260040283, 1.1177263259887695]}