{"x": [0, 1, 2, 3, 4, 5], "y": [4.53070592880249, 5.007874488830566, 4.534460544586182, 3.518718719482422, 3.3850975036621094, 3.034022808074951], "params": [-1.9481502771377563, -2.0465219020843506, 3.9477033615112305]}