{"x": [0, 1, 2, 3, 4, 5], "y": [5.570035934448242, 4.9765496253967285, 4.533623218536377, 4.8061041831970215, 4.336082935333252, 3.9700796604156494], "params": [-1.7293288707733154, -0.5377817153930664, 3.1999125480651855]}