{"x": [0, 1, 2, 3, 4, 5], "y": [7.541385173797607, 7.329497337341309, 7.143505573272705, 6.764116287231445, 6.812075614929199, 6.688126564025879], "params": [-0.9362345933914185, 4.11191987991333, 1.706517219543457]}