{"x": [0, 1, 2, 3, 4, 5], "y": [5.058511257171631, 4.242330551147461, 3.5518112182617188, 3.54536771774292, 2.4998066425323486, 2.0608103275299072], "params": [-3.0480570793151855, -3.0381762981414795, 5.995401859283447]}