{"x": [0, 1, 2, 3, 4, 5], "y": [2.558476209640503, 2.386873245239258, 3.568927764892578, 3.3663763999938965, 3.821550130844116, 3.84804368019104], "params": [1.630082130432129, -3.6792821884155273, 2.9223408699035645]}