{"x": [0, 1, 2, 3, 4, 5], "y": [5.6972808837890625, 6.136496067047119, 6.320509910583496, 6.611190319061279, 6.893678665161133, 7.1708269119262695], "params": [1.2157409191131592, 2.741840362548828, 2.947092056274414]}