{"x": [0, 1, 2, 3, 4, 5], "y": [6.339092254638672, 6.752415657043457, 6.964487075805664, 6.5197954177856445, 7.026482105255127, 6.715700149536133], "params": [0.3036581873893738, 3.4320199489593506, 1.3747797012329102]}