{"x": [0, 1, 2, 3, 4, 5], "y": [6.3160223960876465, 6.6917548179626465, 6.975186347961426, 6.829926490783691, 6.876457214355469, 7.3676252365112305], "params": [1.028106451034546, 3.5320801734924316, 2.103205680847168]}