{"x": [0, 1, 2, 3, 4, 5], "y": [2.115442991256714, 2.446478843688965, 3.139265775680542, 3.115856885910034, 3.363919258117676, 3.6417524814605713], "params": [0.9955173134803772, -4.025781154632568, 3.052618980407715]}