{"x": [0, 1, 2, 3, 4, 5], "y": [1.9885892868041992, 2.497955799102783, 2.5729429721832275, 2.4718902111053467, 3.0839109420776367, 3.2784554958343506], "params": [1.3428120613098145, -4.443435192108154, 2.5797324180603027]}