{"x": [0, 1, 2, 3, 4, 5], "y": [2.2036213874816895, 2.725738525390625, 3.52668833732605, 3.6455836296081543, 4.20651912689209, 4.393452167510986], "params": [1.7898399829864502, -2.914267063140869, 4.379661560058594]}