{"x": [0, 1, 2, 3, 4, 5], "y": [5.574954509735107, 5.7064313888549805, 5.536313056945801, 4.991140365600586, 5.0944647789001465, 5.09018611907959], "params": [-0.5155778527259827, 0.500725507736206, 1.430582046508789]}