{"x": [0, 1, 2, 3, 4, 5], "y": [6.429444789886475, 6.002869129180908, 5.409709930419922, 4.542708396911621, 4.239805698394775, 3.501112937927246], "params": [-2.842249870300293, -0.16987860202789307, 5.856663703918457]}