{"x": [0, 1, 2, 3, 4, 5], "y": [3.9469385147094727, 4.2242350578308105, 5.183182716369629, 5.442747592926025, 5.777585506439209, 5.835603713989258], "params": [1.5191056728363037, 0.12394249439239502, 3.7773303985595703]}