{"x": [0, 1, 2, 3, 4, 5], "y": [3.0926740169525146, 2.9106733798980713, 4.446414947509766, 3.8215746879577637, 3.5865678787231445, 4.079346656799316], "params": [0.8833284974098206, -2.4916653633117676, 3.0714831352233887]}