{"x": [0, 1, 2, 3, 4, 5], "y": [3.4536893367767334, 3.4935197830200195, 3.8539741039276123, 3.642652988433838, 3.9379396438598633, 4.018425464630127], "params": [0.2980293035507202, -2.4307405948638916, 1.129472255706787]}