{"x": [0, 1, 2, 3, 4, 5], "y": [2.8817298412323, 2.751850128173828, 2.7044308185577393, 2.4553658962249756, 2.7848339080810547, 2.190552234649658], "params": [-0.9356145858764648, -4.779109954833984, 1.3823552131652832]}