{"x": [0, 1, 2, 3, 4, 5], "y": [8.840998649597168, 8.50320816040039, 7.921151161193848, 6.90305233001709, 5.785904407501221, 5.1923441886901855], "params": [-4.124063968658447, 4.415935516357422, 7.297308921813965]}