{"x": [0, 1, 2, 3, 4, 5], "y": [6.593966007232666, 5.382216453552246, 4.3885884284973145, 3.694492816925049, 2.7656807899475098, 1.9682809114456177], "params": [-4.5332159996032715, -1.7263638973236084, 9.251370429992676]}