{"x": [0, 1, 2, 3, 4, 5], "y": [3.318444013595581, 4.070566177368164, 3.9623537063598633, 4.659034252166748, 4.728174209594727, 5.441990375518799], "params": [1.6301445960998535, -0.8273434638977051, 4.2470927238464355]}