{"x": [0, 1, 2, 3, 4, 5], "y": [6.025363922119141, 5.479024410247803, 5.163603782653809, 4.896970272064209, 4.532338619232178, 4.065368175506592], "params": [-2.1447160243988037, 0.09159982204437256, 3.9199914932250977]}