{"x": [0, 1, 2, 3, 4, 5], "y": [6.621306419372559, 6.181639194488525, 5.946784973144531, 5.392574310302734, 5.050234794616699, 5.483039379119873], "params": [-1.1394234895706177, 1.7363530397415161, 3.1421432495117188]}