{"x": [0, 1, 2, 3, 4, 5], "y": [5.015926361083984, 4.986288547515869, 3.552518844604492, 2.9824962615966797, 1.883797287940979, 0.898953378200531], "params": [-4.473843574523926, -3.5172152519226074, 8.233945846557617]}