{"x": [0, 1, 2, 3, 4, 5], "y": [6.688875198364258, 6.696477890014648, 6.911046981811523, 6.933557033538818, 7.316705703735352, 7.082058429718018], "params": [0.5643600821495056, 3.7583935260772705, 1.2556610107421875]}