{"x": [0, 1, 2, 3, 4, 5], "y": [4.432733535766602, 4.87121057510376, 4.726080417633057, 5.067319393157959, 5.1340155601501465, 4.672316074371338], "params": [0.1744750738143921, -0.4310232400894165, 1.4025640487670898]}