{"x": [0, 1, 2, 3, 4, 5], "y": [3.4392313957214355, 3.592686891555786, 3.861177444458008, 3.718242645263672, 4.937985897064209, 4.632688999176025], "params": [1.576806902885437, -1.7428946495056152, 2.997509002685547]}