{"x": [0, 1, 2, 3, 4, 5], "y": [6.942543029785156, 6.495858192443848, 5.944793224334717, 5.271186351776123, 5.134252548217773, 4.2759199142456055], "params": [-2.5273516178131104, 1.57137930393219, 5.333246231079102]}