{"x": [0, 1, 2, 3, 4, 5], "y": [7.948167324066162, 6.770043849945068, 6.35838508605957, 6.648857593536377, 5.9089484214782715, 5.21024751663208], "params": [-2.2836761474609375, 2.9904067516326904, 5.475839614868164]}