{"x": [0, 1, 2, 3, 4, 5], "y": [5.854790687561035, 5.436234951019287, 4.683465003967285, 4.5262227058410645, 3.0068564414978027, 2.7058157920837402], "params": [-3.4787051677703857, -1.007460355758667, 6.29794979095459]}