{"x": [0, 1, 2, 3, 4, 5], "y": [5.850113391876221, 6.0157904624938965, 5.401858329772949, 5.722209453582764, 5.396782875061035, 5.442527770996094], "params": [-0.5860726237297058, 1.3644599914550781, 1.2380151748657227]}