{"x": [0, 1, 2, 3, 4, 5], "y": [6.223532676696777, 6.612464904785156, 7.192765235900879, 6.345588207244873, 5.784828186035156, 6.083831310272217], "params": [-1.001143455505371, 2.853634834289551, 2.8158740997314453]}