{"x": [0, 1, 2, 3, 4, 5], "y": [3.697617769241333, 2.7532763481140137, 2.9440574645996094, 2.9446427822113037, 2.385969877243042, 1.8577690124511719], "params": [-1.2656917572021484, -3.927640914916992, 3.6796975135803223]}