{"x": [0, 1, 2, 3, 4, 5], "y": [6.691390514373779, 6.426004886627197, 6.213458061218262, 6.3767595291137695, 6.331501007080078, 6.409078598022461], "params": [0.03472304344177246, 2.933347225189209, 0.9558649063110352]}