{"x": [0, 1, 2, 3, 4, 5], "y": [5.118146896362305, 4.873743057250977, 4.600318431854248, 3.8731091022491455, 3.6671676635742188, 3.3943369388580322], "params": [-1.5233044624328613, -1.3935232162475586, 3.447619915008545]}