{"x": [0, 1, 2, 3, 4, 5], "y": [4.989861011505127, 4.665304660797119, 5.099358558654785, 5.365365028381348, 6.009614944458008, 6.049090385437012], "params": [1.9516406059265137, 0.5360943078994751, 2.767571449279785]}