{"x": [0, 1, 2, 3, 4, 5], "y": [7.434077262878418, 6.41670560836792, 5.760805130004883, 4.8855438232421875, 3.9844017028808594, 3.104053020477295], "params": [-4.35044527053833, 0.55916428565979, 8.660048484802246]}