{"x": [0, 1, 2, 3, 4, 5], "y": [5.45636510848999, 4.728020668029785, 4.074758529663086, 3.438941478729248, 3.250110626220703, 2.7632179260253906], "params": [-2.557969093322754, -1.9606727361679077, 5.386294364929199]}