{"x": [0, 1, 2, 3, 4, 5], "y": [2.708782196044922, 3.083118438720703, 3.0080833435058594, 3.3876535892486572, 3.0540871620178223, 3.570071220397949], "params": [1.101306676864624, -4.191595077514648, 1.7225780487060547]}