{"x": [0, 1, 2, 3, 4, 5], "y": [7.390673637390137, 6.830550670623779, 6.583637714385986, 5.684067249298096, 5.344603538513184, 4.659780979156494], "params": [-2.707437038421631, 2.414008378982544, 5.461785316467285]}