{"x": [0, 1, 2, 3, 4, 5], "y": [7.330789566040039, 7.137766361236572, 7.358419418334961, 6.9952592849731445, 7.064714431762695, 7.423494815826416], "params": [-0.4218131899833679, 4.585533142089844, 0.856471061706543]}