{"x": [0, 1, 2, 3, 4, 5], "y": [4.772721767425537, 4.633758544921875, 4.896572113037109, 5.257646083831787, 5.065601348876953, 5.089454174041748], "params": [1.0118520259857178, 0.10531246662139893, 1.2477750778198242]}