{"x": [0, 1, 2, 3, 4, 5], "y": [4.531566619873047, 4.647804260253906, 5.186393737792969, 4.886971473693848, 5.335265636444092, 5.3061347007751465], "params": [0.8365617394447327, 0.02086341381072998, 1.6073980331420898]}