{"x": [0, 1, 2, 3, 4, 5], "y": [5.975865364074707, 6.419353008270264, 6.0085296630859375, 5.951161861419678, 5.650006294250488, 6.28363037109375], "params": [-0.10541993379592896, 2.4167423248291016, 1.5386934280395508]}