{"x": [0, 1, 2, 3, 4, 5], "y": [8.142349243164062, 7.479187965393066, 6.304182052612305, 5.155313491821289, 4.497579574584961, 3.7217674255371094], "params": [-4.636261463165283, 1.5511655807495117, 8.841163635253906]}