{"x": [0, 1, 2, 3, 4, 5], "y": [5.48773193359375, 5.388147830963135, 5.628674030303955, 5.618776798248291, 6.1249566078186035, 6.452996253967285], "params": [0.3016775846481323, 1.6119062900543213, 2.129696846008301]}