{"x": [0, 1, 2, 3, 4, 5], "y": [7.664533615112305, 7.421377182006836, 7.1905059814453125, 6.90889835357666, 5.677950859069824, 5.939202785491943], "params": [-1.9046871662139893, 3.72127103805542, 3.973165512084961]}