{"x": [0, 1, 2, 3, 4, 5], "y": [8.517084121704102, 7.652931213378906, 6.857223033905029, 5.4970784187316895, 4.8420491218566895, 3.410892963409424], "params": [-4.988235950469971, 2.173731803894043, 10.212382316589355]}