{"x": [0, 1, 2, 3, 4, 5], "y": [5.786439895629883, 6.197633743286133, 6.475353240966797, 6.3144001960754395, 6.380337238311768, 6.446655750274658], "params": [0.6663325428962708, 2.1920127868652344, 1.3778266906738281]}