{"x": [0, 1, 2, 3, 4, 5], "y": [6.921416759490967, 6.557086944580078, 5.939839839935303, 5.1140923500061035, 4.485800743103027, 3.5676469802856445], "params": [-3.3231191635131836, 0.8969157934188843, 6.7075395584106445]}