{"x": [0, 1, 2, 3, 4, 5], "y": [6.189112186431885, 5.333185195922852, 3.947615146636963, 3.1697134971618652, 2.4869935512542725, 1.345818042755127], "params": [-4.57602071762085, -2.3744707107543945, 9.686588287353516]}