{"x": [0, 1, 2, 3, 4, 5], "y": [4.759964466094971, 4.076529026031494, 2.898313283920288, 2.0771145820617676, 1.6474299430847168, -0.0386999249458313], "params": [-4.652207374572754, -4.681169509887695, 9.597329139709473]}