{"x": [0, 1, 2, 3, 4, 5], "y": [7.373447418212891, 6.708898067474365, 6.350534439086914, 5.653624534606934, 4.72653865814209, 4.502447128295898], "params": [-3.231922149658203, 1.7005133628845215, 5.742000579833984]}