{"x": [0, 1, 2, 3, 4, 5], "y": [8.531179428100586, 7.686561107635498, 6.860781669616699, 5.8880934715271, 5.560380458831787, 4.168760299682617], "params": [-4.377444267272949, 2.670292854309082, 8.724838256835938]}