{"x": [0, 1, 2, 3, 4, 5], "y": [5.925273895263672, 5.515283107757568, 5.538292407989502, 4.92538595199585, 4.387369155883789, 4.324314594268799], "params": [-1.8648431301116943, -0.1194453239440918, 3.201918601989746]}