{"x": [0, 1, 2, 3, 4, 5], "y": [7.607322692871094, 7.453754425048828, 7.053318023681641, 7.286490440368652, 7.337873458862305, 7.232549667358398], "params": [-0.10737758874893188, 4.730705261230469, 1.1080093383789062]}