{"x": [0, 1, 2, 3, 4, 5], "y": [6.2880682945251465, 5.366348743438721, 5.472118854522705, 4.304974555969238, 4.567532062530518, 3.8623945713043213], "params": [-2.0246236324310303, -0.13544082641601562, 4.85134744644165]}