{"x": [0, 1, 2, 3, 4, 5], "y": [4.438875198364258, 4.5211381912231445, 4.472348690032959, 4.780580520629883, 4.978611946105957, 4.967253684997559], "params": [0.5324901938438416, -0.7070297002792358, 1.0794734954833984]}