{"x": [0, 1, 2, 3, 4, 5], "y": [5.562928676605225, 4.739555358886719, 4.1747145652771, 3.4756271839141846, 2.9712347984313965, 2.1350526809692383], "params": [-3.0314574241638184, -2.1715033054351807, 6.855751991271973]}