{"x": [0, 1, 2, 3, 4, 5], "y": [1.6432137489318848, 2.1814591884613037, 2.6135685443878174, 2.7691566944122314, 3.067793607711792, 2.992764711380005], "params": [1.090752363204956, -4.771209239959717, 2.8491597175598145]}