{"x": [0, 1, 2, 3, 4, 5], "y": [9.123980522155762, 8.406991958618164, 6.988624572753906, 6.579652309417725, 5.387875080108643, 4.528825759887695], "params": [-4.227536678314209, 3.848729133605957, 9.190309524536133]}