{"x": [0, 1, 2, 3, 4, 5], "y": [3.7478394508361816, 3.684875011444092, 3.0821056365966797, 3.349761962890625, 3.296382427215576, 2.5962533950805664], "params": [-0.8455395102500916, -3.5514636039733887, 2.3031721115112305]}