{"x": [0, 1, 2, 3, 4, 5], "y": [7.421716213226318, 7.493284225463867, 7.205202579498291, 7.564977169036865, 6.904608249664307, 7.135863780975342], "params": [-0.5639083981513977, 4.518150806427002, 1.3207378387451172]}