{"x": [0, 1, 2, 3, 4, 5], "y": [6.055286407470703, 5.477006435394287, 5.206997394561768, 4.840433120727539, 4.681187152862549, 3.4888858795166016], "params": [-2.3247785568237305, 0.0070095062255859375, 5.132801055908203]}