{"x": [0, 1, 2, 3, 4, 5], "y": [2.372530698776245, 3.03371000289917, 3.689600944519043, 3.9649455547332764, 4.584109306335449, 4.765544414520264], "params": [1.9738566875457764, -2.8829658031463623, 4.786027431488037]}