{"x": [0, 1, 2, 3, 4, 5], "y": [6.663650035858154, 6.1698222160339355, 5.298832416534424, 4.841676712036133, 4.4254655838012695, 4.0257344245910645], "params": [-2.532299041748047, 0.6065040826797485, 5.27583122253418]}