{"x": [0, 1, 2, 3, 4, 5], "y": [6.669513702392578, 5.635535717010498, 5.123510837554932, 3.8329110145568848, 2.981987714767456, 2.155148983001709], "params": [-4.580646514892578, -1.2826037406921387, 9.028729438781738]}