{"x": [0, 1, 2, 3, 4, 5], "y": [3.7825305461883545, 3.8556876182556152, 3.31864595413208, 3.4637227058410645, 3.3233015537261963, 3.7957875728607178], "params": [0.02220064401626587, -2.573540687561035, 1.0740833282470703]}