{"x": [0, 1, 2, 3, 4, 5], "y": [7.146808624267578, 7.184534072875977, 7.176084518432617, 7.56456995010376, 7.691824913024902, 7.785243034362793], "params": [0.5305629968643188, 4.377904415130615, 1.2768688201904297]}