{"x": [0, 1, 2, 3, 4, 5], "y": [5.371812343597412, 5.403297424316406, 5.086676120758057, 4.946707725524902, 4.28352689743042, 4.363697052001953], "params": [-0.4171627163887024, -0.40707945823669434, 2.2395410537719727]}