{"x": [0, 1, 2, 3, 4, 5], "y": [5.995540142059326, 5.186407566070557, 4.282508373260498, 3.687800168991089, 3.0592870712280273, 2.236466884613037], "params": [-3.384605884552002, -2.2174954414367676, 7.518146514892578]}