{"x": [0, 1, 2, 3, 4, 5], "y": [6.1866350173950195, 4.967293739318848, 4.008233070373535, 2.8366622924804688, 1.9543861150741577, 0.9102704524993896], "params": [-4.965391159057617, -2.6832640171051025, 10.552728652954102]}