{"x": [0, 1, 2, 3, 4, 5], "y": [5.260240077972412, 4.589942932128906, 4.26839017868042, 3.891498327255249, 3.364661693572998, 2.790311574935913], "params": [-1.9750947952270508, -1.9718164205551147, 4.939857006072998]}