{"x": [0, 1, 2, 3, 4, 5], "y": [5.2396674156188965, 4.216222763061523, 3.622959613800049, 3.3804612159729004, 3.3962440490722656, 2.7375144958496094], "params": [-2.1752936840057373, -2.4921011924743652, 5.004305839538574]}