{"x": [0, 1, 2, 3, 4, 5], "y": [8.567950248718262, 7.540538311004639, 7.147950649261475, 6.048243522644043, 5.127696514129639, 4.1895222663879395], "params": [-4.668024063110352, 3.101290464401245, 8.756855964660645]}