{"x": [0, 1, 2, 3, 4, 5], "y": [6.339308261871338, 5.547731876373291, 4.776771068572998, 4.355051040649414, 3.5177698135375977, 2.610780715942383], "params": [-3.5689167976379395, -0.8126044273376465, 7.45705509185791]}