{"x": [0, 1, 2, 3, 4, 5], "y": [4.304458141326904, 3.9746809005737305, 3.0325684547424316, 3.0788683891296387, 2.2097747325897217, 1.9341585636138916], "params": [-2.424894332885742, -3.9290528297424316, 4.740599155426025]}