{"x": [0, 1, 2, 3, 4, 5], "y": [8.386942863464355, 7.805797576904297, 7.044388771057129, 6.362981796264648, 5.417813301086426, 5.210625171661377], "params": [-3.8116633892059326, 3.5398006439208984, 6.352635383605957]}