{"x": [0, 1, 2, 3, 4, 5], "y": [5.565892696380615, 5.086371898651123, 4.133734703063965, 4.020594596862793, 3.1009535789489746, 2.156994342803955], "params": [-3.1194851398468018, -1.8525922298431396, 6.81779670715332]}