{"x": [0, 1, 2, 3, 4, 5], "y": [3.8637330532073975, 3.8306679725646973, 4.084438800811768, 4.100903511047363, 3.9294943809509277, 4.038492679595947], "params": [-0.12426632642745972, -2.2353596687316895, 0.540471076965332]}