{"x": [0, 1, 2, 3, 4, 5], "y": [4.692992210388184, 3.816199779510498, 3.2791054248809814, 2.321063756942749, 1.9437836408615112, 1.230032205581665], "params": [-3.3523244857788086, -4.31998348236084, 6.925920009613037]}