{"x": [0, 1, 2, 3, 4, 5], "y": [8.14202880859375, 7.336511611938477, 6.076389789581299, 5.673356533050537, 4.57326078414917, 3.5378313064575195], "params": [-4.302514553070068, 1.7224442958831787, 9.208395004272461]}