{"x": [0, 1, 2, 3, 4, 5], "y": [7.692211151123047, 7.0309367179870605, 7.147433757781982, 6.652067184448242, 6.615593910217285, 6.800452709197998], "params": [-0.8021581768989563, 3.9970569610595703, 2.1532344818115234]}