{"x": [0, 1, 2, 3, 4, 5], "y": [6.280775547027588, 6.06030797958374, 6.555586338043213, 6.392919540405273, 6.5452423095703125, 6.467334270477295], "params": [0.16461461782455444, 2.7096664905548096, 0.9905567169189453]}