{"x": [0, 1, 2, 3, 4, 5], "y": [6.548346519470215, 6.3787007331848145, 6.46624755859375, 6.254579067230225, 6.116733074188232, 5.743428707122803], "params": [-0.6670407652854919, 2.311708450317383, 1.6098356246948242]}