{"x": [0, 1, 2, 3, 4, 5], "y": [7.519279956817627, 7.406382083892822, 7.42197322845459, 7.079958915710449, 7.332380771636963, 7.369256019592285], "params": [-0.3858565092086792, 4.830750465393066, 0.8786420822143555]}