{"x": [0, 1, 2, 3, 4, 5], "y": [9.692917823791504, 8.387531280517578, 8.037076950073242, 6.6935319900512695, 5.85042667388916, 4.847835540771484], "params": [-4.636602401733398, 4.715620040893555, 9.690164566040039]}