{"x": [0, 1, 2, 3, 4, 5], "y": [7.573279857635498, 7.531910419464111, 6.658618450164795, 6.002856731414795, 5.686598777770996, 4.975979804992676], "params": [-2.3567943572998047, 2.6879894733428955, 5.1946001052856445]}