{"x": [0, 1, 2, 3, 4, 5], "y": [8.479376792907715, 6.80970573425293, 5.983562469482422, 4.708448886871338, 4.953571796417236, 3.7900772094726562], "params": [-4.3188300132751465, 1.8545877933502197, 9.378599166870117]}