{"x": [0, 1, 2, 3, 4, 5], "y": [6.811801433563232, 6.774762153625488, 6.470019817352295, 6.215376377105713, 6.102657794952393, 6.15861701965332], "params": [-0.8906018733978271, 2.753396511077881, 1.4182872772216797]}