{"x": [0, 1, 2, 3, 4, 5], "y": [7.902433395385742, 6.6853251457214355, 5.514042854309082, 4.602840900421143, 4.05966854095459, 2.5628163814544678], "params": [-4.932936191558838, 0.24039983749389648, 10.67923355102539]}