{"x": [0, 1, 2, 3, 4, 5], "y": [6.118962287902832, 5.785478591918945, 5.282088279724121, 4.925060749053955, 3.963732957839966, 3.8356783390045166], "params": [-2.2743663787841797, -0.10854184627532959, 4.566567897796631]}