{"x": [0, 1, 2, 3, 4, 5], "y": [3.6190426349639893, 3.89768648147583, 3.941281795501709, 3.889219045639038, 4.23668098449707, 4.607009410858154], "params": [0.6809598803520203, -1.886182427406311, 1.97593355178833]}