{"x": [0, 1, 2, 3, 4, 5], "y": [4.335944175720215, 5.095119476318359, 5.123562812805176, 5.228269100189209, 5.975594520568848, 6.529662132263184], "params": [1.724520206451416, 0.9627670049667358, 4.3874359130859375]}