{"x": [0, 1, 2, 3, 4, 5], "y": [7.450307846069336, 6.589822292327881, 6.390223503112793, 6.074258327484131, 5.54510498046875, 5.513323783874512], "params": [-2.0320873260498047, 2.672156810760498, 3.8739681243896484]}