{"x": [0, 1, 2, 3, 4, 5], "y": [3.3832948207855225, 3.2175521850585938, 3.3975484371185303, 3.326639413833618, 2.9704084396362305, 2.0579264163970947], "params": [-1.4873967170715332, -3.8426029682159424, 2.679244041442871]}