{"x": [0, 1, 2, 3, 4, 5], "y": [5.8195977210998535, 4.96443510055542, 4.709499359130859, 4.53780460357666, 4.1104936599731445, 3.7822768688201904], "params": [-1.8356635570526123, -0.2124243974685669, 4.074641704559326]}