{"x": [0, 1, 2, 3, 4, 5], "y": [6.222553730010986, 6.379639148712158, 6.416416168212891, 6.913711071014404, 7.089940547943115, 6.9301652908325195], "params": [0.9071466326713562, 3.0601489543914795, 1.7347736358642578]}