{"x": [0, 1, 2, 3, 4, 5], "y": [9.12488079071045, 8.036701202392578, 7.178012847900391, 5.807474136352539, 5.379666328430176, 4.141122817993164], "params": [-4.776456832885742, 2.9375271797180176, 9.96751594543457]}