{"x": [0, 1, 2, 3, 4, 5], "y": [7.664533615112305, 7.421377182006836, 7.1905059814453125, 6.4786553382873535, 1.031754970550537, 6.144855976104736], "params": [-1.9046871662139893, 3.72127103805542, 3.973165512084961, 10.686162948608398, 0.25, 0.0, 11.739679336547852]}