{"x": [0, 1, 2, 3, 4, 5], "y": [6.025363922119141, 5.479024410247803, 5.163603782653809, 8.27786636352539, 1.0716091394424438, 8.192489624023438], "params": [-2.1447160243988037, 0.09159982204437256, 3.9199914932250977, 13.755837440490723, 0.25, 0.0, 15.1498441696167]}