{"x": [0, 1, 2, 3, 4, 5], "y": [5.854790687561035, 5.436234951019287, 4.683465003967285, 5.149600028991699, 0.7806317210197449, 5.332043647766113], "params": [-3.4787051677703857, -1.007460355758667, 6.29794979095459, 8.415871620178223, 0.25, 0.0, 9.485872268676758]}