{"x": [0, 1, 2, 3, 4, 5], "y": [9.12488079071045, 8.036701202392578, 7.178012847900391, 5.804955005645752, -0.13330738246440887, 6.094722270965576], "params": [-4.776456832885742, 2.9375271797180176, 9.96751594543457, 11.077977180480957, 0.25, 0.0, 12.456059455871582]}