{"x": [0, 1, 2, 3, 4, 5], "y": [5.570035934448242, 4.9765496253967285, 4.533623218536377, 7.010368824005127, 0.7011384963989258, 7.442771911621094], "params": [-1.7293288707733154, -0.5377817153930664, 3.1999125480651855, 13.504231452941895, 0.25, 0.0, 14.015007019042969]}