{"x": [0, 1, 2, 3, 4, 5], "y": [6.621306419372559, 6.181639194488525, 5.946784973144531, 7.0452141761779785, 0.9232739210128784, 6.953609466552734], "params": [-1.1394234895706177, 1.7363530397415161, 3.1421432495117188, 11.598795890808105, 0.25, 0.0, 12.332887649536133]}