{"x": [0, 1, 2, 3, 4, 5], "y": [3.3832948207855225, 3.2175521850585938, 3.3975484371185303, 3.4355852603912354, 0.7492420077323914, 3.11055326461792], "params": [-1.4873967170715332, -3.8426029682159424, 2.679244041442871, 5.814623832702637, 0.25, 0.0, 5.79031229019165]}