{"x": [0, 1, 2, 3, 4, 5], "y": [6.811801433563232, 6.774762153625488, 6.470019817352295, 5.644774913787842, 1.384846806526184, 5.505315780639648], "params": [-0.8906018733978271, 2.753396511077881, 1.4182872772216797, 8.694231033325195, 0.25, 0.0, 9.088135719299316]}