{"x": [0, 1, 2, 3, 4, 5], "y": [7.519279956817627, 7.406382083892822, 7.42197322845459, 6.392068862915039, 0.5335447788238525, 6.234493732452393], "params": [-0.3858565092086792, 4.830750465393066, 0.8786420822143555, 11.500774383544922, 0.25, 0.0, 12.44192886352539]}