{"x": [0, 1, 2, 3, 4, 5], "y": [5.565892696380615, 5.086371898651123, 4.133734703063965, 4.685155868530273, 0.8508020639419556, 4.712235927581787], "params": [-3.1194851398468018, -1.8525922298431396, 6.81779670715332, 6.921957969665527, 0.25, 0.0, 7.722867965698242]}