{"x": [0, 1, 2, 3, 4, 5], "y": [5.118146896362305, 4.873743057250977, 4.600318431854248, 9.270989418029785, 1.8665217161178589, 8.991852760314941], "params": [-1.5233044624328613, -1.3935232162475586, 3.447619915008545, 14.21744441986084, 0.25, 0.0, 14.808935165405273]}