{"x": [0, 1, 2, 3, 4, 5], "y": [7.390673637390137, 6.830550670623779, 6.583637714385986, 5.895263671875, 0.788686990737915, 6.309755325317383], "params": [-2.707437038421631, 2.414008378982544, 5.461785316467285, 11.121063232421875, 0.25, 0.0, 11.614409446716309]}