{"x": [0, 1, 2, 3, 4, 5], "y": [4.692992210388184, 3.816199779510498, 3.2791054248809814, 3.55849289894104, 0.5240780115127563, 2.9937899112701416], "params": [-3.3523244857788086, -4.31998348236084, 6.925920009613037, 5.605255126953125, 0.25, 0.0, 6.068829536437988]}