{"x": [0, 1, 2, 3, 4, 5], "y": [3.4536893367767334, 3.4935197830200195, 3.8539741039276123, 6.362486839294434, 0.3128962218761444, 6.210957050323486], "params": [0.2980293035507202, -2.4307405948638916, 1.129472255706787, 12.02811050415039, 0.25, 0.0, 12.338484764099121]}