{"x": [0, 1, 2, 3, 4, 5], "y": [6.669513702392578, 5.635535717010498, 5.123510837554932, 6.673158645629883, 0.8841056227684021, 6.60363245010376], "params": [-4.580646514892578, -1.2826037406921387, 9.028729438781738, 11.483108520507812, 0.25, 0.0, 11.907513618469238]}