{"x": [0, 1, 2, 3, 4, 5], "y": [6.189112186431885, 5.333185195922852, 3.947615146636963, 3.509648561477661, 0.5712430477142334, 3.676906108856201], "params": [-4.57602071762085, -2.3744707107543945, 9.686588287353516, 5.348565578460693, 0.25, 0.0, 6.634037017822266]}