{"x": [0, 1, 2, 3, 4, 5], "y": [8.567950248718262, 7.540538311004639, 7.147950649261475, 8.133171081542969, 1.9569627046585083, 8.460628509521484], "params": [-4.668024063110352, 3.101290464401245, 8.756855964660645, 12.89291763305664, 0.25, 0.0, 13.942546844482422]}