{"x": [0, 1, 2, 3, 4, 5], "y": [4.759964466094971, 4.076529026031494, 2.898313283920288, 4.274167060852051, 0.25779861211776733, 4.838465213775635], "params": [-4.652207374572754, -4.681169509887695, 9.597329139709473, 7.341433048248291, 0.25, 0.0, 9.161333084106445]}