{"x": [0, 1, 2, 3, 4, 5], "y": [6.3160223960876465, 6.6917548179626465, 6.975186347961426, 6.034437656402588, 0.2324703484773636, 5.722745895385742], "params": [1.028106451034546, 3.5320801734924316, 2.103205680847168, 12.039385795593262, 0.25, 0.0, 12.162517547607422]}