{"x": [0, 1, 2, 3, 4, 5], "y": [6.921416759490967, 6.557086944580078, 5.939839839935303, 7.416559219360352, 1.604965090751648, 7.189719200134277], "params": [-3.3231191635131836, 0.8969157934188843, 6.7075395584106445, 11.777175903320312, 0.25, 0.0, 11.647100448608398]}