{"x": [0, 1, 2, 3, 4, 5], "y": [6.9265241622924805, 6.700511455535889, 6.48850154876709, 4.565491676330566, 0.46236926317214966, 5.314415454864502], "params": [-0.3434827923774719, 3.111603260040283, 1.1177263259887695, 9.642709732055664, 0.25, 0.0, 10.733746528625488]}