{"x": [0, 1, 2, 3, 4, 5], "y": [5.015926361083984, 4.986288547515869, 3.552518844604492, 5.054947376251221, 0.78807532787323, 5.25101375579834], "params": [-4.473843574523926, -3.5172152519226074, 8.233945846557617, 8.78935432434082, 0.25, 0.0, 9.50930118560791]}