{"x": [0, 1, 2, 3, 4, 5], "y": [5.058511257171631, 4.242330551147461, 3.5518112182617188, 7.536967754364014, 0.7947850823402405, 6.8276214599609375], "params": [-3.0480570793151855, -3.0381762981414795, 5.995401859283447, 12.524466514587402, 0.25, 0.0, 14.42828369140625]}