{"x": [0, 1, 2, 3, 4, 5], "y": [1.6432137489318848, 2.1814591884613037, 2.6135685443878174, 4.100794315338135, 0.3313901126384735, 4.880086898803711], "params": [1.090752363204956, -4.771209239959717, 2.8491597175598145, 8.57252311706543, 0.25, 0.0, 9.897603034973145]}