{"x": [0, 1, 2, 3, 4, 5], "y": [4.335944175720215, 5.095119476318359, 5.123562812805176, 7.2462663650512695, 1.1551780700683594, 6.650062084197998], "params": [1.724520206451416, 0.9627670049667358, 4.3874359130859375, 11.258918762207031, 0.25, 0.0, 12.307933807373047]}