{"x": [0, 1, 2, 3, 4, 5], "y": [7.330789566040039, 7.137766361236572, 7.358419418334961, 8.503748893737793, 1.3927826881408691, 8.90833568572998], "params": [-0.4218131899833679, 4.585533142089844, 0.856471061706543, 14.295354843139648, 0.25, 0.0, 16.30167007446289]}