{"x": [0, 1, 2, 3, 4, 5], "y": [7.573279857635498, 7.531910419464111, 6.658618450164795, 8.779438972473145, 2.033674955368042, 8.459808349609375], "params": [-2.3567943572998047, 2.6879894733428955, 5.1946001052856445, 12.941112518310547, 0.25, 0.0, 13.932389259338379]}