{"x": [0, 1, 2, 3, 4, 5], "y": [8.142349243164062, 7.479187965393066, 6.304182052612305, 7.792046070098877, 1.236068606376648, 8.00609016418457], "params": [-4.636261463165283, 1.5511655807495117, 8.841163635253906, 12.306926727294922, 0.25, 0.0, 13.540042877197266]}