{"x": [0, 1, 2, 3, 4, 5], "y": [5.48773193359375, 5.388147830963135, 5.628674030303955, 4.474865436553955, 0.4922843277454376, 4.612565994262695], "params": [0.3016775846481323, 1.6119062900543213, 2.129696846008301, 7.709409713745117, 0.25, 0.0, 8.325160026550293]}