{"x": [0, 1, 2, 3, 4, 5], "y": [5.562928676605225, 4.739555358886719, 4.1747145652771, 4.152853488922119, 0.2174796164035797, 4.163381576538086], "params": [-3.0314574241638184, -2.1715033054351807, 6.855751991271973, 7.171811580657959, 0.25, 0.0, 8.191871643066406]}