{"x": [0, 1, 2, 3, 4, 5], "y": [7.421716213226318, 7.493284225463867, 7.205202579498291, 5.0548930168151855, 0.19891983270645142, 5.323330879211426], "params": [-0.5639083981513977, 4.518150806427002, 1.3207378387451172, 8.86085319519043, 0.25, 0.0, 10.248822212219238]}