{"x": [0, 1, 2, 3, 4, 5], "y": [8.517084121704102, 7.652931213378906, 6.857223033905029, 5.863443851470947, 0.526869535446167, 5.858987331390381], "params": [-4.988235950469971, 2.173731803894043, 10.212382316589355, 10.50749397277832, 0.25, 0.0, 11.095975875854492]}