{"x": [0, 1, 2, 3, 4, 5], "y": [2.558476209640503, 2.386873245239258, 3.568927764892578, 6.0781636238098145, -0.11224845051765442, 5.948617458343506], "params": [1.630082130432129, -3.6792821884155273, 2.9223408699035645, 10.750998497009277, 0.25, 0.0, 12.479239463806152]}