{"x": [0, 1, 2, 3, 4, 5], "y": [5.6972808837890625, 6.136496067047119, 6.320509910583496, 4.833713531494141, 0.2630811333656311, 4.589611053466797], "params": [1.2157409191131592, 2.741840362548828, 2.947092056274414, 8.855998039245605, 0.25, 0.0, 9.476731300354004]}