{"x": [0, 1, 2, 3, 4, 5], "y": [4.772721767425537, 4.633758544921875, 4.896572113037109, 6.585775375366211, -0.14627793431282043, 6.5498456954956055], "params": [1.0118520259857178, 0.10531246662139893, 1.2477750778198242, 12.98269271850586, 0.25, 0.0, 13.464106559753418]}