{"x": [0, 1, 2, 3, 4, 5], "y": [5.260240077972412, 4.589942932128906, 4.26839017868042, 8.975910186767578, 1.8940495252609253, 9.4640531539917], "params": [-1.9750947952270508, -1.9718164205551147, 4.939857006072998, 14.093859672546387, 0.25, 0.0, 15.140007019042969]}