{"x": [0, 1, 2, 3, 4, 5], "y": [6.688875198364258, 6.696477890014648, 6.911046981811523, 2.743114709854126, 0.32833001017570496, 3.158679723739624], "params": [0.5643600821495056, 3.7583935260772705, 1.2556610107421875, 5.138978004455566, 0.25, 0.0, 5.911283493041992]}