{"x": [0, 1, 2, 3, 4, 5], "y": [5.45636510848999, 4.728020668029785, 4.074758529663086, 7.440758228302002, 0.2014710009098053, 7.12156867980957], "params": [-2.557969093322754, -1.9606727361679077, 5.386294364929199, 14.671391487121582, 0.25, 0.0, 14.905096054077148]}