{"x": [0, 1, 2, 3, 4, 5], "y": [5.371812343597412, 5.403297424316406, 5.086676120758057, 4.915664196014404, 0.1895354688167572, 4.962558269500732], "params": [-0.4171627163887024, -0.40707945823669434, 2.2395410537719727, 9.866148948669434, 0.25, 0.0, 11.1254301071167]}