{"x": [0, 1, 2, 3, 4, 5], "y": [5.975865364074707, 6.419353008270264, 6.0085296630859375, 3.1062231063842773, 0.7102769613265991, 3.3104796409606934], "params": [-0.10541993379592896, 2.4167423248291016, 1.5386934280395508, 5.446038722991943, 0.25, 0.0, 6.146151542663574]}