{"x": [0, 1, 2, 3, 4, 5], "y": [4.304458141326904, 3.9746809005737305, 3.0325684547424316, 6.103034019470215, 0.7308635115623474, 6.125851631164551], "params": [-2.424894332885742, -3.9290528297424316, 4.740599155426025, 11.645373344421387, 0.25, 0.0, 11.599763870239258]}