{"x": [0, 1, 2, 3, 4, 5], "y": [8.386942863464355, 7.805797576904297, 7.044388771057129, 4.816076278686523, 0.9551324248313904, 4.619174957275391], "params": [-3.8116633892059326, 3.5398006439208984, 6.352635383605957, 8.581991195678711, 0.25, 0.0, 9.182218551635742]}