{"x": [0, 1, 2, 3, 4, 5], "y": [8.479376792907715, 6.80970573425293, 5.983562469482422, 8.110176086425781, 1.700777530670166, 8.06920051574707], "params": [-4.3188300132751465, 1.8545877933502197, 9.378599166870117, 13.230618476867676, 0.25, 0.0, 13.28732681274414]}