{"x": [0, 1, 2, 3, 4, 5], "y": [7.373447418212891, 6.708898067474365, 6.350534439086914, 6.190186977386475, 0.11315396428108215, 6.585914611816406], "params": [-3.231922149658203, 1.7005133628845215, 5.742000579833984, 11.917722702026367, 0.25, 0.0, 13.236245155334473]}