{"x": [0, 1, 2, 3, 4, 5], "y": [5.024627685546875, 4.838047981262207, 4.097853660583496, 3.313431978225708, 0.4879654049873352, 3.2061305046081543], "params": [-2.163144826889038, -1.9053727388381958, 3.601665496826172, 5.819260597229004, 0.25, 0.0, 7.161075115203857]}