{"x": [0, 1, 2, 3, 4, 5], "y": [5.925273895263672, 5.515283107757568, 5.538292407989502, 4.928297519683838, -0.0961320698261261, 5.387858867645264], "params": [-1.8648431301116943, -0.1194453239440918, 3.201918601989746, 10.25964641571045, 0.25, 0.0, 10.967982292175293]}