{"x": [0, 1, 2, 3, 4, 5], "y": [5.786439895629883, 6.197633743286133, 6.475353240966797, 6.668825626373291, 1.5201529264450073, 6.495913982391357], "params": [0.6663325428962708, 2.1920127868652344, 1.3778266906738281, 10.31395149230957, 0.25, 0.0, 10.56182861328125]}