{"x": [0, 1, 2, 3, 4, 5], "y": [3.9469385147094727, 4.2242350578308105, 5.183182716369629, 7.592380046844482, 1.4092481136322021, 7.831562519073486], "params": [1.5191056728363037, 0.12394249439239502, 3.7773303985595703, 12.014610290527344, 0.25, 0.0, 13.018742561340332]}