{"x": [0, 1, 2, 3, 4, 5], "y": [9.123980522155762, 8.406991958618164, 6.988624572753906, 8.55986499786377, 1.0663256645202637, 8.443216323852539], "params": [-4.227536678314209, 3.848729133605957, 9.190309524536133, 14.709145545959473, 0.25, 0.0, 15.244836807250977]}