{"x": [0, 1, 2, 3, 4, 5], "y": [3.697617769241333, 2.7532763481140137, 2.9440574645996094, 3.2485947608947754, 0.7128298282623291, 3.4124739170074463], "params": [-1.2656917572021484, -3.927640914916992, 3.6796975135803223, 5.978558540344238, 0.25, 0.0, 6.8037261962890625]}