{"x": [0, 1, 2, 3, 4, 5], "y": [2.372530698776245, 3.03371000289917, 3.689600944519043, 7.502751350402832, 0.4941208064556122, 7.647107124328613], "params": [1.9738566875457764, -2.8829658031463623, 4.786027431488037, 13.720589637756348, 0.25, 0.0, 14.305973052978516]}