{"x": [0, 1, 2, 3, 4, 5], "y": [6.1866350173950195, 4.967293739318848, 4.008233070373535, 6.651424407958984, 0.46113914251327515, 6.411977767944336], "params": [-4.965391159057617, -2.6832640171051025, 10.552728652954102, 12.560771942138672, 0.25, 0.0, 13.122391700744629]}