{"x": [0, 1, 2, 3, 4, 5], "y": [6.429444789886475, 6.002869129180908, 5.409709930419922, 5.232030868530273, 0.9878394603729248, 5.362837791442871], "params": [-2.842249870300293, -0.16987860202789307, 5.856663703918457, 9.0274076461792, 0.25, 0.0, 9.07281494140625]}