{"x": [0, 1, 2, 3, 4, 5], "y": [6.339308261871338, 5.547731876373291, 4.776771068572998, 6.2600908279418945, 0.7801193594932556, 6.013056755065918], "params": [-3.5689167976379395, -0.8126044273376465, 7.45705509185791, 10.346183776855469, 0.25, 0.0, 10.959942817687988]}