{"x": [0, 1, 2, 3, 4, 5], "y": [7.948167324066162, 6.770043849945068, 6.35838508605957, 3.6642603874206543, 0.42195865511894226, 2.9128129482269287], "params": [-2.2836761474609375, 2.9904067516326904, 5.475839614868164, 6.181776523590088, 0.25, 0.0, 6.988200664520264]}