{"x": [0, 1, 2, 3, 4, 5], "y": [5.2396674156188965, 4.216222763061523, 3.622959613800049, 8.374213218688965, 1.3884135484695435, 8.603668212890625], "params": [-2.1752936840057373, -2.4921011924743652, 5.004305839538574, 14.48503303527832, 0.25, 0.0, 14.891626358032227]}