{"x": [0, 1, 2, 3, 4, 5], "y": [4.53070592880249, 5.007874488830566, 4.534460544586182, 3.6827056407928467, -0.012389719486236572, 4.004358291625977], "params": [-1.9481502771377563, -2.0465219020843506, 3.9477033615112305, 7.627860069274902, 0.25, 0.0, 8.050300598144531]}