{"x": [0, 1, 2, 3, 4, 5], "y": [3.6190426349639893, 3.89768648147583, 3.941281795501709, 7.841307640075684, 1.0461628437042236, 8.404711723327637], "params": [0.6809598803520203, -1.886182427406311, 1.97593355178833, 14.63015079498291, 0.25, 0.0, 15.216166496276855]}