{"x": [0, 1, 2, 3, 4, 5], "y": [7.450307846069336, 6.589822292327881, 6.390223503112793, 5.648221969604492, 0.8544073104858398, 6.046126842498779], "params": [-2.0320873260498047, 2.672156810760498, 3.8739681243896484, 8.9320068359375, 0.25, 0.0, 10.383439064025879]}