{"x": [0, 1, 2, 3, 4, 5], "y": [4.432733535766602, 4.87121057510376, 4.726080417633057, 5.035802841186523, -0.052435219287872314, 5.082561016082764], "params": [0.1744750738143921, -0.4310232400894165, 1.4025640487670898, 9.019854545593262, 0.25, 0.0, 10.26999282836914]}