{"x": [0, 1, 2, 3, 4, 5], "y": [6.663650035858154, 6.1698222160339355, 5.298832416534424, 3.6654746532440186, 0.5628631114959717, 3.6126201152801514], "params": [-2.532299041748047, 0.6065040826797485, 5.27583122253418, 5.6879167556762695, 0.25, 0.0, 6.870240211486816]}