{"x": [0, 1, 2, 3, 4, 5], "y": [3.318444013595581, 4.070566177368164, 3.9623537063598633, 3.892273187637329, 0.20288267731666565, 3.258178234100342], "params": [1.6301445960998535, -0.8273434638977051, 4.2470927238464355, 6.236334323883057, 0.25, 0.0, 7.378780841827393]}