{"x": [0, 1, 2, 3, 4, 5], "y": [6.339092254638672, 6.752415657043457, 6.964487075805664, 7.338482856750488, 2.1220176219940186, 7.82063102722168], "params": [0.3036581873893738, 3.4320199489593506, 1.3747797012329102, 11.595603942871094, 0.25, 0.0, 12.094146728515625]}