{"x": [0, 1, 2, 3, 4, 5], "y": [8.531179428100586, 7.686561107635498, 6.860781669616699, 4.890917778015137, 0.2749224901199341, 5.518682479858398], "params": [-4.377444267272949, 2.670292854309082, 8.724838256835938, 10.381649017333984, 0.25, 0.0, 11.125842094421387]}