{"x": [0, 1, 2, 3, 4, 5], "y": [4.438875198364258, 4.5211381912231445, 4.472348690032959, 9.446783065795898, 1.9144856929779053, 9.352624893188477], "params": [0.5324901938438416, -0.7070297002792358, 1.0794734954833984, 14.888933181762695, 0.25, 0.0, 15.811210632324219]}