{"x": [0, 1, 2, 3, 4, 5], "y": [5.850113391876221, 6.0157904624938965, 5.401858329772949, 4.210631847381592, 0.13649557530879974, 4.071946144104004], "params": [-0.5860726237297058, 1.3644599914550781, 1.2380151748657227, 8.27716064453125, 0.25, 0.0, 8.148272514343262]}