{"x": [0, 1, 2, 3, 4, 5], "y": [6.548346519470215, 6.3787007331848145, 6.46624755859375, 6.7734599113464355, 0.9112213850021362, 6.788235187530518], "params": [-0.6670407652854919, 2.311708450317383, 1.6098356246948242, 12.423934936523438, 0.25, 0.0, 12.671144485473633]}