{"x": [0, 1, 2, 3, 4, 5], "y": [6.223532676696777, 6.612464904785156, 7.192765235900879, 5.535151958465576, 1.10281503200531, 5.781359672546387], "params": [-1.001143455505371, 2.853634834289551, 2.8158740997314453, 8.55389404296875, 0.25, 0.0, 9.774078369140625]}