{"x": [0, 1, 2, 3, 4, 5], "y": [3.4392313957214355, 3.592686891555786, 3.861177444458008, 2.836942195892334, 0.41321036219596863, 3.296627998352051], "params": [1.576806902885437, -1.7428946495056152, 2.997509002685547, 5.465975284576416, 0.25, 0.0, 5.955289840698242]}