{"x": [0, 1, 2, 3, 4, 5], "y": [8.14202880859375, 7.336511611938477, 6.076389789581299, 5.289788246154785, 0.13379375636577606, 5.080074310302734], "params": [-4.302514553070068, 1.7224442958831787, 9.208395004272461, 9.987966537475586, 0.25, 0.0, 10.708067893981934]}