{"x": [0, 1, 2, 3, 4, 5], "y": [1.9885892868041992, 2.497955799102783, 2.5729429721832275, 2.962667465209961, 0.7075353860855103, 2.734095335006714], "params": [1.3428120613098145, -4.443435192108154, 2.5797324180603027, 5.3393964767456055, 0.25, 0.0, 5.529373645782471]}