{"x": [0, 1, 2, 3, 4, 5], "y": [7.541385173797607, 7.329497337341309, 7.143505573272705, 8.990154266357422, 1.6755945682525635, 9.232193946838379], "params": [-0.9362345933914185, 4.11191987991333, 1.706517219543457, 14.220370292663574, 0.25, 0.0, 15.113199234008789]}