{"x": [0, 1, 2, 3, 4, 5], "y": [6.691390514373779, 6.426004886627197, 6.213458061218262, 2.781147003173828, 0.09402896463871002, 3.3465888500213623], "params": [0.03472304344177246, 2.933347225189209, 0.9558649063110352, 5.827357292175293, 0.25, 0.0, 6.505119800567627]}