{"x": [0, 1, 2, 3, 4, 5], "y": [5.8195977210998535, 4.96443510055542, 4.709499359130859, 8.508475303649902, 1.9358175992965698, 8.630887985229492], "params": [-1.8356635570526123, -0.2124243974685669, 4.074641704559326, 13.582350730895996, 0.25, 0.0, 13.967353820800781]}