{"x": [0, 1, 2, 3, 4, 5], "y": [6.280775547027588, 6.06030797958374, 6.555586338043213, 6.922272682189941, -0.10856043547391891, 6.915515899658203], "params": [0.16461461782455444, 2.7096664905548096, 0.9905567169189453, 13.128738403320312, 0.25, 0.0, 14.15925121307373]}