{"x": [0, 1, 2, 3, 4, 5], "y": [7.434077262878418, 6.41670560836792, 5.760805130004883, 5.869688510894775, 1.468083381652832, 5.615669250488281], "params": [-4.35044527053833, 0.55916428565979, 8.660048484802246, 9.031469345092773, 0.25, 0.0, 9.865278244018555]}