{"x": [0, 1, 2, 3, 4, 5], "y": [4.531566619873047, 4.647804260253906, 5.186393737792969, 8.193012237548828, 1.3447463512420654, 7.862833499908447], "params": [0.8365617394447327, 0.02086341381072998, 1.6073980331420898, 12.99090576171875, 0.25, 0.0, 13.696531295776367]}