{"x": [0, 1, 2, 3, 4, 5], "y": [3.0926740169525146, 2.9106733798980713, 4.446414947509766, 3.990891695022583, 0.6450291275978088, 3.485048532485962], "params": [0.8833284974098206, -2.4916653633117676, 3.0714831352233887, 5.891310691833496, 0.25, 0.0, 6.691725254058838]}