{"x": [0, 1, 2, 3, 4, 5], "y": [2.2036213874816895, 2.725738525390625, 3.52668833732605, 5.81116247177124, 1.3645117282867432, 5.621258735656738], "params": [1.7898399829864502, -2.914267063140869, 4.379661560058594, 8.744913101196289, 0.25, 0.0, 9.618244171142578]}