{"x": [0, 1, 2, 3, 4, 5], "y": [8.840998649597168, 8.50320816040039, 7.921151161193848, 7.003379821777344, 1.5119258165359497, 6.9952802658081055], "params": [-4.124063968658447, 4.415935516357422, 7.297308921813965, 10.448343276977539, 0.25, 0.0, 10.982908248901367]}