{"x": [0, 1, 2, 3, 4, 5], "y": [2.708782196044922, 3.083118438720703, 3.0080833435058594, 3.4432129859924316, 0.3574191927909851, 3.3108396530151367], "params": [1.101306676864624, -4.191595077514648, 1.7225780487060547, 5.5606231689453125, 0.25, 0.0, 6.1715874671936035]}