{"x": [0, 1, 2, 3, 4, 5], "y": [5.995540142059326, 5.186407566070557, 4.282508373260498, 3.727869987487793, 0.2823507785797119, 3.7501001358032227], "params": [-3.384605884552002, -2.2174954414367676, 7.518146514892578, 6.36848258972168, 0.25, 0.0, 7.708757400512695]}