{"x": [0, 1, 2, 3, 4, 5], "y": [6.593966007232666, 5.382216453552246, 4.3885884284973145, 7.531824111938477, 1.845095157623291, 7.500380039215088], "params": [-4.5332159996032715, -1.7263638973236084, 9.251370429992676, 11.538325309753418, 0.25, 0.0, 12.396268844604492]}