{"x": [0, 1, 2, 3, 4, 5], "y": [7.692211151123047, 7.0309367179870605, 7.147433757781982, 8.996267318725586, 1.8635802268981934, 8.73730182647705], "params": [-0.8021581768989563, 3.9970569610595703, 2.1532344818115234, 13.779579162597656, 0.25, 0.0, 14.897314071655273]}