{"x": [0, 1, 2, 3, 4, 5], "y": [2.8817298412323, 2.751850128173828, 2.7044308185577393, 3.5385422706604004, 0.8133988976478577, 3.537766456604004], "params": [-0.9356145858764648, -4.779109954833984, 1.3823552131652832, 6.39641809463501, 0.25, 0.0, 6.663442134857178]}