{"x": [0, 1, 2, 3, 4, 5], "y": [7.146808624267578, 7.184534072875977, 7.176084518432617, 3.5937716960906982, -0.1612333506345749, 3.667724609375], "params": [0.5305629968643188, 4.377904415130615, 1.2768688201904297, 7.278096675872803, 0.25, 0.0, 8.683131217956543]}