{"x": [0, 1, 2, 3, 4, 5], "y": [5.574954509735107, 5.7064313888549805, 5.536313056945801, 4.86240291595459, 0.8591027855873108, 4.706632614135742], "params": [-0.5155778527259827, 0.500725507736206, 1.430582046508789, 8.032942771911621, 0.25, 0.0, 8.343700408935547]}