{"x": [0, 1, 2, 3, 4, 5], "y": [4.989861011505127, 4.665304660797119, 5.099358558654785, 5.668901443481445, -0.044908761978149414, 5.67973518371582], "params": [1.9516406059265137, 0.5360943078994751, 2.767571449279785, 11.086012840270996, 0.25, 0.0, 11.792943954467773]}