{"x": [0, 1, 2, 3, 4, 5], "y": [7.902433395385742, 6.6853251457214355, 5.514042854309082, 4.233408451080322, 0.1379545032978058, 3.9349710941314697], "params": [-4.932936191558838, 0.24039983749389648, 10.67923355102539, 7.895097732543945, 0.25, 0.0, 8.19090747833252]}