{"x": [0, 1, 2, 3, 4, 5], "y": [6.2880682945251465, 5.366348743438721, 5.472118854522705, 5.744671821594238, 0.66445392370224, 6.194435119628906], "params": [-2.0246236324310303, -0.13544082641601562, 4.85134744644165, 11.141376495361328, 0.25, 0.0, 11.323511123657227]}