{"x": [0, 1, 2, 3, 4, 5], "y": [6.118962287902832, 5.785478591918945, 5.282088279724121, 7.93751859664917, 1.4410961866378784, 8.911382675170898], "params": [-2.2743663787841797, -0.10854184627532959, 4.566567897796631, 13.581093788146973, 0.25, 0.0, 15.210969924926758]}