{"x": [0, 1, 2, 3, 4, 5], "y": [2.115442991256714, 2.446478843688965, 3.139265775680542, 6.516331195831299, 0.4513702392578125, 6.096101760864258], "params": [0.9955173134803772, -4.025781154632568, 3.052618980407715, 11.891618728637695, 0.25, 0.0, 12.664346694946289]}