{"x": [0, 1, 2, 3, 4, 5], "y": [9.692917823791504, 8.387531280517578, 8.037076950073242, 3.9051425457000732, 0.18606671690940857, 3.9206085205078125], "params": [-4.636602401733398, 4.715620040893555, 9.690164566040039, 7.802906036376953, 0.25, 0.0, 7.72115421295166]}