{"x": [0, 1, 2, 3, 4, 5], "y": [3.7478394508361816, 3.684875011444092, 3.0821056365966797, 6.411870956420898, 0.7803664207458496, 6.6638078689575195], "params": [-0.8455395102500916, -3.5514636039733887, 2.3031721115112305, 11.068902015686035, 0.25, 0.0, 11.804975509643555]}