{"x": [0, 1, 2, 3, 4, 5], "y": [6.055286407470703, 5.477006435394287, 5.206997394561768, 5.821624755859375, 0.14579921960830688, 5.561322212219238], "params": [-2.3247785568237305, 0.0070095062255859375, 5.132801055908203, 10.588606834411621, 0.25, 0.0, 12.2670316696167]}