{"x": [0, 1, 2, 3, 4, 5], "y": [3.7825305461883545, 3.8556876182556152, 3.31864595413208, 7.880871295928955, 2.1510696411132812, 7.965858459472656], "params": [0.02220064401626587, -2.573540687561035, 1.0740833282470703, 12.268223762512207, 0.25, 0.0, 12.889565467834473]}