{"x": [0, 1, 2, 3, 4, 5], "y": [7.607322692871094, 7.453754425048828, 7.053318023681641, 3.060483694076538, 0.11122461408376694, 3.1347224712371826], "params": [-0.10737758874893188, 4.730705261230469, 1.1080093383789062, 6.337886810302734, 0.25, 0.0, 7.414728164672852]}