{"x": [0, 1, 2, 3, 4, 5], "y": [3.8637330532073975, 3.8306679725646973, 4.084438800811768, 5.625882625579834, 0.48970431089401245, 5.2992024421691895], "params": [-0.12426632642745972, -2.2353596687316895, 0.540471076965332, 9.784451484680176, 0.25, 0.0, 10.743684768676758]}