{"x": [0, 1, 2, 3, 4, 5], "y": [6.222553730010986, 6.379639148712158, 6.416416168212891, 9.536687850952148, 1.9308849573135376, 9.242722511291504], "params": [0.9071466326713562, 3.0601489543914795, 1.7347736358642578, 14.2448148727417, 0.25, 0.0, 15.2116060256958]}