{"x": [0, 1, 2, 3, 4, 5], "y": [6.942543029785156, 6.495858192443848, 5.944793224334717, 3.5656025409698486, 0.9111226797103882, 3.108546733856201], "params": [-2.5273516178131104, 1.57137930393219, 5.333246231079102, 5.733451843261719, 0.25, 0.0, 5.825922966003418]}