{"x": [0, 1, 2, 3, 4, 5], "y": [0.4208754003047943, 6.127371311187744, 0.16215169429779053, 6.0781636238098145, -0.11224845051765442, 5.948617458343506], "params": [10.750998497009277, 0.25, 0.0, 12.479239463806152]}