{"x": [0, 1, 2, 3, 4, 5], "y": [0.26948609948158264, 3.013667106628418, 0.24898026883602142, 2.962667465209961, 0.7075353860855103, 2.734095335006714], "params": [5.3393964767456055, 0.25, 0.0, 5.529373645782471]}