{"x": [0, 1, 2, 3, 4, 5], "y": [-0.02079193666577339, 3.953484296798706, 0.10589498281478882, 3.6827056407928467, -0.012389719486236572, 4.004358291625977], "params": [7.627860069274902, 0.25, 0.0, 8.050300598144531]}