{"x": [0, 1, 2, 3, 4, 5], "y": [0.9397271871566772, 7.059450626373291, 0.32282599806785583, 7.536967754364014, 0.7947850823402405, 6.8276214599609375], "params": [12.524466514587402, 0.25, 0.0, 14.42828369140625]}