{"x": [0, 1, 2, 3, 4, 5], "y": [0.43526846170425415, 7.3718156814575195, 0.5298097729682922, 7.010368824005127, 0.7011384963989258, 7.442771911621094], "params": [13.504231452941895, 0.25, 0.0, 14.015007019042969]}