{"x": [0, 1, 2, 3, 4, 5], "y": [1.0020403861999512, 5.317792892456055, 1.3033268451690674, 5.81116247177124, 1.3645117282867432, 5.621258735656738], "params": [8.744913101196289, 0.25, 0.0, 9.618244171142578]}