{"x": [0, 1, 2, 3, 4, 5], "y": [0.4169073700904846, 3.7486283779144287, 0.8795608878135681, 3.5385422706604004, 0.8133988976478577, 3.537766456604004], "params": [6.39641809463501, 0.25, 0.0, 6.663442134857178]}