{"x": [0, 1, 2, 3, 4, 5], "y": [0.19324460625648499, 5.997431755065918, 0.19926303625106812, 6.362486839294434, 0.3128962218761444, 6.210957050323486], "params": [12.02811050415039, 0.25, 0.0, 12.338484764099121]}