{"x": [0, 1, 2, 3, 4, 5], "y": [1.1773239374160767, 8.021883964538574, 0.7029443979263306, 8.27786636352539, 1.0716091394424438, 8.192489624023438], "params": [13.755837440490723, 0.25, 0.0, 15.1498441696167]}