{"x": [0, 1, 2, 3, 4, 5], "y": [1.1454510688781738, 5.429398059844971, 0.8929907083511353, 5.232030868530273, 0.9878394603729248, 5.362837791442871], "params": [9.0274076461792, 0.25, 0.0, 9.07281494140625]}