{"x": [0, 1, 2, 3, 4, 5], "y": [1.0626729726791382, 6.709906101226807, 0.878770112991333, 7.0452141761779785, 0.9232739210128784, 6.953609466552734], "params": [11.598795890808105, 0.25, 0.0, 12.332887649536133]}