{"x": [0, 1, 2, 3, 4, 5], "y": [0.6186664700508118, 3.1894853115081787, 0.3189829885959625, 2.836942195892334, 0.41321036219596863, 3.296627998352051], "params": [5.465975284576416, 0.25, 0.0, 5.955289840698242]}