{"x": [0, 1, 2, 3, 4, 5], "y": [0.47477608919143677, 3.3862435817718506, 0.010610729455947876, 3.2485947608947754, 0.7128298282623291, 3.4124739170074463], "params": [5.978558540344238, 0.25, 0.0, 6.8037261962890625]}