{"x": [0, 1, 2, 3, 4, 5], "y": [1.1639093160629272, 5.130974769592285, 0.8943202495574951, 5.535151958465576, 1.10281503200531, 5.781359672546387], "params": [8.55389404296875, 0.25, 0.0, 9.774078369140625]}