{"x": [0, 1, 2, 3, 4, 5], "y": [0.38459300994873047, 3.317683458328247, 0.3657895028591156, 3.4432129859924316, 0.3574191927909851, 3.3108396530151367], "params": [5.5606231689453125, 0.25, 0.0, 6.1715874671936035]}