{"x": [0, 1, 2, 3, 4, 5], "y": [2.098238229751587, 9.215773582458496, 2.266319751739502, 9.270989418029785, 1.8665217161178589, 8.991852760314941], "params": [14.21744441986084, 0.25, 0.0, 14.808935165405273]}