{"x": [0, 1, 2, 3, 4, 5], "y": [0.5244450569152832, 6.2073774337768555, 0.502550482749939, 5.895263671875, 0.788686990737915, 6.309755325317383], "params": [11.121063232421875, 0.25, 0.0, 11.614409446716309]}