{"x": [0, 1, 2, 3, 4, 5], "y": [0.07952825725078583, 4.987674713134766, 0.37239542603492737, 4.928297519683838, -0.0961320698261261, 5.387858867645264], "params": [10.25964641571045, 0.25, 0.0, 10.967982292175293]}