{"x": [0, 1, 2, 3, 4, 5], "y": [0.17529448866844177, 6.1586174964904785, -0.03220808506011963, 6.190186977386475, 0.11315396428108215, 6.585914611816406], "params": [11.917722702026367, 0.25, 0.0, 13.236245155334473]}