{"x": [0, 1, 2, 3, 4, 5], "y": [0.5150214433670044, 4.575274467468262, 0.44998595118522644, 4.474865436553955, 0.4922843277454376, 4.612565994262695], "params": [7.709409713745117, 0.25, 0.0, 8.325160026550293]}