{"x": [0, 1, 2, 3, 4, 5], "y": [-0.2488614022731781, 3.458502769470215, -0.01651652157306671, 3.060483694076538, 0.11122461408376694, 3.1347224712371826], "params": [6.337886810302734, 0.25, 0.0, 7.414728164672852]}