{"x": [0, 1, 2, 3, 4, 5], "y": [0.5441567897796631, 7.0466132164001465, 0.675728976726532, 7.502751350402832, 0.4941208064556122, 7.647107124328613], "params": [13.720589637756348, 0.25, 0.0, 14.305973052978516]}