{"x": [0, 1, 2, 3, 4, 5], "y": [-0.10135520994663239, 5.564756870269775, -0.31189122796058655, 5.821624755859375, 0.14579921960830688, 5.561322212219238], "params": [10.588606834411621, 0.25, 0.0, 12.2670316696167]}