{"x": [0, 1, 2, 3, 4, 5], "y": [1.026462435722351, 6.748452663421631, 0.7946959137916565, 6.673158645629883, 0.8841056227684021, 6.60363245010376], "params": [11.483108520507812, 0.25, 0.0, 11.907513618469238]}