{"x": [0, 1, 2, 3, 4, 5], "y": [0.007473811507225037, 4.180332183837891, 0.08763683587312698, 3.5937716960906982, -0.1612333506345749, 3.667724609375], "params": [7.278096675872803, 0.25, 0.0, 8.683131217956543]}