{"x": [0, 1, 2, 3, 4, 5], "y": [-0.10427866131067276, 3.26129412651062, 0.22573557496070862, 3.727869987487793, 0.2823507785797119, 3.7501001358032227], "params": [6.36848258972168, 0.25, 0.0, 7.708757400512695]}