{"x": [0, 1, 2, 3, 4, 5], "y": [0.5215524435043335, 5.548369884490967, 0.2540402412414551, 5.625882625579834, 0.48970431089401245, 5.2992024421691895], "params": [9.784451484680176, 0.25, 0.0, 10.743684768676758]}