{"x": [0, 1, 2, 3, 4, 5], "y": [-0.15735289454460144, 6.827256202697754, -0.03288885951042175, 6.922272682189941, -0.10856043547391891, 6.915515899658203], "params": [13.128738403320312, 0.25, 0.0, 14.15925121307373]}