{"x": [0, 1, 2, 3, 4, 5], "y": [0.5328298807144165, 3.5048508644104004, 0.7833768129348755, 3.55849289894104, 0.5240780115127563, 2.9937899112701416], "params": [5.605255126953125, 0.25, 0.0, 6.068829536437988]}