{"x": [0, 1, 2, 3, 4, 5], "y": [0.17110449075698853, 5.730218887329102, 0.4953595995903015, 6.392068862915039, 0.5335447788238525, 6.234493732452393], "params": [11.500774383544922, 0.25, 0.0, 12.44192886352539]}