{"x": [0, 1, 2, 3, 4, 5], "y": [0.7966286540031433, 8.215536117553711, 0.9648271799087524, 7.841307640075684, 1.0461628437042236, 8.404711723327637], "params": [14.63015079498291, 0.25, 0.0, 15.216166496276855]}