{"x": [0, 1, 2, 3, 4, 5], "y": [1.825758457183838, 9.02477741241455, 2.0633130073547363, 8.990154266357422, 1.6755945682525635, 9.232193946838379], "params": [14.220370292663574, 0.25, 0.0, 15.113199234008789]}