{"x": [0, 1, 2, 3, 4, 5], "y": [0.09534789621829987, 4.742417335510254, 0.35040175914764404, 4.833713531494141, 0.2630811333656311, 4.589611053466797], "params": [8.855998039245605, 0.25, 0.0, 9.476731300354004]}