{"x": [0, 1, 2, 3, 4, 5], "y": [-0.046821318566799164, 5.858887672424316, 0.10078314691781998, 6.034437656402588, 0.2324703484773636, 5.722745895385742], "params": [12.039385795593262, 0.25, 0.0, 12.162517547607422]}