{"x": [0, 1, 2, 3, 4, 5], "y": [0.21117065846920013, 6.189233779907227, 0.184158056974411, 6.516331195831299, 0.4513702392578125, 6.096101760864258], "params": [11.891618728637695, 0.25, 0.0, 12.664346694946289]}