{"x": [0, 1, 2, 3, 4, 5], "y": [1.8650883436203003, 7.690925121307373, 1.773557424545288, 7.338482856750488, 2.1220176219940186, 7.82063102722168], "params": [11.595603942871094, 0.25, 0.0, 12.094146728515625]}