{"x": [0, 1, 2, 3, 4, 5], "y": [0.8385496139526367, 5.01039981842041, 0.9515271782875061, 4.86240291595459, 0.8591027855873108, 4.706632614135742], "params": [8.032942771911621, 0.25, 0.0, 8.343700408935547]}