{"x": [0, 1, 2, 3, 4, 5], "y": [0.569189727306366, 3.514453411102295, 0.6255698204040527, 3.892273187637329, 0.20288267731666565, 3.258178234100342], "params": [6.236334323883057, 0.25, 0.0, 7.378780841827393]}