{"x": [0, 1, 2, 3, 4, 5], "y": [1.33368980884552, 7.3245415687561035, 1.8932265043258667, 7.531824111938477, 1.845095157623291, 7.500380039215088], "params": [11.538325309753418, 0.25, 0.0, 12.396268844604492]}