{"x": [0, 1, 2, 3, 4, 5], "y": [0.6847658157348633, 3.5977272987365723, 0.704441487789154, 3.5656025409698486, 0.9111226797103882, 3.108546733856201], "params": [5.733451843261719, 0.25, 0.0, 5.825922966003418]}