{"x": [0, 1, 2, 3, 4, 5], "y": [0.5891075134277344, 4.828447341918945, 0.8035554885864258, 5.149600028991699, 0.7806317210197449, 5.332043647766113], "params": [8.415871620178223, 0.25, 0.0, 9.485872268676758]}