{"x": [0, 1, 2, 3, 4, 5], "y": [-0.09640812873840332, 2.848196029663086, -0.2671055197715759, 3.313431978225708, 0.4879654049873352, 3.2061305046081543], "params": [5.819260597229004, 0.25, 0.0, 7.161075115203857]}