{"x": [0, 1, 2, 3, 4, 5], "y": [1.1667708158493042, 6.099410057067871, 1.541573166847229, 5.869688510894775, 1.468083381652832, 5.615669250488281], "params": [9.031469345092773, 0.25, 0.0, 9.865278244018555]}