{"x": [0, 1, 2, 3, 4, 5], "y": [0.6088157892227173, 6.304966926574707, 0.9016729593276978, 6.4786553382873535, 1.031754970550537, 6.144855976104736], "params": [10.686162948608398, 0.25, 0.0, 11.739679336547852]}