{"x": [0, 1, 2, 3, 4, 5], "y": [1.8495910167694092, 7.428515434265137, 1.7425709962844849, 7.416559219360352, 1.604965090751648, 7.189719200134277], "params": [11.777175903320312, 0.25, 0.0, 11.647100448608398]}