{"x": [0, 1, 2, 3, 4, 5], "y": [1.3580584526062012, 7.704745292663574, 1.4431660175323486, 7.792046070098877, 1.236068606376648, 8.00609016418457], "params": [12.306926727294922, 0.25, 0.0, 13.540042877197266]}