{"x": [0, 1, 2, 3, 4, 5], "y": [0.40647414326667786, 4.254016876220703, 0.526055634021759, 4.274167060852051, 0.25779861211776733, 4.838465213775635], "params": [7.341433048248291, 0.25, 0.0, 9.161333084106445]}