{"x": [0, 1, 2, 3, 4, 5], "y": [-0.0057993605732917786, 5.557121753692627, 0.41250336170196533, 4.890917778015137, 0.2749224901199341, 5.518682479858398], "params": [10.381649017333984, 0.25, 0.0, 11.125842094421387]}