{"x": [0, 1, 2, 3, 4, 5], "y": [1.3879115581512451, 6.563314914703369, 1.5859428644180298, 6.668825626373291, 1.5201529264450073, 6.495913982391357], "params": [10.31395149230957, 0.25, 0.0, 10.56182861328125]}