{"x": [0, 1, 2, 3, 4, 5], "y": [0.3398839831352234, 4.791406154632568, 0.7050554156303406, 5.0548930168151855, 0.19891983270645142, 5.323330879211426], "params": [8.86085319519043, 0.25, 0.0, 10.248822212219238]}