{"x": [0, 1, 2, 3, 4, 5], "y": [0.06744573265314102, 3.519465446472168, 0.16877706348896027, 4.152853488922119, 0.2174796164035797, 4.163381576538086], "params": [7.171811580657959, 0.25, 0.0, 8.191871643066406]}