{"x": [0, 1, 2, 3, 4, 5], "y": [0.6778245568275452, 6.326143741607666, 0.6643882989883423, 5.744671821594238, 0.66445392370224, 6.194435119628906], "params": [11.141376495361328, 0.25, 0.0, 11.323511123657227]}