{"x": [0, 1, 2, 3, 4, 5], "y": [0.7613198757171631, 6.392260551452637, 0.8339595794677734, 6.411870956420898, 0.7803664207458496, 6.6638078689575195], "params": [11.068902015686035, 0.25, 0.0, 11.804975509643555]}