{"x": [0, 1, 2, 3, 4, 5], "y": [0.9689421057701111, 6.346378803253174, 0.5464968681335449, 6.103034019470215, 0.7308635115623474, 6.125851631164551], "params": [11.645373344421387, 0.25, 0.0, 11.599763870239258]}