{"x": [0, 1, 2, 3, 4, 5], "y": [0.8701823949813843, 6.102053165435791, 0.8369635343551636, 6.2600908279418945, 0.7801193594932556, 6.013056755065918], "params": [10.346183776855469, 0.25, 0.0, 10.959942817687988]}