{"x": [0, 1, 2, 3, 4, 5], "y": [0.5575338006019592, 3.8067610263824463, 0.06003141403198242, 3.9051425457000732, 0.18606671690940857, 3.9206085205078125], "params": [7.802906036376953, 0.25, 0.0, 7.72115421295166]}