{"x": [0, 1, 2, 3, 4, 5], "y": [0.6359941959381104, 4.893247127532959, 0.30213800072669983, 4.816076278686523, 0.9551324248313904, 4.619174957275391], "params": [8.581991195678711, 0.25, 0.0, 9.182218551635742]}