{"x": [0, 1, 2, 3, 4, 5], "y": [0.9168961644172668, 4.307662010192871, 1.1259734630584717, 4.685155868530273, 0.8508020639419556, 4.712235927581787], "params": [6.921957969665527, 0.25, 0.0, 7.722867965698242]}