{"x": [0, 1, 2, 3, 4, 5], "y": [0.5404290556907654, 3.2987687587738037, 0.8851609230041504, 3.4355852603912354, 0.7492420077323914, 3.11055326461792], "params": [5.814623832702637, 0.25, 0.0, 5.79031229019165]}