{"x": [0, 1, 2, 3, 4, 5], "y": [2.1156153678894043, 9.300027847290039, 2.5264968872070312, 9.536687850952148, 1.9308849573135376, 9.242722511291504], "params": [14.2448148727417, 0.25, 0.0, 15.2116060256958]}