{"x": [0, 1, 2, 3, 4, 5], "y": [0.3696569502353668, 3.8762075901031494, 0.22462265193462372, 4.233408451080322, 0.1379545032978058, 3.9349710941314697], "params": [7.895097732543945, 0.25, 0.0, 8.19090747833252]}