{"x": [0, 1, 2, 3, 4, 5], "y": [1.3058974742889404, 8.527571678161621, 1.7536680698394775, 7.93751859664917, 1.4410961866378784, 8.911382675170898], "params": [13.581093788146973, 0.25, 0.0, 15.210969924926758]}