{"x": [0, 1, 2, 3, 4, 5], "y": [1.7414175271987915, 5.710262298583984, 1.1661944389343262, 5.644774913787842, 1.384846806526184, 5.505315780639648], "params": [8.694231033325195, 0.25, 0.0, 9.088135719299316]}