{"x": [0, 1, 2, 3, 4, 5], "y": [1.1988686323165894, 6.721742153167725, 1.0922996997833252, 7.2462663650512695, 1.1551780700683594, 6.650062084197998], "params": [11.258918762207031, 0.25, 0.0, 12.307933807373047]}