{"x": [0, 1, 2, 3, 4, 5], "y": [0.170364111661911, 5.494831562042236, 0.05650291591882706, 5.804955005645752, -0.13330738246440887, 6.094722270965576], "params": [11.077977180480957, 0.25, 0.0, 12.456059455871582]}