{"x": [0, 1, 2, 3, 4, 5], "y": [0.6435757875442505, 1.7897112369537354, 3.21467924118042, 3.9575929641723633, 5.1425461769104, 5.953497886657715], "params": [4.909931182861328, -2.914267063140869, 10.619844436645508]}