{"x": [0, 1, 2, 3, 4, 5], "y": [4.3544230461120605, 5.561614513397217, 6.567553520202637, 6.916728973388672, 8.217284202575684, 8.700369834899902], "params": [4.272996425628662, 3.4320199489593506, 8.691893577575684]}