{"x": [0, 1, 2, 3, 4, 5], "y": [5.202460765838623, 5.926142692565918, 6.675720691680908, 7.231901168823242, 8.21543025970459, 9.027050971984863], "params": [3.7416138648986816, 4.11191987991333, 7.6491804122924805]}