{"x": [0, 1, 2, 3, 4, 5], "y": [2.1162092685699463, 2.4769489765167236, 2.963350772857666, 4.133828163146973, 4.265187740325928, 5.003112316131592], "params": [2.8365468978881836, -3.0381762981414795, 5.773806095123291]}