{"x": [0, 1, 2, 3, 4, 5], "y": [1.9026626348495483, 3.43104887008667, 4.008852005004883, 4.044327259063721, 4.961923599243164, 5.662065505981445], "params": [3.3079357147216797, -2.0465219020843506, 7.518805503845215]}