{"x": [0, 1, 2, 3, 4, 5], "y": [3.0045130252838135, 3.4372358322143555, 4.020518779754639, 5.319209098815918, 5.875396728515625, 6.535602569580078], "params": [3.4017162322998047, -0.5377817153930664, 7.062179088592529]}