{"x": [0, 1, 2, 3, 4, 5], "y": [1.712770938873291, 3.1071624755859375, 3.641219139099121, 4.98016881942749, 5.691577911376953, 7.04766321182251], "params": [4.841490745544434, -0.8273434638977051, 10.669784545898438]}