{"x": [0, 1, 2, 3, 4, 5], "y": [3.227332592010498, 3.362236738204956, 3.715261936187744, 4.367819309234619, 4.785660743713379, 5.334913730621338], "params": [2.2000503540039062, -1.7263638973236084, 4.21516227722168]}