{"x": [0, 1, 2, 3, 4, 5], "y": [4.224328517913818, 4.743452072143555, 5.4673895835876465, 5.871969699859619, 6.488422393798828, 7.8800177574157715], "params": [3.6545329093933105, 1.7363530397415161, 7.311378479003906]}