{"x": [0, 1, 2, 3, 4, 5], "y": [1.2736248970031738, 1.819244146347046, 4.082605361938477, 4.185384273529053, 4.67799711227417, 5.898396015167236], "params": [4.521426677703857, -2.4916653633117676, 9.249542236328125]}