{"x": [0, 1, 2, 3, 4, 5], "y": [0.5429829359054565, 1.3486018180847168, 2.2366814613342285, 2.9231152534484863, 4.188082218170166, 4.529299259185791], "params": [3.741879463195801, -4.779109954833984, 7.97263240814209]}