{"x": [0, 1, 2, 3, 4, 5], "y": [3.356218099594116, 4.375189781188965, 5.092566013336182, 5.434887886047363, 6.42570686340332, 7.30892276763916], "params": [3.9218952655792236, 0.500725507736206, 7.905409336090088]}