{"x": [0, 1, 2, 3, 4, 5], "y": [4.629882335662842, 5.1890997886657715, 5.801156044006348, 6.789060592651367, 7.568405628204346, 8.470586776733398], "params": [4.15773868560791, 2.933347225189209, 7.681408882141113]}