{"x": [0, 1, 2, 3, 4, 5], "y": [3.866063117980957, 5.197983264923096, 6.721271514892578, 6.817081928253174, 7.199309825897217, 8.441300392150879], "params": [3.7137956619262695, 2.853634834289551, 9.150474548339844]}