{"x": [0, 1, 2, 3, 4, 5], "y": [3.6112353801727295, 4.672463417053223, 4.95408296585083, 6.169984817504883, 6.740109920501709, 7.681406021118164], "params": [3.8916831016540527, 1.3644599914550781, 8.140340805053711]}