{"x": [0, 1, 2, 3, 4, 5], "y": [1.264562726020813, 1.2934434413909912, 2.457446336746216, 3.431253671646118, 3.8458027839660645, 4.290823936462402], "params": [3.6004178524017334, -3.927640914916992, 6.052522659301758]}