{"x": [0, 1, 2, 3, 4, 5], "y": [1.6662566661834717, 2.9764866828918457, 2.882584810256958, 3.652430295944214, 3.893598794937134, 4.248622894287109], "params": [2.2254955768585205, -3.5172152519226074, 5.164732456207275]}