{"x": [0, 1, 2, 3, 4, 5], "y": [5.138843059539795, 5.822598457336426, 6.92003059387207, 7.433648109436035, 8.379881858825684, 9.61544132232666], "params": [3.9620800018310547, 4.585533142089844, 8.95319652557373]}