{"x": [0, 1, 2, 3, 4, 5], "y": [2.6114885807037354, 3.3697478771209717, 4.098986625671387, 4.374441146850586, 5.1711626052856445, 5.900995254516602], "params": [3.4900124073028564, -1.3935232162475586, 6.579013347625732]}