{"x": [0, 1, 2, 3, 4, 5], "y": [3.874316692352295, 5.158423900604248, 5.58821964263916, 6.371471405029297, 6.910935401916504, 8.38517951965332], "params": [4.097677230834961, 2.4167423248291016, 9.02172565460205]}