{"x": [0, 1, 2, 3, 4, 5], "y": [2.654088020324707, 3.046653985977173, 3.51430344581604, 3.999396800994873, 4.931476593017578, 5.565494537353516], "params": [3.0465846061706543, -1.9606727361679077, 5.822813034057617]}