{"x": [0, 1, 2, 3, 4, 5], "y": [4.119664192199707, 4.428057670593262, 5.097922325134277, 5.548426151275635, 5.973049640655518, 6.418466091156006], "params": [2.2783806324005127, 0.55916428565979, 4.597603797912598]}