{"x": [0, 1, 2, 3, 4, 5], "y": [0.9520130157470703, 2.0290565490722656, 2.6567294597625732, 3.7390072345733643, 4.10814905166626, 5.326840400695801], "params": [4.6148457527160645, -4.191595077514648, 8.749654769897461]}