{"x": [0, 1, 2, 3, 4, 5], "y": [2.699155807495117, 3.5483574867248535, 4.819911479949951, 5.253453254699707, 6.4347124099731445, 7.138545989990234], "params": [4.5013837814331055, 0.02086341381072998, 8.878780364990234]}