{"x": [0, 1, 2, 3, 4, 5], "y": [2.335157632827759, 3.2243661880493164, 3.559959650039673, 4.642377853393555, 4.83747673034668, 5.968442916870117], "params": [3.2157950401306152, -1.9053727388381958, 7.266570568084717]}