{"x": [0, 1, 2, 3, 4, 5], "y": [3.9005253314971924, 4.744552135467529, 5.3356614112854, 5.718270301818848, 6.298336029052734, 6.58853816986084], "params": [2.718663215637207, 0.8969157934188843, 5.376025676727295]}