{"x": [0, 1, 2, 3, 4, 5], "y": [5.020444869995117, 5.554947853088379, 6.157895088195801, 6.196406364440918, 6.940032482147217, 6.907532215118408], "params": [2.0050415992736816, 2.173731803894043, 3.839175224304199]}