{"x": [0, 1, 2, 3, 4, 5], "y": [2.8102493286132812, 3.3058674335479736, 3.2718424797058105, 3.8454861640930176, 4.514311790466309, 4.724681377410889], "params": [2.1817054748535156, -2.3744707107543945, 3.828864097595215]}