{"x": [0, 1, 2, 3, 4, 5], "y": [4.746273994445801, 5.4415435791015625, 5.624966621398926, 5.83452844619751, 6.535223960876465, 7.117842674255371], "params": [2.155888080596924, 1.5511655807495117, 4.743137359619141]}