{"x": [0, 1, 2, 3, 4, 5], "y": [3.5024969577789307, 4.197006702423096, 5.231626987457275, 6.0158233642578125, 7.316097736358643, 8.438231468200684], "params": [4.2721476554870605, 1.6119062900543213, 9.871469497680664]}