{"x": [0, 1, 2, 3, 4, 5], "y": [5.1891703605651855, 6.153757095336914, 6.758694171905518, 8.011486053466797, 8.244134902954102, 9.368408203125], "params": [3.901182174682617, 4.518150806427002, 8.358475685119629]}