{"x": [0, 1, 2, 3, 4, 5], "y": [-0.11657142639160156, 1.125587821006775, 2.2616117000579834, 3.1211135387420654, 4.123664855957031, 4.75255012512207], "params": [4.61032247543335, -4.771209239959717, 9.738243103027344]}