{"x": [0, 1, 2, 3, 4, 5], "y": [3.6381757259368896, 3.7764129638671875, 4.942140579223633, 4.8349528312683105, 6.157467365264893, 6.512287616729736], "params": [3.2751612663269043, -0.13544082641601562, 5.748223781585693]}