{"x": [0, 1, 2, 3, 4, 5], "y": [0.8650614023208618, 2.129228115081787, 3.3881070613861084, 4.266439437866211, 5.488591194152832, 6.273014068603516], "params": [4.988795757293701, -2.8829658031463623, 10.815905570983887]}