{"x": [0, 1, 2, 3, 4, 5], "y": [2.9570813179016113, 3.3633320331573486, 3.674816608428955, 4.295492172241211, 4.8823628425598145, 5.274925708770752], "params": [2.6923117637634277, -2.2174954414367676, 4.635688781738281]}