{"x": [0, 1, 2, 3, 4, 5], "y": [2.696523427963257, 2.8732268810272217, 3.310210943222046, 3.534684658050537, 4.048453330993652, 4.400382041931152], "params": [2.0148322582244873, -2.6832640171051025, 3.407717227935791]}