{"x": [0, 1, 2, 3, 4, 5], "y": [3.2481894493103027, 3.6930601596832275, 4.1585469245910645, 4.973275184631348, 5.372441291809082, 5.701899528503418], "params": [2.613321304321289, -0.8126044273376465, 4.9074201583862305]}