{"x": [0, 1, 2, 3, 4, 5], "y": [5.2269697189331055, 6.032630920410156, 6.792117118835449, 7.948538303375244, 8.843728065490723, 9.705082893371582], "params": [4.370241165161133, 4.377904415130615, 8.956226348876953]}