{"x": [0, 1, 2, 3, 4, 5], "y": [2.5467262268066406, 2.6004581451416016, 3.084371328353882, 3.9190495014190674, 5.0120086669921875, 5.430455207824707], "params": [3.2105884552001953, -2.4921011924743652, 5.767457962036133]}