{"x": [0, 1, 2, 3, 4, 5], "y": [5.337606430053711, 6.097377777099609, 6.985638618469238, 7.516293525695801, 8.641385078430176, 9.55093002319336], "params": [3.977489948272705, 4.830750465393066, 8.426647186279297]}