{"x": [0, 1, 2, 3, 4, 5], "y": [4.286334991455078, 5.021493434906006, 6.013845443725586, 6.706981182098389, 7.473940372467041, 8.005439758300781], "params": [3.856982469558716, 2.311708450317383, 7.438209533691406]}