{"x": [0, 1, 2, 3, 4, 5], "y": [2.603182315826416, 3.3087456226348877, 3.5411922931671143, 4.6131367683410645, 4.878579616546631, 5.119704246520996], "params": [2.8059349060058594, -1.8525922298431396, 5.03304386138916]}