{"x": [0, 1, 2, 3, 4, 5], "y": [4.828481674194336, 5.885031223297119, 6.109658718109131, 6.551816463470459, 7.333477973937988, 7.720778465270996], "params": [3.1328024864196777, 2.6879894733428955, 5.78459358215332]}