{"x": [0, 1, 2, 3, 4, 5], "y": [5.688750267028809, 5.975022315979004, 6.490786552429199, 6.494699954986572, 7.441344261169434, 7.577253341674805], "params": [2.095804214477539, 2.9375271797180176, 3.777006149291992]}