{"x": [0, 1, 2, 3, 4, 5], "y": [4.4103102684021, 5.292292594909668, 6.053967475891113, 7.276159763336182, 8.177287101745605, 8.742409706115723], "params": [4.531634330749512, 3.0601489543914795, 8.664198875427246]}