{"x": [0, 1, 2, 3, 4, 5], "y": [4.421594619750977, 4.5968217849731445, 4.817875385284424, 5.299008369445801, 6.148171901702881, 6.0436553955078125], "params": [2.0287415981292725, 0.24039983749389648, 3.4531545639038086]}