{"x": [0, 1, 2, 3, 4, 5], "y": [5.173996925354004, 4.826477527618408, 5.322486877441406, 5.369524955749512, 6.936800003051758, 7.095457077026367], "params": [2.2919299602508545, 1.8545877933502197, 4.537959098815918]}