{"x": [0, 1, 2, 3, 4, 5], "y": [2.7572357654571533, 4.147894859313965, 4.807821273803711, 5.544011116027832, 6.9228196144104, 8.108370780944824], "params": [4.881937026977539, 0.9627670049667358, 10.7022705078125]}