{"x": [0, 1, 2, 3, 4, 5], "y": [3.22369384765625, 3.4068925380706787, 4.190318584442139, 5.056985378265381, 5.668035984039307, 6.378180503845215], "params": [3.3561441898345947, -0.2124243974685669, 6.30897331237793]}