{"x": [0, 1, 2, 3, 4, 5], "y": [0.539618194103241, 7.563515663146973, 2.966024875640869, 9.98958683013916, 4.887486457824707, 11.524848937988281], "params": [4.569507598876953, -4.025781154632568, 10.200600624084473, 11.891618728637695, 0.25, 0.0, 12.664346694946289]}