{"x": [0, 1, 2, 3, 4, 5], "y": [4.540281772613525, 12.278695106506348, 6.047503471374512, 13.394556999206543, 6.840156078338623, 14.890106201171875], "params": [3.2963879108428955, -1.9718164205551147, 5.6031084060668945, 14.093859672546387, 0.25, 0.0, 15.140007019042969]}