{"x": [0, 1, 2, 3, 4, 5], "y": [6.939204216003418, 14.43971061706543, 8.486407279968262, 16.108457565307617, 9.85954475402832, 17.83837127685547], "params": [3.799075126647949, 3.9970569610595703, 7.418950080871582, 13.779579162597656, 0.25, 0.0, 14.897314071655273]}