{"x": [0, 1, 2, 3, 4, 5], "y": [5.557740688323975, 11.601425170898438, 6.656384468078613, 12.059850692749023, 7.466901779174805, 12.766519546508789], "params": [2.0050415992736816, 2.173731803894043, 3.839175224304199, 10.50749397277832, 0.25, 0.0, 11.095975875854492]}