{"x": [0, 1, 2, 3, 4, 5], "y": [7.028219223022461, 14.950920104980469, 8.739033699035645, 16.222055435180664, 9.891024589538574, 18.259244918823242], "params": [3.7416138648986816, 4.11191987991333, 7.6491804122924805, 14.220370292663574, 0.25, 0.0, 15.113199234008789]}