{"x": [0, 1, 2, 3, 4, 5], "y": [5.256353378295898, 9.650992393493652, 6.616380214691162, 10.76739501953125, 8.710362434387207, 12.469380378723145], "params": [4.096837997436523, 4.730705261230469, 7.658885955810547, 6.337886810302734, 0.25, 0.0, 7.414728164672852]}