{"x": [0, 1, 2, 3, 4, 5], "y": [6.104332447052002, 13.146288871765137, 7.068132400512695, 13.626574516296387, 7.771292686462402, 15.123932838439941], "params": [2.155888080596924, 1.5511655807495117, 4.743137359619141, 12.306926727294922, 0.25, 0.0, 13.540042877197266]}