{"x": [0, 1, 2, 3, 4, 5], "y": [4.017518520355225, 8.772281646728516, 5.681612968444824, 10.49068832397461, 7.808382034301758, 13.050797462463379], "params": [4.2721476554870605, 1.6119062900543213, 9.871469497680664, 7.709409713745117, 0.25, 0.0, 8.325160026550293]}