{"x": [0, 1, 2, 3, 4, 5], "y": [3.4005610942840576, 8.940413475036621, 5.389840126037598, 10.374530792236328, 5.853781223297119, 12.316413879394531], "params": [3.3436386585235596, -0.1194453239440918, 7.21504545211792, 10.25964641571045, 0.25, 0.0, 10.967982292175293]}