{"x": [0, 1, 2, 3, 4, 5], "y": [2.5388028621673584, 10.987101554870605, 4.530735015869141, 12.105899810791016, 6.408965110778809, 14.888589859008789], "params": [4.434697151184082, -1.886182427406311, 9.48340892791748, 14.63015079498291, 0.25, 0.0, 15.216166496276855]}