{"x": [0, 1, 2, 3, 4, 5], "y": [4.5539069175720215, 11.0706148147583, 5.719359397888184, 12.442778587341309, 6.636593341827393, 14.083196640014648], "params": [2.7577476501464844, 1.7005133628845215, 6.237339019775391, 11.917722702026367, 0.25, 0.0, 13.236245155334473]}