{"x": [0, 1, 2, 3, 4, 5], "y": [6.854279518127441, 10.15658950805664, 7.417873382568359, 11.277909278869629, 8.074196815490723, 12.164615631103516], "params": [2.1557419300079346, 4.715620040893555, 3.8945226669311523, 7.802906036376953, 0.25, 0.0, 7.72115421295166]}