{"x": [0, 1, 2, 3, 4, 5], "y": [5.859114170074463, 11.469854354858398, 6.5472893714904785, 12.299654960632324, 7.308036804199219, 13.671976089477539], "params": [2.095804214477539, 2.9375271797180176, 3.777006149291992, 11.077977180480957, 0.25, 0.0, 12.456059455871582]}