{"x": [0, 1, 2, 3, 4, 5], "y": [2.196148157119751, 8.689329147338867, 3.453463077545166, 10.224235534667969, 5.464555740356445, 11.57307243347168], "params": [3.7804830074310303, -3.5514636039733887, 6.9488725662231445, 11.068902015686035, 0.25, 0.0, 11.804975509643555]}