{"x": [0, 1, 2, 3, 4, 5], "y": [6.227332592010498, 11.089492797851562, 7.171037197113037, 12.325328826904297, 8.883036613464355, 13.989819526672363], "params": [3.7611706256866455, 2.753396511077881, 7.9971771240234375, 8.694231033325195, 0.25, 0.0, 9.088135719299316]}