{"x": [0, 1, 2, 3, 4, 5], "y": [2.2783522605895996, 8.114877700805664, 3.9170920848846436, 10.148172378540039, 5.683358669281006, 11.44462776184082], "params": [4.089600086212158, -2.2353596687316895, 8.777252197265625, 9.784451484680176, 0.25, 0.0, 10.743684768676758]}