{"x": [0, 1, 2, 3, 4, 5], "y": [0.9598903059959412, 5.097229957580566, 3.1162424087524414, 6.461657524108887, 5.001481056213379, 8.067066192626953], "params": [3.741879463195801, -4.779109954833984, 7.97263240814209, 6.39641809463501, 0.25, 0.0, 6.663442134857178]}