{"x": [0, 1, 2, 3, 4, 5], "y": [0.5703074932098389, 4.49896240234375, 2.4843695163726807, 5.772111415863037, 4.804106712341309, 7.700318336486816], "params": [4.718348026275635, -4.443435192108154, 9.330803871154785, 5.3393964767456055, 0.25, 0.0, 5.529373645782471]}