{"x": [0, 1, 2, 3, 4, 5], "y": [3.238520622253418, 10.560504913330078, 4.453134536743164, 11.757610321044922, 6.713422775268555, 13.82673168182373], "params": [4.152371883392334, -2.573540687561035, 8.286856651306152, 12.268223762512207, 0.25, 0.0, 12.889565467834473]}