{"x": [0, 1, 2, 3, 4, 5], "y": [7.297044277191162, 13.314217567443848, 9.095333099365234, 14.556379318237305, 9.24767017364502, 15.437356948852539], "params": [2.375401020050049, 4.415935516357422, 5.701621055603027, 10.448343276977539, 0.25, 0.0, 10.982908248901367]}