{"x": [0, 1, 2, 3, 4, 5], "y": [5.234443664550781, 10.212963104248047, 6.879754066467285, 11.542309761047363, 8.6824951171875, 13.372807502746582], "params": [4.370241165161133, 4.377904415130615, 8.956226348876953, 7.278096675872803, 0.25, 0.0, 8.683131217956543]}