{"x": [0, 1, 2, 3, 4, 5], "y": [4.194767951965332, 9.385589599609375, 6.044093132019043, 10.297290802001953, 7.284809589385986, 12.015555381774902], "params": [3.9218952655792236, 0.500725507736206, 7.905409336090088, 8.032942771911621, 0.25, 0.0, 8.343700408935547]}