{"x": [0, 1, 2, 3, 4, 5], "y": [5.750116348266602, 12.173067092895508, 7.078232288360596, 13.1348295211792, 7.903301239013672, 13.778257369995117], "params": [2.718663215637207, 0.8969157934188843, 5.376025676727295, 11.777175903320312, 0.25, 0.0, 11.647100448608398]}