{"x": [0, 1, 2, 3, 4, 5], "y": [6.792566299438477, 15.009714126586914, 7.6022748947143555, 15.795376777648926, 8.421777725219727, 16.251338958740234], "params": [2.3310556411743164, 3.848729133605957, 3.926875114440918, 14.709145545959473, 0.25, 0.0, 15.244836807250977]}