{"x": [0, 1, 2, 3, 4, 5], "y": [4.927179336547852, 11.997909545898438, 6.796423435211182, 13.480441093444824, 8.385161399841309, 14.79367446899414], "params": [3.856982469558716, 2.311708450317383, 7.438209533691406, 12.423934936523438, 0.25, 0.0, 12.671144485473633]}