{"x": [0, 1, 2, 3, 4, 5], "y": [4.316000461578369, 10.102556228637695, 5.6065287590026855, 10.57962417602539, 6.821921348571777, 12.706722259521484], "params": [3.2751612663269043, -0.13544082641601562, 5.748223781585693, 11.141376495361328, 0.25, 0.0, 11.323511123657227]}