{"x": [0, 1, 2, 3, 4, 5], "y": [4.4559478759765625, 11.469633102416992, 6.248780250549316, 13.446465492248535, 7.779458999633789, 15.001379013061523], "params": [4.5013837814331055, 0.02086341381072998, 8.878780364990234, 12.99090576171875, 0.25, 0.0, 13.696531295776367]}