{"x": [0, 1, 2, 3, 4, 5], "y": [5.070136547088623, 11.330938339233398, 6.5171918869018555, 12.148326873779297, 7.840279579162598, 13.814517974853516], "params": [2.982527017593384, 2.414008378982544, 5.918143272399902, 11.121063232421875, 0.25, 0.0, 11.614409446716309]}