{"x": [0, 1, 2, 3, 4, 5], "y": [1.373660683631897, 7.550829887390137, 3.4099411964416504, 9.765678405761719, 4.67271614074707, 11.402351379394531], "params": [4.841463565826416, -3.6792821884155273, 9.001897811889648, 10.750998497009277, 0.25, 0.0, 12.479239463806152]}