{"x": [0, 1, 2, 3, 4, 5], "y": [1.4273250102996826, 5.018481254577637, 3.7834296226501465, 7.261504173278809, 5.217490196228027, 7.664878845214844], "params": [3.505401372909546, -3.8426029682159424, 7.334859371185303, 5.814623832702637, 0.25, 0.0, 5.79031229019165]}