{"x": [0, 1, 2, 3, 4, 5], "y": [3.7045812606811523, 11.19642162322998, 4.413931846618652, 12.293262481689453, 6.400422096252441, 14.034123420715332], "params": [3.2105884552001953, -2.4921011924743652, 5.767457962036133, 14.48503303527832, 0.25, 0.0, 14.891626358032227]}