{"x": [0, 1, 2, 3, 4, 5], "y": [5.529054164886475, 10.94516372680664, 7.463749408721924, 13.06637954711914, 8.443055152893066, 14.691739082336426], "params": [3.901182174682617, 4.518150806427002, 8.358475685119629, 8.86085319519043, 0.25, 0.0, 10.248822212219238]}