{"x": [0, 1, 2, 3, 4, 5], "y": [4.7912516593933105, 8.473029136657715, 5.0424981117248535, 9.532417297363281, 6.286126613616943, 9.978626251220703], "params": [2.0287415981292725, 0.24039983749389648, 3.4531545639038086, 7.895097732543945, 0.25, 0.0, 8.19090747833252]}