{"x": [0, 1, 2, 3, 4, 5], "y": [3.8888185024261475, 10.631645202636719, 6.177894592285156, 13.3626070022583, 8.169272422790527, 15.304564476013184], "params": [4.793902397155762, 0.12394249439239502, 10.326923370361328, 12.014610290527344, 0.25, 0.0, 13.018742561340332]}