{"x": [0, 1, 2, 3, 4, 5], "y": [6.641726016998291, 14.569490432739258, 8.410112380981445, 15.331254959106445, 9.36715316772461, 16.180587768554688], "params": [3.1328024864196777, 2.6879894733428955, 5.78459358215332, 12.941112518310547, 0.25, 0.0, 13.932389259338379]}