{"x": [0, 1, 2, 3, 4, 5], "y": [3.0869860649108887, 9.705106735229492, 4.42011022567749, 12.199886322021484, 5.988720417022705, 13.421627044677734], "params": [4.576508045196533, 0.10531246662139893, 7.762775897979736, 12.98269271850586, 0.25, 0.0, 13.464106559753418]}