{"x": [0, 1, 2, 3, 4, 5], "y": [3.956104278564453, 10.869636535644531, 5.900120735168457, 12.790277481079102, 8.077997207641602, 14.758432388305664], "params": [4.881937026977539, 0.9627670049667358, 10.7022705078125, 11.258918762207031, 0.25, 0.0, 12.307933807373047]}