{"x": [0, 1, 2, 3, 4, 5], "y": [2.2387495040893555, 6.072562217712402, 3.292854070663452, 7.955809593200684, 5.325442314147949, 9.17457389831543], "params": [3.2157950401306152, -1.9053727388381958, 7.266570568084717, 5.819260597229004, 0.25, 0.0, 7.161075115203857]}