{"x": [0, 1, 2, 3, 4, 5], "y": [2.6914443969726562, 8.64145278930664, 4.776305675506592, 10.507438659667969, 6.294527053833008, 11.776455879211426], "params": [4.217632293701172, -0.4310232400894165, 8.565479278564453, 9.019854545593262, 0.25, 0.0, 10.26999282836914]}