{"x": [0, 1, 2, 3, 4, 5], "y": [4.099061965942383, 8.112519264221191, 5.290581226348877, 9.066140174865723, 6.6652936935424805, 10.433297157287598], "params": [3.057586193084717, 0.6065040826797485, 5.903939247131348, 5.6879167556762695, 0.25, 0.0, 6.870240211486816]}