{"x": [0, 1, 2, 3, 4, 5], "y": [6.21951150894165, 13.25253963470459, 8.341111183166504, 14.25521183013916, 10.339302062988281, 16.520999908447266], "params": [4.272996425628662, 3.4320199489593506, 8.691893577575684, 11.595603942871094, 0.25, 0.0, 12.094146728515625]}