{"x": [0, 1, 2, 3, 4, 5], "y": [0.3854251503944397, 5.391789436340332, 2.192897319793701, 7.221907615661621, 4.455054759979248, 9.632637023925781], "params": [4.61032247543335, -4.771209239959717, 9.738243103027344, 8.57252311706543, 0.25, 0.0, 9.897603034973145]}