{"x": [0, 1, 2, 3, 4, 5], "y": [5.094902038574219, 8.258474349975586, 6.507882595062256, 9.570207595825195, 7.6624345779418945, 11.81717586517334], "params": [4.15773868560791, 2.933347225189209, 7.681408882141113, 5.827357292175293, 0.25, 0.0, 6.505119800567627]}