{"x": [0, 1, 2, 3, 4, 5], "y": [6.525925636291504, 14.592320442199707, 8.580464363098145, 16.812847137451172, 10.108172416687012, 17.985132217407227], "params": [4.531634330749512, 3.0601489543914795, 8.664198875427246, 14.2448148727417, 0.25, 0.0, 15.2116060256958]}