{"x": [0, 1, 2, 3, 4, 5], "y": [5.293303489685059, 11.632320404052734, 7.685086250305176, 13.359435081481934, 9.029118537902832, 14.823617935180664], "params": [4.4284281730651855, 2.1920127868652344, 8.844625473022461, 10.31395149230957, 0.25, 0.0, 10.56182861328125]}