{"x": [0, 1, 2, 3, 4, 5], "y": [4.704500198364258, 10.058202743530273, 6.404414176940918, 11.57666015625, 8.377840042114258, 13.851642608642578], "params": [3.995650291442871, 3.111603260040283, 7.560539245605469, 9.642709732055664, 0.25, 0.0, 10.733746528625488]}