{"x": [0, 1, 2, 3, 4, 5], "y": [3.520078420639038, 7.61640739440918, 4.667165756225586, 9.29829216003418, 5.729381561279297, 9.831939697265625], "params": [2.8059349060058594, -1.8525922298431396, 5.03304386138916, 6.921957969665527, 0.25, 0.0, 7.722867965698242]}