{"x": [0, 1, 2, 3, 4, 5], "y": [2.6928153038024902, 6.496485710144043, 3.7559802532196045, 8.215991973876953, 4.9512505531311035, 9.235993385314941], "params": [2.843661069869995, -2.1715033054351807, 4.894484519958496, 7.171811580657959, 0.25, 0.0, 8.191871643066406]}