{"x": [0, 1, 2, 3, 4, 5], "y": [4.9817304611206055, 8.252605438232422, 7.046438217163086, 10.058708190917969, 8.791145324707031, 12.150921821594238], "params": [4.384725570678711, 3.7583935260772705, 8.427099227905273, 5.138978004455566, 0.25, 0.0, 5.911283493041992]}