{"x": [0, 1, 2, 3, 4, 5], "y": [5.862462997436523, 10.802759170532227, 6.714431285858154, 11.811153411865234, 8.269230842590332, 12.990275382995605], "params": [2.509287118911743, 3.5398006439208984, 6.289263725280762, 8.581991195678711, 0.25, 0.0, 9.182218551635742]}