{"x": [0, 1, 2, 3, 4, 5], "y": [1.409218192100525, 9.175841331481934, 4.063836097717285, 11.769190788269043, 5.9827117919921875, 13.920121192932129], "params": [4.988795757293701, -2.8829658031463623, 10.815905570983887, 13.720589637756348, 0.25, 0.0, 14.305973052978516]}