{"x": [0, 1, 2, 3, 4, 5], "y": [6.0082807540893555, 10.690446853637695, 7.021947860717773, 12.252885818481445, 7.990726947784424, 14.211475372314453], "params": [3.2719626426696777, 2.672156810760498, 6.734132766723633, 8.9320068359375, 0.25, 0.0, 10.383439064025879]}