{"x": [0, 1, 2, 3, 4, 5], "y": [4.060764789581299, 12.514540672302246, 5.763758659362793, 14.611221313476562, 8.044670104980469, 16.239166259765625], "params": [4.371067047119141, -0.7070297002792358, 8.733911514282227, 14.888933181762695, 0.25, 0.0, 15.811210632324219]}