{"x": [0, 1, 2, 3, 4, 5], "y": [1.7393388748168945, 4.679687023162842, 2.468057155609131, 6.679848670959473, 4.558632850646973, 7.7032976150512695], "params": [3.6004178524017334, -3.927640914916992, 6.052522659301758, 5.978558540344238, 0.25, 0.0, 6.8037261962890625]}