{"x": [0, 1, 2, 3, 4, 5], "y": [2.6422979831695557, 10.480374336242676, 3.675628185272217, 11.440155029296875, 5.1329474449157715, 12.687063217163086], "params": [3.0465846061706543, -1.9606727361679077, 5.822813034057617, 14.671391487121582, 0.25, 0.0, 14.905096054077148]}