{"x": [0, 1, 2, 3, 4, 5], "y": [5.287001609802246, 11.453357696533203, 6.346159934997559, 12.917183876037598, 7.411696434020996, 14.833627700805664], "params": [3.6545329093933105, 1.7363530397415161, 7.311378479003906, 11.598795890808105, 0.25, 0.0, 12.332887649536133]}