{"x": [0, 1, 2, 3, 4, 5], "y": [4.0685553550720215, 9.84446907043457, 6.326097011566162, 11.789718627929688, 8.191204071044922, 13.484512329101562], "params": [4.663888931274414, 2.741840362548828, 9.843387603759766, 8.855998039245605, 0.25, 0.0, 9.476731300354004]}