{"x": [0, 1, 2, 3, 4, 5], "y": [2.1965866088867188, 5.503509044647217, 3.456634998321533, 6.485404014587402, 4.285403251647949, 7.253058433532715], "params": [2.706146717071533, -4.31998348236084, 5.191022872924805, 5.605255126953125, 0.25, 0.0, 6.068829536437988]}