{"x": [0, 1, 2, 3, 4, 5], "y": [1.9656541347503662, 5.521308898925781, 4.994114875793457, 8.176276206970215, 5.323026180267334, 9.383444786071777], "params": [4.521426677703857, -2.4916653633117676, 9.249542236328125, 5.891310691833496, 0.25, 0.0, 6.691725254058838]}