{"x": [0, 1, 2, 3, 4, 5], "y": [3.2182798385620117, 9.400372505187988, 4.347976207733154, 11.209188461303711, 6.468377113342285, 11.785859107971191], "params": [3.1465234756469727, 0.0070095062255859375, 6.005885601043701, 10.588606834411621, 0.25, 0.0, 12.2670316696167]}