{"x": [0, 1, 2, 3, 4, 5], "y": [4.5610222816467285, 10.68677806854248, 5.6084885597229, 11.899642944335938, 6.63075590133667, 12.835293769836426], "params": [2.2000503540039062, -1.7263638973236084, 4.21516227722168, 11.538325309753418, 0.25, 0.0, 12.396268844604492]}