{"x": [0, 1, 2, 3, 4, 5], "y": [0.21818338334560394, 0.2209434062242508, 0.5129724144935608, 0.21711000800132751, 0.21262916922569275, 0.36954307556152344], "params": [0.5832499265670776, 0.25, 1.0, 0.6006864905357361]}