{"x": [0, 1, 2, 3, 4, 5], "y": [5.512811660766602, 1.1672205924987793, 5.785523891448975, 1.0743530988693237, 5.674501419067383, 1.118542194366455], "params": [9.76268482208252, 0.25, 1.0, 9.422341346740723]}