{"x": [0, 1, 2, 3, 4, 5], "y": [1.6033554077148438, 0.20220249891281128, 1.5798332691192627, -0.043546952307224274, 1.1438226699829102, 0.02663693018257618], "params": [2.8483870029449463, 0.25, 1.0, 3.29380464553833]}