{"x": [0, 1, 2, 3, 4, 5], "y": [8.551116943359375, 1.1067124605178833, 8.728362083435059, 1.5262024402618408, 8.117929458618164, 1.268033742904663], "params": [14.20714282989502, 0.25, 1.0, 15.24329948425293]}