{"x": [0, 1, 2, 3, 4, 5], "y": [3.122649669647217, 0.7724928259849548, 3.2280049324035645, 0.17887967824935913, 3.13472843170166, 0.5759919881820679], "params": [5.043998718261719, 0.25, 1.0, 6.098250389099121]}