{"x": [0, 1, 2, 3, 4, 5], "y": [1.2450306415557861, 0.23708777129650116, 1.3650548458099365, -0.1359124481678009, 1.0496187210083008, 0.026550348848104477], "params": [2.0940980911254883, 0.25, 1.0, 3.00193452835083]}