{"x": [0, 1, 2, 3, 4, 5], "y": [7.6556267738342285, 2.1011359691619873, 7.573493480682373, 1.3233046531677246, 7.564976215362549, 1.4357362985610962], "params": [11.956809997558594, 0.25, 1.0, 12.664644241333008]}