{"x": [0, 1, 2, 3, 4, 5], "y": [6.995045185089111, 1.7765074968338013, 6.496825218200684, 1.078545331954956, 6.446009159088135, 1.4314730167388916], "params": [9.857392311096191, 0.25, 1.0, 11.833000183105469]}