{"x": [0, 1, 2, 3, 4, 5], "y": [5.700019359588623, 0.027395814657211304, 5.464954853057861, -0.03766718506813049, 5.449098110198975, 0.39799201488494873], "params": [10.563943862915039, 0.25, 1.0, 11.475373268127441]}