{"x": [0, 1, 2, 3, 4, 5], "y": [6.747693061828613, 0.2615424394607544, 6.692155838012695, 0.6254802346229553, 6.832980632781982, 0.42156118154525757], "params": [12.408546447753906, 0.25, 1.0, 13.142876625061035]}