{"x": [0, 1, 2, 3, 4, 5], "y": [4.528740882873535, 0.03497663140296936, 4.48942756652832, 0.4323562681674957, 4.285360336303711, 0.3249998092651367], "params": [7.779290199279785, 0.25, 1.0, 8.987528800964355]}