{"x": [0, 1, 2, 3, 4, 5], "y": [7.433907985687256, 0.9949700832366943, 6.889729976654053, 1.0023020505905151, 7.239156246185303, 1.3384090662002563], "params": [11.9336519241333, 0.25, 1.0, 12.877876281738281]}