{"x": [0, 1, 2, 3, 4, 5], "y": [4.1344499588012695, 1.081413984298706, 3.5203964710235596, 0.4282141625881195, 3.1739602088928223, 0.39026176929473877], "params": [5.776696681976318, 0.25, 1.0, 7.488376617431641]}