{"x": [0, 1, 2, 3, 4, 5], "y": [2.2116100788116455, 0.3897782266139984, 2.2416512966156006, 0.029730141162872314, 2.2425482273101807, 0.6787617206573486], "params": [3.7245492935180664, 0.25, 1.0, 4.425636291503906]}