{"x": [0, 1, 2, 3, 4, 5], "y": [3.5844719409942627, 0.6516039967536926, 3.888624906539917, 0.8365048766136169, 3.6016829013824463, 1.0733375549316406], "params": [6.043043613433838, 0.25, 1.0, 6.474041938781738]}