{"x": [0, 1, 2, 3, 4, 5], "y": [6.996471881866455, 0.13442769646644592, 7.010746955871582, 0.46084123849868774, 6.572751522064209, -0.3530423939228058], "params": [13.774994850158691, 0.25, 1.0, 14.727579116821289]}