{"x": [0, 1, 2, 3, 4, 5], "y": [7.5588836669921875, 1.697962760925293, 7.772636413574219, 1.7668784856796265, 7.714836597442627, 1.9515283107757568], "params": [12.123442649841309, 0.25, 1.0, 12.149347305297852]}