{"x": [0, 1, 2, 3, 4, 5], "y": [6.970364570617676, 2.2264745235443115, 6.928682804107666, 1.249586582183838, 7.038969993591309, 1.7493085861206055], "params": [11.003453254699707, 0.25, 1.0, 11.578766822814941]}