{"x": [0, 1, 2, 3, 4, 5], "y": [3.0385642051696777, 0.3582506477832794, 3.2167115211486816, 0.43504491448402405, 3.0277717113494873, 0.20723259449005127], "params": [5.498044967651367, 0.25, 1.0, 6.01895809173584]}