{"x": [0, 1, 2, 3, 4, 5], "y": [3.655937671661377, -0.13356155157089233, 3.97318434715271, -0.02879858762025833, 4.172488212585449, 0.21221928298473358], "params": [7.648870468139648, 0.25, 1.0, 8.612099647521973]}