{"x": [0, 1, 2, 3, 4, 5], "y": [7.217814922332764, 1.526397705078125, 6.890413284301758, 1.0220165252685547, 7.130077838897705, 1.1264606714248657], "params": [12.482094764709473, 0.25, 1.0, 12.391596794128418]}