{"x": [0, 1, 2, 3, 4, 5], "y": [2.613659620285034, 0.24871128797531128, 2.8738324642181396, -0.2010672390460968, 2.717404365539551, 0.25399279594421387], "params": [5.531871318817139, 0.25, 1.0, 6.149799346923828]}