{"x": [0, 1, 2, 3, 4, 5], "y": [5.557869911193848, 0.23240011930465698, 5.575107574462891, 0.41415971517562866, 5.392884254455566, 0.07141128927469254], "params": [10.316122055053711, 0.25, 1.0, 11.007392883300781]}