{"x": [0, 1, 2, 3, 4, 5], "y": [0.3015170991420746, 0.08412850648164749, -0.0489351749420166, -0.023189278319478035, 0.4087948799133301, 0.013953536748886108], "params": [0.5123886466026306, 0.25, 1.0, 0.9154601097106934]}