{"x": [0, 1, 2, 3, 4, 5], "y": [5.717918872833252, 0.697891354560852, 5.936783790588379, 0.5414589643478394, 5.7980170249938965, 0.6697748899459839], "params": [10.765595436096191, 0.25, 1.0, 10.7906494140625]}