{"x": [0, 1, 2, 3, 4, 5], "y": [7.857884407043457, 0.6467491984367371, 7.87431526184082, 0.8478866219520569, 8.290491104125977, 0.934386134147644], "params": [14.822896957397461, 0.25, 1.0, 15.287484169006348]}