{"x": [0, 1, 2, 3, 4, 5], "y": [0.5341442227363586, 0.011487957090139389, 0.14091578125953674, 0.15500417351722717, 0.5995712876319885, -0.12360496819019318], "params": [0.2563673257827759, 0.25, 1.0, 1.446352481842041]}