{"x": [0, 1, 2, 3, 4, 5], "y": [6.524937629699707, 0.41035568714141846, 6.760430812835693, 0.31916543841362, 7.048079013824463, 0.08368149399757385], "params": [13.025383949279785, 0.25, 1.0, 13.928794860839844]}