{"x": [0, 1, 2, 3, 4, 5], "y": [1.5124766826629639, 0.39935994148254395, 1.8154093027114868, 0.3123384118080139, 1.6924997568130493, 0.4202926456928253], "params": [2.655233144760132, 0.25, 1.0, 3.0061416625976562]}