{"x": [0, 1, 2, 3, 4, 5], "y": [2.011021852493286, 0.5103325843811035, 2.0325727462768555, 0.1584780216217041, 2.3083279132843018, 0.47884830832481384], "params": [3.0899226665496826, 0.25, 1.0, 4.299699783325195]}