{"x": [0, 1, 2, 3, 4, 5], "y": [8.808594703674316, 1.8623515367507935, 8.981732368469238, 1.9415253400802612, 9.4885835647583, 2.053478479385376], "params": [14.871633529663086, 0.25, 1.0, 15.252464294433594]}