{"x": [0, 1, 2, 3, 4, 5], "y": [6.782577037811279, 1.4007409811019897, 6.277482509613037, 1.3989852666854858, 6.6935200691223145, 1.4275819063186646], "params": [10.393613815307617, 0.25, 1.0, 10.767183303833008]}