{"x": [0, 1, 2, 3, 4, 5], "y": [2.9309017658233643, 0.4462487995624542, 2.7458176612854004, 0.2653493881225586, 2.9079859256744385, 0.37725913524627686], "params": [5.226269245147705, 0.25, 1.0, 5.331104755401611]}