{"x": [0, 1, 2, 3, 4, 5], "y": [6.1921162605285645, 0.34685826301574707, 5.741624355316162, 0.533344030380249, 5.927208423614502, 0.20414450764656067], "params": [11.370060920715332, 0.25, 1.0, 11.975943565368652]}