{"x": [0, 1, 2, 3, 4, 5], "y": [4.160489082336426, 0.5550253391265869, 3.9557976722717285, 0.5858544111251831, 4.244559288024902, 0.3302367329597473], "params": [6.82476282119751, 0.25, 1.0, 7.8286452293396]}