{"x": [0, 1, 2, 3, 4, 5], "y": [5.043773174285889, 1.1881861686706543, 4.900439262390137, 0.7052874565124512, 4.654158115386963, 1.3762410879135132], "params": [7.537873268127441, 0.25, 1.0, 8.676971435546875]}