{"x": [0, 1, 2, 3, 4, 5], "y": [8.243175506591797, 1.1434030532836914, 7.968240261077881, 1.2175359725952148, 8.364419937133789, 1.1279261112213135], "params": [14.36911678314209, 0.25, 1.0, 14.47298812866211]}