{"x": [0, 1, 2, 3, 4, 5], "y": [6.36967658996582, 0.35698026418685913, 6.766106605529785, 0.12287606298923492, 6.30345344543457, 0.48875880241394043], "params": [12.359964370727539, 0.25, 1.0, 13.286460876464844]}