{"x": [0, 1, 2, 3, 4, 5], "y": [4.219066143035889, 0.5785434246063232, 4.369741916656494, 1.2170586585998535, 4.2722296714782715, 0.7447905540466309], "params": [6.946091651916504, 0.25, 1.0, 7.582396984100342]}