{"x": [0, 1, 2, 3, 4, 5], "y": [1.9548816680908203, 0.4794856607913971, 1.8950916528701782, 0.26077598333358765, 1.9253888130187988, 0.18692529201507568], "params": [2.963050603866577, 0.25, 1.0, 3.5359127521514893]}