{"x": [0, 1, 2, 3, 4, 5], "y": [6.260003566741943, 0.6515706181526184, 5.8274946212768555, 0.8709477782249451, 6.367751598358154, 0.5095689296722412], "params": [11.835968017578125, 0.25, 1.0, 11.716365814208984]}