{"x": [0, 1, 2, 3, 4, 5], "y": [8.771332740783691, 1.6371055841445923, 8.95779800415039, 1.736162543296814, 9.23147201538086, 1.7852896451950073], "params": [14.320006370544434, 0.25, 1.0, 15.188733100891113]}