{"x": [0, 1, 2, 3, 4, 5], "y": [4.752098083496094, 0.8137854337692261, 5.151907920837402, 0.9096764922142029, 4.397445201873779, 0.7914519906044006], "params": [7.812714099884033, 0.25, 1.0, 8.720911979675293]}