{"x": [0, 1, 2, 3, 4, 5], "y": [2.143737554550171, 0.5475969314575195, 1.8365957736968994, 0.5618086457252502, 1.7437562942504883, 0.5428627133369446], "params": [3.1242237091064453, 0.25, 1.0, 3.201749801635742]}