{"x": [0, 1, 2, 3, 4, 5], "y": [4.934597969055176, 0.9714130163192749, 4.892777442932129, 1.158757209777832, 4.495957851409912, 0.852245569229126], "params": [7.77872371673584, 0.25, 1.0, 8.164705276489258]}