{"x": [0, 1, 2, 3, 4, 5], "y": [1.5602858066558838, 0.2987977862358093, 1.7072432041168213, 0.817060112953186, 1.4541616439819336, 0.010745525360107422], "params": [2.4372410774230957, 0.25, 1.0, 3.3929953575134277]}