{"x": [0, 1, 2, 3, 4, 5], "y": [5.919632434844971, 1.039272427558899, 6.110145568847656, 1.39320707321167, 6.199776649475098, 1.0300732851028442], "params": [10.115851402282715, 0.25, 1.0, 10.339406967163086]}