{"x": [0, 1, 2, 3, 4, 5], "y": [8.699225425720215, 1.6476130485534668, 8.160672187805176, 1.3851747512817383, 8.228373527526855, 1.254499912261963], "params": [13.611352920532227, 0.25, 1.0, 14.889451026916504]}