{"x": [0, 1, 2, 3, 4, 5], "y": [2.1179707050323486, 0.3003121614456177, 2.392817974090576, 0.5595439076423645, 2.162306785583496, 0.6548967361450195], "params": [3.5169365406036377, 0.25, 1.0, 4.185011863708496]}