{"x": [0, 1, 2, 3, 4, 5], "y": [1.515670657157898, 0.27580180764198303, 1.6017652750015259, 0.4665921628475189, 1.8757095336914062, 0.06293320655822754], "params": [2.4696269035339355, 0.25, 1.0, 3.6255526542663574]}