{"x": [0, 1, 2, 3, 4, 5], "y": [6.13563346862793, 1.9744749069213867, 5.984969615936279, 1.6838281154632568, 6.041937828063965, 1.554610252380371], "params": [9.223430633544922, 0.25, 1.0, 9.162046432495117]}