{"x": [0, 1, 2, 3, 4, 5], "y": [7.061530113220215, 1.6137899160385132, 7.189696311950684, 1.4247664213180542, 7.286356449127197, 1.3891987800598145], "params": [11.513758659362793, 0.25, 1.0, 11.794315338134766]}