{"x": [0, 1, 2, 3, 4, 5], "y": [4.490605354309082, 1.1643903255462646, 4.891916275024414, 0.6493984460830688, 4.75341272354126, 0.553004264831543], "params": [8.184208869934082, 0.25, 1.0, 8.677824020385742]}