{"x": [0, 1, 2, 3, 4, 5], "y": [1.5385572910308838, -0.2703741490840912, 1.5988826751708984, 0.7039434909820557, 1.7346439361572266, -0.37024986743927], "params": [3.455509662628174, 0.25, 1.0, 4.209787368774414]}