{"x": [0, 1, 2, 3, 4, 5], "y": [0.4478389322757721, -0.3176997900009155, 1.0530914068222046, 0.11885285377502441, 0.9932870864868164, 0.10613159835338593], "params": [1.5032556056976318, 0.25, 1.0, 2.7415823936462402]}