{"x": [0, 1, 2, 3, 4, 5], "y": [4.178481578826904, 0.7385560274124146, 4.526172161102295, 0.4172424077987671, 4.260594367980957, 0.539588212966919], "params": [8.045647621154785, 0.25, 1.0, 8.217859268188477]}