{"x": [0, 1, 2, 3, 4, 5], "y": [5.622143745422363, 0.3705235421657562, 5.373004913330078, 0.8596113920211792, 5.556585788726807, 0.8158894181251526], "params": [9.442124366760254, 0.25, 1.0, 10.503240585327148]}