{"x": [0, 1, 2, 3, 4, 5], "y": [6.94726037979126, 1.21429443359375, 7.008612632751465, 0.8674851655960083, 7.356425762176514, 1.0964291095733643], "params": [12.349288940429688, 0.25, 1.0, 12.97788143157959]}