{"x": [0, 1, 2, 3, 4, 5], "y": [3.7350542545318604, 0.668944239616394, 3.451540231704712, 0.8766641616821289, 3.5450401306152344, 0.5472943186759949], "params": [5.91762113571167, 0.25, 1.0, 6.375519752502441]}