{"x": [0, 1, 2, 3, 4, 5], "y": [6.728445529937744, 1.2303348779678345, 6.497891902923584, 0.9313419461250305, 6.5578389167785645, 1.3734360933303833], "params": [10.80146312713623, 0.25, 1.0, 11.594206809997559]}