{"x": [0, 1, 2, 3, 4, 5], "y": [3.528167486190796, 0.8307439684867859, 3.6516053676605225, 0.7376192808151245, 3.4705469608306885, 0.23789852857589722], "params": [5.200762748718262, 0.25, 1.0, 6.827413558959961]}