{"x": [0, 1, 2, 3, 4, 5], "y": [0.36732327938079834, 0.20687368512153625, 0.8731531500816345, 0.397536039352417, 0.47254499793052673, -0.37708789110183716], "params": [0.8535557985305786, 0.25, 1.0, 2.5004820823669434]}