{"x": [0, 1, 2, 3, 4, 5], "y": [5.027527332305908, 1.2472081184387207, 4.950883388519287, 1.4450316429138184, 4.8608903884887695, 1.3578286170959473], "params": [7.25954008102417, 0.25, 1.0, 7.560638427734375]}