{"x": [0, 1, 2, 3, 4, 5], "y": [5.925259113311768, 0.4038783311843872, 5.826719284057617, 0.1162201464176178, 5.745116710662842, 0.5477433800697327], "params": [10.536224365234375, 0.25, 1.0, 11.618078231811523]}