{"x": [0, 1, 2, 3, 4, 5], "y": [6.968827724456787, 0.13750216364860535, 7.06080961227417, 0.11941921710968018, 7.1031951904296875, 0.06217271834611893], "params": [13.851759910583496, 0.25, 1.0, 14.08204460144043]}