{"x": [0, 1, 2, 3, 4, 5], "y": [5.186668872833252, 0.7209540605545044, 5.317861080169678, 0.8889375925064087, 5.227792739868164, 1.0049577951431274], "params": [8.897971153259277, 0.25, 1.0, 9.193814277648926]}