{"x": [0, 1, 2, 3, 4, 5], "y": [5.304556846618652, 0.7435860633850098, 5.339305877685547, 1.0205143690109253, 5.224200248718262, 0.7507816553115845], "params": [9.020088195800781, 0.25, 1.0, 9.191439628601074]}