{"x": [0, 1, 2, 3, 4, 5], "y": [2.827342987060547, 0.7070563435554504, 2.287692070007324, 0.2956075966358185, 2.724186897277832, 0.4950525462627411], "params": [4.392307758331299, 0.25, 1.0, 5.063470840454102]}