{"x": [0, 1, 2, 3, 4, 5], "y": [4.040126800537109, 0.5754209160804749, 4.553075790405273, 0.3601182699203491, 3.8983652591705322, 0.3830510079860687], "params": [7.422003269195557, 0.25, 1.0, 8.38591480255127]}