{"x": [0, 1, 2, 3, 4, 5], "y": [7.4732184410095215, 0.16378851234912872, 7.1575703620910645, 0.5035892128944397, 7.008602619171143, 0.2949494421482086], "params": [14.048702239990234, 0.25, 1.0, 14.618860244750977]}