{"x": [0, 1, 2, 3, 4, 5], "y": [4.5210041999816895, 0.9352959394454956, 4.7921905517578125, 0.8789525628089905, 4.739124298095703, 0.9218410849571228], "params": [7.263253211975098, 0.25, 1.0, 7.826476097106934]}