{"x": [0, 1, 2, 3, 4, 5], "y": [8.259051322937012, 1.3255486488342285, 8.381744384765625, 0.926780104637146, 8.379371643066406, 0.9280719757080078], "params": [14.61339282989502, 0.25, 1.0, 14.909928321838379]}