{"x": [0, 1, 2, 3, 4, 5], "y": [6.048557281494141, 0.18890276551246643, 5.811741352081299, 0.5915977954864502, 6.113245964050293, 0.4875626564025879], "params": [10.751463890075684, 0.25, 1.0, 11.848686218261719]}