{"x": [0, 1, 2, 3, 4, 5], "y": [4.412343978881836, 0.440410852432251, 4.474489212036133, 0.2813076972961426, 4.596562385559082, 0.63374263048172], "params": [7.621365547180176, 0.25, 1.0, 8.630509376525879]}