{"x": [0, 1, 2, 3, 4, 5], "y": [3.572826385498047, 0.2496703863143921, 3.110704183578491, 0.8357224464416504, 3.235607385635376, 0.30739808082580566], "params": [6.114663600921631, 0.25, 1.0, 6.6463117599487305]}