{"x": [0, 1, 2, 3, 4, 5], "y": [4.766483306884766, 0.5512808561325073, 4.322055816650391, -0.04608878493309021, 4.199606418609619, 0.7493258714675903], "params": [8.172652244567871, 0.25, 1.0, 9.625144004821777]}