{"x": [0, 1, 2, 3, 4, 5], "y": [8.540310859680176, 8.235589027404785, 7.456523895263672, 7.074245929718018, 6.159243583679199, 5.683475494384766], "params": [-2.917814016342163, 4.098368167877197, 5.71367073059082]}