{"x": [0, 1, 2, 3, 4, 5], "y": [4.0900726318359375, 4.167563438415527, 3.861490488052368, 3.721259593963623, 4.145301342010498, 4.231113433837891], "params": [-0.2107033133506775, -1.8651700019836426, 1.0197076797485352]}