{"x": [0, 1, 2, 3, 4, 5], "y": [7.493586540222168, 6.735273361206055, 5.634964466094971, 4.740586280822754, 3.875868797302246, 3.005183219909668], "params": [-4.7685041427612305, 0.016330480575561523, 8.976806640625]}