{"x": [0, 1, 2, 3, 4, 5], "y": [3.8554928302764893, 3.5479273796081543, 3.891864061355591, 4.164921760559082, 4.32505989074707, 4.2908501625061035], "params": [0.8865445256233215, -1.819930076599121, 1.554265022277832]}