{"x": [0, 1, 2, 3, 4, 5], "y": [7.531030654907227, 6.631692886352539, 5.68113899230957, 4.781420707702637, 3.7747066020965576, 2.986358165740967], "params": [-4.634920597076416, 0.3379237651824951, 9.08934497833252]}