{"x": [0, 1, 2, 3, 4, 5], "y": [6.040266036987305, 5.395693302154541, 4.823151588439941, 5.009161472320557, 4.059800148010254, 3.7567596435546875], "params": [-2.0631561279296875, -0.4611992835998535, 4.567012786865234]}