{"x": [0, 1, 2, 3, 4, 5], "y": [7.9945878982543945, 7.093221664428711, 6.418667793273926, 5.642966270446777, 4.851100921630859, 4.262790203094482], "params": [-3.6959173679351807, 1.9996362924575806, 7.463595390319824]}