{"x": [0, 1, 2, 3, 4, 5], "y": [8.985581398010254, 7.811793327331543, 6.8336052894592285, 6.3324971199035645, 4.95811653137207, 4.034672260284424], "params": [-4.835127353668213, 2.986886978149414, 9.90181827545166]}