{"x": [0, 1, 2, 3, 4, 5], "y": [2.695599317550659, 2.827033519744873, 3.167753219604492, 2.55755615234375, 3.039888620376587, 3.287578821182251], "params": [-0.25138646364212036, -4.480221271514893, 1.460045337677002]}