{"x": [0, 1, 2, 3, 4, 5], "y": [7.442328929901123, 7.19979190826416, 6.733913898468018, 5.988786697387695, 5.573987007141113, 5.198466777801514], "params": [-2.3799548149108887, 2.5757062435150146, 4.487724304199219]}