{"x": [0, 1, 2, 3, 4, 5], "y": [6.603142261505127, 6.335977077484131, 6.1519317626953125, 5.931862831115723, 5.736589431762695, 5.70491886138916], "params": [-1.0077526569366455, 1.876969337463379, 1.7964468002319336]}