{"x": [0, 1, 2, 3, 4, 5], "y": [3.418339967727661, 3.6286325454711914, 3.449192523956299, 3.628185272216797, 3.8762218952178955, 3.6831610202789307], "params": [0.29523468017578125, -2.7662367820739746, 0.9157638549804688]}