{"x": [0, 1, 2, 3, 4, 5], "y": [6.306817054748535, 6.404827117919922, 5.881352424621582, 5.396623134613037, 4.905752658843994, 4.553689479827881], "params": [-2.45271372795105, 1.4996522665023804, 3.702275276184082]}