{"x": [0, 1, 2, 3, 4, 5], "y": [4.6282572746276855, 4.186525344848633, 3.798327922821045, 3.505117893218994, 2.8076086044311523, 2.3414347171783447], "params": [-2.8147263526916504, -2.941938638687134, 4.573645114898682]}