{"x": [0, 1, 2, 3, 4, 5], "y": [4.440060615539551, 4.140389919281006, 3.6320295333862305, 3.222454309463501, 2.800661325454712, 2.049945831298828], "params": [-2.7918803691864014, -3.213164806365967, 4.780229568481445]}