{"x": [0, 1, 2, 3, 4, 5], "y": [6.397735118865967, 5.702295780181885, 5.259517669677734, 4.691576957702637, 4.279882431030273, 3.8709840774536133], "params": [-2.6191580295562744, 0.1825791597366333, 5.053502082824707]}