{"x": [0, 1, 2, 3, 4, 5], "y": [8.9068021774292, 8.519627571105957, 7.791563034057617, 6.98630428314209, 6.055254936218262, 5.526844024658203], "params": [-3.58675217628479, 4.765591621398926, 6.759916305541992]}