{"x": [0, 1, 2, 3, 4, 5], "y": [5.484254360198975, 4.520413398742676, 4.172578811645508, 3.7508370876312256, 2.7705788612365723, 2.424712657928467], "params": [-3.52754545211792, -1.9189494848251343, 6.119083404541016]}