{"x": [0, 1, 2, 3, 4, 5], "y": [5.507685661315918, 4.784833908081055, 3.576157331466675, 2.9029603004455566, 1.946436882019043, 1.2815186977386475], "params": [-3.963168144226074, -3.1174051761627197, 8.452333450317383]}