{"x": [0, 1, 2, 3, 4, 5], "y": [7.827835559844971, 6.645008087158203, 6.436707496643066, 6.017622947692871, 5.499909400939941, 5.334092140197754], "params": [-2.7478325366973877, 3.0277204513549805, 4.987486839294434]}