{"x": [0, 1, 2, 3, 4, 5], "y": [5.574575424194336, 5.6066765785217285, 5.132802486419678, 5.467623233795166, 5.0273261070251465, 5.008503437042236], "params": [-0.525454580783844, 0.9526115655899048, 1.1963462829589844]}