{"x": [0, 1, 2, 3, 4, 5], "y": [6.276201248168945, 6.506521224975586, 5.875722408294678, 5.742820739746094, 5.585115432739258, 5.609307765960693], "params": [-1.4664795398712158, 1.688264012336731, 1.8428115844726562]}