{"x": [0, 1, 2, 3, 4, 5], "y": [3.596616744995117, 3.4756712913513184, 3.7826085090637207, 4.140564918518066, 4.114965915679932, 3.8799548149108887], "params": [0.8629032969474792, -2.6160998344421387, 1.329787254333496]}