{"x": [0, 1, 2, 3, 4, 5], "y": [2.1663036346435547, 2.513543128967285, 3.1799380779266357, 3.671212911605835, 3.5995421409606934, 3.804020643234253], "params": [1.7596815824508667, -3.5126054286956787, 3.2754340171813965]}