{"x": [0, 1, 2, 3, 4, 5], "y": [8.877178192138672, 8.081990242004395, 7.1101460456848145, 6.417855739593506, 5.640797138214111, 5.055399417877197], "params": [-4.213555812835693, 3.730225086212158, 7.643557548522949]}