{"x": [0, 1, 2, 3, 4, 5], "y": [4.378446102142334, 3.9822824001312256, 2.990272045135498, 3.4534168243408203, 2.885976552963257, 2.772069215774536], "params": [-1.4246399402618408, -3.2011122703552246, 3.2127537727355957]}