{"x": [0, 1, 2, 3, 4, 5], "y": [6.358661651611328, 5.934091567993164, 5.508882522583008, 4.769566535949707, 4.314019203186035, 4.307587146759033], "params": [-1.9930458068847656, 0.7458198070526123, 4.10214900970459]}