{"x": [0, 1, 2, 3, 4, 5], "y": [6.715439796447754, 5.598393440246582, 4.629961013793945, 3.6417040824890137, 3.0218067169189453, 2.2597594261169434], "params": [-4.601241588592529, -1.4492672681808472, 8.911360740661621]}