{"x": [0, 1, 2, 3, 4, 5], "y": [4.432600975036621, 3.7612593173980713, 3.091552972793579, 2.001577138900757, 1.3215837478637695, 0.8585760593414307], "params": [-3.8465821743011475, -4.802140712738037, 7.148049831390381]}