{"x": [0, 1, 2, 3, 4, 5], "y": [3.754361867904663, 4.4308600425720215, 4.431324005126953, 5.299811840057373, 5.178694725036621, 5.617152690887451], "params": [1.71751070022583, -0.21154701709747314, 3.725581645965576]}