{"x": [0, 1, 2, 3, 4, 5], "y": [2.9644503593444824, 2.558320999145508, 2.8993911743164062, 2.9337546825408936, 2.6224734783172607, 2.691671371459961], "params": [-0.5532532930374146, -4.584621906280518, 0.8122587203979492]}