{"x": [0, 1, 2, 3, 4, 5], "y": [8.595643997192383, 7.510722637176514, 6.563506126403809, 5.318330764770508, 4.858611106872559, 3.833371877670288], "params": [-4.869053840637207, 2.17889666557312, 9.524543762207031]}