{"x": [0, 1, 2, 3, 4, 5], "y": [8.034772872924805, 7.2866716384887695, 6.4759297370910645, 5.279253959655762, 4.714191913604736, 3.865739345550537], "params": [-4.354854583740234, 1.685507893562317, 8.338067054748535]}