{"x": [0, 1, 2, 3, 4, 5], "y": [5.321659088134766, 5.270312309265137, 4.521712779998779, 4.145019054412842, 3.9732139110565186, 3.097262382507324], "params": [-2.319218635559082, -1.157960295677185, 4.448793411254883]}