{"x": [0, 1, 2, 3, 4, 5], "y": [6.328262805938721, 5.3757171630859375, 4.494482040405273, 3.48264479637146, 2.6911115646362305, 1.8093678951263428], "params": [-4.3255414962768555, -1.7337512969970703, 9.037790298461914]}