{"x": [0, 1, 2, 3, 4, 5], "y": [8.349456787109375, 7.329957485198975, 6.542180061340332, 6.02363920211792, 4.788519382476807, 3.796809196472168], "params": [-4.39808464050293, 2.2272491455078125, 9.105295181274414]}