{"x": [0, 1, 2, 3, 4, 5], "y": [5.011465072631836, 4.031802177429199, 3.4641082286834717, 3.6553666591644287, 3.6927616596221924, 3.180049180984497], "params": [-1.2042300701141357, -2.2242016792297363, 3.6628317832946777]}