{"x": [0, 1, 2, 3, 4, 5], "y": [5.266932964324951, 5.8326849937438965, 5.615991115570068, 6.030727863311768, 5.990437984466553, 5.769332408905029], "params": [0.46291667222976685, 1.3359344005584717, 1.5275897979736328]}