{"x": [0, 1, 2, 3, 4, 5], "y": [8.270913124084473, 8.156620979309082, 7.108822822570801, 6.2081298828125, 5.417404651641846, 4.910409450531006], "params": [-3.63752818107605, 3.183774948120117, 6.721007347106934]}