{"x": [0, 1, 2, 3, 4, 5], "y": [5.39008092880249, 5.040666103363037, 4.305865287780762, 3.806821584701538, 3.1832711696624756, 2.5906355381011963], "params": [-2.221616268157959, -1.5086418390274048, 5.598890781402588]}