{"x": [0, 1, 2, 3, 4, 5], "y": [6.535107612609863, 6.189355850219727, 5.55502462387085, 4.769844055175781, 4.9116621017456055, 3.9565327167510986], "params": [-2.5899455547332764, 1.0941588878631592, 5.157149791717529]}