{"x": [0, 1, 2, 3, 4, 5], "y": [5.088451862335205, 4.635388374328613, 3.823603391647339, 3.2065117359161377, 2.430873155593872, 1.7949575185775757], "params": [-3.2322068214416504, -3.1307034492492676, 6.58698844909668]}