{"x": [0, 1, 2, 3, 4, 5], "y": [4.6815314292907715, 3.968179941177368, 3.874283790588379, 3.8792245388031006, 3.796889066696167, 3.9711360931396484], "params": [-0.8988034725189209, -2.1042990684509277, 1.769284725189209]}