{"x": [0, 1, 2, 3, 4, 5], "y": [3.078498601913452, 3.5261919498443604, 3.8216357231140137, 4.625192165374756, 4.111387252807617, 4.433822154998779], "params": [1.4908339977264404, -1.967666745185852, 3.0933871269226074]}