{"x": [0, 1, 2, 3, 4, 5], "y": [5.891914367675781, 5.94825553894043, 5.759903907775879, 5.445262908935547, 5.090579986572266, 5.028761863708496], "params": [-0.8507904410362244, 1.3662660121917725, 1.8389873504638672]}