{"x": [0, 1, 2, 3, 4, 5], "y": [6.689276695251465, 6.905727386474609, 6.249580383300781, 6.49762487411499, 6.580470561981201, 6.601097583770752], "params": [-0.3871142864227295, 3.450754165649414, 1.3122940063476562]}