{"x": [0, 1, 2, 3, 4, 5], "y": [5.368322372436523, 4.9291534423828125, 5.335646152496338, 4.854075908660889, 4.891726016998291, 4.7736430168151855], "params": [-0.6420702338218689, 0.04732787609100342, 1.1893587112426758]}