{"x": [0, 1, 2, 3, 4, 5], "y": [5.566410541534424, 5.091863632202148, 4.559258937835693, 3.9106860160827637, 3.226191759109497, 3.0287387371063232], "params": [-2.5382113456726074, -1.6358834505081177, 5.075343608856201]}