{"x": [0, 1, 2, 3, 4, 5], "y": [9.384355545043945, 8.307968139648438, 7.455430030822754, 6.127068042755127, 5.29353141784668, 4.613617897033691], "params": [-4.851107120513916, 3.793576240539551, 9.541475296020508]}