{"x": [0, 1, 2, 3, 4, 5], "y": [7.205600738525391, 6.35847282409668, 6.00735330581665, 5.734614372253418, 4.850851535797119, 4.327087879180908], "params": [-2.618403911590576, 1.6408216953277588, 5.757025718688965]}