{"x": [0, 1, 2, 3, 4, 5], "y": [3.4260170459747314, 2.606074333190918, 2.780461549758911, 2.2990286350250244, 2.556267023086548, 2.741511106491089], "params": [-0.693204402923584, -4.70259428024292, 2.253976821899414]}