{"x": [0, 1, 2, 3, 4, 5], "y": [4.402523517608643, 3.6473464965820312, 3.484710693359375, 3.319805145263672, 3.252918004989624, 2.9052934646606445], "params": [-1.5467280149459839, -3.181774139404297, 2.994460105895996]}