{"x": [0, 1, 2, 3, 4, 5], "y": [7.046510219573975, 6.734905242919922, 5.982322692871094, 5.053657054901123, 4.493369102478027, 3.947723150253296], "params": [-3.5200400352478027, 1.2118172645568848, 6.197574138641357]}