{"x": [0, 1, 2, 3, 4, 5], "y": [8.992849349975586, 8.199247360229492, 7.497816562652588, 7.324888706207275, 6.677202224731445, 5.986608982086182], "params": [-3.603534460067749, 4.689205169677734, 6.012480735778809]}