{"x": [0, 1, 2, 3, 4, 5], "y": [4.844991683959961, 4.431872367858887, 3.889221668243408, 3.801196336746216, 3.0688986778259277, 2.606920003890991], "params": [-2.191019058227539, -2.1222758293151855, 4.4761433601379395]}