{"x": [0, 1, 2, 3, 4, 5], "y": [3.633586883544922, 3.5669314861297607, 3.742600679397583, 3.317166328430176, 3.6171398162841797, 3.3050613403320312], "params": [-0.4005274176597595, -3.0208535194396973, 0.8750786781311035]}