{"x": [0, 1, 2, 3, 4, 5], "y": [8.081853866577148, 7.54136848449707, 7.330010414123535, 7.264530181884766, 6.649867534637451, 6.775519847869873], "params": [-1.710087776184082, 4.836338043212891, 2.8639726638793945]}