{"x": [0, 1, 2, 3, 4, 5], "y": [5.214025497436523, 4.20064640045166, 3.4452426433563232, 2.8294684886932373, 2.091970443725586, 1.1980581283569336], "params": [-3.9122464656829834, -3.4002394676208496, 8.03193473815918]}