{"x": [0, 1, 2, 3, 4, 5], "y": [6.08041524887085, 6.026825904846191, 6.079658031463623, 5.635350704193115, 5.146836280822754, 5.282808780670166], "params": [-1.2860095500946045, 1.2851643562316895, 1.8671579360961914]}