{"x": [0, 1, 2, 3, 4, 5], "y": [6.426881313323975, 5.918282508850098, 5.350746154785156, 4.267224311828613, 3.5813615322113037, 2.85591983795166], "params": [-3.8067519664764404, -0.7514655590057373, 7.141922950744629]}