{"x": [0, 1, 2, 3, 4, 5], "y": [5.611401557922363, 4.808029651641846, 3.3574647903442383, 3.109869956970215, 1.4248526096343994, 0.4439055621623993], "params": [-4.504737854003906, -3.801884651184082, 10.334992408752441]}