{"x": [0, 1, 2, 3, 4, 5], "y": [5.67694616317749, 4.930757522583008, 4.513210773468018, 4.068329811096191, 4.152566432952881, 3.7319531440734863], "params": [-1.719702959060669, -0.9565043449401855, 3.889986038208008]}