{"x": [0, 1, 2, 3, 4, 5], "y": [6.543811321258545, 6.185579299926758, 5.729300022125244, 5.465059280395508, 5.055995464324951, 4.8535380363464355], "params": [-1.6278948783874512, 0.9443575143814087, 3.3805465698242188]}