{"x": [0, 1, 2, 3, 4, 5], "y": [6.71920108795166, 6.753779411315918, 6.642416477203369, 7.05864143371582, 7.18272590637207, 6.958785533905029], "params": [0.9354024529457092, 3.778069496154785, 1.0806188583374023]}