{"x": [0, 1, 2, 3, 4, 5], "y": [8.697226524353027, 7.77887487411499, 7.1261467933654785, 6.236379146575928, 5.733712673187256, 4.823224067687988], "params": [-4.036868572235107, 3.5932934284210205, 7.748004913330078]}