{"x": [0, 1, 2, 3, 4, 5], "y": [6.567091464996338, 5.985388278961182, 4.899769306182861, 4.419616222381592, 3.4894280433654785, 2.760519504547119], "params": [-3.7608039379119873, -0.5866390466690063, 7.6131439208984375]}