{"x": [0, 1, 2, 3, 4, 5], "y": [6.078634262084961, 6.844777584075928, 7.126313209533691, 7.235701560974121, 7.507612228393555, 7.8727850914001465], "params": [1.1981642246246338, 4.445679664611816, 3.588301658630371]}