{"x": [0, 1, 2, 3, 4, 5], "y": [3.4806010723114014, 3.6087794303894043, 4.342151641845703, 4.616506099700928, 4.879694938659668, 5.630919933319092], "params": [1.8767904043197632, -1.1955636739730835, 4.300637722015381]}