{"x": [0, 1, 2, 3, 4, 5], "y": [7.723539352416992, 6.8993635177612305, 6.233881950378418, 5.823433876037598, 4.798999786376953, 4.327449321746826], "params": [-3.606968402862549, 2.050116539001465, 6.792180061340332]}