{"x": [0, 1, 2, 3, 4, 5], "y": [5.979012489318848, 6.086913585662842, 6.717859268188477, 6.853383541107178, 6.9503254890441895, 7.20839786529541], "params": [1.279784083366394, 3.2689924240112305, 2.458770751953125]}