{"x": [0, 1, 2, 3, 4, 5], "y": [5.07145357131958, 3.7991573810577393, 3.4753658771514893, 2.4373178482055664, 0.7620035409927368, 0.17598503828048706], "params": [-4.881316184997559, -4.861087322235107, 9.790937423706055]}