{"x": [0, 1, 2, 3, 4, 5], "y": [6.375101089477539, 5.553646087646484, 4.431998252868652, 4.168798446655273, 3.1272940635681152, 3.0031251907348633], "params": [-3.397477865219116, -1.2940114736557007, 6.743951797485352]}