{"x": [0, 1, 2, 3, 4, 5], "y": [3.7961819171905518, 3.1848905086517334, 2.613990068435669, 2.7973313331604004, 2.399235963821411, 1.9904979467391968], "params": [-1.7774162292480469, -4.447678565979004, 3.61136794090271]}