{"x": [0, 1, 2, 3, 4, 5], "y": [6.622424125671387, 5.9933929443359375, 5.650836944580078, 5.326637268066406, 5.0006303787231445, 3.9372165203094482], "params": [-1.9906928539276123, 0.8172762393951416, 5.370415210723877]}