{"x": [0, 1, 2, 3, 4, 5], "y": [4.92884635925293, 5.506420612335205, 4.8383073806762695, 5.029308319091797, 4.7024736404418945, 4.590655326843262], "params": [-0.43636471033096313, -0.250360369682312, 1.8315305709838867]}