{"x": [0, 1, 2, 3, 4, 5], "y": [4.8000946044921875, 4.574985027313232, 3.68764066696167, 2.843770742416382, 2.022292137145996, 1.4128472805023193], "params": [-3.5097577571868896, -3.4704673290252686, 6.774494647979736]}