{"x": [0, 1, 2, 3, 4, 5], "y": [4.656796932220459, 4.583437442779541, 3.614304542541504, 2.947676181793213, 2.0801033973693848, 1.254550814628601], "params": [-3.75205135345459, -3.6878299713134766, 6.804491996765137]}