{"x": [0, 1, 2, 3, 4, 5], "y": [3.087005615234375, 3.0339865684509277, 3.0361459255218506, 2.2789385318756104, 2.6316261291503906, 2.574726104736328], "params": [-0.7218441367149353, -4.205868721008301, 1.6161341667175293]}