{"x": [0, 1, 2, 3, 4, 5], "y": [7.440818786621094, 6.55058479309082, 5.172133922576904, 4.574271202087402, 3.633329153060913, 2.756298065185547], "params": [-4.521989345550537, 0.1597374677658081, 9.369041442871094]}