{"x": [0, 1, 2, 3, 4, 5], "y": [6.260375022888184, 6.243106365203857, 5.288527488708496, 4.907978057861328, 3.9905056953430176, 3.4873545169830322], "params": [-2.621736764907837, 0.14180541038513184, 5.546041011810303]}