{"x": [0, 1, 2, 3, 4, 5], "y": [8.872119903564453, 7.698808193206787, 6.775920391082764, 5.688541412353516, 4.430335521697998, 3.959540605545044], "params": [-4.881275653839111, 2.4953131675720215, 9.825159072875977]}