{"x": [0, 1, 2, 3, 4, 5], "y": [6.057945251464844, 5.879205226898193, 5.783257961273193, 5.735219955444336, 5.037859916687012, 5.029867649078369], "params": [-1.2897822856903076, 0.929533839225769, 2.056155204772949]}