{"x": [0, 1, 2, 3, 4, 5], "y": [4.050738334655762, 3.999760627746582, 4.170196056365967, 4.8295698165893555, 5.170591354370117, 5.057558059692383], "params": [1.4210907220840454, -0.9670388698577881, 2.3416614532470703]}