{"x": [0, 1, 2, 3, 4, 5], "y": [7.129955768585205, 6.981327533721924, 6.828402519226074, 6.334782123565674, 5.632731914520264, 4.866245269775391], "params": [-2.1977546215057373, 2.4571938514709473, 4.527420997619629]}