{"x": [0, 1, 2, 3, 4, 5], "y": [8.511629104614258, 7.910766124725342, 7.433198928833008, 7.310720443725586, 7.00128173828125, 6.410002708435059], "params": [-2.8646066188812256, 4.808161735534668, 4.203252792358398]}