{"x": [0, 1, 2, 3, 4, 5], "y": [7.606573104858398, 6.956533908843994, 6.541879177093506, 5.877274036407471, 4.800929546356201, 3.8183891773223877], "params": [-3.761777400970459, 1.9677722454071045, 7.5763678550720215]}