{"x": [0, 1, 2, 3, 4, 5], "y": [5.359370231628418, 5.210011959075928, 5.396031379699707, 6.344194412231445, 6.237782001495361, 5.966665267944336], "params": [0.872081995010376, 1.4363950490951538, 2.268364906311035]}