{"x": [0, 1, 2, 3, 4, 5], "y": [7.964331150054932, 7.556485176086426, 7.330723762512207, 7.143166542053223, 6.800100326538086, 7.087118148803711], "params": [-0.7500984072685242, 4.310283660888672, 2.3284616470336914]}