{"x": [0, 1, 2, 3, 4, 5], "y": [7.984072685241699, 6.889138221740723, 5.8470048904418945, 5.143033981323242, 3.6847052574157715, 3.140474319458008], "params": [-4.909603595733643, 1.0111373662948608, 9.687196731567383]}