{"x": [0, 1, 2, 3, 4, 5], "y": [3.9679384231567383, 2.906926393508911, 3.3154001235961914, 2.992436408996582, 1.7877556085586548, 1.508233666419983], "params": [-2.171584129333496, -4.902722358703613, 4.91940975189209]}