{"x": [0, 1, 2, 3, 4, 5], "y": [2.292886257171631, 2.6602442264556885, 2.865837812423706, 3.2660412788391113, 3.0075740814208984, 3.065256357192993], "params": [1.171766757965088, -4.027844429016113, 1.946310043334961]}