{"x": [0, 1, 2, 3, 4, 5], "y": [6.178121089935303, 5.514647006988525, 4.286741733551025, 3.1855342388153076, 2.8806521892547607, 1.7839208841323853], "params": [-3.9875850677490234, -2.0525355339050293, 8.788400650024414]}