{"x": [0, 1, 2, 3, 4, 5], "y": [5.538078784942627, 4.5753326416015625, 4.556654453277588, 3.3232669830322266, 3.1273012161254883, 2.1336262226104736], "params": [-3.422027826309204, -1.8839722871780396, 6.808905124664307]}