{"x": [0, 1, 2, 3, 4, 5], "y": [2.6026859283447266, 2.829404592514038, 2.332918167114258, 3.0598909854888916, 2.620339870452881, 3.2509634494781494], "params": [-0.046839237213134766, -4.636632919311523, 1.8360905647277832]}