{"x": [0, 1, 2, 3, 4, 5], "y": [5.590104579925537, 4.849778652191162, 4.800005912780762, 3.4761264324188232, 3.0154340267181396, 2.753087043762207], "params": [-2.9807474613189697, -1.9810497760772705, 5.67403507232666]}