{"x": [0, 1, 2, 3, 4, 5], "y": [5.3962531089782715, 4.430610656738281, 3.987905263900757, 2.7035439014434814, 1.7973352670669556, 0.985569953918457], "params": [-4.363668441772461, -3.739169120788574, 8.821366310119629]}