{"x": [0, 1, 2, 3, 4, 5], "y": [7.513321399688721, 6.4744648933410645, 5.840054035186768, 5.146506309509277, 4.94657039642334, 4.231248378753662], "params": [-2.6872072219848633, 1.4447098970413208, 6.564146041870117]}