{"x": [0, 1, 2, 3, 4, 5], "y": [4.731251239776611, 4.183309555053711, 3.3939108848571777, 3.0868959426879883, 2.579893112182617, 2.1104793548583984], "params": [-2.863447904586792, -3.289968967437744, 5.241543769836426]}