{"x": [0, 1, 2, 3, 4, 5], "y": [6.27992057800293, 5.190197944641113, 4.918793201446533, 3.961484432220459, 3.300886631011963, 1.4595941305160522], "params": [-4.872368812561035, -1.8257999420166016, 9.640652656555176]}