{"x": [0, 1, 2, 3, 4, 5], "y": [8.603919982910156, 7.47467041015625, 6.610550403594971, 6.190915584564209, 5.0862650871276855, 4.420703887939453], "params": [-4.191233158111572, 2.648355484008789, 8.366432189941406]}