{"x": [0, 1, 2, 3, 4, 5], "y": [5.141573905944824, 3.797821283340454, 3.460102081298828, 2.285884380340576, 1.7024202346801758, 0.20765992999076843], "params": [-4.684412479400635, -4.4112958908081055, 9.867828369140625]}