{"x": [0, 1, 2, 3, 4, 5], "y": [7.550754070281982, 6.542133808135986, 5.474408149719238, 4.95679235458374, 3.8617260456085205, 3.301957845687866], "params": [-3.9690816402435303, 0.6543117761611938, 8.49759292602539]}