{"x": [0, 1, 2, 3, 4, 5], "y": [7.613165855407715, 7.065470218658447, 7.007940292358398, 6.750357151031494, 7.0725884437561035, 6.79784631729126], "params": [-0.876677930355072, 4.064568996429443, 1.7256174087524414]}