{"x": [0, 1, 2, 3, 4, 5], "y": [7.515786170959473, 6.719249725341797, 5.868776798248291, 4.985071659088135, 4.683695316314697, 2.8835642337799072], "params": [-4.114739418029785, 0.7317739725112915, 9.264444351196289]}