{"x": [0, 1, 2, 3, 4, 5], "y": [4.114102363586426, 3.9539682865142822, 3.8491523265838623, 3.6899116039276123, 3.1317098140716553, 2.967860460281372], "params": [-1.3346201181411743, -2.5313801765441895, 2.2924838066101074]}