{"x": [0, 1, 2, 3, 4, 5], "y": [6.4951558113098145, 5.993832588195801, 4.952345371246338, 3.575423002243042, 3.417618751525879, 2.605618715286255], "params": [-4.08066463470459, -1.097571849822998, 7.779074192047119]}