{"x": [0, 1, 2, 3, 4, 5], "y": [7.070823669433594, 6.857339382171631, 6.374074935913086, 6.12330961227417, 5.899489879608154, 5.608767032623291], "params": [-1.357749581336975, 2.8227477073669434, 2.9241132736206055]}