{"x": [0, 1, 2, 3, 4, 5], "y": [5.957469463348389, 6.064447402954102, 6.463782787322998, 6.821323871612549, 6.352518081665039, 6.774713516235352], "params": [1.0557494163513184, 2.623763084411621, 1.7277088165283203]}