{"x": [0, 1, 2, 3, 4, 5], "y": [13.893056869506836, 8.527144432067871, 12.481827735900879, 7.067741394042969, 10.973990440368652, 5.726298809051514], "params": [-3.63752818107605, 3.183774948120117, 6.721007347106934, 9.442124366760254, 0.25, 1.0, 10.503240585327148]}