{"x": [0, 1, 2, 3, 4, 5], "y": [5.85355281829834, 3.1509294509887695, 4.972570419311523, 2.4671618938446045, 4.4323859214782715, 1.8134607076644897], "params": [-3.572373390197754, -2.3120462894439697, 7.340713977813721, 8.856647491455078, 0.25, 1.0, 9.672825813293457]}