{"x": [0, 1, 2, 3, 4, 5], "y": [6.946528434753418, 4.2635722160339355, 6.2409138679504395, 3.5338706970214844, 5.486995220184326, 2.863149404525757], "params": [-3.63752818107605, 3.183774948120117, 6.721007347106934, 9.442124366760254, 0.25, 1.0, 10.503240585327148]}