{"x": [0, 1, 2, 3, 4, 5], "y": [11.501689910888672, 6.956801414489746, 9.792547225952148, 5.578373432159424, 7.985385894775391, 3.612765073776245], "params": [-3.7608039379119873, -0.5866390466690063, 7.6131439208984375, 7.77872371673584, 0.25, 1.0, 8.164705276489258]}