{"x": [0, 1, 2, 3, 4, 5], "y": [9.936315536499023, 4.214682579040527, 8.565380096435547, 3.8675765991210938, 8.278861045837402, 2.8434805870056152], "params": [-1.4246399402618408, -3.2011122703552246, 3.2127537727355957, 10.316122055053711, 0.25, 1.0, 11.007392883300781]}