{"x": [0, 1, 2, 3, 4, 5], "y": [8.169509887695312, 5.602717876434326, 6.136960983276367, 3.693554162979126, 4.8805012702941895, 1.8880422115325928], "params": [-4.77901554107666, -2.3439931869506836, 9.498587608337402, 3.0899226665496826, 0.25, 1.0, 4.299699783325195]}