{"x": [0, 1, 2, 3, 4, 5], "y": [6.301875114440918, 4.149791240692139, 6.198982238769531, 3.969489336013794, 6.196756362915039, 3.830418109893799], "params": [-0.7183605432510376, 3.7942700386047363, 1.58734130859375, 8.665066719055176, 0.25, 1.0, 9.679183006286621]}