{"x": [0, 1, 2, 3, 4, 5], "y": [4.782968521118164, 3.1909258365631104, 4.640064239501953, 3.202213764190674, 4.372894287109375, 2.715153932571411], "params": [-1.2897822856903076, 0.929533839225769, 2.056155204772949, 6.126469612121582, 0.25, 1.0, 6.6149773597717285]}