{"x": [0, 1, 2, 3, 4, 5], "y": [3.892869472503662, 2.2022082805633545, 3.514251708984375, 1.5523139238357544, 2.8283584117889404, 1.3443480730056763], "params": [-2.0851035118103027, -3.72381329536438, 3.6547188758850098, 6.129267692565918, 0.25, 1.0, 6.636749744415283]}