{"x": [0, 1, 2, 3, 4, 5], "y": [3.73553466796875, 2.6896562576293945, 3.184540033340454, 1.8780697584152222, 2.2926902770996094, 1.3082067966461182], "params": [-2.5382113456726074, -1.6358834505081177, 5.075343608856201, 2.9865119457244873, 0.25, 1.0, 4.633967876434326]}