{"x": [0, 1, 2, 3, 4, 5], "y": [10.077335357666016, 4.846880912780762, 8.888847351074219, 2.88618803024292, 6.748403072357178, 1.5234851837158203], "params": [-4.363668441772461, -3.739169120788574, 8.821366310119629, 8.526104927062988, 0.25, 1.0, 9.536847114562988]}