{"x": [0, 1, 2, 3, 4, 5], "y": [8.518838882446289, 6.101243019104004, 6.268593788146973, 4.730607032775879, 4.8710503578186035, 3.545987844467163], "params": [-3.397477865219116, -1.2940114736557007, 6.743951797485352, 3.1242237091064453, 0.25, 1.0, 3.201749801635742]}