{"x": [0, 1, 2, 3, 4, 5], "y": [6.047953128814697, 2.950063705444336, 6.017703056335449, 2.7422235012054443, 5.807668685913086, 2.619673013687134], "params": [-0.39075136184692383, 0.2745884656906128, 1.7124576568603516, 12.408546447753906, 0.25, 1.0, 13.142876625061035]}