{"x": [0, 1, 2, 3, 4, 5], "y": [4.28159236907959, 3.5778257846832275, 3.8819022178649902, 3.1590428352355957, 4.220655918121338, 3.3615739345550537], "params": [-0.18064618110656738, 1.8332773447036743, 1.136678695678711, 3.9150140285491943, 0.25, 1.0, 4.0327534675598145]}