{"x": [0, 1, 2, 3, 4, 5], "y": [7.699491500854492, 5.491495132446289, 7.441337585449219, 4.359467506408691, 7.470076560974121, 3.7390103340148926], "params": [-0.6707140803337097, -2.4601340293884277, 2.0511674880981445, 5.79735803604126, 0.25, 1.0, 6.24669075012207]}