{"x": [0, 1, 2, 3, 4, 5], "y": [14.494060516357422, 6.200467109680176, 14.312219619750977, 6.2212629318237305, 13.954008102416992, 5.1392412185668945], "params": [-0.89714115858078, -0.8107286691665649, 2.3618316650390625, 14.817659378051758, 0.25, 1.0, 16.56153106689453]}