{"x": [0, 1, 2, 3, 4, 5], "y": [7.035963535308838, 4.410610198974609, 6.630660533905029, 3.947577714920044, 5.90794563293457, 3.5917158126831055], "params": [-2.4191184043884277, 3.445441722869873, 3.824223518371582, 9.68824577331543, 0.25, 1.0, 10.044347763061523]}