{"x": [0, 1, 2, 3, 4, 5], "y": [4.683196544647217, 3.18731689453125, 4.017795085906982, 3.360783100128174, 3.617276668548584, 2.4819211959838867], "params": [-2.7478325366973877, 3.0277204513549805, 4.987486839294434, 3.455509662628174, 0.25, 1.0, 4.209787368774414]}