{"x": [0, 1, 2, 3, 4, 5], "y": [7.100858211517334, 4.329819202423096, 6.2444000244140625, 3.6220309734344482, 5.062756538391113, 2.7630624771118164], "params": [-4.7767791748046875, 2.279458522796631, 9.9774169921875, 8.717822074890137, 0.25, 1.0, 8.809840202331543]}