{"x": [0, 1, 2, 3, 4, 5], "y": [11.315141677856445, 5.449954986572266, 10.30513858795166, 5.622221946716309, 10.74474811553955, 4.9838786125183105], "params": [-0.3662639856338501, -0.24996399879455566, 1.119023323059082, 11.370060920715332, 0.25, 1.0, 11.975943565368652]}