{"x": [0, 1, 2, 3, 4, 5], "y": [11.186935424804688, 5.563143730163574, 11.126439094543457, 4.962142467498779, 10.789861679077148, 5.082642555236816], "params": [-0.6403775215148926, 0.5347543954849243, 1.3794527053833008, 11.431385040283203, 0.25, 1.0, 11.600467681884766]}