{"x": [0, 1, 2, 3, 4, 5], "y": [7.0581769943237305, 3.364219903945923, 6.824670791625977, 3.243079423904419, 6.515242576599121, 3.1431498527526855], "params": [-0.6954246759414673, 3.134700059890747, 1.7583837509155273, 14.059337615966797, 0.25, 1.0, 14.58158016204834]}