{"x": [0, 1, 2, 3, 4, 5], "y": [7.215843200683594, 4.552144527435303, 7.219106674194336, 4.022025108337402, 6.574016571044922, 3.108525037765503], "params": [-2.1977546215057373, 2.4571938514709473, 4.527420997619629, 11.542118072509766, 0.25, 1.0, 12.518013000488281]}