{"x": [0, 1, 2, 3, 4, 5], "y": [4.872536659240723, 3.3829429149627686, 4.439420700073242, 2.752758502960205, 4.067679405212402, 2.2566041946411133], "params": [-1.9906928539276123, 0.8172762393951416, 5.370415210723877, 5.043998718261719, 0.25, 1.0, 6.098250389099121]}