{"x": [0, 1, 2, 3, 4, 5], "y": [2.9121010303497314, 2.466419219970703, 2.1943533420562744, 1.7970998287200928, 1.4530004262924194, 0.8738032579421997], "params": [-3.5749423503875732, -2.8187103271484375, 6.664368629455566, 0.8535557985305786, 0.25, 1.0, 2.5004820823669434]}