{"x": [0, 1, 2, 3, 4, 5], "y": [6.882192611694336, 3.2466695308685303, 6.174439430236816, 2.5861029624938965, 5.735898494720459, 2.3237719535827637], "params": [-2.0257716178894043, -1.6777688264846802, 3.643472194671631, 13.611352920532227, 0.25, 1.0, 14.889451026916504]}