{"x": [0, 1, 2, 3, 4, 5], "y": [12.322994232177734, 6.106173992156982, 11.086236953735352, 4.807796955108643, 10.024999618530273, 4.418727397918701], "params": [-2.6191580295562744, 0.1825791597366333, 5.053502082824707, 10.536224365234375, 0.25, 1.0, 11.618078231811523]}