{"x": [0, 1, 2, 3, 4, 5], "y": [2.7997565269470215, 2.1613245010375977, 2.760969877243042, 1.6088685989379883, 2.3375020027160645, 1.549224615097046], "params": [-1.540146827697754, -3.158270835876465, 2.8177590370178223, 2.655233144760132, 0.25, 1.0, 3.0061416625976562]}