{"x": [0, 1, 2, 3, 4, 5], "y": [17.641860961914062, 10.082408905029297, 16.010356903076172, 9.109655380249023, 15.091878890991211, 7.793137550354004], "params": [-3.5943024158477783, 4.70880126953125, 7.035632133483887, 12.702567100524902, 0.25, 1.0, 12.91963005065918]}