{"x": [0, 1, 2, 3, 4, 5], "y": [8.394545555114746, 4.488316535949707, 7.434206008911133, 3.564775228500366, 6.231300354003906, 2.8184726238250732], "params": [-4.881275653839111, 2.4953131675720215, 9.825159072875977, 13.023863792419434, 0.25, 1.0, 13.629335403442383]}