{"x": [0, 1, 2, 3, 4, 5], "y": [3.28594970703125, 2.4774930477142334, 2.8316001892089844, 1.7091342210769653, 2.7937471866607666, 1.6184742450714111], "params": [-1.713336706161499, -2.8698782920837402, 4.178048133850098, 3.289700746536255, 0.25, 1.0, 4.4811906814575195]}