{"x": [0, 1, 2, 3, 4, 5], "y": [5.801008224487305, 3.2652461528778076, 5.4775872230529785, 2.8269152641296387, 4.978645324707031, 2.457698345184326], "params": [-2.0631561279296875, -0.4611992835998535, 4.567012786865234, 9.570406913757324, 0.25, 1.0, 10.97470760345459]}