{"x": [0, 1, 2, 3, 4, 5], "y": [3.6397008895874023, 3.145806312561035, 3.226512908935547, 2.219106435775757, 2.830986976623535, 1.8964486122131348], "params": [-2.5294041633605957, 0.018768906593322754, 4.576355934143066, 2.0940980911254883, 0.25, 1.0, 3.00193452835083]}