{"x": [0, 1, 2, 3, 4, 5], "y": [8.70187759399414, 5.833930969238281, 8.677546501159668, 5.287909984588623, 8.974495887756348, 5.222984313964844], "params": [-0.6420702338218689, 0.04732787609100342, 1.1893587112426758, 6.21372127532959, 0.25, 1.0, 7.2978715896606445]}