{"x": [0, 1, 2, 3, 4, 5], "y": [5.417052268981934, 3.4149670600891113, 4.7985920906066895, 3.0948896408081055, 4.462428092956543, 2.540958881378174], "params": [-2.4723103046417236, -0.28759658336639404, 4.164975166320801, 7.25954008102417, 0.25, 1.0, 7.560638427734375]}