{"x": [0, 1, 2, 3, 4, 5], "y": [5.728265762329102, 1.990315318107605, 5.258020877838135, 1.6857126951217651, 4.96861457824707, 1.4237830638885498], "params": [-1.4278862476348877, -4.397724151611328, 2.7482032775878906, 13.6531982421875, 0.25, 1.0, 14.469727516174316]}