{"x": [0, 1, 2, 3, 4, 5], "y": [9.427421569824219, 6.3877105712890625, 9.571788787841797, 6.61658239364624, 10.234996795654297, 6.099569320678711], "params": [0.46291667222976685, 1.3359344005584717, 1.5275897979736328, 6.82476282119751, 0.25, 1.0, 7.8286452293396]}