{"x": [0, 1, 2, 3, 4, 5], "y": [4.084754943847656, 2.801358938217163, 3.0684804916381836, 1.846777081489563, 2.4402506351470947, 0.9440211057662964], "params": [-4.77901554107666, -2.3439931869506836, 9.498587608337402, 3.0899226665496826, 0.25, 1.0, 4.299699783325195]}