{"x": [0, 1, 2, 3, 4, 5], "y": [11.738515853881836, 5.297181606292725, 11.217695236206055, 4.449573993682861, 10.645809173583984, 3.8662590980529785], "params": [-1.968595027923584, -3.268425941467285, 3.138174533843994, 13.01164436340332, 0.25, 1.0, 13.001803398132324]}