{"x": [0, 1, 2, 3, 4, 5], "y": [11.395610809326172, 6.506438255310059, 10.368396759033203, 5.092840194702148, 8.967988967895508, 3.691791534423828], "params": [-2.942110776901245, 0.649111270904541, 6.314074516296387, 8.94150161743164, 0.25, 1.0, 9.524980545043945]}