{"x": [0, 1, 2, 3, 4, 5], "y": [2.688342571258545, 2.5943603515625, 2.945699453353882, 2.574080467224121, 2.8478803634643555, 2.348393440246582], "params": [-0.43636471033096313, -0.250360369682312, 1.8315305709838867, 1.5032556056976318, 0.25, 1.0, 2.7415823936462402]}