{"x": [0, 1, 2, 3, 4, 5], "y": [14.385881423950195, 7.093452453613281, 11.032750129699707, 4.837669372558594, 9.757890701293945, 3.4895143508911133], "params": [-4.704744338989258, -2.1238045692443848, 10.293558120727539, 11.231246948242188, 0.25, 1.0, 11.499175071716309]}