{"x": [0, 1, 2, 3, 4, 5], "y": [6.37864351272583, 2.3822546005249023, 5.456507682800293, 2.4390387535095215, 5.058563709259033, 2.0437862873077393], "params": [-2.3790502548217773, -2.462489604949951, 5.018738269805908, 12.873747825622559, 0.25, 1.0, 13.815016746520996]}