{"x": [0, 1, 2, 3, 4, 5], "y": [4.1545867919921875, 2.3027234077453613, 3.4232254028320312, 1.5739036798477173, 3.0119636058807373, 0.6418036222457886], "params": [-3.658704996109009, -4.559237480163574, 7.605545520782471, 5.69342565536499, 0.25, 1.0, 7.212024688720703]}