{"x": [0, 1, 2, 3, 4, 5], "y": [16.104381561279297, 9.418408393859863, 14.532037734985352, 7.170586585998535, 11.587894439697266, 6.309760570526123], "params": [-4.851107120513916, 3.793576240539551, 9.541475296020508, 10.522664070129395, 0.25, 1.0, 12.066179275512695]}