{"x": [0, 1, 2, 3, 4, 5], "y": [6.999269485473633, 3.9056055545806885, 6.810929298400879, 3.5942740440368652, 6.46726131439209, 3.5005879402160645], "params": [-1.2860095500946045, 1.2851643562316895, 1.8671579360961914, 11.916194915771484, 0.25, 1.0, 12.729851722717285]}