{"x": [0, 1, 2, 3, 4, 5], "y": [5.339841842651367, 2.566450595855713, 4.417476177215576, 1.8039040565490723, 3.301788568496704, 0.7290076017379761], "params": [-4.971645832061768, -4.796807289123535, 9.65479850769043, 9.76268482208252, 0.25, 1.0, 9.422341346740723]}