{"x": [0, 1, 2, 3, 4, 5], "y": [3.962506055831909, 3.5209407806396484, 3.5145490169525146, 3.445382595062256, 4.090670108795166, 3.2345197200775146], "params": [-0.3871142864227295, 3.450754165649414, 1.3122940063476562, 2.7645840644836426, 0.25, 1.0, 3.4658563137054443]}