{"x": [0, 1, 2, 3, 4, 5], "y": [6.140802383422852, 4.338953495025635, 5.656177997589111, 3.8055789470672607, 4.473512172698975, 2.6872143745422363], "params": [-4.116080284118652, 3.6234843730926514, 8.498754501342773, 5.330574035644531, 0.25, 1.0, 6.279148578643799]}