{"x": [0, 1, 2, 3, 4, 5], "y": [12.128647804260254, 4.882042407989502, 12.526542663574219, 6.5795464515686035, 13.151200294494629, 5.91462516784668], "params": [1.4908339977264404, -1.967666745185852, 3.0933871269226074, 14.600220680236816, 0.25, 1.0, 15.38859748840332]}