{"x": [0, 1, 2, 3, 4, 5], "y": [4.582240581512451, 3.517608642578125, 4.187570571899414, 2.806600570678711, 3.3278379440307617, 2.3013100624084473], "params": [-3.5200400352478027, 1.2118172645568848, 6.197574138641357, 3.5169365406036377, 0.25, 1.0, 4.185011863708496]}