{"x": [0, 1, 2, 3, 4, 5], "y": [10.194141387939453, 5.238209247589111, 10.275590896606445, 6.3674845695495605, 11.247734069824219, 6.48539924621582], "params": [1.1043645143508911, 1.5253621339797974, 1.8865242004394531, 10.329042434692383, 0.25, 1.0, 10.83700942993164]}