{"x": [0, 1, 2, 3, 4, 5], "y": [9.187917709350586, 4.072986125946045, 9.147201538085938, 4.3844146728515625, 9.536712646484375, 4.018609523773193], "params": [0.8629032969474792, -2.6160998344421387, 1.329787254333496, 9.835616111755371, 0.25, 1.0, 10.905292510986328]}