{"x": [0, 1, 2, 3, 4, 5], "y": [5.301207542419434, 1.8522168397903442, 5.401705265045166, 1.7182927131652832, 5.360167503356934, 1.6836169958114624], "params": [-0.4005274176597595, -3.0208535194396973, 0.8750786781311035, 13.851759910583496, 0.25, 1.0, 14.08204460144043]}