{"x": [0, 1, 2, 3, 4, 5], "y": [3.8635902404785156, 2.0849874019622803, 3.120643138885498, 1.142797827720642, 2.469395160675049, 0.6871885657310486], "params": [-3.8465821743011475, -4.802140712738037, 7.148049831390381, 5.6710920333862305, 0.25, 1.0, 6.66637659072876]}