{"x": [0, 1, 2, 3, 4, 5], "y": [2.3103535175323486, 1.9341449737548828, 1.9988415241241455, 1.7684575319290161, 1.7327735424041748, 1.637418270111084], "params": [-1.5467280149459839, -3.181774139404297, 2.994460105895996, 0.5832499265670776, 0.25, 1.0, 0.6006864905357361]}