{"x": [0, 1, 2, 3, 4, 5], "y": [2.761192798614502, 2.2631545066833496, 1.8742036819458008, 1.6601364612579346, 1.6771323680877686, 0.9680992364883423], "params": [-2.8742594718933105, -2.795980453491211, 6.597247123718262, 0.5123886466026306, 0.25, 1.0, 0.9154601097106934]}