{"x": [0, 1, 2, 3, 4, 5], "y": [4.672141075134277, 3.5891823768615723, 3.611180305480957, 2.8115549087524414, 2.705564022064209, 1.8302891254425049], "params": [-4.864038467407227, 2.3763437271118164, 10.284605026245117, 0.5760097503662109, 0.25, 1.0, 1.4890682697296143]}