{"x": [0, 1, 2, 3, 4, 5], "y": [7.279401779174805, 6.29161262512207, 6.453025817871094, 4.438212871551514, 5.66197395324707, 3.7928972244262695], "params": [-2.5294041633605957, 0.018768906593322754, 4.576355934143066, 2.0940980911254883, 0.25, 1.0, 3.00193452835083]}