{"x": [0, 1, 2, 3, 4, 5], "y": [5.579657554626465, 4.16785192489624, 5.031146049499512, 3.731306314468384, 4.41811466217041, 3.0829195976257324], "params": [-3.603534460067749, 4.689205169677734, 6.012480735778809, 4.837855815887451, 0.25, 1.0, 4.8560380935668945]}