{"x": [0, 1, 2, 3, 4, 5], "y": [5.176050186157227, 3.0734622478485107, 4.244334697723389, 1.8391668796539307, 3.530991554260254, 0.924693763256073], "params": [-3.9875850677490234, -2.0525355339050293, 8.788400650024414, 7.466468811035156, 0.25, 1.0, 8.272921562194824]}