{"x": [0, 1, 2, 3, 4, 5], "y": [7.785738945007324, 4.404416561126709, 7.02850341796875, 3.104627847671509, 5.656716823577881, 2.6886961460113525], "params": [-2.0851035118103027, -3.72381329536438, 3.6547188758850098, 6.129267692565918, 0.25, 1.0, 6.636749744415283]}