{"x": [0, 1, 2, 3, 4, 5], "y": [12.603750228881836, 8.299582481384277, 12.397964477539062, 7.938978672027588, 12.393512725830078, 7.660836219787598], "params": [-0.7183605432510376, 3.7942700386047363, 1.58734130859375, 8.665066719055176, 0.25, 1.0, 9.679183006286621]}