{"x": [0, 1, 2, 3, 4, 5], "y": [7.246992588043213, 4.031097412109375, 7.14205265045166, 3.6275062561035156, 7.468262195587158, 4.059597969055176], "params": [0.29523468017578125, -2.7662367820739746, 0.9157638549804688, 6.9280524253845215, 0.25, 1.0, 7.658663749694824]}