{"x": [0, 1, 2, 3, 4, 5], "y": [15.527795791625977, 8.616130828857422, 15.624149322509766, 9.000166893005371, 16.671310424804688, 9.012264251708984], "params": [0.9354024529457092, 3.778069496154785, 1.0806188583374023, 14.871633529663086, 0.25, 1.0, 15.252464294433594]}