{"x": [0, 1, 2, 3, 4, 5], "y": [9.740604400634766, 4.260350227355957, 10.169646263122559, 5.487453937530518, 11.247446060180664, 6.140488624572754], "params": [1.8767904043197632, -1.1955636739730835, 4.300637722015381, 11.835968017578125, 0.25, 1.0, 11.716365814208984]}