{"x": [0, 1, 2, 3, 4, 5], "y": [6.53595495223999, 2.4236977100372314, 5.659779071807861, 1.8386775255203247, 5.191230773925781, 1.0662221908569336], "params": [-3.9122464656829834, -3.4002394676208496, 8.03193473815918, 14.822896957397461, 0.25, 1.0, 15.287484169006348]}