{"x": [0, 1, 2, 3, 4, 5], "y": [9.885224342346191, 4.675877094268799, 7.586324691772461, 3.1885955333709717, 5.597477912902832, 1.541857361793518], "params": [-4.882248401641846, -4.421717643737793, 8.907450675964355, 6.9442901611328125, 0.25, 1.0, 8.390446662902832]}