{"x": [0, 1, 2, 3, 4, 5], "y": [6.9327287673950195, 3.6625771522521973, 6.302896499633789, 3.4405677318573, 6.695545673370361, 3.3330516815185547], "params": [-1.454516053199768, 0.3507852554321289, 3.3962039947509766, 12.041333198547363, 0.25, 1.0, 13.142036437988281]}