{"x": [0, 1, 2, 3, 4, 5], "y": [5.599513053894043, 4.322649002075195, 5.521939754486084, 3.2177371978759766, 4.675004005432129, 3.098449230194092], "params": [-1.540146827697754, -3.158270835876465, 2.8177590370178223, 2.655233144760132, 0.25, 1.0, 3.0061416625976562]}