{"x": [0, 1, 2, 3, 4, 5], "y": [3.202638626098633, 2.365334987640381, 2.7982325553894043, 2.3091282844543457, 2.2615301609039307, 1.3088327646255493], "params": [-2.191019058227539, -2.1222758293151855, 4.4761433601379395, 2.4372410774230957, 0.25, 1.0, 3.3929953575134277]}