{"x": [0, 1, 2, 3, 4, 5], "y": [6.448369026184082, 3.2627763748168945, 5.653250694274902, 2.3479695320129395, 4.554078102111816, 1.1282620429992676], "params": [-4.9441118240356445, -3.026451587677002, 9.635059356689453, 10.93298053741455, 0.25, 1.0, 11.739542961120605]}