{"x": [0, 1, 2, 3, 4, 5], "y": [5.788760185241699, 3.8332085609436035, 5.707937240600586, 3.3348164558410645, 5.364040851593018, 3.3204517364501953], "params": [-0.713266134262085, 2.9288864135742188, 2.334223747253418, 7.833742618560791, 0.25, 1.0, 8.790042877197266]}