{"x": [0, 1, 2, 3, 4, 5], "y": [15.598139762878418, 10.830239295959473, 14.005838394165039, 8.221283912658691, 11.925796508789062, 7.031962871551514], "params": [-4.667434215545654, 4.6244120597839355, 7.970307350158691, 9.223430633544922, 0.25, 1.0, 9.162046432495117]}