{"x": [0, 1, 2, 3, 4, 5], "y": [3.2592806816101074, 3.2487587928771973, 2.847966432571411, 3.1367616653442383, 2.6676106452941895, 2.9640634059906006], "params": [-0.9159046411514282, 2.1057724952697754, 2.354733467102051, 0.015193819999694824, 0.25, 1.0, 1.2577241659164429]}