{"x": [0, 1, 2, 3, 4, 5], "y": [11.22439193725586, 6.695249080657959, 10.963139533996582, 6.2154693603515625, 9.53913688659668, 4.981298446655273], "params": [-2.2809135913848877, 2.0333151817321777, 4.078705787658691, 7.779290199279785, 0.25, 1.0, 8.987528800964355]}