{"x": [0, 1, 2, 3, 4, 5], "y": [14.201716423034668, 8.659638404846191, 12.488800048828125, 7.2440619468688965, 10.125513076782227, 5.526124954223633], "params": [-4.7767791748046875, 2.279458522796631, 9.9774169921875, 8.717822074890137, 0.25, 1.0, 8.809840202331543]}