{"x": [0, 1, 2, 3, 4, 5], "y": [9.288324356079102, 4.7898850440979, 7.873637676239014, 4.121746063232422, 6.7203569412231445, 3.364882230758667], "params": [-2.248624324798584, -4.068316459655762, 4.511819839477539, 7.537873268127441, 0.25, 1.0, 8.676971435546875]}