{"x": [0, 1, 2, 3, 4, 5], "y": [8.880270004272461, 8.073835372924805, 8.966707229614258, 7.242176055908203, 8.559704780578613, 6.949082374572754], "params": [-0.9551805257797241, 4.774259567260742, 1.8496217727661133, 1.718973159790039, 0.25, 1.0, 3.1764719486236572]}