{"x": [0, 1, 2, 3, 4, 5], "y": [10.592447280883789, 7.859628200531006, 8.405098915100098, 5.547848224639893, 7.022337913513184, 4.369714260101318], "params": [-4.354854583740234, 1.685507893562317, 8.338067054748535, 3.671332597732544, 0.25, 1.0, 4.578160762786865]}