{"x": [0, 1, 2, 3, 4, 5], "y": [7.290107727050781, 3.1908464431762695, 6.342373847961426, 2.716132640838623, 5.941658020019531, 1.8309394121170044], "params": [-3.0873260498046875, -2.3557286262512207, 6.207523345947266, 14.889935493469238, 0.25, 1.0, 15.892105102539062]}