{"x": [0, 1, 2, 3, 4, 5], "y": [13.679705619812012, 6.465183258056641, 14.09376335144043, 6.500634670257568, 13.598675727844238, 6.025823593139648], "params": [-0.8155947327613831, 0.8603358268737793, 1.281327247619629, 14.620594024658203, 0.25, 1.0, 14.854551315307617]}