{"x": [0, 1, 2, 3, 4, 5], "y": [11.60201644897461, 6.530492305755615, 10.955174446105957, 5.653830528259277, 9.957290649414062, 4.915396690368652], "params": [-2.0631561279296875, -0.4611992835998535, 4.567012786865234, 9.570406913757324, 0.25, 1.0, 10.97470760345459]}