{"x": [0, 1, 2, 3, 4, 5], "y": [6.541518688201904, 4.320051670074463, 6.029289245605469, 3.3326632976531982, 5.321208953857422, 2.8339107036590576], "params": [-3.3587656021118164, 3.868114471435547, 7.273229598999023, 7.621365547180176, 0.25, 1.0, 8.630509376525879]}