{"x": [0, 1, 2, 3, 4, 5], "y": [8.387657165527344, 5.356299877166748, 7.450345993041992, 3.535593271255493, 6.644036293029785, 3.0667293071746826], "params": [-4.702789783477783, 3.7181777954101562, 8.843929290771484, 11.956809997558594, 0.25, 1.0, 12.664644241333008]}