{"x": [0, 1, 2, 3, 4, 5], "y": [8.97857666015625, 5.313540935516357, 8.213812828063965, 3.2610130310058594, 6.282886505126953, 1.9524354934692383], "params": [-3.5097577571868896, -3.4704673290252686, 6.774494647979736, 8.045647621154785, 0.25, 1.0, 8.217859268188477]}