{"x": [0, 1, 2, 3, 4, 5], "y": [5.657570838928223, 2.724977493286133, 5.15256929397583, 2.8111109733581543, 5.372374057769775, 2.4919393062591553], "params": [-0.3662639856338501, -0.24996399879455566, 1.119023323059082, 11.370060920715332, 0.25, 1.0, 11.975943565368652]}