{"x": [0, 1, 2, 3, 4, 5], "y": [11.577520370483398, 7.666417121887207, 11.415874481201172, 6.669632911682129, 10.728081703186035, 6.640903472900391], "params": [-0.713266134262085, 2.9288864135742188, 2.334223747253418, 7.833742618560791, 0.25, 1.0, 8.790042877197266]}