{"x": [0, 1, 2, 3, 4, 5], "y": [11.702147483825684, 5.228000640869141, 11.21957015991211, 4.30402946472168, 10.698808670043945, 3.1734848022460938], "params": [-2.7918803691864014, -3.213164806365967, 4.780229568481445, 13.145927429199219, 0.25, 1.0, 13.63314437866211]}