{"x": [0, 1, 2, 3, 4, 5], "y": [16.423978805541992, 8.383432388305664, 14.656282424926758, 6.061878204345703, 12.653556823730469, 4.494266510009766], "params": [-4.2209014892578125, 1.5335959196090698, 9.197465896606445, 14.61339282989502, 0.25, 1.0, 14.909928321838379]}