{"x": [0, 1, 2, 3, 4, 5], "y": [8.839111328125, 3.8834285736083984, 9.161797523498535, 3.919445514678955, 8.880827903747559, 3.5766139030456543], "params": [-0.296453595161438, -4.068000793457031, 1.5324482917785645, 9.93834114074707, 0.25, 1.0, 10.253629684448242]}