{"x": [0, 1, 2, 3, 4, 5], "y": [9.366393089294434, 6.3746337890625, 8.035590171813965, 6.721566200256348, 7.234553337097168, 4.963842391967773], "params": [-2.7478325366973877, 3.0277204513549805, 4.987486839294434, 3.455509662628174, 0.25, 1.0, 4.209787368774414]}