{"x": [0, 1, 2, 3, 4, 5], "y": [12.512908935546875, 6.325922966003418, 12.964982986450195, 7.655925750732422, 13.318544387817383, 7.606832981109619], "params": [0.6232161521911621, 0.5912256240844727, 2.5154237747192383, 12.44136905670166, 0.25, 1.0, 12.875543594360352]}