{"x": [0, 1, 2, 3, 4, 5], "y": [13.865457534790039, 7.3251543045043945, 12.605792999267578, 6.8811354637146, 13.391091346740723, 6.666103363037109], "params": [-1.454516053199768, 0.3507852554321289, 3.3962039947509766, 12.041333198547363, 0.25, 1.0, 13.142036437988281]}