{"x": [0, 1, 2, 3, 4, 5], "y": [6.360441207885742, 3.247802972793579, 5.88624382019043, 2.5649147033691406, 5.448551654815674, 1.9293879270553589], "params": [-3.0271763801574707, 1.3400143384933472, 6.618668556213379, 11.267670631408691, 0.25, 1.0, 11.724332809448242]}