{"x": [0, 1, 2, 3, 4, 5], "y": [12.025260925292969, 5.303590774536133, 9.353379249572754, 3.55946946144104, 7.77586030960083, 1.725577712059021], "params": [-4.5337629318237305, -2.0693588256835938, 10.027031898498535, 10.491214752197266, 0.25, 1.0, 11.05142593383789]}