{"x": [0, 1, 2, 3, 4, 5], "y": [6.238631248474121, 4.62205696105957, 6.869236946105957, 3.74552845954895, 6.827288627624512, 4.685047149658203], "params": [0.0974113941192627, -1.675412654876709, 1.612166404724121, 5.531871318817139, 0.25, 1.0, 6.149799346923828]}