{"x": [0, 1, 2, 3, 4, 5], "y": [4.750879287719727, 2.9586074352264404, 4.246034145355225, 2.54309344291687, 3.857632875442505, 2.0794618129730225], "params": [-2.5899455547332764, 1.0941588878631592, 5.157149791717529, 5.190188884735107, 0.25, 1.0, 6.4775848388671875]}