{"x": [0, 1, 2, 3, 4, 5], "y": [7.554474830627441, 5.3860087394714355, 5.73975944519043, 3.0619373321533203, 4.069238662719727, 1.866670846939087], "params": [-3.963168144226074, -3.1174051761627197, 8.452333450317383, 3.379992961883545, 0.25, 1.0, 4.009249687194824]}