{"x": [0, 1, 2, 3, 4, 5], "y": [6.128863334655762, 3.483001470565796, 5.235738754272461, 3.2839324474334717, 4.731931686401367, 2.6019392013549805], "params": [-3.606968402862549, 2.050116539001465, 6.792180061340332, 8.046683311462402, 0.25, 1.0, 9.196447372436523]}