{"x": [0, 1, 2, 3, 4, 5], "y": [7.205024719238281, 4.1823601722717285, 6.553099632263184, 3.2832937240600586, 5.778625011444092, 2.7008934020996094], "params": [-4.05227518081665, 3.043285608291626, 6.894123077392578, 10.921117782592773, 0.25, 1.0, 11.175697326660156]}