{"x": [0, 1, 2, 3, 4, 5], "y": [4.4401350021362305, 4.036917686462402, 4.483353614807129, 3.6210880279541016, 4.279852390289307, 3.474541187286377], "params": [-0.9551805257797241, 4.774259567260742, 1.8496217727661133, 1.718973159790039, 0.25, 1.0, 3.1764719486236572]}