{"x": [0, 1, 2, 3, 4, 5], "y": [12.894481658935547, 6.552727699279785, 11.122161865234375, 3.9542994499206543, 9.882579803466797, 2.5456175804138184], "params": [-4.08066463470459, -1.097571849822998, 7.779074192047119, 12.174935340881348, 0.25, 1.0, 13.049924850463867]}