{"x": [0, 1, 2, 3, 4, 5], "y": [11.268891334533691, 5.325052738189697, 10.335888862609863, 3.3711328506469727, 9.417196273803711, 2.030553102493286], "params": [-3.2322068214416504, -3.1307034492492676, 6.58698844909668, 12.186713218688965, 0.25, 1.0, 13.643404006958008]}