{"x": [0, 1, 2, 3, 4, 5], "y": [7.775075435638428, 4.282050132751465, 6.9397382736206055, 3.1178226470947266, 6.015083312988281, 2.2698354721069336], "params": [-4.521989345550537, 0.1597374677658081, 9.369041442871094, 12.746233940124512, 0.25, 1.0, 14.091936111450195]}