{"x": [0, 1, 2, 3, 4, 5], "y": [2.8440887928009033, 2.46653151512146, 2.1548640727996826, 2.2261364459991455, 2.222987651824951, 1.4970061779022217], "params": [-1.7415833473205566, -1.381150484085083, 4.072831630706787, 0.2563673257827759, 0.25, 1.0, 1.446352481842041]}