{"x": [0, 1, 2, 3, 4, 5], "y": [12.359983444213867, 5.794397354125977, 10.20984172821045, 4.375404357910156, 9.313652992248535, 4.080506324768066], "params": [-2.2909884452819824, -2.8531718254089355, 5.4318108558654785, 9.857392311096191, 0.25, 1.0, 11.833000183105469]}