{"x": [0, 1, 2, 3, 4, 5], "y": [6.161497116088867, 3.053086996078491, 5.543118476867676, 2.4038984775543213, 5.012499809265137, 2.2093636989593506], "params": [-2.6191580295562744, 0.1825791597366333, 5.053502082824707, 10.536224365234375, 0.25, 1.0, 11.618078231811523]}