{"x": [0, 1, 2, 3, 4, 5], "y": [7.158961296081543, 4.869876861572266, 6.562195777893066, 4.157263278961182, 5.717099189758301, 3.571870803833008], "params": [-3.3334856033325195, 4.8349103927612305, 5.499510765075684, 7.834963321685791, 0.25, 1.0, 8.84885025024414]}