{"x": [0, 1, 2, 3, 4, 5], "y": [4.054748058319092, 2.78472638130188, 3.34525203704834, 1.761846661567688, 2.449000358581543, 1.1526947021484375], "params": [-4.276060581207275, -2.2299575805664062, 8.542516708374023, 3.7245492935180664, 0.25, 1.0, 4.425636291503906]}