{"x": [0, 1, 2, 3, 4, 5], "y": [16.877513885498047, 8.730711936950684, 14.89301586151123, 7.531619071960449, 12.538724899291992, 4.889790058135986], "params": [-4.909603595733643, 1.0111373662948608, 9.687196731567383, 13.9315824508667, 0.25, 1.0, 14.593390464782715]}