{"x": [0, 1, 2, 3, 4, 5], "y": [9.357783317565918, 6.364531517028809, 8.096563339233398, 4.532573699951172, 6.489347457885742, 3.2331790924072266], "params": [-3.8067519664764404, -0.7514655590057373, 7.141922950744629, 5.226269245147705, 0.25, 1.0, 5.331104755401611]}