{"x": [0, 1, 2, 3, 4, 5], "y": [4.2594194412231445, 3.050621509552002, 3.1342968940734863, 2.3653035163879395, 2.4355251789093018, 1.7729939222335815], "params": [-3.397477865219116, -1.2940114736557007, 6.743951797485352, 3.1242237091064453, 0.25, 1.0, 3.201749801635742]}