{"x": [0, 1, 2, 3, 4, 5], "y": [6.262040138244629, 3.268693685531616, 5.823772430419922, 2.9516966342926025, 5.2299299240112305, 2.2771525382995605], "params": [-2.3926827907562256, 1.5321195125579834, 5.33549690246582, 10.563943862915039, 0.25, 1.0, 11.475373268127441]}