{"x": [0, 1, 2, 3, 4, 5], "y": [5.0420379638671875, 2.9292941093444824, 4.876393795013428, 2.2891433238983154, 3.6836938858032227, 1.7137477397918701], "params": [-3.1428165435791016, -1.6112130880355835, 6.114833831787109, 7.263253211975098, 0.25, 1.0, 7.826476097106934]}