{"x": [0, 1, 2, 3, 4, 5], "y": [5.387221336364746, 2.968860626220703, 4.6693572998046875, 2.2801992893218994, 3.971778392791748, 1.3402113914489746], "params": [-4.311895370483398, -1.5302324295043945, 9.475786209106445, 8.680157661437988, 0.25, 1.0, 8.807550430297852]}