{"x": [0, 1, 2, 3, 4, 5], "y": [4.77392578125, 2.9073469638824463, 4.866544246673584, 2.7082321643829346, 4.631534099578857, 2.620490550994873], "params": [-0.8507904410362244, 1.3662660121917725, 1.8389873504638672, 7.648870468139648, 0.25, 1.0, 8.612099647521973]}