{"x": [0, 1, 2, 3, 4, 5], "y": [4.325324058532715, 2.873886823654175, 3.8574047088623047, 2.381753444671631, 3.3181681632995605, 1.2936506271362305], "params": [-3.6125874519348145, -1.354149580001831, 6.46403169631958, 5.498044967651367, 0.25, 1.0, 6.01895809173584]}