{"x": [0, 1, 2, 3, 4, 5], "y": [5.61219596862793, 3.3476245403289795, 5.481569766998291, 3.1077346801757812, 4.76956844329834, 2.4906492233276367], "params": [-2.2809135913848877, 2.0333151817321777, 4.078705787658691, 7.779290199279785, 0.25, 1.0, 8.987528800964355]}