{"x": [0, 1, 2, 3, 4, 5], "y": [4.770272254943848, 3.6085777282714844, 4.080017566680908, 3.0491631031036377, 3.0871644020080566, 2.368563652038574], "params": [-3.6959173679351807, 1.9996362924575806, 7.463595390319824, 2.1413443088531494, 0.25, 1.0, 3.234867572784424]}