{"x": [0, 1, 2, 3, 4, 5], "y": [7.026798725128174, 4.210439205169678, 6.894433975219727, 3.7937111854553223, 6.826442718505859, 3.9438061714172363], "params": [-0.2173525094985962, 3.245645046234131, 1.658823013305664, 11.513758659362793, 0.25, 1.0, 11.794315338134766]}