{"x": [0, 1, 2, 3, 4, 5], "y": [12.524080276489258, 6.537387371063232, 11.647544860839844, 5.903393268585205, 10.459859848022461, 4.554305076599121], "params": [-2.3926827907562256, 1.5321195125579834, 5.33549690246582, 10.563943862915039, 0.25, 1.0, 11.475373268127441]}