{"x": [0, 1, 2, 3, 4, 5], "y": [12.479628562927246, 8.76929759979248, 10.902267456054688, 7.82202672958374, 9.290862083435059, 5.83424186706543], "params": [-3.58675217628479, 4.765591621398926, 6.759916305541992, 6.114663600921631, 0.25, 1.0, 6.6463117599487305]}