{"x": [0, 1, 2, 3, 4, 5], "y": [10.005845069885254, 6.613287925720215, 10.790544509887695, 6.86838436126709, 12.316385269165039, 7.547606468200684], "params": [1.225541353225708, 3.0348408222198486, 3.730809211730957, 9.156256675720215, 0.25, 1.0, 10.267925262451172]}