{"x": [0, 1, 2, 3, 4, 5], "y": [10.915199279785156, 4.121220588684082, 10.324012756347656, 3.859921455383301, 9.144181251525879, 2.6046628952026367], "params": [-2.171584129333496, -4.902722358703613, 4.91940975189209, 12.349288940429688, 0.25, 1.0, 12.97788143157959]}