{"x": [0, 1, 2, 3, 4, 5], "y": [6.399209022521973, 3.339536190032959, 5.627004623413086, 2.7673888206481934, 5.145595550537109, 1.6996253728866577], "params": [-2.621736764907837, 0.14180541038513184, 5.546041011810303, 11.788628578186035, 0.25, 1.0, 13.252293586730957]}