{"x": [0, 1, 2, 3, 4, 5], "y": [3.7772374153137207, 2.6930043697357178, 2.869879722595215, 1.5309686660766602, 2.0346193313598633, 0.9333354234695435], "params": [-3.963168144226074, -3.1174051761627197, 8.452333450317383, 3.379992961883545, 0.25, 1.0, 4.009249687194824]}