{"x": [0, 1, 2, 3, 4, 5], "y": [5.449617862701416, 1.3849314451217651, 4.969016075134277, 1.4013088941574097, 4.782434940338135, 1.5182303190231323], "params": [-0.693204402923584, -4.70259428024292, 2.253976821899414, 14.048702239990234, 0.25, 1.0, 14.618860244750977]}