{"x": [0, 1, 2, 3, 4, 5], "y": [1.906071662902832, 1.5920813083648682, 1.498396873474121, 1.032667875289917, 1.4581470489501953, 1.1384433507919312], "params": [-1.1133778095245361, -4.492347240447998, 2.830902576446533, 0.7330423593521118, 0.25, 1.0, 1.8459734916687012]}