{"x": [0, 1, 2, 3, 4, 5], "y": [14.071927070617676, 8.821220397949219, 13.261321067810059, 7.895155429840088, 11.81589126586914, 7.183431625366211], "params": [-2.4191184043884277, 3.445441722869873, 3.824223518371582, 9.68824577331543, 0.25, 1.0, 10.044347763061523]}