{"x": [0, 1, 2, 3, 4, 5], "y": [4.897008895874023, 3.1328086853027344, 4.411996841430664, 2.3065361976623535, 3.783557891845703, 1.8068736791610718], "params": [-2.221616268157959, -1.5086418390274048, 5.598890781402588, 6.761363506317139, 0.25, 1.0, 7.4237565994262695]}