{"x": [0, 1, 2, 3, 4, 5], "y": [13.764385223388672, 6.4933390617370605, 12.348878860473633, 5.172205924987793, 11.471796989440918, 4.647543907165527], "params": [-2.0257716178894043, -1.6777688264846802, 3.643472194671631, 13.611352920532227, 0.25, 1.0, 14.889451026916504]}