{"x": [0, 1, 2, 3, 4, 5], "y": [6.873499393463135, 2.908339023590088, 6.222431182861328, 2.583688735961914, 6.268859386444092, 2.250002145767212], "params": [-1.7774162292480469, -4.447678565979004, 3.61136794090271, 14.899271011352539, 0.25, 1.0, 15.536873817443848]}