{"x": [0, 1, 2, 3, 4, 5], "y": [3.0653574466705322, 2.2809619903564453, 2.616194725036621, 1.74806809425354, 2.729703903198242, 1.863589882850647], "params": [-0.8698418736457825, -2.703766345977783, 1.7890119552612305, 2.576892852783203, 0.25, 1.0, 3.692824125289917]}