{"x": [0, 1, 2, 3, 4, 5], "y": [6.130853652954102, 3.6601486206054688, 5.984523773193359, 3.7975101470947266, 6.090887069702148, 3.4888620376586914], "params": [-0.046839237213134766, -4.636632919311523, 1.8360905647277832, 5.200762748718262, 0.25, 1.0, 6.827413558959961]}