{"x": [0, 1, 2, 3, 4, 5], "y": [7.330071926116943, 4.363094806671143, 6.812163352966309, 3.505401611328125, 6.352032661437988, 3.162463665008545], "params": [-2.3799548149108887, 2.5757062435150146, 4.487724304199219, 12.482094764709473, 0.25, 1.0, 12.391596794128418]}