{"x": [0, 1, 2, 3, 4, 5], "y": [11.671375274658203, 4.738831043243408, 10.46768569946289, 4.305230140686035, 9.76879596710205, 3.3358712196350098], "params": [-1.8534371852874756, -1.1884856224060059, 4.030790328979492, 12.08719253540039, 0.25, 1.0, 12.747323036193848]}