{"x": [0, 1, 2, 3, 4, 5], "y": [9.868066787719727, 6.9078145027160645, 10.09400749206543, 6.897878646850586, 8.062674522399902, 5.731893062591553], "params": [-1.5412137508392334, 3.1570382118225098, 2.8671722412109375, 5.019843578338623, 0.25, 1.0, 6.725976943969727]}