{"x": [0, 1, 2, 3, 4, 5], "y": [5.32014799118042, 2.57818341255188, 4.227803707122803, 1.4511711597442627, 3.027885913848877, 0.3256261646747589], "params": [-4.504737854003906, -3.801884651184082, 10.334992408752441, 9.620926856994629, 0.25, 1.0, 10.611340522766113]}