{"x": [0, 1, 2, 3, 4, 5], "y": [2.180379629135132, 1.3403511047363281, 1.9525891542434692, 1.682815432548523, 2.0325570106506348, 1.210685133934021], "params": [-0.5532532930374146, -4.584621906280518, 0.8122587203979492, 2.377392053604126, 0.25, 1.0, 3.4258832931518555]}