{"x": [0, 1, 2, 3, 4, 5], "y": [5.266885280609131, 2.2582895755767822, 4.701582908630371, 1.6148298978805542, 4.195106029510498, 1.3079867362976074], "params": [-2.513943672180176, -4.874973297119141, 5.125574588775635, 10.80146312713623, 0.25, 1.0, 11.594206809997559]}