{"x": [0, 1, 2, 3, 4, 5], "y": [5.513772010803223, 4.63163948059082, 4.637872219085693, 3.697662591934204, 3.967890977859497, 2.841606378555298], "params": [-3.275364637374878, 4.684347629547119, 7.152750015258789, 2.963050603866577, 0.25, 1.0, 3.5359127521514893]}