{"x": [0, 1, 2, 3, 4, 5], "y": [6.446406841278076, 3.4285144805908203, 5.990549087524414, 2.661264419555664, 5.672123908996582, 2.25962233543396], "params": [-2.37669038772583, -1.4173632860183716, 4.9499125480651855, 12.087517738342285, 0.25, 1.0, 12.955024719238281]}