{"x": [0, 1, 2, 3, 4, 5], "y": [8.188690185546875, 4.4014434814453125, 7.639718055725098, 4.245366096496582, 7.345442771911621, 3.792011260986328], "params": [-1.9124096632003784, 3.649604320526123, 3.8930721282958984, 13.133538246154785, 0.25, 1.0, 14.221582412719727]}