{"x": [0, 1, 2, 3, 4, 5], "y": [4.805661678314209, 2.625235080718994, 4.412100791931152, 2.070136070251465, 3.7066774368286133, 1.472872257232666], "params": [-3.006899118423462, -3.03281307220459, 5.364963054656982, 7.9908246994018555, 0.25, 1.0, 8.14055061340332]}