{"x": [0, 1, 2, 3, 4, 5], "y": [8.56318473815918, 7.155651569366455, 7.7638044357299805, 6.318085670471191, 8.441311836242676, 6.723147869110107], "params": [-0.18064618110656738, 1.8332773447036743, 1.136678695678711, 3.9150140285491943, 0.25, 1.0, 4.0327534675598145]}