{"x": [0, 1, 2, 3, 4, 5], "y": [6.52177095413208, 4.165085792541504, 5.436259746551514, 3.56095290184021, 4.370273590087891, 2.6463818550109863], "params": [-4.835127353668213, 2.986886978149414, 9.90181827545166, 6.014215469360352, 0.25, 1.0, 7.079164505004883]}