{"x": [0, 1, 2, 3, 4, 5], "y": [8.90809440612793, 4.021673679351807, 8.52906608581543, 3.9110922813415527, 6.4198832511901855, 1.670713186264038], "params": [-3.1286191940307617, -4.047792434692383, 7.001509666442871, 8.638778686523438, 0.25, 1.0, 9.738958358764648]}