{"x": [0, 1, 2, 3, 4, 5], "y": [6.258169174194336, 3.7903642654418945, 6.046375751495361, 3.359665870666504, 5.853063583374023, 3.142098903656006], "params": [-1.177363634109497, 2.500506639480591, 2.5368289947509766, 10.765595436096191, 0.25, 1.0, 10.7906494140625]}