{"x": [0, 1, 2, 3, 4, 5], "y": [8.153623580932617, 3.6091690063476562, 7.685826301574707, 3.1004254817962646, 7.031007289886475, 2.2982428073883057], "params": [-1.0210425853729248, -3.9814109802246094, 2.518043041229248, 8.710891723632812, 0.25, 1.0, 9.192718505859375]}