{"x": [0, 1, 2, 3, 4, 5], "y": [3.1354165077209473, 2.423156976699829, 2.2696268558502197, 1.4565364122390747, 1.6520235538482666, 0.9016302227973938], "params": [-3.4759435653686523, -3.4312355518341064, 7.1367597579956055, 1.282508134841919, 0.25, 1.0, 2.142251491546631]}