{"x": [0, 1, 2, 3, 4, 5], "y": [10.899235725402832, 2.7698628902435303, 9.938032150268555, 2.8026177883148193, 9.56486988067627, 3.0364606380462646], "params": [-0.693204402923584, -4.70259428024292, 2.253976821899414, 14.048702239990234, 0.25, 1.0, 14.618860244750977]}