{"x": [0, 1, 2, 3, 4, 5], "y": [10.948501586914062, 3.7816996574401855, 9.675168991088867, 3.023252487182617, 8.659453392028809, 1.5514382123947144], "params": [-2.7386021614074707, -3.8267123699188232, 5.977057456970215, 12.401073455810547, 0.25, 1.0, 12.817069053649902]}