{"x": [0, 1, 2, 3, 4, 5], "y": [5.835687637329102, 2.369415521621704, 5.233842849731445, 2.1526150703430176, 4.884397983551025, 1.6679356098175049], "params": [-1.8534371852874756, -1.1884856224060059, 4.030790328979492, 12.08719253540039, 0.25, 1.0, 12.747323036193848]}