{"x": [0, 1, 2, 3, 4, 5], "y": [3.9493982791900635, 2.2531068325042725, 2.881528854370117, 1.3664627075195312, 1.7430951595306396, 0.3355187773704529], "params": [-4.881316184997559, -4.861087322235107, 9.790937423706055, 4.392307758331299, 0.25, 1.0, 5.063470840454102]}