{"x": [0, 1, 2, 3, 4, 5], "y": [14.70481014251709, 8.245573043823242, 12.28732681274414, 6.575760364532471, 10.984713554382324, 4.9435553550720215], "params": [-4.191233158111572, 2.648355484008789, 8.366432189941406, 10.981783866882324, 0.25, 1.0, 11.432090759277344]}