{"x": [0, 1, 2, 3, 4, 5], "y": [12.05714225769043, 6.692964553833008, 12.696651458740234, 6.542074203491211, 12.99043083190918, 6.9544219970703125], "params": [0.8559280037879944, 2.668360471725464, 1.9990234375, 12.359964370727539, 0.25, 1.0, 13.286460876464844]}