{"x": [0, 1, 2, 3, 4, 5], "y": [9.540544509887695, 7.217155456542969, 8.160035133361816, 6.098326206207275, 6.174328804016113, 4.737127304077148], "params": [-3.6959173679351807, 1.9996362924575806, 7.463595390319824, 2.1413443088531494, 0.25, 1.0, 3.234867572784424]}