{"x": [0, 1, 2, 3, 4, 5], "y": [10.341058731079102, 6.157957553863525, 9.454858779907227, 5.421534538269043, 9.226932525634766, 5.757829189300537], "params": [-0.525454580783844, 0.9526115655899048, 1.1963462829589844, 8.172652244567871, 0.25, 1.0, 9.625144004821777]}