{"x": [0, 1, 2, 3, 4, 5], "y": [4.115555286407471, 2.9370975494384766, 3.115863084793091, 2.0541481971740723, 2.448758125305176, 1.1613463163375854], "params": [-4.601241588592529, -1.4492672681808472, 8.911360740661621, 2.4696269035339355, 0.25, 1.0, 3.6255526542663574]}