{"x": [0, 1, 2, 3, 4, 5], "y": [15.69007396697998, 8.723197937011719, 14.206165313720703, 7.561192512512207, 12.852222442626953, 5.141421318054199], "params": [-3.928252696990967, 4.725618839263916, 8.21479320526123, 13.025383949279785, 0.25, 1.0, 13.928794860839844]}