{"x": [0, 1, 2, 3, 4, 5], "y": [5.5005316734313965, 2.4540657997131348, 4.869343280792236, 1.992700219154358, 4.575995445251465, 1.3378205299377441], "params": [-2.863447904586792, -3.289968967437744, 5.241543769836426, 12.01006031036377, 0.25, 1.0, 12.013873100280762]}