{"x": [0, 1, 2, 3, 4, 5], "y": [10.834104537963867, 6.829934120178223, 9.597184181213379, 6.189779281616211, 8.924856185913086, 5.081917762756348], "params": [-2.4723103046417236, -0.28759658336639404, 4.164975166320801, 7.25954008102417, 0.25, 1.0, 7.560638427734375]}