{"x": [0, 1, 2, 3, 4, 5], "y": [17.38515853881836, 9.650983810424805, 16.162216186523438, 8.92885684967041, 15.912332534790039, 8.61373519897461], "params": [-0.7500984072685242, 4.310283660888672, 2.3284616470336914, 14.152908325195312, 0.25, 1.0, 15.788421630859375]}