{"x": [0, 1, 2, 3, 4, 5], "y": [15.551567077636719, 8.567910194396973, 13.766570091247559, 6.5557403564453125, 12.153144836425781, 5.0978827476501465], "params": [-4.213555812835693, 3.730225086212158, 7.643557548522949, 12.497710227966309, 0.25, 1.0, 13.263811111450195]}