{"x": [0, 1, 2, 3, 4, 5], "y": [4.586739540100098, 2.396393299102783, 4.389615058898926, 2.0533719062805176, 4.379237174987793, 2.2004916667938232], "params": [-0.2107033133506775, -1.8651700019836426, 1.0197076797485352, 9.189726829528809, 0.25, 1.0, 9.827072143554688]}