{"x": [0, 1, 2, 3, 4, 5], "y": [6.574639320373535, 2.9344496726989746, 6.40307092666626, 2.7226715087890625, 6.089837074279785, 2.906862258911133], "params": [-0.8988034725189209, -2.1042990684509277, 1.769284725189209, 13.644058227539062, 0.25, 1.0, 14.73147964477539]}