{"x": [0, 1, 2, 3, 4, 5], "y": [6.1957807540893555, 3.8444600105285645, 6.181055068969727, 3.0266623497009277, 5.723886013031006, 2.7095017433166504], "params": [-2.1004762649536133, 1.544727087020874, 3.9269285202026367, 10.533129692077637, 0.25, 1.0, 11.349547386169434]}