{"x": [0, 1, 2, 3, 4, 5], "y": [6.048050403594971, 4.281185150146484, 5.660912036895752, 4.073612689971924, 5.301482200622559, 3.7416701316833496], "params": [-2.8646066188812256, 4.808161735534668, 4.203252792358398, 6.043043613433838, 0.25, 1.0, 6.474041938781738]}