{"x": [0, 1, 2, 3, 4, 5], "y": [13.904918670654297, 6.981016159057617, 12.8995361328125, 5.78977108001709, 11.654909133911133, 5.084466457366943], "params": [-2.579190731048584, 0.01628398895263672, 5.449905872344971, 11.9336519241333, 0.25, 1.0, 12.877876281738281]}