{"x": [0, 1, 2, 3, 4, 5], "y": [5.580153465270996, 2.893540382385254, 5.377828598022461, 2.2497398853302, 5.20760440826416, 1.751237154006958], "params": [-2.319218635559082, -1.157960295677185, 4.448793411254883, 11.226004600524902, 0.25, 1.0, 12.175067901611328]}