{"x": [0, 1, 2, 3, 4, 5], "y": [2.2683441638946533, 1.432978630065918, 2.4142587184906006, 1.3038147687911987, 2.2938308715820312, 1.5984103679656982], "params": [-0.25138646364212036, -4.480221271514893, 1.460045337677002, 2.7598233222961426, 0.25, 1.0, 3.8636937141418457]}