{"x": [0, 1, 2, 3, 4, 5], "y": [8.109496116638184, 5.56945276260376, 6.69050407409668, 3.523693323135376, 4.898000717163086, 2.305389404296875], "params": [-4.276060581207275, -2.2299575805664062, 8.542516708374023, 3.7245492935180664, 0.25, 1.0, 4.425636291503906]}