{"x": [0, 1, 2, 3, 4, 5], "y": [3.993720769882202, 2.6402087211608887, 2.576918125152588, 1.6143981218338013, 2.017707109451294, 1.1315109729766846], "params": [-4.528034687042236, -1.6807234287261963, 9.632177352905273, 2.399394989013672, 0.25, 1.0, 2.4214396476745605]}