{"x": [0, 1, 2, 3, 4, 5], "y": [6.639901638031006, 3.5252552032470703, 6.466634750366211, 2.977046251296997, 5.407040596008301, 1.9251400232315063], "params": [-3.761777400970459, 1.9677722454071045, 7.5763678550720215, 11.817627906799316, 0.25, 1.0, 12.718999862670898]}