{"x": [0, 1, 2, 3, 4, 5], "y": [7.322100639343262, 3.8498127460479736, 6.187623977661133, 2.9549641609191895, 5.485928535461426, 2.1604671478271484], "params": [-4.869053840637207, 2.17889666557312, 9.524543762207031, 10.751463890075684, 0.25, 1.0, 11.848686218261719]}