{"x": [0, 1, 2, 3, 4, 5], "y": [4.678891658782959, 3.1822657585144043, 4.048281669616699, 2.266286849975586, 3.244673728942871, 1.6165895462036133], "params": [-3.8067519664764404, -0.7514655590057373, 7.141922950744629, 5.226269245147705, 0.25, 1.0, 5.331104755401611]}