{"x": [0, 1, 2, 3, 4, 5], "y": [7.517221450805664, 3.841442823410034, 6.8373260498046875, 3.1172404289245605, 6.17421817779541, 1.9179962873458862], "params": [-4.114739418029785, 0.7317739725112915, 9.264444351196289, 13.381491661071777, 0.25, 1.0, 13.706893920898438]}