{"x": [0, 1, 2, 3, 4, 5], "y": [7.352972507476807, 3.2344970703125, 8.497798919677734, 4.560150623321533, 8.827335357666016, 4.80897855758667], "params": [1.7596815824508667, -3.5126054286956787, 3.2754340171813965, 8.897971153259277, 0.25, 1.0, 9.193814277648926]}