{"x": [0, 1, 2, 3, 4, 5], "y": [4.359437942504883, 3.492736577987671, 2.9436984062194824, 2.482387065887451, 2.5422139167785645, 1.708005428314209], "params": [-4.7685041427612305, 0.016330480575561523, 8.976806640625, 1.4863917827606201, 0.25, 1.0, 2.0022027492523193]}