{"x": [0, 1, 2, 3, 4, 5], "y": [12.387136459350586, 6.5108842849731445, 10.24736213684082, 5.459266185760498, 8.937862396240234, 3.9209275245666504], "params": [-3.9074606895446777, 0.6367754936218262, 8.313035011291504, 9.18838882446289, 0.25, 1.0, 9.103705406188965]}