{"x": [0, 1, 2, 3, 4, 5], "y": [5.750844955444336, 3.478400707244873, 4.896273612976074, 2.789186716079712, 3.9926929473876953, 1.8063825368881226], "params": [-3.7608039379119873, -0.5866390466690063, 7.6131439208984375, 7.77872371673584, 0.25, 1.0, 8.164705276489258]}