{"x": [0, 1, 2, 3, 4, 5], "y": [6.830374717712402, 4.272076606750488, 7.056865692138672, 4.33225679397583, 6.9685540199279785, 4.087394714355469], "params": [-0.6980606913566589, 4.094020843505859, 1.9056158065795898, 10.817170143127441, 0.25, 1.0, 12.441144943237305]}