{"x": [0, 1, 2, 3, 4, 5], "y": [3.6107277870178223, 2.0577001571655273, 3.278271198272705, 1.3535763025283813, 2.9027931690216064, 1.4824938774108887], "params": [-0.7218441367149353, -4.205868721008301, 1.6161341667175293, 5.776696681976318, 0.25, 1.0, 7.488376617431641]}