{"x": [0, 1, 2, 3, 4, 5], "y": [12.892813682556152, 6.857028961181641, 11.981098175048828, 5.322528839111328, 11.344247817993164, 4.51924467086792], "params": [-2.37669038772583, -1.4173632860183716, 4.9499125480651855, 12.087517738342285, 0.25, 1.0, 12.955024719238281]}