{"x": [0, 1, 2, 3, 4, 5], "y": [5.2962236404418945, 3.929814100265503, 4.202549457550049, 2.7739241123199463, 3.511168956756592, 2.184857130050659], "params": [-4.354854583740234, 1.685507893562317, 8.338067054748535, 3.671332597732544, 0.25, 1.0, 4.578160762786865]}