{"x": [0, 1, 2, 3, 4, 5], "y": [10.991872787475586, 6.123929500579834, 11.640981674194336, 6.628454208374023, 11.42170524597168, 7.2227654457092285], "params": [0.7686108350753784, 1.2465041875839233, 2.203141212463379, 10.168740272521973, 0.25, 1.0, 10.515931129455566]}