{"x": [0, 1, 2, 3, 4, 5], "y": [3.0448763370513916, 2.4249744415283203, 2.32869815826416, 1.6605162620544434, 1.7694177627563477, 0.5844753980636597], "params": [-3.228386878967285, -3.755466938018799, 7.25455379486084, 1.9600975513458252, 0.25, 1.0, 2.8775558471679688]}