{"x": [0, 1, 2, 3, 4, 5], "y": [10.15892219543457, 6.3669352531433105, 9.398561477661133, 5.486995220184326, 8.080114364624023, 5.4668498039245605], "params": [-1.9930458068847656, 0.7458198070526123, 4.10214900970459, 6.165491104125977, 0.25, 1.0, 6.913670063018799]}