{"x": [0, 1, 2, 3, 4, 5], "y": [10.442087173461914, 6.229648590087891, 9.578054428100586, 4.394130229949951, 7.574462413787842, 2.6468589305877686], "params": [-3.75205135345459, -3.6878299713134766, 6.804491996765137, 8.43657112121582, 0.25, 1.0, 9.14288330078125]}