{"x": [0, 1, 2, 3, 4, 5], "y": [5.187222957611084, 3.2657926082611084, 4.715860366821289, 2.754363775253296, 4.285011291503906, 2.3201019763946533], "params": [-1.6278948783874512, 0.9443575143814087, 3.3805465698242188, 7.247002601623535, 0.25, 1.0, 8.087936401367188]}