{"x": [0, 1, 2, 3, 4, 5], "y": [6.855755805969238, 6.040776252746582, 5.490771770477295, 4.457430362701416, 3.5107526779174805, 2.5290093421936035], "params": [-4.239259243011475, -0.23630499839782715, 8.65349292755127]}