{"x": [0, 1, 2, 3, 4, 5], "y": [5.8415021896362305, 1.1535032987594604, 6.132490158081055, 0.5414251089096069, 6.216198921203613, 0.8324077725410461], "params": [10.533129692077637, 0.25, 1.0, 11.349547386169434]}