{"x": [0, 1, 2, 3, 4, 5], "y": [4.057960510253906, 0.5183782577514648, 4.038914203643799, 0.7894088625907898, 3.78243088722229, 1.2580915689468384], "params": [6.014215469360352, 0.25, 1.0, 7.079164505004883]}