{"x": [0, 1, 2, 3, 4, 5], "y": [5.838647842407227, 0.516768217086792, 6.233943939208984, 0.3544609248638153, 6.441994667053223, 0.4052119851112366], "params": [11.226004600524902, 0.25, 1.0, 12.175067901611328]}