{"x": [0, 1, 2, 3, 4, 5], "y": [7.489426136016846, 0.581917941570282, 7.353725910186768, 1.3651766777038574, 7.2484660148620605, 1.3290808200836182], "params": [12.873747825622559, 0.25, 1.0, 13.815016746520996]}