{"x": [0, 1, 2, 3, 4, 5], "y": [3.4327664375305176, 0.6308917999267578, 3.7704660892486572, 1.1258587837219238, 3.495952606201172, 0.7749670743942261], "params": [5.330574035644531, 0.25, 1.0, 6.279148578643799]}