{"x": [0, 1, 2, 3, 4, 5], "y": [7.1328582763671875, -0.12340816855430603, 6.9922990798950195, 0.3818553686141968, 6.75389289855957, -0.15793201327323914], "params": [14.059337615966797, 0.25, 1.0, 14.58158016204834]}