{"x": [0, 1, 2, 3, 4, 5], "y": [1.2252891063690186, 0.2501997649669647, 0.25243252515792847, 0.2241877168416977, 1.2085587978363037, 0.41082763671875], "params": [1.4863917827606201, 0.25, 1.0, 2.0022027492523193]}