{"x": [0, 1, 2, 3, 4, 5], "y": [4.301723003387451, 0.2870241701602936, 4.527984142303467, 0.34516918659210205, 4.690799236297607, 0.9455966949462891], "params": [8.680157661437988, 0.25, 1.0, 8.807550430297852]}