{"x": [0, 1, 2, 3, 4, 5], "y": [4.403936386108398, 1.2249510288238525, 4.518128871917725, 0.8062505722045898, 4.383844375610352, 1.0231118202209473], "params": [6.761363506317139, 0.25, 1.0, 7.4237565994262695]}