{"x": [0, 1, 2, 3, 4, 5], "y": [9.950817108154297, 2.6317873001098633, 9.830872535705566, 2.3700461387634277, 10.138483047485352, 2.5095064640045166], "params": [14.899271011352539, 0.25, 1.0, 15.536873817443848]}