{"x": [0, 1, 2, 3, 4, 5], "y": [3.294579267501831, 0.4087153971195221, 3.149733543395996, 0.2840186059474945, 3.6172068119049072, 0.5158010721206665], "params": [5.6710920333862305, 0.25, 1.0, 6.66637659072876]}