{"x": [0, 1, 2, 3, 4, 5], "y": [5.304365634918213, 1.5216443538665771, 5.229517459869385, 1.265311360359192, 5.004858016967773, 0.8799407482147217], "params": [7.834963321685791, 0.25, 1.0, 8.84885025024414]}