{"x": [0, 1, 2, 3, 4, 5], "y": [5.866599082946777, 1.4196722507476807, 5.839799404144287, 1.2102659940719604, 6.0466790199279785, 1.4567713737487793], "params": [8.856647491455078, 0.25, 1.0, 9.672825813293457]}