{"x": [0, 1, 2, 3, 4, 5], "y": [1.235735535621643, 0.13615405559539795, 0.7795174717903137, 0.3931400775909424, 1.60086989402771, -0.1320582926273346], "params": [2.7645840644836426, 0.25, 1.0, 3.4658563137054443]}