{"x": [0, 1, 2, 3, 4, 5], "y": [2.966651201248169, -0.27214109897613525, 2.9370439052581787, 0.31634294986724854, 2.8036036491394043, 0.2023909091949463], "params": [5.190188884735107, 0.25, 1.0, 6.4775848388671875]}