{"x": [0, 1, 2, 3, 4, 5], "y": [6.529233455657959, 1.0950543880462646, 7.315627098083496, 1.627432107925415, 7.185407638549805, 1.6784980297088623], "params": [10.817170143127441, 0.25, 1.0, 12.441144943237305]}