{"x": [0, 1, 2, 3, 4, 5], "y": [3.6827762126922607, 0.6415948271751404, 3.3700168132781982, 0.36440134048461914, 3.381113290786743, 0.4111855924129486], "params": [6.129267692565918, 0.25, 1.0, 6.636749744415283]}