{"x": [0, 1, 2, 3, 4, 5], "y": [7.301730155944824, 2.1229612827301025, 7.609811305999756, 1.7092677354812622, 7.515300750732422, 1.3508049249649048], "params": [11.542118072509766, 0.25, 1.0, 12.518013000488281]}