{"x": [0, 1, 2, 3, 4, 5], "y": [4.8897247314453125, 1.277266502380371, 4.976902484893799, 1.0533353090286255, 4.938177108764648, 0.9066274166107178], "params": [7.9908246994018555, 0.25, 1.0, 8.14055061340332]}