{"x": [0, 1, 2, 3, 4, 5], "y": [5.0834059715271, 0.6252233982086182, 4.917739391326904, 0.38548433780670166, 4.613173484802246, 0.16986998915672302], "params": [9.189726829528809, 0.25, 1.0, 9.827072143554688]}