{"x": [0, 1, 2, 3, 4, 5], "y": [5.028894424438477, 0.34833717346191406, 5.098142623901367, -0.20752757787704468, 4.630919456481934, 0.20734678208827972], "params": [9.620926856994629, 0.25, 1.0, 10.611340522766113]}