{"x": [0, 1, 2, 3, 4, 5], "y": [5.764811038970947, 1.2618733644485474, 5.6722211837768555, 0.9252196550369263, 5.470329761505127, 1.4167976379394531], "params": [8.665066719055176, 0.25, 1.0, 9.679183006286621]}