{"x": [0, 1, 2, 3, 4, 5], "y": [2.5576744079589844, 0.5729566812515259, 1.9291694164276123, 0.26859405636787415, 2.3081462383270264, 0.5039749145507812], "params": [3.671332597732544, 0.25, 1.0, 4.578160762786865]}