{"x": [0, 1, 2, 3, 4, 5], "y": [1.3963087797164917, 0.12238116562366486, 1.0057871341705322, 0.43187618255615234, 1.4426406621932983, -0.27030104398727417], "params": [2.377392053604126, 0.25, 1.0, 3.4258832931518555]}