{"x": [0, 1, 2, 3, 4, 5], "y": [2.5653276443481445, 0.9755959510803223, 2.152087926864624, 0.5489508509635925, 2.383119821548462, 1.0692869424819946], "params": [3.9150140285491943, 0.25, 1.0, 4.0327534675598145]}