{"x": [0, 1, 2, 3, 4, 5], "y": [1.123460054397583, 0.24293480813503265, 1.6312284469604492, 0.33296915888786316, 1.311811923980713, 0.04299251735210419], "params": [1.718973159790039, 0.25, 1.0, 3.1764719486236572]}