{"x": [0, 1, 2, 3, 4, 5], "y": [5.548655986785889, 0.04150310158729553, 5.858050346374512, 0.1820838451385498, 5.737827301025391, -0.00411592423915863], "params": [11.267670631408691, 0.25, 1.0, 11.724332809448242]}