{"x": [0, 1, 2, 3, 4, 5], "y": [4.5341877937316895, 0.06663930416107178, 4.237595558166504, 0.7444308400154114, 4.664863109588623, 0.8764288425445557], "params": [8.046683311462402, 0.25, 1.0, 9.196447372436523]}