{"x": [0, 1, 2, 3, 4, 5], "y": [6.208766460418701, 1.5063652992248535, 6.254557132720947, 1.547359585762024, 5.816511631011963, 1.2323830127716064], "params": [9.68824577331543, 0.25, 1.0, 10.044347763061523]}