{"x": [0, 1, 2, 3, 4, 5], "y": [6.239944934844971, 0.652096152305603, 6.071257591247559, 0.8298561573028564, 6.206269264221191, 0.6787441968917847], "params": [10.921117782592773, 0.25, 1.0, 11.175697326660156]}