{"x": [0, 1, 2, 3, 4, 5], "y": [7.918123245239258, 1.784385085105896, 7.542201042175293, 1.5531973838806152, 7.787686347961426, 1.7183672189712524], "params": [11.916194915771484, 0.25, 1.0, 12.729851722717285]}