{"x": [0, 1, 2, 3, 4, 5], "y": [1.5459569692611694, 0.12393379211425781, 1.7413675785064697, 0.45535993576049805, 1.3232280015945435, 0.4743373394012451], "params": [2.1413443088531494, 0.25, 1.0, 3.234867572784424]}