{"x": [0, 1, 2, 3, 4, 5], "y": [9.126489639282227, 1.451630711555481, 8.633723258972168, 1.705080270767212, 9.257966995239258, 1.3119142055511475], "params": [14.889935493469238, 0.25, 1.0, 15.892105102539062]}