{"x": [0, 1, 2, 3, 4, 5], "y": [5.561750411987305, 1.1347988843917847, 6.132022857666016, 0.6446691751480103, 5.897490501403809, 1.1586368083953857], "params": [9.570406913757324, 0.25, 1.0, 10.97470760345459]}