{"x": [0, 1, 2, 3, 4, 5], "y": [4.722968578338623, 0.7944199442863464, 5.04001522064209, 0.6449935436248779, 4.459228038787842, 0.9360178112983704], "params": [7.833742618560791, 0.25, 1.0, 8.790042877197266]}