{"x": [0, 1, 2, 3, 4, 5], "y": [1.2011128664016724, 0.014463601633906364, 0.9840527176856995, -0.009606961160898209, 1.110064148902893, 0.2927818298339844], "params": [2.399394989013672, 0.25, 1.0, 2.4214396476745605]}