{"x": [0, 1, 2, 3, 4, 5], "y": [7.855040073394775, 0.8544489741325378, 7.774189472198486, 0.9407259821891785, 7.536815643310547, 0.6201763153076172], "params": [13.6531982421875, 0.25, 1.0, 14.469727516174316]}