{"x": [0, 1, 2, 3, 4, 5], "y": [1.8240289688110352, 0.6880764961242676, 1.646327257156372, 0.004023879766464233, 1.8504359722137451, 0.31499987840652466], "params": [2.576892852783203, 0.25, 1.0, 3.692824125289917]}