{"x": [0, 1, 2, 3, 4, 5], "y": [7.540815830230713, 1.873071312904358, 7.500350475311279, 1.8413619995117188, 8.41238021850586, 2.039564371109009], "params": [12.041333198547363, 0.25, 1.0, 13.142036437988281]}