{"x": [0, 1, 2, 3, 4, 5], "y": [0.3181561529636383, -0.27217504382133484, 0.4111643135547638, -0.14394469559192657, 0.6508116722106934, 0.19835089147090912], "params": [0.7330423593521118, 0.25, 1.0, 1.8459734916687012]}