{"x": [0, 1, 2, 3, 4, 5], "y": [2.166466236114502, 0.136456698179245, 2.5644757747650146, 0.13772393763065338, 2.159027338027954, 0.17923009395599365], "params": [4.837855815887451, 0.25, 1.0, 4.8560380935668945]}