{"x": [0, 1, 2, 3, 4, 5], "y": [0.4481770992279053, -0.2945309579372406, 0.4500032067298889, -0.060992538928985596, 0.37279534339904785, -0.09322409331798553], "params": [0.5760097503662109, 0.25, 1.0, 1.4890682697296143]}