{"x": [0, 1, 2, 3, 4, 5], "y": [8.109332084655762, 2.0135152339935303, 8.707342147827148, 1.6613742113113403, 8.39683723449707, 1.7833728790283203], "params": [12.746233940124512, 0.25, 1.0, 14.091936111450195]}