{"x": [0, 1, 2, 3, 4, 5], "y": [7.303877830505371, 1.4565234184265137, 7.326294898986816, 1.831682562828064, 6.869532585144043, 1.4811936616897583], "params": [10.93298053741455, 0.25, 1.0, 11.739542961120605]}