{"x": [0, 1, 2, 3, 4, 5], "y": [1.841088891029358, 0.038923799991607666, 1.6607640981674194, 0.0500732958316803, 1.5477728843688965, -0.09075796604156494], "params": [2.7598233222961426, 0.25, 1.0, 3.8636937141418457]}