{"x": [0, 1, 2, 3, 4, 5], "y": [2.1085612773895264, 0.4731360375881195, 2.1421022415161133, 0.011293172836303711, 2.2518885135650635, 0.8441223502159119], "params": [3.289700746536255, 0.25, 1.0, 4.4811906814575195]}