{"x": [0, 1, 2, 3, 4, 5], "y": [3.830634355545044, 0.34600603580474854, 3.702420711517334, 0.04366844892501831, 3.5140268802642822, -0.21333394944667816], "params": [7.247002601623535, 0.25, 1.0, 8.087936401367188]}