{"x": [0, 1, 2, 3, 4, 5], "y": [2.0467891693115234, 0.6011749505996704, 2.163601875305176, 0.15897691249847412, 2.1228015422821045, 0.5851522088050842], "params": [3.379992961883545, 0.25, 1.0, 4.009249687194824]}