{"x": [0, 1, 2, 3, 4, 5], "y": [7.756809711456299, 7.8309006690979, 7.335478782653809, 6.909206867218018, 7.2478928565979, 6.906089782714844], "params": [-0.9551805257797241, 4.774259567260742, 1.8496217727661133]}