{"x": [0, 1, 2, 3, 4, 5], "y": [5.592860221862793, 5.069029331207275, 3.9802064895629883, 2.8642563819885254, 2.238624095916748, 0.7753304243087769], "params": [-4.9441118240356445, -3.026451587677002, 9.635059356689453]}