{"x": [0, 1, 2, 3, 4, 5], "y": [9.1196870803833, 8.61146354675293, 7.327198028564453, 5.747881889343262, 5.7230963706970215, 4.697722434997559], "params": [-4.702789783477783, 3.7181777954101562, 8.843929290771484]}