{"x": [0, 1, 2, 3, 4, 5], "y": [4.102962970733643, 3.762821912765503, 3.6584863662719727, 2.7402265071868896, 2.2756035327911377, 2.277510643005371], "params": [-2.0851035118103027, -3.72381329536438, 3.6547188758850098]}