{"x": [0, 1, 2, 3, 4, 5], "y": [5.897885799407959, 5.1796746253967285, 4.448853015899658, 3.4939632415771484, 2.655452251434326, 1.6266276836395264], "params": [-4.276060581207275, -2.2299575805664062, 8.542516708374023]}