{"x": [0, 1, 2, 3, 4, 5], "y": [6.695651531219482, 6.660272598266602, 6.473711967468262, 5.7831130027771, 5.2537760734558105, 4.656298637390137], "params": [-2.2809135913848877, 2.0333151817321777, 4.078705787658691]}