{"x": [0, 1, 2, 3, 4, 5], "y": [5.2678608894348145, 4.182591438293457, 3.55928897857666, 3.5129008293151855, 2.8686611652374268, 2.7584917545318604], "params": [-2.3790502548217773, -2.462489604949951, 5.018738269805908]}