{"x": [0, 1, 2, 3, 4, 5], "y": [3.4939870834350586, 3.4563376903533936, 2.585629463195801, 2.209280490875244, 2.2654824256896973, 2.078535795211792], "params": [-1.1133778095245361, -4.492347240447998, 2.830902576446533]}