{"x": [0, 1, 2, 3, 4, 5], "y": [6.472719192504883, 5.650697231292725, 4.81072998046875, 4.215229511260986, 3.2527573108673096, 1.7348262071609497], "params": [-4.311895370483398, -1.5302324295043945, 9.475786209106445]}