{"x": [0, 1, 2, 3, 4, 5], "y": [8.670693397521973, 8.199692726135254, 7.584089279174805, 6.384018898010254, 6.0458550453186035, 5.034078598022461], "params": [-3.3587656021118164, 3.868114471435547, 7.273229598999023]}