{"x": [0, 1, 2, 3, 4, 5], "y": [7.863160610198975, 7.314855098724365, 7.006763935089111, 6.3477959632873535, 5.999380111694336, 5.951048851013184], "params": [-2.4191184043884277, 3.445441722869873, 3.824223518371582]}