{"x": [0, 1, 2, 3, 4, 5], "y": [8.848838806152344, 8.047015190124512, 7.541889667510986, 6.485299110412598, 5.451071739196777, 4.599461555480957], "params": [-4.116080284118652, 3.6234843730926514, 8.498754501342773]}