{"x": [0, 1, 2, 3, 4, 5], "y": [6.983495235443115, 6.851848125457764, 6.657042026519775, 6.104303359985352, 6.276591777801514, 6.4442315101623535], "params": [-0.6954246759414673, 3.134700059890747, 1.7583837509155273]}