{"x": [0, 1, 2, 3, 4, 5], "y": [8.89610481262207, 7.472895622253418, 6.77235746383667, 5.684102535247803, 5.038332939147949, 3.7538022994995117], "params": [-4.864038467407227, 2.3763437271118164, 10.284605026245117]}