{"x": [0, 1, 2, 3, 4, 5], "y": [4.463338375091553, 4.4818501472473145, 3.5210978984832764, 3.406975269317627, 3.3356058597564697, 2.3928260803222656], "params": [-1.713336706161499, -2.8698782920837402, 4.178048133850098]}