{"x": [0, 1, 2, 3, 4, 5], "y": [6.324641227722168, 5.452083110809326, 5.105443000793457, 5.039773464202881, 4.978711128234863, 4.62653923034668], "params": [-1.454516053199768, 0.3507852554321289, 3.3962039947509766]}