{"x": [0, 1, 2, 3, 4, 5], "y": [3.6014914512634277, 3.1261816024780273, 2.741852283477783, 2.430699348449707, 2.400413751602173, 2.2273898124694824], "params": [-1.4278862476348877, -4.397724151611328, 2.7482032775878906]}