{"x": [0, 1, 2, 3, 4, 5], "y": [6.854552268981934, 6.871997356414795, 6.37585973739624, 6.02463960647583, 6.268853664398193, 5.704885482788086], "params": [-0.713266134262085, 2.9288864135742188, 2.334223747253418]}