{"x": [0, 1, 2, 3, 4, 5], "y": [6.550059795379639, 6.535416603088379, 6.229620456695557, 5.511899471282959, 5.231573104858398, 4.58659553527832], "params": [-2.1004762649536133, 1.544727087020874, 3.9269285202026367]}