{"x": [0, 1, 2, 3, 4, 5], "y": [4.306685924530029, 3.873847246170044, 3.586061954498291, 3.492112398147583, 3.6089720726013184, 3.412179946899414], "params": [-0.8698418736457825, -2.703766345977783, 1.7890119552612305]}