{"x": [0, 1, 2, 3, 4, 5], "y": [6.824061393737793, 6.509991645812988, 6.182589530944824, 5.941060543060303, 5.010761260986328, 4.156312942504883], "params": [-2.3926827907562256, 1.5321195125579834, 5.33549690246582]}