{"x": [0, 1, 2, 3, 4, 5], "y": [7.131515979766846, 7.449099063873291, 6.7981038093566895, 7.037081241607666, 6.751700401306152, 6.496291160583496], "params": [-0.6980606913566589, 4.094020843505859, 1.9056158065795898]}