{"x": [0, 1, 2, 3, 4, 5], "y": [5.166872024536133, 3.9656805992126465, 3.0494282245635986, 2.5334551334381104, 0.9290756583213806, 0.3394729793071747], "params": [-4.971645832061768, -4.796807289123535, 9.65479850769043]}