{"x": [0, 1, 2, 3, 4, 5], "y": [5.154033184051514, 4.92157506942749, 4.168812274932861, 4.297268867492676, 3.8464038372039795, 3.11761736869812], "params": [-1.7415833473205566, -1.381150484085083, 4.072831630706787]}