{"x": [0, 1, 2, 3, 4, 5], "y": [5.065159320831299, 4.845726013183594, 4.188207149505615, 3.7870311737060547, 3.2434232234954834, 3.3930439949035645], "params": [-2.0257716178894043, -1.6777688264846802, 3.643472194671631]}