{"x": [0, 1, 2, 3, 4, 5], "y": [5.299363136291504, 5.397144794464111, 4.6581501960754395, 3.9925835132598877, 3.536790132522583, 2.9221885204315186], "params": [-2.37669038772583, -1.4173632860183716, 4.9499125480651855]}