{"x": [0, 1, 2, 3, 4, 5], "y": [5.348213195800781, 5.638585090637207, 5.343249797821045, 4.858966827392578, 4.782356262207031, 4.817784786224365], "params": [-0.39075136184692383, 0.2745884656906128, 1.7124576568603516]}