{"x": [0, 1, 2, 3, 4, 5], "y": [5.806576728820801, 5.582726001739502, 4.646300792694092, 4.744747638702393, 4.063965320587158, 3.7240891456604004], "params": [-2.4723103046417236, -0.28759658336639404, 4.164975166320801]}