{"x": [0, 1, 2, 3, 4, 5], "y": [3.8053247928619385, 3.2862441539764404, 2.9052743911743164, 2.2983179092407227, 1.8323733806610107, 1.242537498474121], "params": [-2.513943672180176, -4.874973297119141, 5.125574588775635]}