{"x": [0, 1, 2, 3, 4, 5], "y": [9.013556480407715, 8.218109130859375, 7.894874572753906, 7.049214839935303, 6.42933988571167, 6.263801097869873], "params": [-3.3334856033325195, 4.8349103927612305, 5.499510765075684]}