{"x": [0, 1, 2, 3, 4, 5], "y": [9.072662353515625, 8.783793449401855, 7.38065242767334, 7.134549140930176, 6.010393142700195, 5.4962873458862305], "params": [-3.275364637374878, 4.684347629547119, 7.152750015258789]}