{"x": [0, 1, 2, 3, 4, 5], "y": [6.572384357452393, 6.1443867683410645, 5.971663951873779, 6.240052700042725, 5.395017623901367, 5.869399547576904], "params": [-0.9159046411514282, 2.1057724952697754, 2.354733467102051]}