{"x": [0, 1, 2, 3, 4, 5], "y": [7.1722259521484375, 6.454102993011475, 5.914437294006348, 4.947745323181152, 5.159276008605957, 3.862891674041748], "params": [-3.0271763801574707, 1.3400143384933472, 6.618668556213379]}