{"x": [0, 1, 2, 3, 4, 5], "y": [8.180187225341797, 7.736582279205322, 7.396533012390137, 7.067220687866211, 7.216460704803467, 6.591930389404297], "params": [-1.8319213390350342, 4.632143020629883, 3.176513671875]}