{"x": [0, 1, 2, 3, 4, 5], "y": [6.8389387130737305, 7.0377092361450195, 6.725742816925049, 7.013759136199951, 6.923182964324951, 6.2440385818481445], "params": [-0.7183605432510376, 3.7942700386047363, 1.58734130859375]}