{"x": [0, 1, 2, 3, 4, 5], "y": [4.7215986251831055, 3.973203659057617, 3.8472986221313477, 3.0869369506835938, 2.4751780033111572, 2.0391170978546143], "params": [-3.006899118423462, -3.03281307220459, 5.364963054656982]}