{"x": [0, 1, 2, 3, 4, 5], "y": [8.898347854614258, 7.58608341217041, 7.010324954986572, 5.7859697341918945, 4.676530838012695, 3.9096391201019287], "params": [-4.7767791748046875, 2.279458522796631, 9.9774169921875]}