{"x": [0, 1, 2, 3, 4, 5], "y": [4.708742141723633, 4.853995323181152, 3.4522125720977783, 3.1109983921051025, 2.4446141719818115, 1.2267183065414429], "params": [-3.228386878967285, -3.755466938018799, 7.25455379486084]}