{"x": [0, 1, 2, 3, 4, 5], "y": [5.563071250915527, 4.92329216003418, 4.960597038269043, 3.699334144592285, 2.628263473510742, 2.5056543350219727], "params": [-3.1428165435791016, -1.6112130880355835, 6.114833831787109]}