{"x": [0, 1, 2, 3, 4, 5], "y": [6.79841947555542, 6.882837295532227, 6.155967712402344, 6.177872657775879, 5.908109664916992, 5.614422798156738], "params": [-1.177363634109497, 2.500506639480591, 2.5368289947509766]}