{"x": [0, 1, 2, 3, 4, 5], "y": [6.992067337036133, 6.807088375091553, 6.5991716384887695, 6.162655830383301, 6.36652946472168, 6.498413562774658], "params": [-0.2173525094985962, 3.245645046234131, 1.658823013305664]}