{"x": [0, 1, 2, 3, 4, 5], "y": [5.456878662109375, 4.725964546203613, 3.5155537128448486, 3.1966636180877686, 2.4334559440612793, 2.124694347381592], "params": [-3.5749423503875732, -2.8187103271484375, 6.664368629455566]}