{"x": [0, 1, 2, 3, 4, 5], "y": [4.0870361328125, 3.9232890605926514, 3.7065303325653076, 2.9053988456726074, 2.98250412940979, 2.678156614303589], "params": [-1.540146827697754, -3.158270835876465, 2.8177590370178223]}