{"x": [0, 1, 2, 3, 4, 5], "y": [8.170104026794434, 7.712624549865723, 7.03494119644165, 5.736731052398682, 5.350980758666992, 4.7230424880981445], "params": [-4.05227518081665, 3.043285608291626, 6.894123077392578]}