{"x": [0, 1, 2, 3, 4, 5], "y": [5.447933673858643, 4.658820152282715, 4.624120712280273, 4.45544958114624, 3.6206982135772705, 3.4325385093688965], "params": [-1.8534371852874756, -1.1884856224060059, 4.030790328979492]}