{"x": [0, 1, 2, 3, 4, 5], "y": [5.2208685874938965, 4.442180633544922, 3.797342538833618, 3.3434622287750244, 2.945469856262207, 1.922244906425476], "params": [-2.8742594718933105, -2.795980453491211, 6.597247123718262]}