{"x": [0, 1, 2, 3, 4, 5], "y": [14.317922592163086, 9.739753723144531, 13.124391555786133, 8.314526557922363, 11.434198379516602, 7.143741607666016], "params": [-3.3334856033325195, 4.8349103927612305, 5.499510765075684, 7.834963321685791, 0.25, 1.0, 8.84885025024414]}