{"x": [0, 1, 2, 3, 4, 5], "y": [4.620707035064697, 3.8682899475097656, 3.997683048248291, 3.5369150638580322, 3.4655470848083496, 3.274836540222168], "params": [-1.5467280149459839, -3.181774139404297, 2.994460105895996, 0.5832499265670776, 0.25, 1.0, 0.6006864905357361]}