{"x": [0, 1, 2, 3, 4, 5], "y": [8.309173583984375, 4.605446815490723, 6.8464508056640625, 3.1478073596954346, 6.023927211761475, 1.2836072444915771], "params": [-3.658704996109009, -4.559237480163574, 7.605545520782471, 5.69342565536499, 0.25, 1.0, 7.212024688720703]}