{"x": [0, 1, 2, 3, 4, 5], "y": [9.173479080200195, 4.792786598205566, 8.779230117797852, 4.106743812561035, 8.758474349975586, 4.4009833335876465], "params": [-0.2107033133506775, -1.8651700019836426, 1.0197076797485352, 9.189726829528809, 0.25, 1.0, 9.827072143554688]}