{"x": [0, 1, 2, 3, 4, 5], "y": [15.550150871276855, 8.56410026550293, 13.879476547241211, 6.235645294189453, 12.030166625976562, 4.539670944213867], "params": [-4.521989345550537, 0.1597374677658081, 9.369041442871094, 12.746233940124512, 0.25, 1.0, 14.091936111450195]}