{"x": [0, 1, 2, 3, 4, 5], "y": [6.518561363220215, 6.4975175857543945, 5.695932865142822, 6.273523330688477, 5.335221290588379, 5.928126811981201], "params": [-0.9159046411514282, 2.1057724952697754, 2.354733467102051, 0.015193819999694824, 0.25, 1.0, 1.2577241659164429]}