{"x": [0, 1, 2, 3, 4, 5], "y": [5.522385597229004, 4.526309013366699, 3.7484073638916016, 3.320272922515869, 3.354264736175537, 1.9361984729766846], "params": [-2.8742594718933105, -2.795980453491211, 6.597247123718262, 0.5123886466026306, 0.25, 1.0, 0.9154601097106934]}