{"x": [0, 1, 2, 3, 4, 5], "y": [12.720882415771484, 6.495605945587158, 11.77248764038086, 5.129829406738281, 10.897103309631348, 3.8587758541107178], "params": [-3.0271763801574707, 1.3400143384933472, 6.618668556213379, 11.267670631408691, 0.25, 1.0, 11.724332809448242]}