{"x": [0, 1, 2, 3, 4, 5], "y": [5.688177585601807, 4.93306303024292, 4.309728145599365, 4.452272891998291, 4.445975303649902, 2.9940123558044434], "params": [-1.7415833473205566, -1.381150484085083, 4.072831630706787, 0.2563673257827759, 0.25, 1.0, 1.446352481842041]}