{"x": [0, 1, 2, 3, 4, 5], "y": [9.78354263305664, 7.938784599304199, 8.97636604309082, 7.0236735343933105, 8.360282897949219, 6.61856746673584], "params": [-1.8319213390350342, 4.632143020629883, 3.176513671875, 2.8483870029449463, 0.25, 1.0, 3.29380464553833]}