{"x": [0, 1, 2, 3, 4, 5], "y": [8.231110572814941, 5.874195098876953, 6.231726169586182, 4.1082963943481445, 4.897516250610352, 2.322692632675171], "params": [-4.601241588592529, -1.4492672681808472, 8.911360740661621, 2.4696269035339355, 0.25, 1.0, 3.6255526542663574]}