{"x": [0, 1, 2, 3, 4, 5], "y": [13.07190990447998, 4.847395420074463, 11.319558143615723, 3.6773550510406494, 10.382461547851562, 2.132444381713867], "params": [-3.9122464656829834, -3.4002394676208496, 8.03193473815918, 14.822896957397461, 0.25, 1.0, 15.287484169006348]}