{"x": [0, 1, 2, 3, 4, 5], "y": [4.536688327789307, 2.865957260131836, 4.828517436981201, 2.6076295375823975, 4.5876617431640625, 3.1968207359313965], "params": [-0.25138646364212036, -4.480221271514893, 1.460045337677002, 2.7598233222961426, 0.25, 1.0, 3.8636937141418457]}