{"x": [0, 1, 2, 3, 4, 5], "y": [8.65064811706543, 5.74777364730835, 7.714809417724609, 4.763506889343262, 6.636336326599121, 2.587301254272461], "params": [-3.6125874519348145, -1.354149580001831, 6.46403169631958, 5.498044967651367, 0.25, 1.0, 6.01895809173584]}