{"x": [0, 1, 2, 3, 4, 5], "y": [12.75728702545166, 4.764509201049805, 10.913015365600586, 4.878077507019043, 10.117127418518066, 4.0875725746154785], "params": [-2.3790502548217773, -2.462489604949951, 5.018738269805908, 12.873747825622559, 0.25, 1.0, 13.815016746520996]}