{"x": [0, 1, 2, 3, 4, 5], "y": [11.15931510925293, 8.33570384979248, 10.062292098999023, 7.462612628936768, 8.83622932434082, 6.165839195251465], "params": [-3.603534460067749, 4.689205169677734, 6.012480735778809, 4.837855815887451, 0.25, 1.0, 4.8560380935668945]}