{"x": [0, 1, 2, 3, 4, 5], "y": [7.898796558380127, 4.506213665008545, 5.763057708740234, 2.7329254150390625, 3.4861903190612793, 0.6710375547409058], "params": [-4.881316184997559, -4.861087322235107, 9.790937423706055, 4.392307758331299, 0.25, 1.0, 5.063470840454102]}