{"x": [0, 1, 2, 3, 4, 5], "y": [4.360759258270264, 2.6807022094726562, 3.9051783084869385, 3.365630865097046, 4.0651140213012695, 2.421370267868042], "params": [-0.5532532930374146, -4.584621906280518, 0.8122587203979492, 2.377392053604126, 0.25, 1.0, 3.4258832931518555]}