{"x": [0, 1, 2, 3, 4, 5], "y": [12.896738052368164, 6.525552749633789, 11.306501388549805, 4.695939064025879, 9.108156204223633, 2.256524085998535], "params": [-4.9441118240356445, -3.026451587677002, 9.635059356689453, 10.93298053741455, 0.25, 1.0, 11.739542961120605]}