{"x": [0, 1, 2, 3, 4, 5], "y": [9.344282150268555, 7.1783647537231445, 7.222360610961914, 5.623109817504883, 5.411128044128418, 3.6605782508850098], "params": [-4.864038467407227, 2.3763437271118164, 10.284605026245117, 0.5760097503662109, 0.25, 1.0, 1.4890682697296143]}