{"x": [0, 1, 2, 3, 4, 5], "y": [13.083037376403809, 8.640103340148926, 12.058578491210938, 6.6653265953063965, 10.642417907714844, 5.667821407318115], "params": [-3.3587656021118164, 3.868114471435547, 7.273229598999023, 7.621365547180176, 0.25, 1.0, 8.630509376525879]}