{"x": [0, 1, 2, 3, 4, 5], "y": [6.5718994140625, 4.954986095428467, 5.663200378417969, 3.4182684421539307, 5.587494373321533, 3.2369484901428223], "params": [-1.713336706161499, -2.8698782920837402, 4.178048133850098, 3.289700746536255, 0.25, 1.0, 4.4811906814575195]}