{"x": [0, 1, 2, 3, 4, 5], "y": [6.405277252197266, 4.730669975280762, 5.596465110778809, 4.618256568908691, 4.523060321807861, 2.6176655292510986], "params": [-2.191019058227539, -2.1222758293151855, 4.4761433601379395, 2.4372410774230957, 0.25, 1.0, 3.3929953575134277]}