{"x": [0, 1, 2, 3, 4, 5], "y": [10.533770561218262, 4.5165791511535645, 9.403165817260742, 3.2296597957611084, 8.390212059020996, 2.615973472595215], "params": [-2.513943672180176, -4.874973297119141, 5.125574588775635, 10.80146312713623, 0.25, 1.0, 11.594206809997559]}