{"x": [0, 1, 2, 3, 4, 5], "y": [12.257726669311523, 6.966002941131592, 10.471477508544922, 6.567864894866943, 9.463863372802734, 5.203878402709961], "params": [-3.606968402862549, 2.050116539001465, 6.792180061340332, 8.046683311462402, 0.25, 1.0, 9.196447372436523]}