{"x": [0, 1, 2, 3, 4, 5], "y": [11.160306930541992, 5.787080764770508, 10.755657196044922, 4.4994797706604, 10.41520881652832, 3.502474308013916], "params": [-2.319218635559082, -1.157960295677185, 4.448793411254883, 11.226004600524902, 0.25, 1.0, 12.175067901611328]}