{"x": [0, 1, 2, 3, 4, 5], "y": [10.679683685302734, 5.132901191711426, 8.834952354431152, 3.6078081130981445, 6.603577136993408, 1.4580152034759521], "params": [-4.971645832061768, -4.796807289123535, 9.65479850769043, 9.76268482208252, 0.25, 1.0, 9.422341346740723]}