{"x": [0, 1, 2, 3, 4, 5], "y": [13.14927864074707, 5.868899345397949, 12.80614185333252, 5.445343017578125, 12.17967414855957, 5.813724517822266], "params": [-0.8988034725189209, -2.1042990684509277, 1.769284725189209, 13.644058227539062, 0.25, 1.0, 14.73147964477539]}