{"x": [0, 1, 2, 3, 4, 5], "y": [13.660749435424805, 8.544153213500977, 14.113731384277344, 8.66451358795166, 13.937108039855957, 8.174789428710938], "params": [-0.6980606913566589, 4.094020843505859, 1.9056158065795898, 10.817170143127441, 0.25, 1.0, 12.441144943237305]}