{"x": [0, 1, 2, 3, 4, 5], "y": [14.410049438476562, 8.364720344543457, 13.106199264526367, 6.566587448120117, 11.557250022888184, 5.401786804199219], "params": [-4.05227518081665, 3.043285608291626, 6.894123077392578, 10.921117782592773, 0.25, 1.0, 11.175697326660156]}