{"x": [0, 1, 2, 3, 4, 5], "y": [8.718875885009766, 6.985473155975342, 5.887396812438965, 4.964774131774902, 5.084427833557129, 3.416010856628418], "params": [-4.7685041427612305, 0.016330480575561523, 8.976806640625, 1.4863917827606201, 0.25, 1.0, 2.0022027492523193]}