{"x": [0, 1, 2, 3, 4, 5], "y": [5.37668514251709, 5.188720703125, 5.891398906707764, 5.148160934448242, 5.695760726928711, 4.696786880493164], "params": [-0.43636471033096313, -0.250360369682312, 1.8315305709838867, 1.5032556056976318, 0.25, 1.0, 2.7415823936462402]}