{"x": [0, 1, 2, 3, 4, 5], "y": [12.281604766845703, 8.67790699005127, 11.312355995178223, 7.6111578941345215, 8.94702434539795, 5.374428749084473], "params": [-4.116080284118652, 3.6234843730926514, 8.498754501342773, 5.330574035644531, 0.25, 1.0, 6.279148578643799]}