{"x": [0, 1, 2, 3, 4, 5], "y": [7.987441539764404, 5.280417442321777, 5.153836250305176, 3.2287962436676025, 4.035414218902588, 2.263021945953369], "params": [-4.528034687042236, -1.6807234287261963, 9.632177352905273, 2.399394989013672, 0.25, 1.0, 2.4214396476745605]}