{"x": [0, 1, 2, 3, 4, 5], "y": [11.456531524658203, 3.98063063621521, 10.51604175567627, 3.3714253902435303, 9.93722915649414, 2.8475661277770996], "params": [-1.4278862476348877, -4.397724151611328, 2.7482032775878906, 13.6531982421875, 0.25, 1.0, 14.469727516174316]}