{"x": [0, 1, 2, 3, 4, 5], "y": [11.027544021606445, 9.26327896118164, 9.275744438171387, 7.395325183868408, 7.935781955718994, 5.683212757110596], "params": [-3.275364637374878, 4.684347629547119, 7.152750015258789, 2.963050603866577, 0.25, 1.0, 3.5359127521514893]}