{"x": [0, 1, 2, 3, 4, 5], "y": [7.925012111663818, 7.041881561279297, 7.029098033905029, 6.890765190124512, 8.181340217590332, 6.469039440155029], "params": [-0.3871142864227295, 3.450754165649414, 1.3122940063476562, 2.7645840644836426, 0.25, 1.0, 3.4658563137054443]}