{"x": [0, 1, 2, 3, 4, 5], "y": [7.727180480957031, 4.1699748039245605, 6.241286277770996, 2.285595655441284, 4.938790321350098, 1.3743771314620972], "params": [-3.8465821743011475, -4.802140712738037, 7.148049831390381, 5.6710920333862305, 0.25, 1.0, 6.66637659072876]}