{"x": [0, 1, 2, 3, 4, 5], "y": [10.774442672729492, 5.937721252441406, 9.338714599609375, 4.560398578643799, 7.943556785583496, 2.680422782897949], "params": [-4.311895370483398, -1.5302324295043945, 9.475786209106445, 8.680157661437988, 0.25, 1.0, 8.807550430297852]}