{"x": [0, 1, 2, 3, 4, 5], "y": [5.824202060699463, 4.932838439941406, 4.388706684112549, 3.5941996574401855, 2.906000852584839, 1.7476065158843994], "params": [-3.5749423503875732, -2.8187103271484375, 6.664368629455566, 0.8535557985305786, 0.25, 1.0, 2.5004820823669434]}