{"x": [0, 1, 2, 3, 4, 5], "y": [14.644201278686523, 7.699625492095947, 12.375247955322266, 5.909928321838379, 10.971857070922852, 4.320934295654297], "params": [-4.869053840637207, 2.17889666557312, 9.524543762207031, 10.751463890075684, 0.25, 1.0, 11.848686218261719]}