{"x": [0, 1, 2, 3, 4, 5], "y": [12.096100807189941, 8.562370300292969, 11.321824073791504, 8.147225379943848, 10.602964401245117, 7.483340263366699], "params": [-2.8646066188812256, 4.808161735534668, 4.203252792358398, 6.043043613433838, 0.25, 1.0, 6.474041938781738]}