{"x": [0, 1, 2, 3, 4, 5], "y": [16.37738037109375, 8.802886962890625, 15.279436111450195, 8.490732192993164, 14.690885543823242, 7.584022521972656], "params": [-1.9124096632003784, 3.649604320526123, 3.8930721282958984, 13.133538246154785, 0.25, 1.0, 14.221582412719727]}