{"x": [0, 1, 2, 3, 4, 5], "y": [9.164481163024902, 7.03521728515625, 8.375141143798828, 5.613201141357422, 6.655675888061523, 4.6026201248168945], "params": [-3.5200400352478027, 1.2118172645568848, 6.197574138641357, 3.5169365406036377, 0.25, 1.0, 4.185011863708496]}