{"x": [0, 1, 2, 3, 4, 5], "y": [9.611323356628418, 5.250470161437988, 8.824201583862305, 4.14027214050293, 7.413354873657227, 2.945744514465332], "params": [-3.006899118423462, -3.03281307220459, 5.364963054656982, 7.9908246994018555, 0.25, 1.0, 8.14055061340332]}