{"x": [0, 1, 2, 3, 4, 5], "y": [10.64029598236084, 5.15636682510376, 8.455607414245605, 2.9023423194885254, 6.055771827697754, 0.6512523293495178], "params": [-4.504737854003906, -3.801884651184082, 10.334992408752441, 9.620926856994629, 0.25, 1.0, 10.611340522766113]}