{"x": [0, 1, 2, 3, 4, 5], "y": [14.580215454101562, 6.381692886352539, 12.684747695922852, 5.432265281677246, 11.883316040039062, 3.661878824234009], "params": [-3.0873260498046875, -2.3557286262512207, 6.207523345947266, 14.889935493469238, 0.25, 1.0, 15.892105102539062]}