{"x": [0, 1, 2, 3, 4, 5], "y": [6.1307148933410645, 4.561923980712891, 5.232389450073242, 3.49613618850708, 5.459407806396484, 3.727179765701294], "params": [-0.8698418736457825, -2.703766345977783, 1.7890119552612305, 2.576892852783203, 0.25, 1.0, 3.692824125289917]}