{"x": [0, 1, 2, 3, 4, 5], "y": [13.04354190826416, 8.330171585083008, 10.872519493103027, 7.12190580368042, 8.740547180175781, 5.292763710021973], "params": [-4.835127353668213, 2.986886978149414, 9.90181827545166, 6.014215469360352, 0.25, 1.0, 7.079164505004883]}