{"x": [0, 1, 2, 3, 4, 5], "y": [10.084075927734375, 5.858588218688965, 9.752787590026855, 4.578286647796631, 7.367387771606445, 3.4274954795837402], "params": [-3.1428165435791016, -1.6112130880355835, 6.114833831787109, 7.263253211975098, 0.25, 1.0, 7.826476097106934]}