{"x": [0, 1, 2, 3, 4, 5], "y": [10.374445915222168, 6.531585216522217, 9.431720733642578, 5.508727550506592, 8.570022583007812, 4.640203952789307], "params": [-1.6278948783874512, 0.9443575143814087, 3.3805465698242188, 7.247002601623535, 0.25, 1.0, 8.087936401367188]}