{"x": [0, 1, 2, 3, 4, 5], "y": [9.745073318481445, 6.765885829925537, 8.878841400146484, 5.50551700592041, 8.135358810424805, 4.513208389282227], "params": [-1.9906928539276123, 0.8172762393951416, 5.370415210723877, 5.043998718261719, 0.25, 1.0, 6.098250389099121]}