{"x": [0, 1, 2, 3, 4, 5], "y": [10.602415084838867, 3.7044336795806885, 10.803410530090332, 3.4365854263305664, 10.720335006713867, 3.367233991622925], "params": [-0.4005274176597595, -3.0208535194396973, 0.8750786781311035, 13.851759910583496, 0.25, 1.0, 14.08204460144043]}