{"x": [0, 1, 2, 3, 4, 5], "y": [12.095906257629395, 5.900127410888672, 12.035406112670898, 5.484447002410889, 11.615337371826172, 5.239346027374268], "params": [-0.39075136184692383, 0.2745884656906128, 1.7124576568603516, 12.408546447753906, 0.25, 1.0, 13.142876625061035]}