{"x": [0, 1, 2, 3, 4, 5], "y": [16.775314331054688, 10.712599754333496, 14.900691986083984, 7.071186542510986, 13.28807258605957, 6.133458614349365], "params": [-4.702789783477783, 3.7181777954101562, 8.843929290771484, 11.956809997558594, 0.25, 1.0, 12.664644241333008]}