{"x": [0, 1, 2, 3, 4, 5], "y": [6.089752674102783, 4.849948883056641, 4.65739631652832, 3.3210325241088867, 3.5388355255126953, 1.1689507961273193], "params": [-3.228386878967285, -3.755466938018799, 7.25455379486084, 1.9600975513458252, 0.25, 1.0, 2.8775558471679688]}