{"x": [0, 1, 2, 3, 4, 5], "y": [14.116353988647461, 6.728439807891846, 13.649341583251953, 6.486158847808838, 13.030485153198242, 6.286299705505371], "params": [-0.6954246759414673, 3.134700059890747, 1.7583837509155273, 14.059337615966797, 0.25, 1.0, 14.58158016204834]}