{"x": [0, 1, 2, 3, 4, 5], "y": [6.2708330154418945, 4.846313953399658, 4.5392537117004395, 2.9130728244781494, 3.304047107696533, 1.8032604455947876], "params": [-3.4759435653686523, -3.4312355518341064, 7.1367597579956055, 1.282508134841919, 0.25, 1.0, 2.142251491546631]}