{"x": [0, 1, 2, 3, 4, 5], "y": [3.637942314147949, 0.16538657248020172, 3.4341800212860107, -0.24125927686691284, 3.6911585330963135, 0.5104733109474182], "params": [7.065478324890137, 0.25, 1.0, 7.864835739135742]}