{"x": [0, 1, 2, 3, 4, 5], "y": [3.8002607822418213, 0.43284374475479126, 3.889678716659546, 0.7174288034439087, 3.76609468460083, 1.1592626571655273], "params": [6.165491104125977, 0.25, 1.0, 6.913670063018799]}