{"x": [0, 1, 2, 3, 4, 5], "y": [5.758540630340576, 0.8824784159660339, 6.009195804595947, 1.5330678224563599, 6.009293079376221, 1.184510350227356], "params": [9.93834114074707, 0.25, 1.0, 10.253629684448242]}