{"x": [0, 1, 2, 3, 4, 5], "y": [4.278601169586182, 0.34490856528282166, 5.214387893676758, 0.6988600492477417, 4.570444583892822, 0.5419747829437256], "params": [8.638778686523438, 0.25, 1.0, 9.738958358764648]}