{"x": [0, 1, 2, 3, 4, 5], "y": [4.666380882263184, 0.4047884941101074, 4.448789119720459, 0.045124590396881104, 5.179087162017822, 0.34273770451545715], "params": [9.156256675720215, 0.25, 1.0, 10.267925262451172]}