{"x": [0, 1, 2, 3, 4, 5], "y": [4.264408111572266, 0.6752496957778931, 4.129748821258545, 0.8334972262382507, 3.9533350467681885, 0.519562304019928], "params": [7.0126776695251465, 0.25, 1.0, 7.489691734313965]}