{"x": [0, 1, 2, 3, 4, 5], "y": [6.4731621742248535, 0.0829005315899849, 6.259834289550781, 0.36105817556381226, 6.186664581298828, 0.06462761759757996], "params": [12.401073455810547, 0.25, 1.0, 12.817069053649902]}