{"x": [0, 1, 2, 3, 4, 5], "y": [9.500927925109863, 2.6309618949890137, 9.850605010986328, 1.907300353050232, 9.675413131713867, 2.670907497406006], "params": [14.771430969238281, 0.25, 1.0, 15.886609077453613]}