{"x": [0, 1, 2, 3, 4, 5], "y": [4.681082725524902, 0.41627004742622375, 4.900942325592041, 0.18264418840408325, 4.951067924499512, 0.5379151701927185], "params": [8.526104927062988, 0.25, 1.0, 9.536847114562988]}