{"x": [0, 1, 2, 3, 4, 5], "y": [7.502943515777588, 1.9059336185455322, 6.97098970413208, 1.8432976007461548, 7.414393901824951, 1.7533559799194336], "params": [11.231246948242188, 0.25, 1.0, 11.499175071716309]}