{"x": [0, 1, 2, 3, 4, 5], "y": [5.605486869812012, 0.9324798583984375, 5.5392937660217285, 1.1214808225631714, 5.546088218688965, 1.037107229232788], "params": [9.304624557495117, 0.25, 1.0, 9.346014022827148]}