{"x": [0, 1, 2, 3, 4, 5], "y": [7.178229331970215, 1.659637451171875, 7.693726062774658, 1.4547041654586792, 7.803249359130859, 1.1785062551498413], "params": [11.723974227905273, 0.25, 1.0, 13.249485969543457]}