{"x": [0, 1, 2, 3, 4, 5], "y": [8.318832397460938, 0.9918814301490784, 7.779176235198975, 1.4541900157928467, 8.257637977600098, 1.4688583612442017], "params": [13.430174827575684, 0.25, 1.0, 14.653902053833008]}