{"x": [0, 1, 2, 3, 4, 5], "y": [5.591300964355469, 0.5973148345947266, 5.364592552185059, 0.24384969472885132, 5.421746253967285, 0.1386549174785614], "params": [9.835616111755371, 0.25, 1.0, 10.905292510986328]}