{"x": [0, 1, 2, 3, 4, 5], "y": [7.72014856338501, 1.2192469835281372, 7.681135177612305, 1.2359076738357544, 7.611832141876221, 1.3574117422103882], "params": [13.01164436340332, 0.25, 1.0, 13.001803398132324]}