{"x": [0, 1, 2, 3, 4, 5], "y": [8.357492446899414, 1.5425344705581665, 8.0575590133667, 1.6406617164611816, 8.227869033813477, 1.9569200277328491], "params": [12.697561264038086, 0.25, 1.0, 13.629916191101074]}