{"x": [0, 1, 2, 3, 4, 5], "y": [8.893441200256348, 1.8415740728378296, 9.046010971069336, 2.388584852218628, 8.854019165039062, 1.749315857887268], "params": [13.9315824508667, 0.25, 1.0, 14.593390464782715]}