{"x": [0, 1, 2, 3, 4, 5], "y": [8.5673189163208, 1.2803277969360352, 8.680069923400879, 1.5515825748443604, 8.585577011108398, 1.0411368608474731], "params": [14.730488777160645, 0.25, 1.0, 15.27786636352539]}