{"x": [0, 1, 2, 3, 4, 5], "y": [7.611165523529053, 0.35180142521858215, 6.961000442504883, 0.4617820382118225, 7.77603816986084, 0.4053739905357361], "params": [14.312662124633789, 0.25, 1.0, 14.84847354888916]}