{"x": [0, 1, 2, 3, 4, 5], "y": [4.674917697906494, 0.03815983235836029, 4.800650119781494, 0.22325417399406433, 4.511244773864746, 0.128135085105896], "params": [8.94150161743164, 0.25, 1.0, 9.524980545043945]}