{"x": [0, 1, 2, 3, 4, 5], "y": [3.7076306343078613, 0.47856786847114563, 4.3828301429748535, 0.42386773228645325, 4.234536647796631, 0.7195777893066406], "params": [6.420733451843262, 0.25, 1.0, 7.917924880981445]}