{"x": [0, 1, 2, 3, 4, 5], "y": [3.333555221557617, 0.9047777652740479, 3.34190034866333, 0.433834046125412, 4.082769870758057, 0.4493412673473358], "params": [6.21372127532959, 0.25, 1.0, 7.2978715896606445]}