{"x": [0, 1, 2, 3, 4, 5], "y": [8.098889350891113, 1.0865591764450073, 8.47769546508789, 1.1367526054382324, 8.430686950683594, 1.050419569015503], "params": [14.620594024658203, 0.25, 1.0, 14.854551315307617]}