{"x": [0, 1, 2, 3, 4, 5], "y": [4.280695915222168, 0.7001318335533142, 4.549131393432617, 0.35744139552116394, 4.067886829376221, 0.577014684677124], "params": [7.28445291519165, 0.25, 1.0, 8.383379936218262]}