{"x": [0, 1, 2, 3, 4, 5], "y": [9.008508682250977, 1.4605340957641602, 9.324130058288574, 2.004169225692749, 9.014817237854004, 2.084359645843506], "params": [14.62565803527832, 0.25, 1.0, 15.727191925048828]}