{"x": [0, 1, 2, 3, 4, 5], "y": [3.5580782890319824, 1.4413774013519287, 3.574089765548706, 0.6680108308792114, 3.7465262413024902, 0.6231808662414551], "params": [5.79735803604126, 0.25, 1.0, 6.24669075012207]}