{"x": [0, 1, 2, 3, 4, 5], "y": [7.388604164123535, 1.5137089490890503, 7.2130560874938965, 1.753746509552002, 6.754995346069336, 1.7607959508895874], "params": [11.266844749450684, 0.25, 1.0, 11.74979019165039]}