{"x": [0, 1, 2, 3, 4, 5], "y": [6.2330322265625, 1.6451516151428223, 6.296543598175049, 1.5059667825698853, 6.198939323425293, 1.0522310733795166], "params": [9.554930686950684, 0.25, 1.0, 10.488624572753906]}