{"x": [0, 1, 2, 3, 4, 5], "y": [3.1150259971618652, 0.6054027080535889, 3.30749773979187, 0.6916833519935608, 3.601325273513794, 0.7668545246124268], "params": [5.772923946380615, 0.25, 1.0, 5.99184513092041]}