{"x": [0, 1, 2, 3, 4, 5], "y": [8.063593864440918, 1.8959541320800781, 7.628794193267822, 2.3575103282928467, 8.008855819702148, 1.8740357160568237], "params": [12.350910186767578, 0.25, 1.0, 12.37911605834961]}