{"x": [0, 1, 2, 3, 4, 5], "y": [3.809027671813965, 0.7541412711143494, 3.6485323905944824, 0.9515326619148254, 3.7116029262542725, 0.6977894306182861], "params": [6.008727073669434, 0.25, 1.0, 6.222476482391357]}