{"x": [0, 1, 2, 3, 4, 5], "y": [5.075347423553467, 1.2754231691360474, 4.80515718460083, 1.06679368019104, 5.256084442138672, 1.0040748119354248], "params": [7.608952045440674, 0.25, 1.0, 8.504018783569336]}