{"x": [0, 1, 2, 3, 4, 5], "y": [5.635221481323242, 6.4925360679626465, 6.875506401062012, 7.655264377593994, 7.9022979736328125, 8.588565826416016], "params": [2.8923654556274414, 4.098368167877197, 5.906688690185547]}