{"x": [0, 1, 2, 3, 4, 5], "y": [1.2236144542694092, 2.1938743591308594, 2.8148033618927, 4.101400375366211, 4.721429347991943, 5.716767311096191], "params": [4.953605651855469, -3.066650629043579, 8.986305236816406]}