{"x": [0, 1, 2, 3, 4, 5], "y": [3.8761496543884277, 4.102934837341309, 4.52268648147583, 4.856329917907715, 5.463807582855225, 5.9929423332214355], "params": [2.4450652599334717, -0.4748135805130005, 4.233585357666016]}