{"x": [0, 1, 2, 3, 4, 5], "y": [1.4312641620635986, 2.436387062072754, 3.0517776012420654, 4.025600433349609, 5.068467140197754, 5.670236587524414], "params": [4.269386291503906, -2.7662367820739746, 8.477945327758789]}