{"x": [0, 1, 2, 3, 4, 5], "y": [3.5346131324768066, 4.741504669189453, 5.326911449432373, 5.951063632965088, 6.569075107574463, 7.325893402099609], "params": [3.0916941165924072, 1.4996522665023804, 7.5825605392456055]}