{"x": [0, 1, 2, 3, 4, 5], "y": [1.6310453414916992, 2.0872843265533447, 2.4501566886901855, 3.0677056312561035, 2.9049229621887207, 3.6526668071746826], "params": [2.1231822967529297, -4.774064064025879, 4.043242931365967]}