{"x": [0, 1, 2, 3, 4, 5], "y": [2.7241082191467285, 3.399906873703003, 4.2697930335998535, 5.322091579437256, 6.4173784255981445, 7.483617782592773], "params": [4.445504665374756, -0.20134150981903076, 9.51901912689209]}