{"x": [0, 1, 2, 3, 4, 5], "y": [0.9244403839111328, 1.7072722911834717, 2.7213757038116455, 2.817603588104248, 4.165212631225586, 4.5482330322265625], "params": [4.015805721282959, -4.068000793457031, 7.247585296630859]}