{"x": [0, 1, 2, 3, 4, 5], "y": [1.5813747644424438, 3.147188186645508, 3.5866854190826416, 4.355315208435059, 5.336042404174805, 6.474650859832764], "params": [4.184604644775391, -1.675412654876709, 9.786552429199219]}