{"x": [0, 1, 2, 3, 4, 5], "y": [2.037362575531006, 2.4570491313934326, 3.52823805809021, 4.528547763824463, 5.415937900543213, 6.108980655670166], "params": [4.5228047370910645, -1.819930076599121, 8.14323616027832]}