{"x": [0, 1, 2, 3, 4, 5], "y": [3.3417346477508545, 4.1439104080200195, 4.96287202835083, 5.364317417144775, 6.293560028076172, 7.160795211791992], "params": [3.8684096336364746, 0.5347543954849243, 7.638121128082275]}