{"x": [0, 1, 2, 3, 4, 5], "y": [4.135339260101318, 4.594277858734131, 5.00200080871582, 5.460558891296387, 5.812121868133545, 6.382050037384033], "params": [2.1564626693725586, 0.3379237651824951, 4.49342155456543]}