{"x": [0, 1, 2, 3, 4, 5], "y": [1.5709519386291504, 2.418924331665039, 3.0582079887390137, 3.7962758541107178, 4.5221266746521, 4.9190545082092285], "params": [2.9463369846343994, -3.213164806365967, 6.696205139160156]}