{"x": [0, 1, 2, 3, 4, 5], "y": [4.426369667053223, 4.255061626434326, 4.930725574493408, 5.386662483215332, 5.955601692199707, 6.645544052124023], "params": [2.468231201171875, 0.6367754936218262, 4.7809648513793945]}