{"x": [0, 1, 2, 3, 4, 5], "y": [0.19049030542373657, 0.9911572933197021, 2.2927777767181396, 3.2573888301849365, 3.873314619064331, 5.0397138595581055], "params": [4.762915134429932, -4.982823848724365, 9.698447227478027]}