{"x": [0, 1, 2, 3, 4, 5], "y": [3.3530166149139404, 4.273741245269775, 4.688490867614746, 5.911934852600098, 6.3602614402771, 7.2300615310668945], "params": [3.9176623821258545, 0.9526115655899048, 7.754089832305908]}