{"x": [0, 1, 2, 3, 4, 5], "y": [2.638942003250122, 2.382291793823242, 3.1678173542022705, 3.8420581817626953, 4.503242015838623, 5.375030040740967], "params": [3.1610050201416016, -2.8531718254089355, 5.985476493835449]}