{"x": [0, 1, 2, 3, 4, 5], "y": [0.8297499418258667, 1.8429996967315674, 1.8199739456176758, 3.1736412048339844, 3.3378472328186035, 4.023105621337891], "params": [3.7185821533203125, -4.914728164672852, 6.386711120605469]}