{"x": [0, 1, 2, 3, 4, 5], "y": [5.810586929321289, 6.661899089813232, 7.1723198890686035, 7.6055474281311035, 7.9129838943481445, 8.623059272766113], "params": [2.605677604675293, 4.765591621398926, 5.624944686889648]}