{"x": [0, 1, 2, 3, 4, 5], "y": [1.2257232666015625, 2.0735278129577637, 2.6876840591430664, 3.9035184383392334, 4.397107124328613, 5.756059169769287], "params": [4.178625583648682, -3.492460250854492, 9.06067180633545]}