{"x": [0, 1, 2, 3, 4, 5], "y": [1.6641737222671509, 1.8975733518600464, 2.7216148376464844, 3.805295944213867, 3.6286306381225586, 4.094058036804199], "params": [2.802020311355591, -4.047792434692383, 4.859768867492676]}