{"x": [0, 1, 2, 3, 4, 5], "y": [1.752621054649353, 2.461144208908081, 3.223200798034668, 4.080245018005371, 4.532990455627441, 5.217070579528809], "params": [2.9365458488464355, -2.941938638687134, 6.928898811340332]}