{"x": [0, 1, 2, 3, 4, 5], "y": [2.4049558639526367, 2.6728343963623047, 3.5567190647125244, 4.366696834564209, 4.618157863616943, 5.504011631011963], "params": [2.631052017211914, -1.9189494848251343, 6.198111534118652]}