{"x": [0, 1, 2, 3, 4, 5], "y": [1.7717318534851074, 2.380740165710449, 3.4176316261291504, 4.5055413246154785, 5.209897041320801, 5.704839706420898], "params": [4.5126729011535645, -2.6160998344421387, 7.866215705871582]}