{"x": [0, 1, 2, 3, 4, 5], "y": [4.864724636077881, 5.63840389251709, 6.4663190841674805, 7.173336505889893, 7.593348503112793, 8.454689025878906], "params": [3.48233699798584, 3.1570382118225098, 7.179928779602051]}