{"x": [0, 1, 2, 3, 4, 5], "y": [1.899977445602417, 2.4952011108398438, 2.4945783615112305, 3.949110507965088, 4.373057842254639, 5.250537872314453], "params": [3.532297134399414, -3.2011122703552246, 6.701120853424072]}