{"x": [0, 1, 2, 3, 4, 5], "y": [3.7177910804748535, 4.349569320678711, 4.980708599090576, 5.297740459442139, 5.89854097366333, 6.94845724105835], "params": [3.2886946201324463, 0.7458198070526123, 6.461332321166992]}