{"x": [0, 1, 2, 3, 4, 5], "y": [1.8783519268035889, 2.6922812461853027, 3.414635419845581, 4.144068717956543, 5.081387519836426, 5.378890514373779], "params": [3.855408191680908, -2.4601340293884277, 7.001077175140381]}