{"x": [0, 1, 2, 3, 4, 5], "y": [3.785778522491455, 5.012267589569092, 5.37763786315918, 6.240905284881592, 7.079369068145752, 8.099730491638184], "params": [3.5143659114837646, 1.688264012336731, 8.627903938293457]}