{"x": [0, 1, 2, 3, 4, 5], "y": [0.5976413488388062, 1.5723458528518677, 2.8662056922912598, 3.98494553565979, 4.5407395362854, 5.372683525085449], "params": [4.897006511688232, -3.5126054286956787, 9.550084114074707]}