{"x": [0, 1, 2, 3, 4, 5], "y": [4.218428134918213, 4.91757345199585, 5.585205078125, 6.61411714553833, 7.389359951019287, 8.114096641540527], "params": [3.4892618656158447, 1.9303184747695923, 7.791337013244629]}