{"x": [0, 1, 2, 3, 4, 5], "y": [2.1736509799957275, 3.482433557510376, 4.115180969238281, 5.6159539222717285, 6.127121448516846, 7.197864055633545], "params": [4.878932952880859, -0.21154701709747314, 10.048425674438477]}