{"x": [0, 1, 2, 3, 4, 5], "y": [4.301856994628906, 5.146780490875244, 6.64438009262085, 7.038646697998047, 8.375205993652344, 8.860462188720703], "params": [4.567250728607178, 3.4716665744781494, 9.117210388183594]}