{"x": [0, 1, 2, 3, 4, 5], "y": [5.6018757820129395, 6.116808891296387, 6.455085754394531, 7.072916030883789, 7.605978488922119, 8.330700874328613], "params": [2.337047576904297, 3.730225086212158, 5.457650184631348]}