{"x": [0, 1, 2, 3, 4, 5], "y": [3.1813371181488037, 3.0688092708587646, 3.2696468830108643, 4.281406402587891, 4.679815769195557, 4.901400089263916], "params": [2.1998159885406494, -2.0693588256835938, 3.6651816368103027]}