{"x": [0, 1, 2, 3, 4, 5], "y": [1.3844833374023438, 2.4976043701171875, 3.0097830295562744, 3.740443229675293, 4.614307880401611, 5.142731666564941], "params": [3.299173593521118, -3.268425941467285, 7.516496658325195]}