{"x": [0, 1, 2, 3, 4, 5], "y": [3.808661937713623, 4.721059799194336, 4.985340595245361, 5.451992511749268, 6.203963756561279, 6.4756879806518555], "params": [2.8819525241851807, 0.649111270904541, 5.334052085876465]}