{"x": [0, 1, 2, 3, 4, 5], "y": [5.021433353424072, 5.3331427574157715, 5.876575469970703, 6.689243793487549, 6.78533411026001, 7.124833106994629], "params": [2.2579636573791504, 2.2272491455078125, 4.206799507141113]}