{"x": [0, 1, 2, 3, 4, 5], "y": [3.3137707710266113, 4.319838523864746, 5.319655418395996, 6.219820976257324, 6.919366359710693, 8.118992805480957], "params": [4.472261905670166, 1.2465041875839233, 9.610444068908691]}