{"x": [0, 1, 2, 3, 4, 5], "y": [2.595970630645752, 2.582504987716675, 2.9810092449188232, 4.138465881347656, 5.142058372497559, 5.59554386138916], "params": [3.626758575439453, -2.2242016792297363, 6.026077747344971]}