{"x": [0, 1, 2, 3, 4, 5], "y": [1.4330228567123413, 2.5389063358306885, 3.4925408363342285, 4.954287528991699, 5.098672866821289, 6.07929801940918], "params": [4.78178596496582, -1.967666745185852, 9.292550086975098]}