{"x": [0, 1, 2, 3, 4, 5], "y": [3.020965099334717, 3.391338348388672, 3.8330225944519043, 4.144104480743408, 4.675490379333496, 5.116665363311768], "params": [2.2890536785125732, -1.7337512969970703, 4.191400527954102]}