{"x": [0, 1, 2, 3, 4, 5], "y": [2.0935356616973877, 2.8384385108947754, 3.2246201038360596, 3.805495023727417, 4.227822780609131, 4.789874076843262], "params": [2.7576255798339844, -3.1307034492492676, 5.392676830291748]}