{"x": [0, 1, 2, 3, 4, 5], "y": [3.3277664184570312, 4.669184684753418, 5.228157997131348, 6.4185614585876465, 7.153937816619873, 7.708498954772949], "params": [4.341249942779541, 1.3359344005584717, 8.761465072631836]}