{"x": [0, 1, 2, 3, 4, 5], "y": [2.4486453533172607, 2.9529170989990234, 3.6391005516052246, 4.628871917724609, 5.966718673706055, 6.794873237609863], "params": [3.9791316986083984, -1.416671872138977, 8.692455291748047]}