{"x": [0, 1, 2, 3, 4, 5], "y": [4.130781173706055, 4.397984504699707, 5.303057670593262, 5.817031383514404, 6.621554851531982, 6.7300190925598145], "params": [2.7425365447998047, 0.873333215713501, 5.1984758377075195]}