{"x": [0, 1, 2, 3, 4, 5], "y": [5.521829128265381, 6.005353927612305, 6.818005084991455, 7.776535511016846, 8.185883522033691, 9.33554458618164], "params": [3.4099624156951904, 4.836338043212891, 7.6274309158325195]}