{"x": [0, 1, 2, 3, 4, 5], "y": [5.642265796661377, 5.860593318939209, 6.807462692260742, 7.816013813018799, 9.00979995727539, 9.691693305969238], "params": [4.142506122589111, 4.746502876281738, 8.098855018615723]}