{"x": [0, 1, 2, 3, 4, 5], "y": [3.7093594074249268, 4.421820163726807, 5.087792873382568, 5.930500507354736, 6.9013590812683105, 7.902951717376709], "params": [4.140652656555176, 1.4932036399841309, 8.387184143066406]}