{"x": [0, 1, 2, 3, 4, 5], "y": [3.662670135498047, 4.301041603088379, 5.44813871383667, 5.349136829376221, 6.100756645202637, 6.5543975830078125], "params": [3.037489652633667, 0.01628398895263672, 5.783454895019531]}