{"x": [0, 1, 2, 3, 4, 5], "y": [5.926896572113037, 6.233492374420166, 6.763937950134277, 6.8185601234436035, 7.368007183074951, 8.071077346801758], "params": [2.0638113021850586, 3.793576240539551, 4.288361549377441]}