{"x": [0, 1, 2, 3, 4, 5], "y": [1.2187074422836304, 1.8313794136047363, 2.7841765880584717, 3.419996976852417, 3.894934892654419, 4.685995578765869], "params": [3.7052674293518066, -3.9814109802246094, 6.934576034545898]}