{"x": [0, 1, 2, 3, 4, 5], "y": [1.9909942150115967, 2.0179030895233154, 2.9679317474365234, 3.9123992919921875, 4.353338241577148, 5.209447383880615], "params": [3.2787132263183594, -3.3080644607543945, 6.436906337738037]}