{"x": [0, 1, 2, 3, 4, 5], "y": [0.784282386302948, 1.9503471851348877, 2.758706569671631, 3.4488699436187744, 4.228111743927002, 5.2635650634765625], "params": [4.34113883972168, -3.9795918464660645, 8.958565711975098]}