{"x": [0, 1, 2, 3, 4, 5], "y": [3.113445281982422, 3.5762267112731934, 4.884670734405518, 5.305051326751709, 6.24465274810791, 7.028520584106445], "params": [3.8676841259002686, 0.04732787609100342, 7.830150604248047]}