{"x": [0, 1, 2, 3, 4, 5], "y": [4.386056900024414, 4.666746139526367, 5.443444728851318, 6.298523426055908, 6.542577743530273, 7.146631717681885], "params": [3.020684003829956, 1.6408216953277588, 5.521149635314941]}