{"x": [0, 1, 2, 3, 4, 5], "y": [4.915030479431152, 5.671277046203613, 6.281582355499268, 7.419475555419922, 8.265228271484375, 8.762955665588379], "params": [4.543744087219238, 3.778069496154785, 7.695850372314453]}