{"x": [0, 1, 2, 3, 4, 5], "y": [3.2763612270355225, 3.995950698852539, 5.155176639556885, 5.82477331161499, 6.550662040710449, 7.279860019683838], "params": [3.793316602706909, 0.8603358268737793, 8.006998062133789]}