{"x": [0, 1, 2, 3, 4, 5], "y": [3.618190288543701, 5.1757354736328125, 5.997500419616699, 7.167514324188232, 8.170062065124512, 8.926143646240234], "params": [4.668088912963867, 3.0348408222198486, 10.615906715393066]}