{"x": [0, 1, 2, 3, 4, 5], "y": [2.7573740482330322, 3.3587424755096436, 4.662038326263428, 4.760840892791748, 5.877326965332031, 6.274428367614746], "params": [3.7583680152893066, -0.8107286691665649, 7.034108638763428]}