{"x": [0, 1, 2, 3, 4, 5], "y": [3.114173650741577, 3.393094062805176, 4.000656604766846, 4.580883979797363, 5.690229892730713, 6.29472541809082], "params": [3.405841588973999, -0.9565043449401855, 6.361103534698486]}