{"x": [0, 1, 2, 3, 4, 5], "y": [5.472407817840576, 5.843982696533203, 6.48118257522583, 6.881343364715576, 7.668604850769043, 8.048044204711914], "params": [2.4127707481384277, 3.5932934284210205, 5.151272773742676]}