{"x": [0, 1, 2, 3, 4, 5], "y": [3.8605880737304688, 5.239857196807861, 5.565169811248779, 6.784573554992676, 7.783103942871094, 8.29254150390625], "params": [4.509683609008789, 2.668360471725464, 8.863906860351562]}