{"x": [0, 1, 2, 3, 4, 5], "y": [4.349538326263428, 5.8073201179504395, 6.78049373626709, 7.581521034240723, 8.545069694519043, 9.60188102722168], "params": [4.656355857849121, 4.445679664611816, 10.504685401916504]}