{"x": [0, 1, 2, 3, 4, 5], "y": [5.678447246551514, 6.317267417907715, 6.6066179275512695, 7.244245529174805, 7.557854652404785, 8.051795959472656], "params": [2.4936532974243164, 3.915703296661377, 4.746697425842285]}