{"x": [0, 1, 2, 3, 4, 5], "y": [0.8669966459274292, 1.6691091060638428, 2.472276449203491, 2.6982271671295166, 3.6720640659332275, 4.609968662261963], "params": [3.2486026287078857, -4.455900192260742, 7.485943794250488]}