{"x": [0, 1, 2, 3, 4, 5], "y": [4.887526988983154, 5.091443061828613, 5.619058132171631, 5.7905778884887695, 6.240624904632568, 6.843595027923584], "params": [2.3338992595672607, 1.5335959196090698, 3.9121360778808594]}