{"x": [0, 1, 2, 3, 4, 5], "y": [1.5306589603424072, 1.9733632802963257, 2.430419683456421, 3.9592370986938477, 3.6945340633392334, 4.702533721923828], "params": [3.1791610717773438, -4.068316459655762, 6.343749523162842]}