{"x": [0, 1, 2, 3, 4, 5], "y": [1.725878357887268, 2.730455160140991, 3.0727972984313965, 3.458613872528076, 3.8668220043182373, 4.487063884735107], "params": [2.6386752128601074, -3.4704673290252686, 5.522371292114258]}