{"x": [0, 1, 2, 3, 4, 5], "y": [3.020725965499878, 3.8761796951293945, 5.23924446105957, 5.813143730163574, 6.903738975524902, 7.87274169921875], "params": [4.972712993621826, 1.1402851343154907, 9.704030990600586]}