{"x": [0, 1, 2, 3, 4, 5], "y": [4.273236274719238, 5.063448429107666, 6.37670373916626, 7.1945390701293945, 7.973790645599365, 8.91417407989502], "params": [4.691336154937744, 3.2689924240112305, 9.281875610351562]}