{"x": [0, 1, 2, 3, 4, 5], "y": [1.513353943824768, 2.697371244430542, 2.9856159687042236, 3.576364755630493, 3.966169595718384, 4.397994041442871], "params": [2.53483510017395, -3.6878299713134766, 5.769280433654785]}