{"x": [0, 1, 2, 3, 4, 5], "y": [4.787603855133057, 5.28209114074707, 6.121532917022705, 6.621326446533203, 7.155600070953369, 7.767538070678711], "params": [3.2320189476013184, 2.851734161376953, 5.959868431091309]}