{"x": [0, 1, 2, 3, 4, 5], "y": [4.057462215423584, 4.836963653564453, 5.541928291320801, 5.48252010345459, 6.919794082641602, 6.924993515014648], "params": [3.286261796951294, 0.9137678146362305, 5.735062599182129]}