{"x": [0, 1, 2, 3, 4, 5], "y": [4.152525424957275, 5.175104141235352, 5.963491916656494, 6.832204341888428, 6.8897199630737305, 8.114827156066895], "params": [4.099000453948975, 2.4534058570861816, 7.924603462219238]}