{"x": [0, 1, 2, 3, 4, 5], "y": [1.6214529275894165, 1.9864670038223267, 2.844557523727417, 3.232971429824829, 4.185120582580566, 4.340696811676025], "params": [2.969170570373535, -3.8267123699188232, 5.438488006591797]}