{"x": [0, 1, 2, 3, 4, 5], "y": [1.9453984498977661, 2.6876578330993652, 4.035111427307129, 4.92354679107666, 5.800816535949707, 7.166122913360596], "params": [4.947196006774902, -1.1955636739730835, 10.441449165344238]}