{"x": [0, 1, 2, 3, 4, 5], "y": [3.4672958850860596, 3.1381337642669678, 3.378632068634033, 3.677500009536743, 4.392881870269775, 5.15179967880249], "params": [2.1265382766723633, -2.1238045692443848, 4.027331829071045]}