{"x": [0, 1, 2, 3, 4, 5], "y": [6.178343296051025, 6.206682205200195, 6.949233055114746, 7.747695446014404, 8.533903121948242, 8.857272148132324], "params": [2.6024417877197266, 4.70880126953125, 5.357857704162598]}