{"x": [0, 1, 2, 3, 4, 5], "y": [5.6785888671875, 6.18503999710083, 6.873575210571289, 7.600315093994141, 8.17154598236084, 9.372859954833984], "params": [3.8213863372802734, 4.310283660888672, 7.388542175292969]}