{"x": [0, 1, 2, 3, 4, 5], "y": [1.276057243347168, 1.2917976379394531, 2.777024030685425, 3.5308125019073486, 3.4028842449188232, 4.200114727020264], "params": [3.2121782302856445, -4.902722358703613, 5.848114967346191]}