{"x": [0, 1, 2, 3, 4, 5], "y": [6.503081798553467, 6.393622875213623, 6.5645647048950195, 7.491175174713135, 7.562012672424316, 8.228997230529785], "params": [2.2093358039855957, 4.186654090881348, 3.670748710632324]}