{"x": [0, 1, 2, 3, 4, 5], "y": [4.509900093078613, 4.8046345710754395, 5.152170181274414, 5.8378682136535645, 5.769208908081055, 6.614646911621094], "params": [2.03874135017395, 1.0111373662948608, 4.209493637084961]}