{"x": [0, 1, 2, 3, 4, 5], "y": [1.5423321723937988, 1.9147515296936035, 2.4628772735595703, 3.167562961578369, 3.162832260131836, 4.0213212966918945], "params": [2.0504651069641113, -4.421717643737793, 4.957978248596191]}