{"x": [0, 1, 2, 3, 4, 5], "y": [2.385335683822632, 3.000519275665283, 3.837116003036499, 5.162650108337402, 6.169833183288574, 6.722960472106934], "params": [4.751895904541016, -0.9670388698577881, 8.675249099731445]}