{"x": [0, 1, 2, 3, 4, 5], "y": [3.5371084213256836, 4.116654396057129, 5.03157901763916, 6.708646774291992, 7.331139087677002, 7.78892707824707], "params": [4.516606330871582, 1.4363950490951538, 8.503637313842773]}