{"x": [0, 1, 2, 3, 4, 5], "y": [3.490513801574707, 4.245983123779297, 5.065708160400391, 6.427778244018555, 6.944077491760254, 7.945567607879639], "params": [4.616156101226807, 1.5253621339797974, 8.910107612609863]}