{"x": [0, 1, 2, 3, 4, 5], "y": [0.5562480688095093, 1.6182613372802734, 2.518510341644287, 3.6133689880371094, 4.049557209014893, 4.801894664764404], "params": [4.645042896270752, -4.027844429016113, 8.491292953491211]}