{"x": [0, 1, 2, 3, 4, 5], "y": [1.8487541675567627, 2.1164209842681885, 2.687209367752075, 3.2098047733306885, 3.8458125591278076, 4.584273338317871], "params": [2.6558282375335693, -4.1051530838012695, 5.471038341522217]}