{"x": [0, 1, 2, 3, 4, 5], "y": [4.611466884613037, 5.381724834442139, 5.882204055786133, 6.615180969238281, 7.3751044273376465, 8.068123817443848], "params": [3.560964584350586, 2.8227477073669434, 6.913313865661621]}