{"x": [0, 1, 2, 3, 4, 5], "y": [6.057525157928467, 6.812775611877441, 7.339871406555176, 7.218451499938965, 7.926847457885742, 8.882333755493164], "params": [2.1425280570983887, 4.6244120597839355, 5.6496171951293945]}