{"x": [0, 1, 2, 3, 4, 5], "y": [4.201937675476074, 4.614914417266846, 5.139631271362305, 5.938969612121582, 6.709811687469482, 7.210548400878906], "params": [3.1332900524139404, 1.1561554670333862, 6.017221450805664]}