{"x": [0, 1, 2, 3, 4, 5], "y": [5.334996223449707, 5.5133161544799805, 5.956765651702881, 6.844700336456299, 7.047619342803955, 7.689627647399902], "params": [2.346614360809326, 2.648355484008789, 4.709262847900391]}