{"x": [0, 1, 2, 3, 4, 5], "y": [0.5178745985031128, 1.5785179138183594, 1.915955901145935, 3.476853132247925, 3.8712265491485596, 5.335774898529053], "params": [4.122783184051514, -4.636632919311523, 9.6358003616333]}