{"x": [0, 1, 2, 3, 4, 5], "y": [2.84700083732605, 3.6448171138763428, 4.619688987731934, 5.88311243057251, 6.471707344055176, 7.891446590423584], "params": [4.409949779510498, 0.5912256240844727, 10.088891983032227]}