{"x": [0, 1, 2, 3, 4, 5], "y": [4.187683582305908, 5.002575874328613, 6.109825611114502, 7.175281047821045, 7.414389610290527, 8.544499397277832], "params": [4.595321178436279, 2.623763084411621, 8.713631629943848]}