{"x": [0, 1, 2, 3, 4, 5], "y": [1.919426441192627, 2.5570406913757324, 2.8619163036346436, 3.4973433017730713, 4.5494585037231445, 4.945603370666504], "params": [3.216113805770874, -3.33890438079834, 6.052353858947754]}