{"x": [0, 1, 2, 3, 4, 5], "y": [3.2578227519989014, 4.0514326095581055, 4.3048787117004395, 4.2228899002075195, 5.360018730163574, 5.84295129776001], "params": [2.394001007080078, -1.097571849822998, 5.170257091522217]}