{"x": [0, 1, 2, 3, 4, 5], "y": [5.971350193023682, 6.396570205688477, 6.806977272033691, 7.88078498840332, 7.720415115356445, 8.251526832580566], "params": [2.459320306777954, 4.725618839263916, 4.5603532791137695]}