{"x": [0, 1, 2, 3, 4, 5], "y": [2.0780622959136963, 2.4396958351135254, 3.3242671489715576, 3.3671820163726807, 3.788249969482422, 4.303761005401611], "params": [2.2727134227752686, -3.739169120788574, 4.45139741897583]}