{"x": [0, 1, 2, 3, 4, 5], "y": [2.7241082191467285, 3.399906873703003, 4.2697930335998535, 0.9515326619148254, 3.7116029262542725, 0.6977894306182861], "params": [4.445504665374756, -0.20134150981903076, 9.51901912689209, 6.008727073669434, 0.25, 1.0, 6.222476482391357]}