{"x": [0, 1, 2, 3, 4, 5], "y": [5.521829128265381, 6.005353927612305, 6.818005084991455, 1.3989852666854858, 6.6935200691223145, 1.4275819063186646], "params": [3.4099624156951904, 4.836338043212891, 7.6274309158325195, 10.393613815307617, 0.25, 1.0, 10.767183303833008]}