{"x": [0, 1, 2, 3, 4, 5], "y": [4.273236274719238, 5.063448429107666, 6.37670373916626, 0.6615670323371887, 4.964141845703125, 0.42986568808555603], "params": [4.691336154937744, 3.2689924240112305, 9.281875610351562, 8.653048515319824, 0.25, 1.0, 9.182007789611816]}