{"x": [0, 1, 2, 3, 4, 5], "y": [4.057462215423584, 4.836963653564453, 5.541928291320801, 0.6916833519935608, 3.601325273513794, 0.7668545246124268], "params": [3.286261796951294, 0.9137678146362305, 5.735062599182129, 5.772923946380615, 0.25, 1.0, 5.99184513092041]}