{"x": [0, 1, 2, 3, 4, 5], "y": [5.635221481323242, 6.4925360679626465, 6.875506401062012, 0.974598228931427, 4.136770248413086, 0.33503982424736023], "params": [2.8923654556274414, 4.098368167877197, 5.906688690185547, 7.5391387939453125, 0.25, 1.0, 8.82508659362793]}