{"x": [0, 1, 2, 3, 4, 5], "y": [4.301856994628906, 5.146780490875244, 6.64438009262085, 1.7089588642120361, 4.575016021728516, 0.9745548963546753], "params": [4.567250728607178, 3.4716665744781494, 9.117210388183594, 7.533667087554932, 0.25, 1.0, 7.443626403808594]}