{"x": [0, 1, 2, 3, 4, 5], "y": [1.9909942150115967, 2.0179030895233154, 2.9679317474365234, 1.907300353050232, 9.675413131713867, 2.670907497406006], "params": [3.2787132263183594, -3.3080644607543945, 6.436906337738037, 14.771430969238281, 0.25, 1.0, 15.886609077453613]}