{"x": [0, 1, 2, 3, 4, 5], "y": [5.678447246551514, 6.317267417907715, 6.6066179275512695, 0.35744139552116394, 4.067886829376221, 0.577014684677124], "params": [2.4936532974243164, 3.915703296661377, 4.746697425842285, 7.28445291519165, 0.25, 1.0, 8.383379936218262]}