{"x": [0, 1, 2, 3, 4, 5], "y": [1.513353943824768, 2.697371244430542, 2.9856159687042236, 1.4464541673660278, 5.494359016418457, 1.3923081159591675], "params": [2.53483510017395, -3.6878299713134766, 5.769280433654785, 8.43657112121582, 0.25, 1.0, 9.14288330078125]}