{"x": [0, 1, 2, 3, 4, 5], "y": [1.6214529275894165, 1.9864670038223267, 2.844557523727417, 0.36105817556381226, 6.186664581298828, 0.06462761759757996], "params": [2.969170570373535, -3.8267123699188232, 5.438488006591797, 12.401073455810547, 0.25, 1.0, 12.817069053649902]}