{"x": [0, 1, 2, 3, 4, 5], "y": [2.4486453533172607, 2.9529170989990234, 3.6391005516052246, 1.2170586585998535, 4.2722296714782715, 0.7447905540466309], "params": [3.9791316986083984, -1.416671872138977, 8.692455291748047, 6.946091651916504, 0.25, 1.0, 7.582396984100342]}