{"x": [0, 1, 2, 3, 4, 5], "y": [2.638942003250122, 2.382291793823242, 3.1678173542022705, 1.078545331954956, 6.446009159088135, 1.4314730167388916], "params": [3.1610050201416016, -2.8531718254089355, 5.985476493835449, 9.857392311096191, 0.25, 1.0, 11.833000183105469]}