{"x": [0, 1, 2, 3, 4, 5], "y": [4.201937675476074, 4.614914417266846, 5.139631271362305, 1.5267555713653564, 8.536392211914062, 1.230328917503357], "params": [3.1332900524139404, 1.1561554670333862, 6.017221450805664, 13.752206802368164, 0.25, 1.0, 14.650520324707031]}