{"x": [0, 1, 2, 3, 4, 5], "y": [1.3844833374023438, 2.4976043701171875, 3.0097830295562744, 1.2359076738357544, 7.611832141876221, 1.3574117422103882], "params": [3.299173593521118, -3.268425941467285, 7.516496658325195, 13.01164436340332, 0.25, 1.0, 13.001803398132324]}