{"x": [0, 1, 2, 3, 4, 5], "y": [2.037362575531006, 2.4570491313934326, 3.52823805809021, 0.42386773228645325, 4.234536647796631, 0.7195777893066406], "params": [4.5228047370910645, -1.819930076599121, 8.14323616027832, 6.420733451843262, 0.25, 1.0, 7.917924880981445]}