{"x": [0, 1, 2, 3, 4, 5], "y": [2.84700083732605, 3.6448171138763428, 4.619688987731934, 2.15148663520813, 7.982857704162598, 1.6087533235549927], "params": [4.409949779510498, 0.5912256240844727, 10.088891983032227, 12.44136905670166, 0.25, 1.0, 12.875543594360352]}