{"x": [0, 1, 2, 3, 4, 5], "y": [0.9244403839111328, 1.7072722911834717, 2.7213757038116455, 1.5330678224563599, 6.009293079376221, 1.184510350227356], "params": [4.015805721282959, -4.068000793457031, 7.247585296630859, 9.93834114074707, 0.25, 1.0, 10.253629684448242]}