{"x": [0, 1, 2, 3, 4, 5], "y": [1.5423321723937988, 1.9147515296936035, 2.4628772735595703, 0.714303731918335, 4.514459609985352, 0.9868931770324707], "params": [2.0504651069641113, -4.421717643737793, 4.957978248596191, 6.9442901611328125, 0.25, 1.0, 8.390446662902832]}