{"x": [0, 1, 2, 3, 4, 5], "y": [3.020725965499878, 3.8761796951293945, 5.23924446105957, 2.004169225692749, 9.014817237854004, 2.084359645843506], "params": [4.972712993621826, 1.1402851343154907, 9.704030990600586, 14.62565803527832, 0.25, 1.0, 15.727191925048828]}