{"x": [0, 1, 2, 3, 4, 5], "y": [5.334996223449707, 5.5133161544799805, 5.956765651702881, 0.38484489917755127, 5.898448467254639, 0.5228514671325684], "params": [2.346614360809326, 2.648355484008789, 4.709262847900391, 10.981783866882324, 0.25, 1.0, 11.432090759277344]}