{"x": [0, 1, 2, 3, 4, 5], "y": [4.386056900024414, 4.666746139526367, 5.443444728851318, 0.6493984460830688, 4.75341272354126, 0.553004264831543], "params": [3.020684003829956, 1.6408216953277588, 5.521149635314941, 8.184208869934082, 0.25, 1.0, 8.677824020385742]}