{"x": [0, 1, 2, 3, 4, 5], "y": [4.152525424957275, 5.175104141235352, 5.963491916656494, 1.130624771118164, 6.87148380279541, 1.4359773397445679], "params": [4.099000453948975, 2.4534058570861816, 7.924603462219238, 11.854433059692383, 0.25, 1.0, 12.880399703979492]}