{"x": [0, 1, 2, 3, 4, 5], "y": [0.784282386302948, 1.9503471851348877, 2.758706569671631, 0.9629257917404175, 8.160675048828125, 0.7445389032363892], "params": [4.34113883972168, -3.9795918464660645, 8.958565711975098, 13.752901077270508, 0.25, 1.0, 14.984889030456543]}