{"x": [0, 1, 2, 3, 4, 5], "y": [5.642265796661377, 5.860593318939209, 6.807462692260742, 0.240971177816391, 4.749569416046143, -0.5816963911056519], "params": [4.142506122589111, 4.746502876281738, 8.098855018615723, 9.114802360534668, 0.25, 1.0, 10.819493293762207]}