{"x": [0, 1, 2, 3, 4, 5], "y": [3.7093594074249268, 4.421820163726807, 5.087792873382568, 1.2175359725952148, 8.364419937133789, 1.1279261112213135], "params": [4.140652656555176, 1.4932036399841309, 8.387184143066406, 14.36911678314209, 0.25, 1.0, 14.47298812866211]}