{"x": [0, 1, 2, 3, 4, 5], "y": [3.3137707710266113, 4.319838523864746, 5.319655418395996, 0.7789982557296753, 5.613434314727783, 0.9555984139442444], "params": [4.472261905670166, 1.2465041875839233, 9.610444068908691, 10.168740272521973, 0.25, 1.0, 10.515931129455566]}