{"x": [0, 1, 2, 3, 4, 5], "y": [3.785778522491455, 5.012267589569092, 5.37763786315918, 0.8766641616821289, 3.5450401306152344, 0.5472943186759949], "params": [3.5143659114837646, 1.688264012336731, 8.627903938293457, 5.91762113571167, 0.25, 1.0, 6.375519752502441]}