{"x": [0, 1, 2, 3, 4, 5], "y": [2.0780622959136963, 2.4396958351135254, 3.3242671489715576, 0.18264418840408325, 4.951067924499512, 0.5379151701927185], "params": [2.2727134227752686, -3.739169120788574, 4.45139741897583, 8.526104927062988, 0.25, 1.0, 9.536847114562988]}