{"x": [0, 1, 2, 3, 4, 5], "y": [3.1813371181488037, 3.0688092708587646, 3.2696468830108643, -0.04857891798019409, 5.116118431091309, 0.19096705317497253], "params": [2.1998159885406494, -2.0693588256835938, 3.6651816368103027, 10.491214752197266, 0.25, 1.0, 11.05142593383789]}