{"x": [0, 1, 2, 3, 4, 5], "y": [1.6310453414916992, 2.0872843265533447, 2.4501566886901855, 0.9096764922142029, 4.397445201873779, 0.7914519906044006], "params": [2.1231822967529297, -4.774064064025879, 4.043242931365967, 7.812714099884033, 0.25, 1.0, 8.720911979675293]}