{"x": [0, 1, 2, 3, 4, 5], "y": [0.8669966459274292, 1.6691091060638428, 2.472276449203491, 1.5262024402618408, 8.117929458618164, 1.268033742904663], "params": [3.2486026287078857, -4.455900192260742, 7.485943794250488, 14.20714282989502, 0.25, 1.0, 15.24329948425293]}