{"x": [0, 1, 2, 3, 4, 5], "y": [6.057525157928467, 6.812775611877441, 7.339871406555176, 1.6838281154632568, 6.041937828063965, 1.554610252380371], "params": [2.1425280570983887, 4.6244120597839355, 5.6496171951293945, 9.223430633544922, 0.25, 1.0, 9.162046432495117]}