{"x": [0, 1, 2, 3, 4, 5], "y": [2.595970630645752, 2.582504987716675, 2.9810092449188232, 1.6406617164611816, 8.227869033813477, 1.9569200277328491], "params": [3.626758575439453, -2.2242016792297363, 6.026077747344971, 12.697561264038086, 0.25, 1.0, 13.629916191101074]}