{"x": [0, 1, 2, 3, 4, 5], "y": [4.887526988983154, 5.091443061828613, 5.619058132171631, 0.926780104637146, 8.379371643066406, 0.9280719757080078], "params": [2.3338992595672607, 1.5335959196090698, 3.9121360778808594, 14.61339282989502, 0.25, 1.0, 14.909928321838379]}