{"x": [0, 1, 2, 3, 4, 5], "y": [4.187683582305908, 5.002575874328613, 6.109825611114502, 0.6921444535255432, 3.3815977573394775, 0.825680136680603], "params": [4.595321178436279, 2.623763084411621, 8.713631629943848, 5.45839262008667, 0.25, 1.0, 5.731241226196289]}