{"x": [0, 1, 2, 3, 4, 5], "y": [1.4330228567123413, 2.5389063358306885, 3.4925408363342285, 1.9543542861938477, 9.039813041687012, 1.48080313205719], "params": [4.78178596496582, -1.967666745185852, 9.292550086975098, 14.600220680236816, 0.25, 1.0, 15.38859748840332]}