{"x": [0, 1, 2, 3, 4, 5], "y": [5.021433353424072, 5.3331427574157715, 5.876575469970703, 0.4617820382118225, 7.77603816986084, 0.4053739905357361], "params": [2.2579636573791504, 2.2272491455078125, 4.206799507141113, 14.312662124633789, 0.25, 1.0, 14.84847354888916]}