{"x": [0, 1, 2, 3, 4, 5], "y": [1.919426441192627, 2.5570406913757324, 2.8619163036346436, 1.736162543296814, 9.23147201538086, 1.7852896451950073], "params": [3.216113805770874, -3.33890438079834, 6.052353858947754, 14.320006370544434, 0.25, 1.0, 15.188733100891113]}