{"x": [0, 1, 2, 3, 4, 5], "y": [0.5976413488388062, 1.5723458528518677, 2.8662056922912598, 0.8889375925064087, 5.227792739868164, 1.0049577951431274], "params": [4.897006511688232, -3.5126054286956787, 9.550084114074707, 8.897971153259277, 0.25, 1.0, 9.193814277648926]}