{"x": [0, 1, 2, 3, 4, 5], "y": [3.114173650741577, 3.393094062805176, 4.000656604766846, 0.7244069576263428, 6.205872535705566, 0.8937434554100037], "params": [3.405841588973999, -0.9565043449401855, 6.361103534698486, 10.520349502563477, 0.25, 1.0, 11.365522384643555]}