{"x": [0, 1, 2, 3, 4, 5], "y": [1.2187074422836304, 1.8313794136047363, 2.7841765880584717, 0.15305939316749573, 4.5539655685424805, -0.02459821105003357], "params": [3.7052674293518066, -3.9814109802246094, 6.934576034545898, 8.710891723632812, 0.25, 1.0, 9.192718505859375]}