{"x": [0, 1, 2, 3, 4, 5], "y": [1.6641737222671509, 1.8975733518600464, 2.7216148376464844, 0.6988600492477417, 4.570444583892822, 0.5419747829437256], "params": [2.802020311355591, -4.047792434692383, 4.859768867492676, 8.638778686523438, 0.25, 1.0, 9.738958358764648]}