{"x": [0, 1, 2, 3, 4, 5], "y": [3.5371084213256836, 4.116654396057129, 5.03157901763916, 1.3840559720993042, 7.8837714195251465, 1.3792684078216553], "params": [4.516606330871582, 1.4363950490951538, 8.503637313842773, 13.753732681274414, 0.25, 1.0, 13.732934951782227]}