{"x": [0, 1, 2, 3, 4, 5], "y": [5.6018757820129395, 6.116808891296387, 6.455085754394531, 0.13788476586341858, 6.512347221374512, 0.04248318076133728], "params": [2.337047576904297, 3.730225086212158, 5.457650184631348, 12.497710227966309, 0.25, 1.0, 13.263811111450195]}