{"x": [0, 1, 2, 3, 4, 5], "y": [3.662670135498047, 4.301041603088379, 5.44813871383667, 1.0023020505905151, 7.239156246185303, 1.3384090662002563], "params": [3.037489652633667, 0.01628398895263672, 5.783454895019531, 11.9336519241333, 0.25, 1.0, 12.877876281738281]}