{"x": [0, 1, 2, 3, 4, 5], "y": [2.7573740482330322, 3.3587424755096436, 4.662038326263428, 1.9259731769561768, 9.473333358764648, 1.1925673484802246], "params": [3.7583680152893066, -0.8107286691665649, 7.034108638763428, 14.817659378051758, 0.25, 1.0, 16.56153106689453]}