{"x": [0, 1, 2, 3, 4, 5], "y": [3.8605880737304688, 5.239857196807861, 5.565169811248779, 0.12287606298923492, 6.30345344543457, 0.48875880241394043], "params": [4.509683609008789, 2.668360471725464, 8.863906860351562, 12.359964370727539, 0.25, 1.0, 13.286460876464844]}