{"x": [0, 1, 2, 3, 4, 5], "y": [2.4049558639526367, 2.6728343963623047, 3.5567190647125244, 0.1710776686668396, 3.4009523391723633, 0.6425949931144714], "params": [2.631052017211914, -1.9189494848251343, 6.198111534118652, 5.953430652618408, 0.25, 1.0, 6.861051559448242]}