{"x": [0, 1, 2, 3, 4, 5], "y": [1.7717318534851074, 2.380740165710449, 3.4176316261291504, 0.24384969472885132, 5.421746253967285, 0.1386549174785614], "params": [4.5126729011535645, -2.6160998344421387, 7.866215705871582, 9.835616111755371, 0.25, 1.0, 10.905292510986328]}