{"x": [0, 1, 2, 3, 4, 5], "y": [1.5813747644424438, 3.147188186645508, 3.5866854190826416, -0.2010672390460968, 2.717404365539551, 0.25399279594421387], "params": [4.184604644775391, -1.675412654876709, 9.786552429199219, 5.531871318817139, 0.25, 1.0, 6.149799346923828]}