{"x": [0, 1, 2, 3, 4, 5], "y": [5.6785888671875, 6.18503999710083, 6.873575210571289, 1.7856899499893188, 9.112232208251953, 1.5266168117523193], "params": [3.8213863372802734, 4.310283660888672, 7.388542175292969, 14.152908325195312, 0.25, 1.0, 15.788421630859375]}