{"x": [0, 1, 2, 3, 4, 5], "y": [1.899977445602417, 2.4952011108398438, 2.4945783615112305, 0.41415971517562866, 5.392884254455566, 0.07141128927469254], "params": [3.532297134399414, -3.2011122703552246, 6.701120853424072, 10.316122055053711, 0.25, 1.0, 11.007392883300781]}