{"x": [0, 1, 2, 3, 4, 5], "y": [0.19049030542373657, 0.9911572933197021, 2.2927777767181396, 0.3601182699203491, 3.8983652591705322, 0.3830510079860687], "params": [4.762915134429932, -4.982823848724365, 9.698447227478027, 7.422003269195557, 0.25, 1.0, 8.38591480255127]}