{"x": [0, 1, 2, 3, 4, 5], "y": [3.3530166149139404, 4.273741245269775, 4.688490867614746, -0.04608878493309021, 4.199606418609619, 0.7493258714675903], "params": [3.9176623821258545, 0.9526115655899048, 7.754089832305908, 8.172652244567871, 0.25, 1.0, 9.625144004821777]}