{"x": [0, 1, 2, 3, 4, 5], "y": [4.509900093078613, 4.8046345710754395, 5.152170181274414, 2.388584852218628, 8.854019165039062, 1.749315857887268], "params": [2.03874135017395, 1.0111373662948608, 4.209493637084961, 13.9315824508667, 0.25, 1.0, 14.593390464782715]}