{"x": [0, 1, 2, 3, 4, 5], "y": [3.4672958850860596, 3.1381337642669678, 3.378632068634033, 1.8432976007461548, 7.414393901824951, 1.7533559799194336], "params": [2.1265382766723633, -2.1238045692443848, 4.027331829071045, 11.231246948242188, 0.25, 1.0, 11.499175071716309]}