{"x": [0, 1, 2, 3, 4, 5], "y": [3.3417346477508545, 4.1439104080200195, 4.96287202835083, 0.04870371147990227, 5.848937511444092, 0.17624077200889587], "params": [3.8684096336364746, 0.5347543954849243, 7.638121128082275, 11.431385040283203, 0.25, 1.0, 11.600467681884766]}