{"x": [0, 1, 2, 3, 4, 5], "y": [4.915030479431152, 5.671277046203613, 6.281582355499268, 1.9415253400802612, 9.4885835647583, 2.053478479385376], "params": [4.543744087219238, 3.778069496154785, 7.695850372314453, 14.871633529663086, 0.25, 1.0, 15.252464294433594]}