{"x": [0, 1, 2, 3, 4, 5], "y": [3.618190288543701, 5.1757354736328125, 5.997500419616699, 0.045124590396881104, 5.179087162017822, 0.34273770451545715], "params": [4.668088912963867, 3.0348408222198486, 10.615906715393066, 9.156256675720215, 0.25, 1.0, 10.267925262451172]}