{"x": [0, 1, 2, 3, 4, 5], "y": [4.864724636077881, 5.63840389251709, 6.4663190841674805, 0.22689759731292725, 1.9763920307159424, -0.21102038025856018], "params": [3.48233699798584, 3.1570382118225098, 7.179928779602051, 5.019843578338623, 0.25, 1.0, 6.725976943969727]}