{"x": [0, 1, 2, 3, 4, 5], "y": [4.130781173706055, 4.397984504699707, 5.303057670593262, 1.1214808225631714, 5.546088218688965, 1.037107229232788], "params": [2.7425365447998047, 0.873333215713501, 5.1984758377075195, 9.304624557495117, 0.25, 1.0, 9.346014022827148]}