{"x": [0, 1, 2, 3, 4, 5], "y": [0.5562480688095093, 1.6182613372802734, 2.518510341644287, 1.5515825748443604, 8.585577011108398, 1.0411368608474731], "params": [4.645042896270752, -4.027844429016113, 8.491292953491211, 14.730488777160645, 0.25, 1.0, 15.27786636352539]}