{"x": [0, 1, 2, 3, 4, 5], "y": [3.808661937713623, 4.721059799194336, 4.985340595245361, 0.22325417399406433, 4.511244773864746, 0.128135085105896], "params": [2.8819525241851807, 0.649111270904541, 5.334052085876465, 8.94150161743164, 0.25, 1.0, 9.524980545043945]}