{"x": [0, 1, 2, 3, 4, 5], "y": [5.971350193023682, 6.396570205688477, 6.806977272033691, 0.31916543841362, 7.048079013824463, 0.08368149399757385], "params": [2.459320306777954, 4.725618839263916, 4.5603532791137695, 13.025383949279785, 0.25, 1.0, 13.928794860839844]}