{"x": [0, 1, 2, 3, 4, 5], "y": [3.2763612270355225, 3.995950698852539, 5.155176639556885, 1.1367526054382324, 8.430686950683594, 1.050419569015503], "params": [3.793316602706909, 0.8603358268737793, 8.006998062133789, 14.620594024658203, 0.25, 1.0, 14.854551315307617]}