{"x": [0, 1, 2, 3, 4, 5], "y": [5.926896572113037, 6.233492374420166, 6.763937950134277, 1.043518304824829, 6.294363021850586, 1.6961426734924316], "params": [2.0638113021850586, 3.793576240539551, 4.288361549377441, 10.522664070129395, 0.25, 1.0, 12.066179275512695]}