{"x": [0, 1, 2, 3, 4, 5], "y": [4.218428134918213, 4.91757345199585, 5.585205078125, 1.4541900157928467, 8.257637977600098, 1.4688583612442017], "params": [3.4892618656158447, 1.9303184747695923, 7.791337013244629, 13.430174827575684, 0.25, 1.0, 14.653902053833008]}