{"x": [0, 1, 2, 3, 4, 5], "y": [1.5709519386291504, 2.418924331665039, 3.0582079887390137, 1.0815751552581787, 7.898147106170654, 1.1235390901565552], "params": [2.9463369846343994, -3.213164806365967, 6.696205139160156, 13.145927429199219, 0.25, 1.0, 13.63314437866211]}