{"x": [0, 1, 2, 3, 4, 5], "y": [1.8783519268035889, 2.6922812461853027, 3.414635419845581, 0.6680108308792114, 3.7465262413024902, 0.6231808662414551], "params": [3.855408191680908, -2.4601340293884277, 7.001077175140381, 5.79735803604126, 0.25, 1.0, 6.24669075012207]}