{"x": [0, 1, 2, 3, 4, 5], "y": [3.2578227519989014, 4.0514326095581055, 4.3048787117004395, 0.37887632846832275, 6.464961528778076, -0.06000109016895294], "params": [2.394001007080078, -1.097571849822998, 5.170257091522217, 12.174935340881348, 0.25, 1.0, 13.049924850463867]}