{"x": [0, 1, 2, 3, 4, 5], "y": [4.611466884613037, 5.381724834442139, 5.882204055786133, 1.06679368019104, 5.256084442138672, 1.0040748119354248], "params": [3.560964584350586, 2.8227477073669434, 6.913313865661621, 7.608952045440674, 0.25, 1.0, 8.504018783569336]}