{"x": [0, 1, 2, 3, 4, 5], "y": [5.810586929321289, 6.661899089813232, 7.1723198890686035, 0.8357224464416504, 3.235607385635376, 0.30739808082580566], "params": [2.605677604675293, 4.765591621398926, 5.624944686889648, 6.114663600921631, 0.25, 1.0, 6.6463117599487305]}