{"x": [0, 1, 2, 3, 4, 5], "y": [6.503081798553467, 6.393622875213623, 6.5645647048950195, 1.5059667825698853, 6.198939323425293, 1.0522310733795166], "params": [2.2093358039855957, 4.186654090881348, 3.670748710632324, 9.554930686950684, 0.25, 1.0, 10.488624572753906]}