{"x": [0, 1, 2, 3, 4, 5], "y": [4.349538326263428, 5.8073201179504395, 6.78049373626709, 2.150721788406372, 8.833727836608887, 1.6290844678878784], "params": [4.656355857849121, 4.445679664611816, 10.504685401916504, 14.031208038330078, 0.25, 1.0, 14.698732376098633]}