{"x": [0, 1, 2, 3, 4, 5], "y": [3.490513801574707, 4.245983123779297, 5.065708160400391, 0.2908855378627777, 5.357193470001221, 0.2957272231578827], "params": [4.616156101226807, 1.5253621339797974, 8.910107612609863, 10.329042434692383, 0.25, 1.0, 10.83700942993164]}