{"x": [0, 1, 2, 3, 4, 5], "y": [1.276057243347168, 1.2917976379394531, 2.777024030685425, 0.8674851655960083, 7.356425762176514, 1.0964291095733643], "params": [3.2121782302856445, -4.902722358703613, 5.848114967346191, 12.349288940429688, 0.25, 1.0, 12.97788143157959]}