{"x": [0, 1, 2, 3, 4, 5], "y": [4.135339260101318, 4.594277858734131, 5.00200080871582, 1.0205143690109253, 5.224200248718262, 0.7507816553115845], "params": [2.1564626693725586, 0.3379237651824951, 4.49342155456543, 9.020088195800781, 0.25, 1.0, 9.191439628601074]}