{"x": [0, 1, 2, 3, 4, 5], "y": [2.385335683822632, 3.000519275665283, 3.837116003036499, 1.7668784856796265, 7.714836597442627, 1.9515283107757568], "params": [4.751895904541016, -0.9670388698577881, 8.675249099731445, 12.123442649841309, 0.25, 1.0, 12.149347305297852]}