{"x": [0, 1, 2, 3, 4, 5], "y": [1.5306589603424072, 1.9733632802963257, 2.430419683456421, 0.7052874565124512, 4.654158115386963, 1.3762410879135132], "params": [3.1791610717773438, -4.068316459655762, 6.343749523162842, 7.537873268127441, 0.25, 1.0, 8.676971435546875]}