{"x": [0, 1, 2, 3, 4, 5], "y": [1.2236144542694092, 2.1938743591308594, 2.8148033618927, 1.249586582183838, 7.038969993591309, 1.7493085861206055], "params": [4.953605651855469, -3.066650629043579, 8.986305236816406, 11.003453254699707, 0.25, 1.0, 11.578766822814941]}