{"x": [0, 1, 2, 3, 4, 5], "y": [1.9453984498977661, 2.6876578330993652, 4.035111427307129, 0.8709477782249451, 6.367751598358154, 0.5095689296722412], "params": [4.947196006774902, -1.1955636739730835, 10.441449165344238, 11.835968017578125, 0.25, 1.0, 11.716365814208984]}