{"x": [0, 1, 2, 3, 4, 5], "y": [2.1736509799957275, 3.482433557510376, 4.115180969238281, 1.753746509552002, 6.754995346069336, 1.7607959508895874], "params": [4.878932952880859, -0.21154701709747314, 10.048425674438477, 11.266844749450684, 0.25, 1.0, 11.74979019165039]}