{"x": [0, 1, 2, 3, 4, 5], "y": [6.178343296051025, 6.206682205200195, 6.949233055114746, 1.9816349744796753, 8.416999816894531, 2.0342373847961426], "params": [2.6024417877197266, 4.70880126953125, 5.357857704162598, 12.702567100524902, 0.25, 1.0, 12.91963005065918]}