{"x": [0, 1, 2, 3, 4, 5], "y": [5.472407817840576, 5.843982696533203, 6.48118257522583, 0.7106527090072632, 3.8652031421661377, 1.147448182106018], "params": [2.4127707481384277, 3.5932934284210205, 5.151272773742676, 6.519783973693848, 0.25, 1.0, 6.711869239807129]}