{"x": [0, 1, 2, 3, 4, 5], "y": [1.2257232666015625, 2.0735278129577637, 2.6876840591430664, -0.24125927686691284, 3.6911585330963135, 0.5104733109474182], "params": [4.178625583648682, -3.492460250854492, 9.06067180633545, 7.065478324890137, 0.25, 1.0, 7.864835739135742]}