{"x": [0, 1, 2, 3, 4, 5], "y": [1.8487541675567627, 2.1164209842681885, 2.687209367752075, 1.39320707321167, 6.199776649475098, 1.0300732851028442], "params": [2.6558282375335693, -4.1051530838012695, 5.471038341522217, 10.115851402282715, 0.25, 1.0, 10.339406967163086]}