{"x": [0, 1, 2, 3, 4, 5], "y": [3.5346131324768066, 4.741504669189453, 5.326911449432373, 2.3575103282928467, 8.008855819702148, 1.8740357160568237], "params": [3.0916941165924072, 1.4996522665023804, 7.5825605392456055, 12.350910186767578, 0.25, 1.0, 12.37911605834961]}