{"x": [0, 1, 2, 3, 4, 5], "y": [4.426369667053223, 4.255061626434326, 4.930725574493408, 0.7101726531982422, 4.894968032836914, 0.46322962641716003], "params": [2.468231201171875, 0.6367754936218262, 4.7809648513793945, 9.18838882446289, 0.25, 1.0, 9.103705406188965]}