{"x": [0, 1, 2, 3, 4, 5], "y": [1.725878357887268, 2.730455160140991, 3.0727972984313965, 0.4172424077987671, 4.260594367980957, 0.539588212966919], "params": [2.6386752128601074, -3.4704673290252686, 5.522371292114258, 8.045647621154785, 0.25, 1.0, 8.217859268188477]}