{"x": [0, 1, 2, 3, 4, 5], "y": [1.4312641620635986, 2.436387062072754, 3.0517776012420654, -0.0006791353225708008, 3.5920403003692627, 0.3764370083808899], "params": [4.269386291503906, -2.7662367820739746, 8.477945327758789, 6.9280524253845215, 0.25, 1.0, 7.658663749694824]}