{"x": [0, 1, 2, 3, 4, 5], "y": [3.8761496543884277, 4.102934837341309, 4.52268648147583, 1.7770541906356812, 8.174945831298828, 1.6967450380325317], "params": [2.4450652599334717, -0.4748135805130005, 4.233585357666016, 12.921852111816406, 0.25, 1.0, 12.956401824951172]}