{"x": [0, 1, 2, 3, 4, 5], "y": [0.8297499418258667, 1.8429996967315674, 1.8199739456176758, 0.8334972262382507, 3.9533350467681885, 0.519562304019928], "params": [3.7185821533203125, -4.914728164672852, 6.386711120605469, 7.0126776695251465, 0.25, 1.0, 7.489691734313965]}