{"x": [0, 1, 2, 3, 4, 5], "y": [3.7177910804748535, 4.349569320678711, 4.980708599090576, 0.7174288034439087, 3.76609468460083, 1.1592626571655273], "params": [3.2886946201324463, 0.7458198070526123, 6.461332321166992, 6.165491104125977, 0.25, 1.0, 6.913670063018799]}