{"x": [0, 1, 2, 3, 4, 5], "y": [1.752621054649353, 2.461144208908081, 3.223200798034668, 1.8602206707000732, 6.8784403800964355, 0.7174715399742126], "params": [2.9365458488464355, -2.941938638687134, 6.928898811340332, 12.119434356689453, 0.25, 1.0, 13.26775074005127]}