{"x": [0, 1, 2, 3, 4, 5], "y": [3.113445281982422, 3.5762267112731934, 4.884670734405518, 0.433834046125412, 4.082769870758057, 0.4493412673473358], "params": [3.8676841259002686, 0.04732787609100342, 7.830150604248047, 6.21372127532959, 0.25, 1.0, 7.2978715896606445]}