{"x": [0, 1, 2, 3, 4, 5], "y": [4.787603855133057, 5.28209114074707, 6.121532917022705, 1.4547041654586792, 7.803249359130859, 1.1785062551498413], "params": [3.2320189476013184, 2.851734161376953, 5.959868431091309, 11.723974227905273, 0.25, 1.0, 13.249485969543457]}