{"x": [0, 1, 2, 3, 4, 5], "y": [0.5178745985031128, 1.5785179138183594, 1.915955901145935, 0.7376192808151245, 3.4705469608306885, 0.23789852857589722], "params": [4.122783184051514, -4.636632919311523, 9.6358003616333, 5.200762748718262, 0.25, 1.0, 6.827413558959961]}