{"x": [0, 1, 2, 3, 4, 5], "y": [2.0935356616973877, 2.8384385108947754, 3.2246201038360596, 0.16462107002735138, 6.98632287979126, 0.23559561371803284], "params": [2.7576255798339844, -3.1307034492492676, 5.392676830291748, 12.186713218688965, 0.25, 1.0, 13.643404006958008]}