{"x": [0, 1, 2, 3, 4, 5], "y": [3.3277664184570312, 4.669184684753418, 5.228157997131348, 0.5858544111251831, 4.244559288024902, 0.3302367329597473], "params": [4.341249942779541, 1.3359344005584717, 8.761465072631836, 6.82476282119751, 0.25, 1.0, 7.8286452293396]}