{"x": [0, 1, 2, 3, 4, 5], "y": [0.3814190626144409, 6.597045421600342, 0.2710267901420593, 6.66983699798584, 0.15143036842346191, 6.5871477127075195], "params": [12.528647422790527, 0.25, 0.0, 13.036813735961914]}