{"x": [0, 1, 2, 3, 4, 5], "y": [0.716809868812561, 4.495400428771973, 0.5428234934806824, 4.5140862464904785, 0.8004271984100342, 4.848144054412842], "params": [8.361799240112305, 0.25, 0.0, 8.610641479492188]}