{"x": [0, 1, 2, 3, 4, 5], "y": [0.5041829347610474, 1.1240966320037842, 0.0016610324382781982, 1.7887704372406006, -0.0013709068298339844, 0.800103485584259], "params": [2.315746784210205, 0.25, 0.0, 3.580282688140869]}