{"x": [0, 1, 2, 3, 4, 5], "y": [0.07206884026527405, 0.8543031811714172, 0.14165198802947998, 0.6486830711364746, 0.2710255980491638, 1.1382101774215698], "params": [1.4770817756652832, 0.25, 0.0, 2.1322827339172363]}