{"x": [0, 1, 2, 3, 4, 5], "y": [1.057999849319458, 5.345938205718994, 0.6742115616798401, 4.702907562255859, 0.845048189163208, 4.907791614532471], "params": [8.199755668640137, 0.25, 0.0, 9.343453407287598]}