{"x": [0, 1, 2, 3, 4, 5], "y": [0.86407071352005, 2.5419654846191406, 0.5826523303985596, 2.94718337059021, 0.9757630825042725, 2.7724204063415527], "params": [4.428523063659668, 0.25, 0.0, 4.729062080383301]}