{"x": [0, 1, 2, 3, 4, 5], "y": [0.5226651430130005, 1.3271980285644531, -0.05211508274078369, 1.7416898012161255, 0.22062787413597107, 1.8896300792694092], "params": [2.9370779991149902, 0.25, 0.0, 3.8834903240203857]}