{"x": [0, 1, 2, 3, 4, 5], "y": [1.9636621475219727, 8.035901069641113, 1.7135021686553955, 8.289674758911133, 1.9380595684051514, 7.900234222412109], "params": [12.112619400024414, 0.25, 0.0, 13.152345657348633]}