{"x": [0, 1, 2, 3, 4, 5], "y": [0.4439949691295624, 4.7186760902404785, 0.443776398897171, 3.9498274326324463, -0.04794366657733917, 4.381092071533203], "params": [7.608732223510742, 0.25, 0.0, 9.533239364624023]}