{"x": [0, 1, 2, 3, 4, 5], "y": [1.3214999437332153, 6.455637454986572, 1.1416102647781372, 6.328317165374756, 1.168847918510437, 6.442484378814697], "params": [10.39273738861084, 0.25, 0.0, 10.62805461883545]}