{"x": [0, 1, 2, 3, 4, 5], "y": [0.9300774931907654, 2.8661251068115234, 0.9147567749023438, 2.980276346206665, 0.1671801507472992, 3.2381341457366943], "params": [4.691061019897461, 0.25, 0.0, 6.141908168792725]}