{"x": [0, 1, 2, 3, 4, 5], "y": [0.1051999181509018, 5.137894153594971, 0.1927414834499359, 5.230323314666748, 0.315563440322876, 5.209550380706787], "params": [10.050132751464844, 0.25, 0.0, 10.25024700164795]}