{"x": [0, 1, 2, 3, 4, 5], "y": [0.6225354075431824, 6.006319522857666, 0.04549741744995117, 6.297674179077148, 0.059064969420433044, 6.327086925506592], "params": [11.865004539489746, 0.25, 0.0, 12.563179016113281]}