{"x": [0, 1, 2, 3, 4, 5], "y": [-0.15489479899406433, 0.5892472267150879, 0.07304727286100388, 0.12749254703521729, 0.012387849390506744, 0.10431000590324402], "params": [0.6545063853263855, 0.25, 0.0, 1.4882841110229492]}