{"x": [0, 1, 2, 3, 4, 5], "y": [1.5524550676345825, 8.803316116333008, 1.507474660873413, 8.48519229888916, 1.7969720363616943, 8.9248685836792], "params": [13.74590015411377, 0.25, 0.0, 14.834787368774414]}