{"x": [0, 1, 2, 3, 4, 5], "y": [0.8179585933685303, 4.9952287673950195, 0.34684643149375916, 4.804090976715088, 0.28335440158843994, 4.554190635681152], "params": [7.748151779174805, 0.25, 0.0, 9.423748970031738]}