{"x": [0, 1, 2, 3, 4, 5], "y": [0.9287806749343872, 7.3504228591918945, 0.9431126713752747, 7.097597122192383, 0.7502880096435547, 7.106527805328369], "params": [12.868617057800293, 0.25, 0.0, 13.20026969909668]}