{"x": [0, 1, 2, 3, 4, 5], "y": [0.44317948818206787, 2.1105520725250244, 0.5780982375144958, 2.0788116455078125, 0.3047485947608948, 2.789011240005493], "params": [3.7841641902923584, 0.25, 0.0, 4.968525409698486]}