{"x": [0, 1, 2, 3, 4, 5], "y": [0.06426763534545898, 2.465749740600586, -0.11443216353654861, 3.0837278366088867, -0.11740586161613464, 2.6611733436584473], "params": [5.5383620262146, 0.25, 0.0, 6.4022674560546875]}