{"x": [0, 1, 2, 3, 4, 5], "y": [2.7211720943450928, 3.0146377086639404, 3.0758886337280273, 3.5722293853759766, 4.012242317199707, 4.378869533538818], "params": [1.7416152954101562, -3.317362070083618, 3.315394878387451]}