{"x": [0, 1, 2, 3, 4, 5], "y": [5.571046829223633, 6.6160383224487305, 7.069082260131836, 7.465712547302246, 7.96886682510376, 9.000320434570312], "params": [2.9041261672973633, 4.603779315948486, 6.858547210693359]}