{"x": [0, 1, 2, 3, 4, 5], "y": [5.370345592498779, 6.024545669555664, 7.111361503601074, 7.51209020614624, 8.658699035644531, 9.547323226928711], "params": [4.050941467285156, 4.800970554351807, 8.353955268859863]}