{"x": [0, 1, 2, 3, 4, 5], "y": [0.5611072778701782, 1.5484435558319092, 3.0259132385253906, 3.4122884273529053, 4.3103508949279785, 5.203642845153809], "params": [4.162074565887451, -4.2113566398620605, 9.28507137298584]}