{"x": [0, 1, 2, 3, 4, 5], "y": [4.225281715393066, 4.619535446166992, 3.8817787170410156, 4.184776306152344, 4.932163715362549, 4.409832000732422], "params": [0.1051369309425354, -1.1815083026885986, 2.1007699966430664]}