{"x": [0, 1, 2, 3, 4, 5], "y": [5.574985027313232, 6.060130596160889, 6.568978786468506, 6.53114652633667, 6.321120262145996, 6.464312553405762], "params": [0.8056068420410156, 2.322633743286133, 1.9879875183105469]}