{"x": [0, 1, 2, 3, 4, 5], "y": [3.472764730453491, 4.10509729385376, 5.3254194259643555, 6.423065662384033, 7.397914409637451, 8.163171768188477], "params": [4.960638046264648, 1.6984021663665771, 9.380813598632812]}