{"x": [0, 1, 2, 3, 4, 5], "y": [4.743521213531494, 5.633640289306641, 5.652817726135254, 5.928989887237549, 6.815965175628662, 6.88835334777832], "params": [2.125964641571045, 1.9508087635040283, 4.289664268493652]}