{"x": [0, 1, 2, 3, 4, 5], "y": [2.8742237091064453, 3.8051371574401855, 4.03020715713501, 4.609495162963867, 5.162572860717773, 5.825135231018066], "params": [2.7682623863220215, -1.0468435287475586, 5.901823043823242]}