{"x": [0, 1, 2, 3, 4, 5], "y": [4.838446140289307, 4.8094635009765625, 4.852605819702148, 5.0916290283203125, 5.5357747077941895, 5.66231632232666], "params": [0.7719507813453674, 0.3657752275466919, 1.7057056427001953]}