{"x": [0, 1, 2, 3, 4, 5], "y": [3.310901165008545, 4.286406517028809, 5.231772422790527, 6.408793926239014, 7.125605583190918, 8.13134765625], "params": [4.327165126800537, 1.5579456090927124, 9.64089298248291]}