{"x": [0, 1, 2, 3, 4, 5], "y": [4.552207946777344, 5.310574054718018, 6.660755634307861, 7.334481239318848, 8.695629119873047, 8.989363670349121], "params": [4.498136520385742, 3.808095932006836, 8.874311447143555]}