{"x": [0, 1, 2, 3, 4, 5], "y": [5.674557209014893, 6.156880855560303, 6.659683704376221, 6.936422348022461, 7.604635238647461, 7.265248775482178], "params": [1.7043906450271606, 3.5039496421813965, 3.8601560592651367]}