{"x": [0, 1, 2, 3, 4, 5], "y": [5.167038917541504, 6.01136589050293, 6.6754841804504395, 7.250699996948242, 8.093396186828613, 8.699361801147461], "params": [3.2419326305389404, 4.117580413818359, 7.064645767211914]}