{"x": [0, 1, 2, 3, 4, 5], "y": [4.551665306091309, 11.70363998413086, 5.757270812988281, 13.197676658630371, 7.751489162445068, 15.455687522888184], "params": [3.8867428302764893, 0.8957082033157349, 8.437103271484375, 12.73842716217041, 0.25, 0.0, 13.370941162109375]}