{"x": [0, 1, 2, 3, 4, 5], "y": [5.274604797363281, 11.86711311340332, 6.6971049308776855, 12.589275360107422, 8.152381896972656, 14.330411911010742], "params": [3.6155247688293457, 3.4183807373046875, 7.377676010131836, 9.224040985107422, 0.25, 0.0, 11.013521194458008]}