{"x": [0, 1, 2, 3, 4, 5], "y": [3.7468936443328857, 9.677138328552246, 4.328087329864502, 10.790029525756836, 5.166346549987793, 10.526524543762207], "params": [0.9678494930267334, -2.478799343109131, 2.9794797897338867, 12.186665534973145, 0.25, 0.0, 12.217090606689453]}