{"x": [0, 1, 2, 3, 4, 5], "y": [1.122321605682373, 2.6514947414398193, 3.233525514602661, 4.330975532531738, 5.148008346557617, 6.578962326049805], "params": [4.817092418670654, -2.51387882232666, 10.394871711730957, 0.6545063853263855, 0.25, 0.0, 1.4882841110229492]}