{"x": [0, 1, 2, 3, 4, 5], "y": [5.725661277770996, 6.451717376708984, 6.77982234954834, 7.226221084594727, 6.2903265953063965, 7.230937957763672], "params": [0.8056068420410156, 2.322633743286133, 1.9879875183105469, 0.9293979406356812, 0.25, 0.0, 1.5948379039764404]}