{"x": [0, 1, 2, 3, 4, 5], "y": [3.6613574028015137, 8.24648380279541, 3.828639268875122, 8.77495002746582, 4.809544563293457, 10.172822952270508], "params": [1.7416152954101562, -3.317362070083618, 3.315394878387451, 9.015989303588867, 0.25, 0.0, 10.082405090332031]}