{"x": [0, 1, 2, 3, 4, 5], "y": [2.5444459915161133, 9.553329467773438, 3.5995378494262695, 10.73470687866211, 4.459709167480469, 11.283731460571289], "params": [2.631478786468506, -2.563417434692383, 5.067114353179932, 12.528647422790527, 0.25, 0.0, 13.036813735961914]}