{"x": [0, 1, 2, 3, 4, 5], "y": [6.853565692901611, 15.056777000427246, 7.478405952453613, 15.101987838745117, 7.792538642883301, 15.204902648925781], "params": [1.2785708904266357, 0.4419916868209839, 2.7871599197387695, 14.987174987792969, 0.25, 0.0, 15.962759017944336]}