{"x": [0, 1, 2, 3, 4, 5], "y": [3.2416086196899414, 7.087078094482422, 3.6834957599639893, 7.044893264770508, 4.6698408126831055, 7.790500640869141], "params": [1.4445116519927979, -2.6578493118286133, 3.1720614433288574, 6.898998260498047, 0.25, 0.0, 7.036077499389648]}