{"x": [0, 1, 2, 3, 4, 5], "y": [3.858506202697754, 8.614753723144531, 3.834334373474121, 9.204634666442871, 4.469427585601807, 9.390198707580566], "params": [0.8575350046157837, -3.4791314601898193, 0.952721118927002, 9.489791870117188, 0.25, 0.0, 10.16478157043457]}