{"x": [0, 1, 2, 3, 4, 5], "y": [5.805524826049805, 10.725391387939453, 7.249390602111816, 10.909333229064941, 8.31452465057373, 12.641778945922852], "params": [2.8364322185516357, 2.1529364585876465, 5.223584175109863, 8.085442543029785, 0.25, 0.0, 8.448925018310547]}