{"x": [0, 1, 2, 3, 4, 5], "y": [4.853257179260254, 7.9468584060668945, 4.246051788330078, 7.314515113830566, 5.5638427734375, 7.08829402923584], "params": [0.1051369309425354, -1.1815083026885986, 2.1007699966430664, 4.787234306335449, 0.25, 0.0, 5.926098823547363]}