{"x": [0, 1, 2, 3, 4, 5], "y": [5.540302276611328, 10.990126609802246, 5.358563423156738, 11.042218208312988, 5.223351955413818, 10.685515403747559], "params": [0.3910374641418457, -1.8866169452667236, 1.2355289459228516, 10.160361289978027, 0.25, 0.0, 10.825783729553223]}