{"x": [0, 1, 2, 3, 4, 5], "y": [6.08724308013916, 8.574422836303711, 7.237286567687988, 9.616098403930664, 7.57051420211792, 10.227907180786133], "params": [1.7043906450271606, 3.5039496421813965, 3.8601560592651367, 4.982059478759766, 0.25, 0.0, 5.993557929992676]}