{"x": [0, 1, 2, 3, 4, 5], "y": [3.3140370845794678, 7.068351745605469, 5.82382869720459, 9.613399505615234, 7.440160751342773, 11.499662399291992], "params": [4.960638046264648, 1.6984021663665771, 9.380813598632812, 6.247891902923584, 0.25, 0.0, 6.990435600280762]}