{"x": [0, 1, 2, 3, 4, 5], "y": [1.6477900743484497, 0.19599446654319763, 1.6024315357208252, 0.14680969715118408, 1.5823533535003662, -0.5527716875076294], "params": [2.8646109104156494, 0.25, 1.0, 4.401123523712158]}