{"x": [0, 1, 2, 3, 4, 5], "y": [6.75765323638916, 0.8142178654670715, 6.562373161315918, 1.3032852411270142, 7.175703048706055, 1.180470585823059], "params": [11.472187995910645, 0.25, 1.0, 12.722970008850098]}