{"x": [0, 1, 2, 3, 4, 5], "y": [5.355842590332031, 1.0254008769989014, 5.965957164764404, 0.4018315374851227, 5.918300628662109, 1.0701524019241333], "params": [10.068822860717773, 0.25, 1.0, 11.128251075744629]}