{"x": [0, 1, 2, 3, 4, 5], "y": [3.4447238445281982, -0.21243152022361755, 3.16174054145813, 0.021596848964691162, 3.5795722007751465, 0.44448229670524597], "params": [6.04381799697876, 0.25, 1.0, 7.584007263183594]}