{"x": [0, 1, 2, 3, 4, 5], "y": [2.644052028656006, 0.2498062551021576, 2.783217430114746, 0.08190029859542847, 2.769796133041382, 0.33780235052108765], "params": [4.7732744216918945, 0.25, 1.0, 5.402634143829346]}