{"x": [0, 1, 2, 3, 4, 5], "y": [3.2085204124450684, 0.5381754636764526, 3.2287018299102783, 0.8714773654937744, 2.8788368701934814, 0.20811986923217773], "params": [5.426895618438721, 0.25, 1.0, 6.041163921356201]}