{"x": [0, 1, 2, 3, 4, 5], "y": [8.275662422180176, 1.9978137016296387, 8.249336242675781, 2.1461286544799805, 8.461770057678223, 2.0311837196350098], "params": [12.411272048950195, 0.25, 1.0, 12.927912712097168]}