{"x": [0, 1, 2, 3, 4, 5], "y": [6.342595100402832, 1.45773446559906, 6.502590179443359, 1.6585814952850342, 6.797218322753906, 1.6998451948165894], "params": [9.69240665435791, 0.25, 1.0, 10.678967475891113]}