{"x": [0, 1, 2, 3, 4, 5], "y": [1.0054147243499756, -0.019300594925880432, 0.54542076587677, 0.0018185749650001526, 0.7832353711128235, 0.11632820963859558], "params": [1.5163805484771729, 0.25, 1.0, 2.0494306087493896]}