{"x": [0, 1, 2, 3, 4, 5], "y": [0.7839775085449219, 0.13411499559879303, 0.9135833382606506, 0.13777495920658112, 1.2457952499389648, 0.3840263783931732], "params": [1.5002042055130005, 0.25, 1.0, 2.223360538482666]}