{"x": [0, 1, 2, 3, 4, 5], "y": [9.229623794555664, 1.9887170791625977, 9.34560775756836, 2.0580637454986572, 9.088812828063965, 2.0142385959625244], "params": [14.372217178344727, 0.25, 1.0, 14.713781356811523]}