{"x": [0, 1, 2, 3, 4, 5], "y": [5.715512275695801, 1.164783000946045, 6.4127349853515625, 1.3114598989486694, 5.246351718902588, 1.1981638669967651], "params": [9.46469783782959, 0.25, 1.0, 10.495903968811035]}