{"x": [0, 1, 2, 3, 4, 5], "y": [4.239752769470215, 0.11202365159988403, 4.019781112670898, 0.5752733945846558, 4.170101165771484, 0.5890573859214783], "params": [7.852937698364258, 0.25, 1.0, 8.255457878112793]}