{"x": [0, 1, 2, 3, 4, 5], "y": [1.9307419061660767, -0.33769577741622925, 1.8776476383209229, -0.02724679559469223, 2.1893653869628906, -0.04665970802307129], "params": [3.3353018760681152, 0.25, 1.0, 5.054122447967529]}