{"x": [0, 1, 2, 3, 4, 5], "y": [8.863435745239258, 1.8726725578308105, 8.699520111083984, 1.403756856918335, 8.951872825622559, 1.568535327911377], "params": [14.494421005249023, 0.25, 1.0, 15.096231460571289]}