{"x": [0, 1, 2, 3, 4, 5], "y": [5.397014141082764, 0.9260897040367126, 5.15098237991333, 1.1107796430587769, 5.090538501739502, 0.6030580997467041], "params": [8.689963340759277, 0.25, 1.0, 9.587911605834961]}