{"x": [0, 1, 2, 3, 4, 5], "y": [8.608760833740234, 1.2488899230957031, 8.819817543029785, 0.9392719268798828, 9.00915813446045, 1.4594120979309082], "params": [14.930222511291504, 0.25, 1.0, 16.139772415161133]}