{"x": [0, 1, 2, 3, 4, 5], "y": [5.488461971282959, 0.6455063223838806, 5.6738386154174805, 0.6688312888145447, 5.396432876586914, 0.6117953658103943], "params": [9.688246726989746, 0.25, 1.0, 10.124086380004883]}