{"x": [0, 1, 2, 3, 4, 5], "y": [4.965469837188721, 1.4514271020889282, 5.316897869110107, 1.3281058073043823, 5.608036041259766, 1.5218677520751953], "params": [8.328771591186523, 0.25, 1.0, 8.559860229492188]}