{"x": [0, 1, 2, 3, 4, 5], "y": [4.091387748718262, 1.1139578819274902, 4.157371997833252, 0.9596320986747742, 4.490099906921387, 0.6262096762657166], "params": [6.42591667175293, 0.25, 1.0, 7.727780342102051]}