{"x": [0, 1, 2, 3, 4, 5], "y": [6.982688903808594, 0.8619377613067627, 6.955460548400879, 0.9591466188430786, 7.126178741455078, 0.937526524066925], "params": [12.0072021484375, 0.25, 1.0, 12.528482437133789]}