{"x": [0, 1, 2, 3, 4, 5], "y": [0.8936203718185425, 0.09196209907531738, 1.0897845029830933, -0.10878070443868637, 0.9483076930046082, -0.08703801035881042], "params": [1.865691900253296, 0.25, 1.0, 2.3971304893493652]}