{"x": [0, 1, 2, 3, 4, 5], "y": [1.0865551233291626, 0.18244034051895142, 1.4692153930664062, -0.12386614084243774, 1.192660927772522, 0.23367226123809814], "params": [2.2707786560058594, 0.25, 1.0, 3.1861629486083984]}