{"x": [0, 1, 2, 3, 4, 5], "y": [4.32854700088501, -0.06674447655677795, 4.118721961975098, 0.7172295451164246, 4.644751071929932, 0.19240830838680267], "params": [8.533329963684082, 0.25, 1.0, 9.422990798950195]}