{"x": [0, 1, 2, 3, 4, 5], "y": [1.36946439743042, 0.46719855070114136, 1.4644150733947754, 0.6433958411216736, 1.2435510158538818, 0.1701134294271469], "params": [2.0541491508483887, 0.25, 1.0, 2.5886032581329346]}