{"x": [0, 1, 2, 3, 4, 5], "y": [9.222156524658203, 2.1141414642333984, 9.403216361999512, 1.6451623439788818, 9.461671829223633, 2.121943950653076], "params": [13.981284141540527, 0.25, 1.0, 15.633018493652344]}