{"x": [0, 1, 2, 3, 4, 5], "y": [1.2075096368789673, 0.11847823858261108, 0.8252923488616943, -0.08164780586957932, 0.8958276510238647, 0.4827680289745331], "params": [1.6209421157836914, 0.25, 1.0, 2.578314781188965]}