{"x": [0, 1, 2, 3, 4, 5], "y": [3.7039828300476074, -0.08605977892875671, 4.2314043045043945, -0.2489808350801468, 3.3667073249816895, 0.697257399559021], "params": [7.138986110687256, 0.25, 1.0, 8.960770606994629]}