{"x": [0, 1, 2, 3, 4, 5], "y": [8.544546127319336, 1.6578274965286255, 8.57345199584961, 2.1585466861724854, 8.808907508850098, 1.8512144088745117], "params": [14.006803512573242, 0.25, 1.0, 14.302160263061523]}