{"x": [0, 1, 2, 3, 4, 5], "y": [3.9056506156921387, 0.6339157819747925, 4.112014293670654, 0.08420512080192566, 3.4085259437561035, 0.4432218372821808], "params": [6.489748477935791, 0.25, 1.0, 8.055618286132812]}