{"x": [0, 1, 2, 3, 4, 5], "y": [0.25174859166145325, -0.09474339336156845, 0.08541253209114075, -0.271618127822876, 0.12879562377929688, -0.1116073876619339], "params": [0.758289098739624, 0.25, 1.0, 1.0467333793640137]}