{"x": [0, 1, 2, 3, 4, 5], "y": [4.932442665100098, 0.9141093492507935, 4.387495040893555, 0.37913215160369873, 4.845068454742432, 0.36039984226226807], "params": [8.323144912719727, 0.25, 1.0, 9.144085884094238]}