{"x": [0, 1, 2, 3, 4, 5], "y": [9.214244842529297, 1.5279991626739502, 9.27133560180664, 1.8993897438049316, 8.937376022338867, 2.181835412979126], "params": [14.614871978759766, 0.25, 1.0, 15.486673355102539]}