{"x": [0, 1, 2, 3, 4, 5], "y": [-0.0010573118925094604, 0.4675194025039673, 0.13538973033428192, 0.19461971521377563, 0.19846516847610474, -0.24454575777053833], "params": [0.1875007152557373, 0.25, 1.0, 1.4241303205490112]}