{"x": [0, 1, 2, 3, 4, 5], "y": [9.278768539428711, 2.62213397026062, 8.932839393615723, 1.7361220121383667, 9.343803405761719, 1.6833946704864502], "params": [14.333783149719238, 0.25, 1.0, 15.320817947387695]}