{"x": [0, 1, 2, 3, 4, 5], "y": [7.638087749481201, 1.2596766948699951, 8.123578071594238, 0.9066186547279358, 8.07707691192627, 0.8931233882904053], "params": [13.67806339263916, 0.25, 1.0, 14.460908889770508]}