{"x": [0, 1, 2, 3, 4, 5], "y": [7.894631385803223, 1.567949891090393, 7.746408462524414, 1.5904977321624756, 7.766998767852783, 1.4631152153015137], "params": [12.418664932250977, 0.25, 1.0, 12.863032341003418]}