{"x": [0, 1, 2, 3, 4, 5], "y": [3.487063407897949, 0.9971410036087036, 3.265892267227173, 0.7697510123252869, 3.7626194953918457, 0.5516968369483948], "params": [5.639762878417969, 0.25, 1.0, 6.421845436096191]}