{"x": [0, 1, 2, 3, 4, 5], "y": [3.2132139205932617, 0.7147692441940308, 3.3574600219726562, 0.4642440974712372, 3.352834463119507, 0.5435468554496765], "params": [5.880523204803467, 0.25, 1.0, 5.786431789398193]}