{"x": [0, 1, 2, 3, 4, 5], "y": [7.236617565155029, 0.6800495982170105, 7.281656742095947, 1.4557926654815674, 7.368546009063721, 1.0783212184906006], "params": [12.28040885925293, 0.25, 1.0, 13.376993179321289]}