{"x": [0, 1, 2, 3, 4, 5], "y": [5.539438724517822, 0.8651877045631409, 5.8266377449035645, 0.9857839345932007, 5.746800422668457, 0.8041250109672546], "params": [9.89448356628418, 0.25, 1.0, 10.045025825500488]}