{"x": [0, 1, 2, 3, 4, 5], "y": [7.759541988372803, 0.5357223153114319, 7.4758687019348145, 0.7503632307052612, 7.711097240447998, 0.5755936503410339], "params": [14.123677253723145, 0.25, 1.0, 14.447639465332031]}