{"x": [0, 1, 2, 3, 4, 5], "y": [6.955291748046875, 1.1366539001464844, 7.215795993804932, 1.5628154277801514, 7.239253520965576, 1.675024390220642], "params": [11.402019500732422, 0.25, 1.0, 12.205199241638184]}