{"x": [0, 1, 2, 3, 4, 5], "y": [4.190445423126221, 0.3927510380744934, 4.497314453125, 0.6024739742279053, 4.271981716156006, 0.6936456561088562], "params": [7.323723793029785, 0.25, 1.0, 8.209126472473145]}