{"x": [0, 1, 2, 3, 4, 5], "y": [4.457494735717773, 0.7074667811393738, 5.075422763824463, 1.084484338760376, 4.690707683563232, 1.1469841003417969], "params": [7.093550682067871, 0.25, 1.0, 8.735912322998047]}