{"x": [0, 1, 2, 3, 4, 5], "y": [6.921550273895264, 1.3083596229553223, 7.0450758934021, 1.463890552520752, 6.728647708892822, 1.2496436834335327], "params": [10.950429916381836, 0.25, 1.0, 11.590864181518555]}