{"x": [0, 1, 2, 3, 4, 5], "y": [8.136496543884277, 0.9504223465919495, 8.415454864501953, 1.1107085943222046, 8.027517318725586, 0.9192332029342651], "params": [13.996801376342773, 0.25, 1.0, 14.992443084716797]}