{"x": [0, 1, 2, 3, 4, 5], "y": [2.974430561065674, 0.5124942064285278, 2.733774185180664, 0.690239429473877, 3.0488665103912354, 0.179449200630188], "params": [5.273560047149658, 0.25, 1.0, 5.738834381103516]}