{"x": [0, 1, 2, 3, 4, 5], "y": [2.1578965187072754, 1.069887399673462, 2.534302234649658, 0.5463255047798157, 2.2097082138061523, 0.5257141590118408], "params": [3.6693003177642822, 0.25, 1.0, 4.017176151275635]}