{"x": [0, 1, 2, 3, 4, 5], "y": [0.19102489948272705, -0.4309236705303192, 0.08360648900270462, 0.29355329275131226, 0.3173764944076538, -0.2084687352180481], "params": [0.23961156606674194, 0.25, 1.0, 1.4966003894805908]}