{"x": [0, 1, 2, 3, 4, 5], "y": [0.9785410165786743, 0.396526038646698, 0.738660454750061, 0.09634032845497131, 0.8981521129608154, 0.6454347968101501], "params": [1.6097679138183594, 0.25, 1.0, 1.7644014358520508]}