{"x": [0, 1, 2, 3, 4, 5], "y": [6.764562606811523, 0.7885515689849854, 6.53500509262085, 0.257488876581192, 6.395331859588623, 0.4291944205760956], "params": [12.258960723876953, 0.25, 1.0, 13.014147758483887]}