{"x": [0, 1, 2, 3, 4, 5], "y": [6.028900623321533, 0.893986701965332, 6.250906467437744, 0.654090404510498, 5.82435417175293, 0.9498468041419983], "params": [10.119832992553711, 0.25, 1.0, 11.193632125854492]}