{"x": [0, 1, 2, 3, 4, 5], "y": [7.798111438751221, 0.9920928478240967, 7.460799217224121, 1.0702241659164429, 7.661534786224365, 1.0184855461120605], "params": [13.278040885925293, 0.25, 1.0, 13.612037658691406]}