{"x": [0, 1, 2, 3, 4, 5], "y": [6.567893981933594, 1.6371344327926636, 7.203189849853516, 1.569425344467163, 6.811113357543945, 1.5695881843566895], "params": [10.808863639831543, 0.25, 1.0, 11.267528533935547]}