{"x": [0, 1, 2, 3, 4, 5], "y": [3.7869648933410645, 0.7141367793083191, 3.9402213096618652, 0.8778257369995117, 4.002172470092773, 0.7069535851478577], "params": [6.648072719573975, 0.25, 1.0, 6.590437889099121]}