{"x": [0, 1, 2, 3, 4, 5], "y": [7.44966983795166, 0.5384421944618225, 7.844070911407471, 0.17023536562919617, 7.638708114624023, 0.26982244849205017], "params": [14.471463203430176, 0.25, 1.0, 15.347671508789062]}