{"x": [0, 1, 2, 3, 4, 5], "y": [4.278042793273926, 0.18092258274555206, 4.920596599578857, 0.018495626747608185, 4.903253078460693, 0.43787840008735657], "params": [9.368268013000488, 0.25, 1.0, 9.80420207977295]}