{"x": [0, 1, 2, 3, 4, 5], "y": [7.162354946136475, 1.6678190231323242, 7.20830774307251, 1.7690191268920898, 6.936680793762207, 1.5623642206192017], "params": [10.792560577392578, 0.25, 1.0, 11.291887283325195]}