{"x": [0, 1, 2, 3, 4, 5], "y": [5.630145072937012, 0.3256528377532959, 5.58136510848999, 0.32328495383262634, 5.7052507400512695, 0.40947064757347107], "params": [10.525314331054688, 0.25, 1.0, 10.763931274414062]}