{"x": [0, 1, 2, 3, 4, 5], "y": [4.677162170410156, 0.8978215456008911, 4.953186511993408, 0.6603966951370239, 5.207719802856445, 0.8410218954086304], "params": [8.323850631713867, 0.25, 1.0, 9.094646453857422]}