{"x": [0, 1, 2, 3, 4, 5], "y": [0.48216527700424194, -0.07931334525346756, 0.4920559227466583, 0.019853666424751282, 0.7905365228652954, 0.07452418655157089], "params": [0.6391328573226929, 0.25, 1.0, 1.7396997213363647]}