{"x": [0, 1, 2, 3, 4, 5], "y": [6.527552127838135, 0.2536660134792328, 6.448263645172119, 0.5092032551765442, 6.744976043701172, 0.5905961394309998], "params": [12.101460456848145, 0.25, 1.0, 12.982620239257812]}