{"x": [0, 1, 2, 3, 4, 5], "y": [6.088280200958252, 0.7076925039291382, 6.301413059234619, 0.761956512928009, 6.599310398101807, 0.4751211404800415], "params": [11.056432723999023, 0.25, 1.0, 12.24837875366211]}