{"x": [0, 1, 2, 3, 4, 5], "y": [4.5082879066467285, 1.3676881790161133, 4.616350173950195, 0.7679620385169983, 4.415180206298828, 0.8634613752365112], "params": [7.2841796875, 0.25, 1.0, 7.696776390075684]}