{"x": [0, 1, 2, 3, 4, 5], "y": [7.526164531707764, 0.3437821865081787, 7.464617729187012, 0.46749186515808105, 7.192301273345947, 0.6327193379402161], "params": [13.874300003051758, 0.25, 1.0, 14.364765167236328]}