{"x": [0, 1, 2, 3, 4, 5], "y": [5.759056568145752, 0.9073225855827332, 5.513598442077637, 1.47415030002594, 5.35712194442749, 1.101893424987793], "params": [8.860806465148926, 0.25, 1.0, 9.703468322753906]}