{"x": [0, 1, 2, 3, 4, 5], "y": [3.9614322185516357, 1.1366877555847168, 4.225203990936279, 0.675586998462677, 3.866948366165161, 1.1838809251785278], "params": [6.228633880615234, 0.25, 1.0, 7.099234104156494]}