{"x": [0, 1, 2, 3, 4, 5], "y": [1.343903660774231, 0.16318614780902863, 1.248070478439331, 0.20481184124946594, 1.2169612646102905, 0.17961078882217407], "params": [2.5600881576538086, 0.25, 1.0, 2.3614349365234375]}