{"x": [0, 1, 2, 3, 4, 5], "y": [8.706644058227539, 1.8347924947738647, 8.648415565490723, 1.5531196594238281, 8.544099807739258, 1.6164509057998657], "params": [14.058989524841309, 0.25, 1.0, 14.307048797607422]}