{"x": [0, 1, 2, 3, 4, 5], "y": [4.478178024291992, 0.9529122114181519, 3.758838176727295, 0.5692959427833557, 4.501742362976074, 0.3821851313114166], "params": [7.095503330230713, 0.25, 1.0, 8.239114761352539]}