{"x": [0, 1, 2, 3, 4, 5], "y": [5.991367816925049, 1.2517374753952026, 5.918176651000977, 1.52707040309906, 5.709474086761475, 1.4459072351455688], "params": [8.98049545288086, 0.25, 1.0, 9.479260444641113]}