{"x": [0, 1, 2, 3, 4, 5], "y": [8.144966125488281, 0.8577083349227905, 8.21291446685791, 1.2598551511764526, 8.0823392868042, 1.029024362564087], "params": [14.171794891357422, 0.25, 1.0, 14.71041202545166]}