{"x": [0, 1, 2, 3, 4, 5], "y": [8.38742733001709, 1.1813387870788574, 8.927700996398926, 1.5384830236434937, 9.20090389251709, 0.9480940103530884], "params": [14.408148765563965, 0.25, 1.0, 16.505619049072266]}