{"x": [0, 1, 2, 3, 4, 5], "y": [8.43380069732666, 1.346454381942749, 8.368836402893066, 0.9297891855239868, 8.676348686218262, 1.225103735923767], "params": [14.985532760620117, 0.25, 1.0, 15.493119239807129]}