{"x": [0, 1, 2, 3, 4, 5], "y": [3.22642183303833, 0.31629547476768494, 3.233478307723999, 0.4125833809375763, 3.432716131210327, 0.6815975904464722], "params": [6.128091335296631, 0.25, 1.0, 6.232841491699219]}