{"x": [0, 1, 2, 3, 4, 5], "y": [4.103845596313477, 0.16920900344848633, 3.8331873416900635, 0.3999149799346924, 4.37897253036499, -0.021677695214748383], "params": [8.20352554321289, 0.25, 1.0, 8.801300048828125]}