{"x": [0, 1, 2, 3, 4, 5], "y": [5.906125068664551, 1.4340931177139282, 6.1769843101501465, 1.4292454719543457, 5.643318176269531, 1.5000061988830566], "params": [9.183091163635254, 0.25, 1.0, 9.495477676391602]}