{"x": [0, 1, 2, 3, 4, 5], "y": [4.818634986877441, 0.33524155616760254, 4.69862699508667, 0.36425596475601196, 4.746212482452393, 0.5002449154853821], "params": [9.238306045532227, 0.25, 1.0, 8.966787338256836]}