{"x": [0, 1, 2, 3, 4, 5], "y": [7.584286689758301, 1.3692694902420044, 7.707622051239014, 1.1472874879837036, 7.513845920562744, 1.4507125616073608], "params": [12.417576789855957, 0.25, 1.0, 13.1206693649292]}