{"x": [0, 1, 2, 3, 4, 5], "y": [2.806939125061035, 0.48606961965560913, 3.0420382022857666, 0.1754097193479538, 3.368342638015747, 0.16724535822868347], "params": [5.682262897491455, 0.25, 1.0, 6.402194499969482]}