{"x": [0, 1, 2, 3, 4, 5], "y": [3.812295913696289, 0.6372232437133789, 4.078649044036865, 0.5582254528999329, 3.9514033794403076, 0.7115927338600159], "params": [7.22592830657959, 0.25, 1.0, 7.040847301483154]}