{"x": [0, 1, 2, 3, 4, 5], "y": [5.788352966308594, 1.0704046487808228, 6.004917621612549, 1.2142637968063354, 5.770620822906494, 1.0873093605041504], "params": [9.235891342163086, 0.25, 1.0, 9.869026184082031]}