{"x": [0, 1, 2, 3, 4, 5], "y": [0.5682174563407898, 0.4756776690483093, 0.6203393936157227, -0.2254495620727539, 0.12008512020111084, -0.11717917025089264], "params": [0.7681730389595032, 0.25, 1.0, 1.6915779113769531]}