{"x": [0, 1, 2, 3, 4, 5], "y": [2.3283846378326416, 3.044667959213257, 3.428370237350464, 4.356383323669434, 4.670190811157227, 5.044498920440674], "params": [2.6755623817443848, -2.2870450019836426, 5.4322285652160645]}