{"x": [0, 1, 2, 3, 4, 5], "y": [4.046568393707275, 4.279706954956055, 4.653441429138184, 5.4540934562683105, 5.911355018615723, 6.417886734008789], "params": [2.8303608894348145, 0.4123181104660034, 4.742636680603027]}