{"x": [0, 1, 2, 3, 4, 5], "y": [5.8833537101745605, 5.940127849578857, 6.600772380828857, 6.906597137451172, 7.376440048217773, 8.364433288574219], "params": [2.582724094390869, 3.845332145690918, 4.962159156799316]}