{"x": [0, 1, 2, 3, 4, 5], "y": [2.497128963470459, 2.1786742210388184, 2.9204463958740234, 3.218252420425415, 3.4225058555603027, 3.9270076751708984], "params": [1.517937421798706, -3.639155626296997, 3.49666690826416]}