{"x": [0, 1, 2, 3, 4, 5], "y": [1.7043530941009521, 2.2834129333496094, 3.040046453475952, 3.5318052768707275, 4.004309177398682, 4.564446926116943], "params": [2.603727340698242, -3.7911243438720703, 5.720187664031982]}