{"x": [0, 1, 2, 3, 4, 5], "y": [4.083199977874756, 4.438640117645264, 5.564626693725586, 5.5660295486450195, 6.139077663421631, 6.8423380851745605], "params": [2.7030627727508545, 1.2899088859558105, 5.518276214599609]}