{"x": [0, 1, 2, 3, 4, 5], "y": [3.823774814605713, 4.184168338775635, 4.5597734451293945, 4.739619255065918, 5.14115047454834, 5.50174617767334], "params": [1.701561450958252, -0.640760064125061, 3.355942726135254]}