{"x": [0, 1, 2, 3, 4, 5], "y": [1.241141676902771, 2.1612401008605957, 3.3770782947540283, 3.9380831718444824, 4.9556074142456055, 5.963825225830078], "params": [4.931418418884277, -2.805656909942627, 9.445366859436035]}