{"x": [0, 1, 2, 3, 4, 5], "y": [2.9163119792938232, 3.9298014640808105, 4.58700704574585, 5.201767444610596, 5.723058700561523, 6.00657320022583], "params": [2.9527125358581543, -0.46420514583587646, 6.180522441864014]}