{"x": [0, 1, 2, 3, 4, 5], "y": [3.1977052688598633, 3.476839065551758, 5.004679203033447, 5.782182693481445, 6.37516450881958, 7.506735324859619], "params": [4.753807067871094, 0.5535352230072021, 8.618060111999512]}