{"x": [0, 1, 2, 3, 4, 5], "y": [0.8302580118179321, 1.3080236911773682, 2.382328748703003, 3.0057284832000732, 3.9721665382385254, 4.567254066467285], "params": [4.390887260437012, -4.801236152648926, 7.473992347717285]}