{"x": [0, 1, 2, 3, 4, 5], "y": [2.553525686264038, 3.4429264068603516, 4.028323173522949, 4.117375373840332, 5.26177978515625, 6.3246235847473145], "params": [3.1711411476135254, -1.533159613609314, 7.542195796966553]}