{"x": [0, 1, 2, 3, 4, 5], "y": [1.3393362760543823, 2.060206890106201, 3.256110906600952, 3.7964048385620117, 4.3463640213012695, 5.400622367858887], "params": [3.547232151031494, -3.597702980041504, 8.12257194519043]}