{"x": [0, 1, 2, 3, 4, 5], "y": [2.7729978561401367, 3.0424673557281494, 3.6332666873931885, 4.6469855308532715, 4.784749507904053, 5.520133018493652], "params": [2.5136497020721436, -1.8617451190948486, 5.494270324707031]}