{"x": [0, 1, 2, 3, 4, 5], "y": [2.351454019546509, 2.6246299743652344, 4.101076126098633, 4.620805740356445, 5.752130508422852, 6.819343566894531], "params": [4.628119468688965, -1.3454711437225342, 8.935779571533203]}