{"x": [0, 1, 2, 3, 4, 5], "y": [4.937914848327637, 5.6862406730651855, 6.343894004821777, 6.420759201049805, 7.057618141174316, 8.302552223205566], "params": [2.4652862548828125, 2.9425501823425293, 6.729274749755859]}