{"x": [0, 1, 2, 3, 4, 5], "y": [2.278958797454834, 2.4360384941101074, 2.412668228149414, 3.269165515899658, 3.250396728515625, 3.689863920211792], "params": [1.4105496406555176, -4.510563850402832, 2.821810245513916]}