{"x": [0, 1, 2, 3, 4, 5], "y": [0.7469186186790466, 1.6285619735717773, 2.0408895015716553, 2.7892861366271973, 3.4801807403564453, 4.076107025146484], "params": [3.636859178543091, -4.763696670532227, 6.658376693725586]}