{"x": [0, 1, 2, 3, 4, 5], "y": [4.216336727142334, 4.536203861236572, 5.638035774230957, 6.155886650085449, 7.1814422607421875, 7.725522518157959], "params": [3.613447904586792, 1.7196601629257202, 7.01837158203125]}