{"x": [0, 1, 2, 3, 4, 5], "y": [3.6822097301483154, 3.887639284133911, 3.783640146255493, 4.579063892364502, 4.828482627868652, 4.910512924194336], "params": [1.6956558227539062, -1.1588537693023682, 2.456606388092041]}