{"x": [0, 1, 2, 3, 4, 5], "y": [5.084893703460693, 5.413974285125732, 6.717564582824707, 7.953765392303467, 8.328812599182129, 9.682212829589844], "params": [4.697366714477539, 4.399470329284668, 9.1946382522583]}