{"x": [0, 1, 2, 3, 4, 5], "y": [2.833967685699463, 3.4573378562927246, 4.046994209289551, 5.447155475616455, 5.770089149475098, 6.11729621887207], "params": [3.4449055194854736, -0.474088191986084, 6.566657066345215]}