{"x": [0, 1, 2, 3, 4, 5], "y": [3.8857553005218506, 5.031402111053467, 6.3823418617248535, 6.851205348968506, 7.6904191970825195, 9.074188232421875], "params": [4.845124244689941, 2.887345552444458, 10.37686538696289]}