{"x": [0, 1, 2, 3, 4, 5], "y": [4.3817009925842285, 5.717563152313232, 6.240589618682861, 7.386935710906982, 8.013935089111328, 9.061022758483887], "params": [4.402807235717773, 3.5004234313964844, 9.358643531799316]}