{"x": [0, 1, 2, 3, 4, 5], "y": [2.5042083263397217, 2.4704325199127197, 2.7399275302886963, 2.9432950019836426, 3.43587327003479, 3.541234016418457], "params": [1.539275050163269, -4.021327495574951, 2.1416029930114746]}