{"x": [0, 1, 2, 3, 4, 5], "y": [3.602235794067383, 3.9427590370178223, 4.504583358764648, 4.560009479522705, 5.228211879730225, 6.001364231109619], "params": [2.651186466217041, -0.3044027090072632, 4.798256874084473]}