{"x": [0, 1, 2, 3, 4, 5], "y": [4.883750915527344, 5.229958534240723, 5.743361949920654, 5.892350673675537, 5.834157466888428, 6.298758029937744], "params": [1.3303909301757812, 1.2432318925857544, 2.830014228820801]}