{"x": [0, 1, 2, 3, 4, 5], "y": [3.1100809574127197, 3.93873929977417, 4.918271064758301, 5.515246868133545, 6.434541702270508, 7.122490406036377], "params": [3.893331527709961, 0.514979362487793, 8.024818420410156]}