{"x": [0, 1, 2, 3, 4, 5], "y": [4.696356296539307, 5.165862560272217, 5.625472545623779, 6.182640552520752, 6.604825973510742, 7.262577533721924], "params": [2.553572654724121, 1.7353630065917969, 5.132442474365234]}