{"x": [0, 1, 2, 3, 4, 5], "y": [2.3039560317993164, 3.1966185569763184, 3.6042866706848145, 3.7087323665618896, 4.412778854370117, 4.7180962562561035], "params": [1.8886131048202515, -2.6126742362976074, 4.828280448913574]}