{"x": [0, 1, 2, 3, 4, 5], "y": [4.5124945640563965, 5.689601421356201, 6.266794204711914, 7.2899065017700195, 7.795594215393066, 8.679749488830566], "params": [3.8879995346069336, 3.3194808959960938, 8.33450984954834]}