{"x": [0, 1, 2, 3, 4, 5], "y": [6.6818695068359375, 6.638921737670898, 6.309183120727539, 6.338494300842285, 6.249100685119629, 6.4952473640441895], "params": [0.133780837059021, 2.8725266456604004, 0.8655376434326172]}