{"x": [0, 1, 2, 3, 4, 5], "y": [1.5058703422546387, 2.583273410797119, 3.070871353149414, 3.520801305770874, 3.5967817306518555, 4.230081558227539], "params": [2.2912216186523438, -3.607912540435791, 5.448422431945801]}