{"x": [0, 1, 2, 3, 4, 5], "y": [2.334019899368286, 2.7899930477142334, 3.2798290252685547, 3.953148365020752, 4.070736408233643, 4.430593013763428], "params": [2.2627580165863037, -3.091527223587036, 4.193146228790283]}