{"x": [0, 1, 2, 3, 4, 5], "y": [3.565221071243286, 3.939140796661377, 4.669839382171631, 5.509275913238525, 5.486460208892822, 6.395547389984131], "params": [3.1438276767730713, -0.16435563564300537, 5.6606526374816895]}