{"x": [0, 1, 2, 3, 4, 5], "y": [4.175601482391357, 4.726598739624023, 5.233084201812744, 5.168204307556152, 6.082275867462158, 6.415920734405518], "params": [1.5600738525390625, 0.5730170011520386, 4.48063850402832]}