{"x": [0, 1, 2, 3, 4, 5], "y": [0.7121162414550781, 1.3061091899871826, 2.403459310531616, 3.5800485610961914, 4.527749061584473, 5.1701507568359375], "params": [4.57930850982666, -3.8482606410980225, 8.916069030761719]}