{"x": [0, 1, 2, 3, 4, 5], "y": [4.6829633712768555, 4.9586567878723145, 5.7100911140441895, 6.258659362792969, 6.223793983459473, 6.495363712310791], "params": [2.0580215454101562, 1.3296759128570557, 3.624800682067871]}