{"x": [0, 1, 2, 3, 4, 5], "y": [4.632476806640625, 4.947366714477539, 5.307565212249756, 5.557483673095703, 6.61094331741333, 6.686841011047363], "params": [2.1702747344970703, 1.3795393705368042, 4.108728408813477]}