{"x": [0, 1, 2, 3, 4, 5], "y": [3.612898588180542, 3.6436190605163574, 3.7837142944335938, 4.6791558265686035, 4.4721360206604, 4.46273136138916], "params": [0.7779598236083984, -1.8468248844146729, 2.132514476776123]}