{"x": [0, 1, 2, 3, 4, 5], "y": [2.906435012817383, 3.2999091148376465, 3.786081552505493, 3.853665828704834, 4.7466535568237305, 5.051520347595215], "params": [2.274531602859497, -1.8044424057006836, 4.290170669555664]}