{"x": [0, 1, 2, 3, 4, 5], "y": [1.918097972869873, 2.7655246257781982, 3.4932398796081543, 4.584846496582031, 4.691079139709473, 5.816171169281006], "params": [4.141331672668457, -2.1512413024902344, 7.796146392822266]}