{"x": [0, 1, 2, 3, 4, 5], "y": [4.514249324798584, 5.127904415130615, 5.793076992034912, 6.491933822631836, 7.651697158813477, 8.295761108398438], "params": [4.3386664390563965, 2.5988106727600098, 7.563023567199707]}