{"x": [0, 1, 2, 3, 4, 5], "y": [3.7862606048583984, 4.3704833984375, 5.458688259124756, 6.133147239685059, 7.172128200531006, 7.494070053100586], "params": [4.167781829833984, 1.7452424764633179, 7.415618896484375]}