{"x": [0, 1, 2, 3, 4, 5], "y": [4.91912317276001, 5.579802989959717, 5.946775913238525, 6.812027454376221, 7.147730827331543, 7.439291954040527], "params": [2.350085735321045, 2.6512508392333984, 5.040337562561035]}