{"x": [0, 1, 2, 3, 4, 5], "y": [1.4284052848815918, 2.5040907859802246, 3.2093288898468018, 3.9478583335876465, 5.149702548980713, 5.405912399291992], "params": [4.327121257781982, -2.6150636672973633, 7.955014228820801]}