{"x": [0, 1, 2, 3, 4, 5], "y": [2.2941150665283203, 2.4094111919403076, 2.8951265811920166, 2.5414304733276367, 2.890138864517212, 3.738229751586914], "params": [0.5794385075569153, -4.325315952301025, 2.8882293701171875]}