{"x": [0, 1, 2, 3, 4, 5], "y": [5.856408596038818, 5.935569763183594, 6.208806991577148, 6.529483795166016, 6.364194393157959, 6.155739784240723], "params": [0.18521666526794434, 2.3517255783081055, 1.3461503982543945]}