{"x": [0, 1, 2, 3, 4, 5], "y": [5.014128684997559, 5.199782371520996, 5.773628234863281, 6.319156169891357, 7.447537899017334, 8.03753662109375], "params": [2.8333983421325684, 2.646047592163086, 6.046815872192383]}