{"x": [0, 1, 2, 3, 4, 5], "y": [4.871960163116455, 5.846138954162598, 6.303578853607178, 7.4183125495910645, 8.146590232849121, 8.998555183410645], "params": [4.604663848876953, 3.9770383834838867, 8.253190040588379]}