{"x": [0, 1, 2, 3, 4, 5], "y": [4.640900135040283, 5.48886775970459, 6.822224140167236, 7.210775375366211, 7.5483245849609375, 7.820475101470947], "params": [3.1958043575286865, 3.023503303527832, 6.359149932861328]}