{"x": [0, 1, 2, 3, 4, 5], "y": [5.061359405517578, 5.845722198486328, 6.487729549407959, 7.21595573425293, 7.738935947418213, 8.485310554504395], "params": [3.4392459392547607, 3.859272003173828, 6.847902297973633]}