{"x": [0, 1, 2, 3, 4, 5], "y": [3.759920358657837, 4.594344139099121, 5.497645854949951, 6.014223098754883, 6.762934684753418, 6.93088436126709], "params": [3.397371292114258, 1.2092703580856323, 6.341928005218506]}