{"x": [0, 1, 2, 3, 4, 5], "y": [1.1569406986236572, 2.0443274974823, 3.46315336227417, 3.8422529697418213, 4.725699424743652, 5.689376354217529], "params": [4.779063701629639, -3.2319374084472656, 9.064870834350586]}