{"x": [0, 1, 2, 3, 4, 5], "y": [2.836188793182373, 3.1878154277801514, 3.8674914836883545, 4.116293430328369, 4.55367374420166, 5.095860004425049], "params": [2.529968023300171, -1.9626402854919434, 4.519342422485352]}