{"x": [0, 1, 2, 3, 4, 5], "y": [3.529693126678467, 3.9183266162872314, 4.813173770904541, 5.337011814117432, 6.0007147789001465, 6.86543607711792], "params": [3.671081304550171, -0.03173410892486572, 6.671485900878906]}