{"x": [0, 1, 2, 3, 4, 5], "y": [4.495802879333496, 5.327119827270508, 5.878966331481934, 6.805360794067383, 7.890324115753174, 8.15633487701416], "params": [3.591407299041748, 3.4086804389953613, 7.321063995361328]}