{"x": [0, 1, 2, 3, 4, 5], "y": [4.817862033843994, 5.818470478057861, 6.950376987457275, 7.518917083740234, 8.806466102600098, 9.874567985534668], "params": [4.590799331665039, 4.380353927612305, 10.113411903381348]}