{"x": [0, 1, 2, 3, 4, 5], "y": [6.792113780975342, 7.115838050842285, 6.951016426086426, 7.429127216339111, 7.8431878089904785, 8.279541015625], "params": [1.03554105758667, 4.6957902908325195, 2.9748544692993164]}