{"x": [0, 1, 2, 3, 4, 5], "y": [1.5858694314956665, 2.0398812294006348, 2.9352877140045166, 3.548034906387329, 4.321357250213623, 5.133598327636719], "params": [3.426955223083496, -3.3839547634124756, 7.095458030700684]}