{"x": [0, 1, 2, 3, 4, 5], "y": [0.6171951293945312, 1.6734015941619873, 2.531994342803955, 3.5107076168060303, 4.736049175262451, 5.953743934631348], "params": [4.973750591278076, -3.6043715476989746, 10.673097610473633]}