{"x": [0, 1, 2, 3, 4, 5], "y": [4.524569511413574, 4.497294902801514, 4.704181671142578, 4.541811943054199, 4.673694610595703, 4.578237533569336], "params": [0.3479418158531189, -0.9493833780288696, 0.4137735366821289]}