{"x": [0, 1, 2, 3, 4, 5], "y": [3.7633581161499023, 4.891484260559082, 5.292489528656006, 6.49848747253418, 6.558999061584473, 7.830983638763428], "params": [3.8365719318389893, 1.5527540445327759, 8.13525104522705]}