{"x": [0, 1, 2, 3, 4, 5], "y": [2.8970701694488525, 4.182967185974121, 5.162715435028076, 6.094089508056641, 6.947930812835693, 7.946915149688721], "params": [4.847440242767334, 1.2070530652999878, 10.099689483642578]}