{"x": [0, 1, 2, 3, 4, 5], "y": [2.8871824741363525, 3.34615159034729, 4.130938529968262, 5.310288429260254, 6.105278015136719, 7.116907119750977], "params": [4.256460189819336, -0.546678900718689, 8.459449768066406]}