{"x": [0, 1, 2, 3, 4, 5], "y": [6.459104061126709, 6.738006591796875, 6.757899761199951, 6.682119846343994, 6.618756294250488, 6.996947765350342], "params": [0.14968514442443848, 3.5581552982330322, 1.0756874084472656]}