{"x": [0, 1, 2, 3, 4, 5], "y": [1.792456030845642, 2.19946026802063, 2.7043728828430176, 3.001086950302124, 3.513923168182373, 4.268594741821289], "params": [2.8814010620117188, -4.1896491050720215, 4.952277183532715]}