{"x": [0, 1, 2, 3, 4, 5], "y": [4.312909126281738, 4.83188533782959, 5.327693939208984, 6.42439603805542, 6.926175594329834, 7.621935844421387], "params": [3.0518643856048584, 1.7400473356246948, 6.618053436279297]}