{"x": [0, 1, 2, 3, 4, 5], "y": [2.744764804840088, 3.387620687484741, 3.4275591373443604, 3.5662031173706055, 4.464953899383545, 5.00423526763916], "params": [1.9288978576660156, -2.1554338932037354, 4.5189409255981445]}