{"x": [0, 1, 2, 3, 4, 5], "y": [5.013778209686279, 5.685500144958496, 6.628210067749023, 7.532968997955322, 8.267314910888672, 9.215703010559082], "params": [4.184970378875732, 4.221504211425781, 8.403849601745605]}