{"x": [0, 1, 2, 3, 4, 5], "y": [2.264606237411499, 2.639347791671753, 3.9481377601623535, 3.834794044494629, 4.783980846405029, 5.043277740478516], "params": [2.6399106979370117, -2.4068613052368164, 5.557343006134033]}