{"x": [0, 1, 2, 3, 4, 5], "y": [4.973213195800781, 5.854995250701904, 6.158377647399902, 6.983977794647217, 7.707419395446777, 7.936699390411377], "params": [3.0655264854431152, 3.1815218925476074, 5.926972389221191]}