{"x": [0, 1, 2, 3, 4, 5], "y": [3.4704155921936035, 3.461554765701294, 4.157438278198242, 4.0455451011657715, 4.295765399932861, 5.400061130523682], "params": [2.1367363929748535, -1.6742533445358276, 3.8770127296447754]}