{"x": [0, 1, 2, 3, 4, 5], "y": [6.513654708862305, 6.940066814422607, 7.300700664520264, 7.708136558532715, 8.223675727844238, 8.268200874328613], "params": [1.9449493885040283, 4.7716898918151855, 3.509092330932617]}