{"x": [0, 1, 2, 3, 4, 5], "y": [0.7858864665031433, 1.4556233882904053, 2.275930166244507, 2.7130677700042725, 3.320509195327759, 4.421970367431641], "params": [3.2617547512054443, -4.942591190338135, 7.272167682647705]}