{"x": [0, 1, 2, 3, 4, 5], "y": [4.376528739929199, 4.53260612487793, 4.853177547454834, 4.783115386962891, 4.780165672302246, 4.879249095916748], "params": [0.052475035190582275, -0.7286632061004639, 1.0054407119750977]}