{"x": [0, 1, 2, 3, 4, 5], "y": [1.3517805337905884, 2.0482959747314453, 2.5915329456329346, 3.2005414962768555, 3.96513032913208, 4.029601573944092], "params": [2.8992133140563965, -4.403573036193848, 5.355642318725586]}