{"x": [0, 1, 2, 3, 4, 5], "y": [6.615405082702637, 6.538352966308594, 7.521596431732178, 7.467916965484619, 7.429225921630859, 7.89684534072876], "params": [1.6630220413208008, 4.506030559539795, 2.716984748840332]}