{"x": [0, 1, 2, 3, 4, 5], "y": [3.0236616134643555, 3.635246992111206, 3.824685573577881, 3.2598724365234375, 3.7640836238861084, 4.073831558227539], "params": [0.7008299231529236, -2.587637424468994, 2.100339889526367]}