{"x": [0, 1, 2, 3, 4, 5], "y": [2.153303623199463, 4.05856466293335, 4.494736671447754, 5.838289737701416, 6.820903301239014, 8.031536102294922], "params": [4.862127780914307, 0.23866057395935059, 11.756464958190918]}