{"x": [0, 1, 2, 3, 4, 5], "y": [1.8055497407913208, 2.538196563720703, 2.7274422645568848, 3.5643491744995117, 4.2168684005737305, 4.856089115142822], "params": [2.98294997215271, -3.2091922760009766, 6.101078987121582]}