{"x": [0, 1, 2, 3, 4, 5], "y": [3.7081668376922607, 4.28769588470459, 5.148739337921143, 5.246689796447754, 6.117828369140625, 7.346570014953613], "params": [3.0868239402770996, 0.7697784900665283, 7.276806354522705]}