{"x": [0, 1, 2, 3, 4, 5], "y": [6.462623119354248, 6.607248783111572, 6.658931732177734, 7.494792938232422, 8.320615768432617, 8.73950481414795], "params": [2.598799705505371, 4.584290504455566, 4.553763389587402]}