{"x": [0, 1, 2, 3, 4, 5], "y": [0.9894108176231384, 1.3991389274597168, 2.1939449310302734, 3.058861494064331, 4.2754740715026855, 4.849240303039551], "params": [3.692624807357788, -4.287213325500488, 7.719658851623535]}