{"x": [0, 1, 2, 3, 4, 5], "y": [0.34929606318473816, 0.7391815185546875, 2.321591854095459, 2.9655518531799316, 3.9463424682617188, 4.240344047546387], "params": [4.811434268951416, -4.998815536499023, 7.782095909118652]}