{"x": [0, 1, 2, 3, 4, 5], "y": [5.351717472076416, 6.028579235076904, 6.472548484802246, 6.98135232925415, 7.24026346206665, 7.315912246704102], "params": [2.1201000213623047, 3.1694083213806152, 3.928389549255371]}