{"x": [0, 1, 2, 3, 4, 5], "y": [3.7920351028442383, 4.634540557861328, 5.070581436157227, 6.566577434539795, 7.2890729904174805, 7.829617977142334], "params": [4.081701278686523, 1.7460644245147705, 8.075165748596191]}