{"x": [0, 1, 2, 3, 4, 5], "y": [2.8045854568481445, 3.8654797077178955, 4.186820983886719, 5.156069755554199, 5.871639728546143, 7.299635410308838], "params": [4.6127214431762695, -0.36973118782043457, 8.990099906921387]}