{"x": [0, 1, 2, 3, 4, 5], "y": [2.4471940994262695, 3.5670225620269775, 4.585739612579346, 5.275035858154297, 6.135361671447754, 6.859212398529053], "params": [4.810728073120117, -0.44734418392181396, 8.824036598205566]}