{"x": [0, 1, 2, 3, 4, 5], "y": [5.030518531799316, 5.509661674499512, 5.990730285644531, 7.130382537841797, 7.181332111358643, 8.137754440307617], "params": [3.139403820037842, 2.8986024856567383, 6.214471817016602]}