{"x": [0, 1, 2, 3, 4, 5], "y": [2.874539375305176, 3.7220404148101807, 4.511699199676514, 5.3051018714904785, 6.1858906745910645, 6.33028507232666], "params": [3.67561936378479, -0.610077977180481, 6.911491394042969]}