{"x": [0, 1, 2, 3, 4, 5], "y": [6.062315940856934, 6.686695098876953, 7.191153526306152, 7.5987114906311035, 8.236220359802246, 9.098275184631348], "params": [2.9187254905700684, 4.700448036193848, 6.071918487548828]}