{"x": [0, 1, 2, 3, 4, 5], "y": [5.052822113037109, 5.522056579589844, 6.207423210144043, 6.716524124145508, 7.28934383392334, 7.577410697937012], "params": [2.3662350177764893, 2.869048595428467, 5.049177169799805]}