{"x": [0, 1, 2, 3, 4, 5], "y": [1.437873363494873, 2.1506834030151367, 2.7474067211151123, 3.9439706802368164, 4.48136568069458, 5.657199382781982], "params": [4.378373146057129, -3.18270206451416, 8.438652038574219]}