{"x": [0, 1, 2, 3, 4, 5], "y": [2.094571590423584, 2.8609490394592285, 3.4539599418640137, 4.318381309509277, 5.168917179107666, 6.32136344909668], "params": [4.244140148162842, -1.9486016035079956, 8.453583717346191]}