{"x": [0, 1, 2, 3, 4, 5], "y": [2.656503915786743, 3.446119785308838, 4.208935737609863, 4.899654865264893, 5.896327495574951, 6.656200885772705], "params": [4.151472568511963, -1.0683262348175049, 7.999393939971924]}