{"x": [0, 1, 2, 3, 4, 5], "y": [2.2275493144989014, 2.7359933853149414, 3.5235021114349365, 4.5771803855896, 5.437973499298096, 6.411540508270264], "params": [4.554898262023926, -1.8285250663757324, 8.367982864379883]}