{"x": [0, 1, 2, 3, 4, 5], "y": [4.225030899047852, 5.472811698913574, 5.611170768737793, 6.506063461303711, 7.327721118927002, 7.91325044631958], "params": [3.4749181270599365, 1.9200217723846436, 7.376439094543457]}