{"x": [0, 1, 2, 3, 4, 5], "y": [1.2901945114135742, 2.3764681816101074, 2.8709263801574707, 3.6486778259277344, 3.805467128753662, 4.822185516357422], "params": [3.089210271835327, -3.631577491760254, 7.063982009887695]}