{"x": [0, 1, 2, 3, 4, 5], "y": [3.362304210662842, 3.8046586513519287, 4.495848178863525, 4.659305095672607, 5.45660400390625, 5.566135883331299], "params": [2.2922356128692627, -0.17425060272216797, 4.407663345336914]}