{"x": [0, 1, 2, 3, 4, 5], "y": [2.2840468883514404, 3.2059102058410645, 2.640241861343384, 3.3849620819091797, 3.6515848636627197, 3.698092460632324], "params": [1.481422781944275, -3.379899263381958, 2.8280911445617676]}