{"x": [0, 1, 2, 3, 4, 5], "y": [5.861597537994385, 5.974257946014404, 6.0609822273254395, 5.749661922454834, 5.826141834259033, 6.012135982513428], "params": [0.2788206934928894, 1.528272032737732, 0.6226406097412109]}