{"x": [0, 1, 2, 3, 4, 5], "y": [4.070984363555908, 3.8498284816741943, 3.7845911979675293, 3.780557870864868, 3.942945718765259, 4.1963605880737305], "params": [0.37119418382644653, -2.0838027000427246, 0.8316054344177246]}