{"x": [0, 1, 2, 3, 4, 5], "y": [6.248525619506836, 5.930344581604004, 6.597866058349609, 6.683743476867676, 7.247934818267822, 7.647006988525391], "params": [1.5540745258331299, 3.127749443054199, 3.4333248138427734]}