{"x": [0, 1, 2, 3, 4, 5], "y": [4.22548246383667, 5.627795696258545, 5.93712854385376, 6.827804088592529, 7.42592716217041, 8.443541526794434], "params": [4.263023853302002, 2.7901368141174316, 8.436118125915527]}