{"x": [0, 1, 2, 3, 4, 5], "y": [10.67702865600586, 5.470236778259277, 12.343852996826172, 7.03934383392334, 13.807703971862793, 8.083423614501953], "params": [3.5052123069763184, 1.1795729398727417, 6.751279354095459, 11.979496955871582, 0.25, 1.0, 12.42698860168457]}