{"x": [0, 1, 2, 3, 4, 5], "y": [10.848823547363281, 7.391554832458496, 11.917670249938965, 8.234703063964844, 12.984476089477539, 9.886301040649414], "params": [2.582724094390869, 3.845332145690918, 4.962159156799316, 8.328771591186523, 0.25, 1.0, 8.559860229492188]}