{"x": [0, 1, 2, 3, 4, 5], "y": [7.695522308349609, 4.03798770904541, 8.258148193359375, 4.519366264343262, 8.938570022583008, 4.985965251922607], "params": [1.2567275762557983, -4.098541736602783, 2.881887435913086, 8.150005340576172, 0.25, 1.0, 8.794718742370605]}