{"x": [0, 1, 2, 3, 4, 5], "y": [11.625782012939453, 7.575930118560791, 13.150288581848145, 7.5834455490112305, 14.152907371520996, 8.644682884216309], "params": [2.6032121181488037, 3.117208480834961, 5.6748809814453125, 11.560022354125977, 0.25, 1.0, 12.129247665405273]}