{"x": [0, 1, 2, 3, 4, 5], "y": [3.030740261077881, 3.0830938816070557, 4.974786281585693, 5.316618919372559, 7.101634502410889, 7.374901294708252], "params": [4.9324951171875, -0.8280462026596069, 9.593259811401367, 1.0981500148773193, 0.25, 1.0, 2.1071910858154297]}