{"x": [0, 1, 2, 3, 4, 5], "y": [2.7116997241973877, 2.84529447555542, 2.8653812408447266, 3.298947811126709, 3.401390314102173, 3.6994800567626953], "params": [1.5221190452575684, 2.325045585632324, 3.6989212036132812, 0.2752867341041565, 0.25, 1.0, 0.6144431829452515]}