{"x": [0, 1, 2, 3, 4, 5], "y": [6.1056013107299805, 2.682753562927246, 6.74373722076416, 3.1390511989593506, 7.171027183532715, 3.2249200344085693], "params": [1.701561450958252, -0.640760064125061, 3.355942726135254, 14.408148765563965, 0.25, 1.0, 16.505619049072266]}