{"x": [0, 1, 2, 3, 4, 5], "y": [10.435708999633789, 4.66646146774292, 12.395992279052734, 5.578374862670898, 14.069502830505371, 7.372771263122559], "params": [4.779063701629639, -3.2319374084472656, 9.064870834350586, 14.333783149719238, 0.25, 1.0, 15.320817947387695]}