{"x": [0, 1, 2, 3, 4, 5], "y": [5.057697296142578, 4.617931842803955, 5.784036636352539, 5.895600318908691, 7.243442535400391, 7.506005764007568], "params": [3.3989577293395996, 0.5497795343399048, 5.56282901763916, 1.6097679138183594, 0.25, 1.0, 1.7644014358520508]}