{"x": [0, 1, 2, 3, 4, 5], "y": [6.899762153625488, 3.6510586738586426, 7.503518104553223, 3.954791784286499, 8.310256958007812, 4.918180465698242], "params": [2.9894611835479736, 3.457777976989746, 6.372371673583984, 14.930222511291504, 0.25, 1.0, 16.139772415161133]}