{"x": [0, 1, 2, 3, 4, 5], "y": [2.5828857421875, 1.69571053981781, 2.6286773681640625, 2.0492758750915527, 2.416337013244629, 2.0053117275238037], "params": [0.26659905910491943, -2.1550230979919434, 1.5620980262756348, 2.5600881576538086, 0.25, 1.0, 2.3614349365234375]}