{"x": [0, 1, 2, 3, 4, 5], "y": [6.1492204666137695, 2.8688101768493652, 6.517637252807617, 2.965536117553711, 7.2420148849487305, 3.685579299926758], "params": [1.901106834411621, 0.2650630474090576, 4.562828063964844, 14.985532760620117, 0.25, 1.0, 15.493119239807129]}