{"x": [0, 1, 2, 3, 4, 5], "y": [6.238654613494873, 2.489199638366699, 6.3230671882629395, 3.1896426677703857, 6.556450843811035, 3.470306873321533], "params": [1.3105326890945435, -1.9523829221725464, 2.991426944732666, 14.614871978759766, 0.25, 1.0, 15.486673355102539]}