{"x": [0, 1, 2, 3, 4, 5], "y": [12.735488891601562, 6.3079681396484375, 13.526012420654297, 7.037965297698975, 14.469521522521973, 7.589161396026611], "params": [2.3356356620788574, 2.0446510314941406, 3.4755191802978516, 13.58104133605957, 0.25, 1.0, 14.481653213500977]}