{"x": [0, 1, 2, 3, 4, 5], "y": [7.731720924377441, 3.0597901344299316, 8.899175643920898, 4.375428199768066, 10.905176162719727, 5.422458648681641], "params": [2.8992133140563965, -4.403573036193848, 5.355642318725586, 11.137734413146973, 0.25, 1.0, 11.857104301452637]}