{"x": [0, 1, 2, 3, 4, 5], "y": [15.545305252075195, 8.511594772338867, 15.008703231811523, 7.742251396179199, 15.200973510742188, 8.063782691955566], "params": [0.133780837059021, 2.8725266456604004, 0.8655376434326172, 14.494421005249023, 0.25, 1.0, 15.096231460571289]}