{"x": [0, 1, 2, 3, 4, 5], "y": [11.048994064331055, 4.438283920288086, 11.522367477416992, 4.035710334777832, 10.819655418395996, 4.848730087280273], "params": [0.5418512225151062, -2.811868190765381, 0.8126740455627441, 14.124187469482422, 0.25, 1.0, 15.406930923461914]}