{"x": [0, 1, 2, 3, 4, 5], "y": [5.43312931060791, 3.4449191093444824, 5.389434814453125, 3.788001537322998, 6.143172264099121, 4.152494430541992], "params": [2.285344123840332, 3.844578266143799, 4.021547317504883, 8.323144912719727, 0.25, 1.0, 9.144085884094238]}