{"x": [0, 1, 2, 3, 4, 5], "y": [2.2839131355285645, 1.168126106262207, 2.8679709434509277, 2.0356104373931885, 3.7863972187042236, 2.620197296142578], "params": [3.4085919857025146, -3.1108694076538086, 5.90893030166626, 5.156676292419434, 0.25, 1.0, 7.1210551261901855]}