{"x": [0, 1, 2, 3, 4, 5], "y": [11.004342079162598, 5.041310787200928, 11.574551582336426, 6.5947465896606445, 13.130410194396973, 7.130297660827637], "params": [2.6755623817443848, -2.2870450019836426, 5.4322285652160645, 13.173192977905273, 0.25, 1.0, 13.35862922668457]}