{"x": [0, 1, 2, 3, 4, 5], "y": [3.850411891937256, 2.2665343284606934, 4.3889360427856445, 1.960134506225586, 4.485901832580566, 2.4574267864227295], "params": [0.7008299231529236, -2.587637424468994, 2.100339889526367, 8.323850631713867, 0.25, 1.0, 9.094646453857422]}