{"x": [0, 1, 2, 3, 4, 5], "y": [3.414581298828125, 1.897740364074707, 3.9393086433410645, 2.658665418624878, 4.611988067626953, 3.5447607040405273], "params": [4.554898262023926, -1.8285250663757324, 8.367982864379883, 6.4767632484436035, 0.25, 1.0, 7.847265243530273]}