{"x": [0, 1, 2, 3, 4, 5], "y": [1.5153701305389404, 1.5415469408035278, 2.4873931407928467, 2.6583094596862793, 3.5508172512054443, 3.687450647354126], "params": [4.9324951171875, -0.8280462026596069, 9.593259811401367, 1.0981500148773193, 0.25, 1.0, 2.1071910858154297]}