{"x": [0, 1, 2, 3, 4, 5], "y": [2.1836161613464355, 1.2695749998092651, 2.608154535293579, 1.7475218772888184, 3.542856216430664, 2.5054571628570557], "params": [2.7889859676361084, -3.521397113800049, 6.719656944274902, 5.1194233894348145, 0.25, 1.0, 5.669674873352051]}