{"x": [0, 1, 2, 3, 4, 5], "y": [10.779218673706055, 4.4290852546691895, 12.44509220123291, 5.897932052612305, 13.43110466003418, 6.741123676300049], "params": [3.339801788330078, -1.956987977027893, 5.934107780456543, 14.347770690917969, 0.25, 1.0, 14.935016632080078]}