{"x": [0, 1, 2, 3, 4, 5], "y": [9.819158554077148, 4.173511028289795, 10.705314636230469, 5.4938645362854, 12.18038272857666, 7.315830230712891], "params": [3.671081304550171, -0.03173410892486572, 6.671485900878906, 11.97438907623291, 0.25, 1.0, 12.265226364135742]}