{"x": [0, 1, 2, 3, 4, 5], "y": [9.930743217468262, 6.043339729309082, 11.209329605102539, 7.518317222595215, 12.878364562988281, 8.516493797302246], "params": [3.0674824714660645, 1.4738059043884277, 5.763562202453613, 8.708720207214355, 0.25, 1.0, 9.451148986816406]}