{"x": [0, 1, 2, 3, 4, 5], "y": [5.6639862060546875, 3.20944881439209, 6.31903076171875, 3.9486913681030273, 7.071027755737305, 4.6106462478637695], "params": [3.6524460315704346, 2.0014266967773438, 6.347175598144531, 11.402019500732422, 0.25, 1.0, 12.205199241638184]}