{"x": [0, 1, 2, 3, 4, 5], "y": [9.78882122039795, 5.488330841064453, 11.748552322387695, 6.668313503265381, 12.587288856506348, 7.880731105804443], "params": [3.397371292114258, 1.2092703580856323, 6.341928005218506, 10.119832992553711, 0.25, 1.0, 11.193632125854492]}