{"x": [0, 1, 2, 3, 4, 5], "y": [5.314843654632568, 3.7076950073242188, 5.536435604095459, 3.4332051277160645, 5.730999946594238, 3.901331901550293], "params": [1.722517967224121, 3.421628952026367, 2.3683128356933594, 7.782186508178711, 0.25, 1.0, 8.182662963867188]}