{"x": [0, 1, 2, 3, 4, 5], "y": [5.433220863342285, 2.3801074028015137, 5.8651123046875, 2.62917423248291, 6.49411153793335, 3.8421788215637207], "params": [3.0868239402770996, 0.7697784900665283, 7.276806354522705, 13.033875465393066, 0.25, 1.0, 14.293232917785645]}