{"x": [0, 1, 2, 3, 4, 5], "y": [3.93831729888916, 2.2151222229003906, 4.287435531616211, 1.9855899810791016, 4.3508453369140625, 2.741030693054199], "params": [0.653093159198761, -2.055058002471924, 2.0692076683044434, 7.449240207672119, 0.25, 1.0, 8.876378059387207]}