{"x": [0, 1, 2, 3, 4, 5], "y": [1.471197485923767, 1.4208247661590576, 1.699143648147583, 1.9252808094024658, 2.007601261138916, 1.7509357929229736], "params": [0.6967237591743469, -3.4676976203918457, 1.638953685760498, 0.37398844957351685, 0.25, 1.0, 1.3964364528656006]}