{"x": [0, 1, 2, 3, 4, 5], "y": [8.415603637695312, 6.0434699058532715, 9.43679428100586, 7.703252792358398, 11.308761596679688, 8.763587951660156], "params": [3.139403820037842, 2.8986024856567383, 6.214471817016602, 6.139902591705322, 0.25, 1.0, 7.187243938446045]}