{"x": [0, 1, 2, 3, 4, 5], "y": [11.555294036865234, 6.244771480560303, 12.703315734863281, 8.552240371704102, 15.193683624267578, 10.326541900634766], "params": [4.936193943023682, 4.927644729614258, 9.41050910949707, 11.103944778442383, 0.25, 1.0, 12.061036109924316]}