{"x": [0, 1, 2, 3, 4, 5], "y": [5.442887783050537, 2.911602258682251, 6.525900840759277, 3.6433136463165283, 7.093118667602539, 4.124719619750977], "params": [3.8789713382720947, 3.1921768188476562, 7.524728775024414, 12.111919403076172, 0.25, 1.0, 13.578527450561523]}