{"x": [0, 1, 2, 3, 4, 5], "y": [4.982721328735352, 3.0717334747314453, 4.947084903717041, 3.0747885704040527, 5.102557182312012, 2.9952292442321777], "params": [0.2788206934928894, 1.528272032737732, 0.6226406097412109, 8.20352554321289, 0.25, 1.0, 8.801300048828125]}