{"x": [0, 1, 2, 3, 4, 5], "y": [10.629687309265137, 7.4153900146484375, 11.072871208190918, 6.866410255432129, 11.461999893188477, 7.802663803100586], "params": [1.722517967224121, 3.421628952026367, 2.3683128356933594, 7.782186508178711, 0.25, 1.0, 8.182662963867188]}