{"x": [0, 1, 2, 3, 4, 5], "y": [6.388171195983887, 3.672262668609619, 6.478183269500732, 3.8592865467071533, 6.443626403808594, 3.599285364151001], "params": [0.18521666526794434, 2.3517255783081055, 1.3461503982543945, 11.007325172424316, 0.25, 1.0, 11.754204750061035]}