{"x": [0, 1, 2, 3, 4, 5], "y": [3.496945858001709, 2.027448892593384, 3.8427505493164062, 2.823453903198242, 4.899140357971191, 3.7711074352264404], "params": [4.256460189819336, -0.546678900718689, 8.459449768066406, 7.007363319396973, 0.25, 1.0, 7.54017972946167]}