{"x": [0, 1, 2, 3, 4, 5], "y": [1.951390266418457, 1.74173903465271, 2.463954210281372, 2.9908764362335205, 3.329209804534912, 3.33368182182312], "params": [3.4449055194854736, -0.474088191986084, 6.566657066345215, 1.8397047519683838, 0.25, 1.0, 2.0853450298309326]}