{"x": [0, 1, 2, 3, 4, 5], "y": [1.548630952835083, 1.600638747215271, 2.5801424980163574, 2.5839145183563232, 3.4331674575805664, 3.2528116703033447], "params": [4.726963996887207, -1.539219617843628, 9.215424537658691, 2.0541491508483887, 0.25, 1.0, 2.5886032581329346]}