{"x": [0, 1, 2, 3, 4, 5], "y": [8.049215316772461, 2.6991400718688965, 9.5325927734375, 3.106034278869629, 9.520185470581055, 3.8248939514160156], "params": [1.4354079961776733, -4.770474910736084, 4.222092628479004, 12.258960723876953, 0.25, 1.0, 13.014147758483887]}