{"x": [0, 1, 2, 3, 4, 5], "y": [5.880156517028809, 2.7125790119171143, 6.305446624755859, 2.9213805198669434, 6.066582202911377, 2.8291492462158203], "params": [0.052475035190582275, -0.7286632061004639, 1.0054407119750977, 12.60420036315918, 0.25, 1.0, 13.9573335647583]}