{"x": [0, 1, 2, 3, 4, 5], "y": [4.40054178237915, 3.4254415035247803, 5.054788112640381, 4.026412010192871, 5.831279277801514, 4.534469127655029], "params": [3.3015975952148438, 4.136276721954346, 5.875043869018555, 5.880523204803467, 0.25, 1.0, 5.786431789398193]}