{"x": [0, 1, 2, 3, 4, 5], "y": [3.732067108154297, 1.467857837677002, 4.497126579284668, 2.5294885635375977, 5.273687362670898, 3.196428060531616], "params": [4.378373146057129, -3.18270206451416, 8.438652038574219, 10.798636436462402, 0.25, 1.0, 11.022378921508789]}