{"x": [0, 1, 2, 3, 4, 5], "y": [4.371156692504883, 2.3109543323516846, 5.022237777709961, 2.7727694511413574, 5.098495960235596, 3.2979331016540527], "params": [2.529968023300171, -1.9626402854919434, 4.519342422485352, 9.183091163635254, 0.25, 1.0, 9.495477676391602]}