{"x": [0, 1, 2, 3, 4, 5], "y": [4.18873405456543, 3.461602210998535, 4.522456169128418, 3.7978389263153076, 4.965514183044434, 4.233714580535889], "params": [1.9306349754333496, 3.1836295127868652, 4.440134048461914, 4.7235517501831055, 0.25, 1.0, 4.718214988708496]}