{"x": [0, 1, 2, 3, 4, 5], "y": [5.913003444671631, 2.0221705436706543, 8.121878623962402, 3.535578489303589, 10.005206108093262, 5.589250564575195], "params": [4.8724846839904785, -4.3973259925842285, 9.105827331542969, 9.688246726989746, 0.25, 1.0, 10.124086380004883]}