{"x": [0, 1, 2, 3, 4, 5], "y": [5.777647018432617, 3.1223857402801514, 6.351657867431641, 4.276120185852051, 7.596841812133789, 5.163270950317383], "params": [4.936193943023682, 4.927644729614258, 9.41050910949707, 11.103944778442383, 0.25, 1.0, 12.061036109924316]}