{"x": [0, 1, 2, 3, 4, 5], "y": [4.102694034576416, 2.606534719467163, 5.402292251586914, 3.3577077388763428, 6.02412223815918, 4.652966022491455], "params": [4.845124244689941, 2.887345552444458, 10.37686538696289, 8.43117618560791, 0.25, 1.0, 9.116065979003906]}