{"x": [0, 1, 2, 3, 4, 5], "y": [9.258907318115234, 5.38753604888916, 11.089597702026367, 6.860348701477051, 12.52027702331543, 7.706418514251709], "params": [2.9527125358581543, -0.46420514583587646, 6.180522441864014, 9.69240665435791, 0.25, 1.0, 10.678967475891113]}