{"x": [0, 1, 2, 3, 4, 5], "y": [4.909579277038574, 2.0867555141448975, 5.352657318115234, 2.7469322681427, 6.09019136428833, 3.6579151153564453], "params": [3.671081304550171, -0.03173410892486572, 6.671485900878906, 11.97438907623291, 0.25, 1.0, 12.265226364135742]}