{"x": [0, 1, 2, 3, 4, 5], "y": [2.13749098777771, 0.5477960705757141, 2.7720346450805664, 1.5136626958847046, 3.775869369506836, 2.5058681964874268], "params": [4.390887260437012, -4.801236152648926, 7.473992347717285, 6.04381799697876, 0.25, 1.0, 7.584007263183594]}