{"x": [0, 1, 2, 3, 4, 5], "y": [12.479961395263672, 7.121231555938721, 12.6141939163208, 7.636030673980713, 12.950584411621094, 8.311767578125], "params": [0.6410723924636841, 4.645423889160156, 1.6845531463623047, 10.378544807434082, 0.25, 1.0, 11.568899154663086]}