{"x": [0, 1, 2, 3, 4, 5], "y": [4.27498197555542, 1.0955921411514282, 5.544069290161133, 3.027325391769409, 7.551738739013672, 5.0117363929748535], "params": [4.390887260437012, -4.801236152648926, 7.473992347717285, 6.04381799697876, 0.25, 1.0, 7.584007263183594]}