{"x": [0, 1, 2, 3, 4, 5], "y": [2.0986671447753906, 1.174715280532837, 2.7909929752349854, 1.9519771337509155, 3.6563658714294434, 2.7762489318847656], "params": [4.045982837677002, -3.565598726272583, 8.30029010772705, 5.273560047149658, 0.25, 1.0, 5.738834381103516]}