{"x": [0, 1, 2, 3, 4, 5], "y": [5.209946632385254, 2.7517433166503906, 5.899963855743408, 3.8356850147247314, 6.886268615722656, 4.891819000244141], "params": [4.226776123046875, 0.4462265968322754, 9.503201484680176, 11.324853897094727, 0.25, 1.0, 11.20050048828125]}