{"x": [0, 1, 2, 3, 4, 5], "y": [6.879926681518555, 4.181790351867676, 6.89775276184082, 4.238771915435791, 7.3124895095825195, 4.6499834060668945], "params": [1.03554105758667, 4.6957902908325195, 2.9748544692993164, 11.346875190734863, 0.25, 1.0, 11.894628524780273]}