{"x": [0, 1, 2, 3, 4, 5], "y": [4.794759750366211, 2.2283411026000977, 4.923026084899902, 2.568758964538574, 5.3791608810424805, 2.7500040531158447], "params": [1.6956558227539062, -1.1588537693023682, 2.456606388092041, 10.464829444885254, 0.25, 1.0, 11.007915496826172]}