{"x": [0, 1, 2, 3, 4, 5], "y": [3.820091962814331, 2.4849042892456055, 4.184216022491455, 3.583730697631836, 5.154237270355225, 4.401876926422119], "params": [4.1616668701171875, 2.858428478240967, 8.014914512634277, 5.093186855316162, 0.25, 1.0, 6.437832832336426]}