{"x": [0, 1, 2, 3, 4, 5], "y": [5.652739524841309, 2.9032788276672363, 6.768027305603027, 3.4181904792785645, 6.957238674163818, 3.427473545074463], "params": [2.4830946922302246, 0.48288702964782715, 6.027196884155273, 14.52127742767334, 0.25, 1.0, 16.042287826538086]}