{"x": [0, 1, 2, 3, 4, 5], "y": [8.75184440612793, 3.906010150909424, 9.018045425415039, 4.637394905090332, 10.449796676635742, 5.310799598693848], "params": [1.320732831954956, -0.6866180896759033, 3.1489858627319336, 9.416555404663086, 0.25, 1.0, 10.453056335449219]}