{"x": [0, 1, 2, 3, 4, 5], "y": [7.77398157119751, 4.043179512023926, 9.860624313354492, 6.209512233734131, 11.564090728759766, 7.7812275886535645], "params": [4.904284954071045, -1.2538135051727295, 9.416579246520996, 9.235891342163086, 0.25, 1.0, 9.869026184082031]}