{"x": [0, 1, 2, 3, 4, 5], "y": [6.239980697631836, 3.5606157779693604, 6.3070969581604, 3.8180153369903564, 6.475292205810547, 4.1558837890625], "params": [0.6410723924636841, 4.645423889160156, 1.6845531463623047, 10.378544807434082, 0.25, 1.0, 11.568899154663086]}