{"x": [0, 1, 2, 3, 4, 5], "y": [7.586818218231201, 4.57049036026001, 8.902627944946289, 6.668275833129883, 10.29224967956543, 7.515178203582764], "params": [3.602160930633545, -0.6824672222137451, 6.731873512268066, 7.106352806091309, 0.25, 1.0, 7.139595031738281]}