{"x": [0, 1, 2, 3, 4, 5], "y": [3.066610813140869, 1.2267717123031616, 3.785747766494751, 1.608203411102295, 4.653636932373047, 2.2870893478393555], "params": [3.546816825866699, -3.8392062187194824, 6.666445255279541, 8.426629066467285, 0.25, 1.0, 9.470551490783691]}