{"x": [0, 1, 2, 3, 4, 5], "y": [4.143160820007324, 2.1958653926849365, 4.336611270904541, 3.014683485031128, 5.0407280921936035, 3.503472089767456], "params": [2.8303608894348145, 0.4123181104660034, 4.742636680603027, 7.852937698364258, 0.25, 1.0, 8.255457878112793]}