{"x": [0, 1, 2, 3, 4, 5], "y": [8.303922653198242, 5.1849684715271, 10.767902374267578, 8.1260347366333, 12.591215133666992, 9.546138763427734], "params": [4.516988754272461, 2.564816951751709, 9.105454444885254, 7.093550682067871, 0.25, 1.0, 8.735912322998047]}