{"x": [0, 1, 2, 3, 4, 5], "y": [2.4740030765533447, 1.3222103118896484, 2.712836265563965, 1.4399144649505615, 2.6067471504211426, 2.1023852825164795], "params": [0.5794385075569153, -4.325315952301025, 2.8882293701171875, 4.5197224617004395, 0.25, 1.0, 4.83776330947876]}