{"x": [0, 1, 2, 3, 4, 5], "y": [5.945461273193359, 3.4161415100097656, 6.47764778137207, 3.5030717849731445, 6.4658613204956055, 3.8975205421447754], "params": [0.7679164409637451, 2.606964588165283, 2.120427131652832, 12.032733917236328, 0.25, 1.0, 12.817203521728516]}