{"x": [0, 1, 2, 3, 4, 5], "y": [10.463715553283691, 4.399570941925049, 12.31894302368164, 6.0601487159729, 13.776104927062988, 8.068614959716797], "params": [4.414405822753906, -1.8722903728485107, 9.39018440246582, 14.058989524841309, 0.25, 1.0, 14.307048797607422]}