{"x": [0, 1, 2, 3, 4, 5], "y": [7.352439880371094, 3.6277501583099365, 7.668978691101074, 4.022834777832031, 7.348791599273682, 3.835015296936035], "params": [0.5968916416168213, 1.1724549531936646, 1.451131820678711, 14.372217178344727, 0.25, 1.0, 14.713781356811523]}