{"x": [0, 1, 2, 3, 4, 5], "y": [6.794293403625488, 2.1935720443725586, 8.4247465133667, 4.5467529296875, 10.113247871398926, 7.003040313720703], "params": [4.628119468688965, -1.3454711437225342, 8.935779571533203, 8.834181785583496, 0.25, 1.0, 9.747794151306152]}