{"x": [0, 1, 2, 3, 4, 5], "y": [11.942642211914062, 4.996405124664307, 13.4285249710083, 7.368770599365234, 15.220741271972656, 8.873517990112305], "params": [4.167781829833984, 1.7452424764633179, 7.415618896484375, 13.987109184265137, 0.25, 1.0, 15.060919761657715]}