{"x": [0, 1, 2, 3, 4, 5], "y": [11.259515762329102, 5.831446170806885, 11.157654762268066, 6.59868049621582, 13.087170600891113, 7.9161529541015625], "params": [2.7337076663970947, 0.2605491876602173, 5.437763214111328, 12.350297927856445, 0.25, 1.0, 12.800518989562988]}