{"x": [0, 1, 2, 3, 4, 5], "y": [12.177632331848145, 6.97244119644165, 13.624192237854004, 8.535244941711426, 14.265573501586914, 9.134456634521484], "params": [2.92446231842041, 2.8052191734313965, 5.113630294799805, 10.792560577392578, 0.25, 1.0, 11.291887283325195]}