{"x": [0, 1, 2, 3, 4, 5], "y": [6.055483818054199, 3.052076816558838, 6.6922221183776855, 3.873192310333252, 7.474220275878906, 4.594318866729736], "params": [3.613447904586792, 1.7196601629257202, 7.01837158203125, 12.418664932250977, 0.25, 1.0, 12.863032341003418]}