{"x": [0, 1, 2, 3, 4, 5], "y": [9.389921188354492, 4.738614082336426, 11.77639389038086, 7.2940826416015625, 14.189449310302734, 9.109857559204102], "params": [4.862127780914307, 0.23866057395935059, 11.756464958190918, 12.28040885925293, 0.25, 1.0, 13.376993179321289]}