{"x": [0, 1, 2, 3, 4, 5], "y": [5.43462610244751, 1.7105648517608643, 5.46504545211792, 2.1534204483032227, 5.47559118270874, 2.0636143684387207], "params": [0.4162678122520447, -4.471523761749268, 1.0695667266845703, 14.171794891357422, 0.25, 1.0, 14.71041202545166]}