{"x": [0, 1, 2, 3, 4, 5], "y": [3.5158519744873047, 2.1979193687438965, 3.893580675125122, 2.3433356285095215, 4.881761074066162, 3.3534042835235596], "params": [3.1711411476135254, -1.533159613609314, 7.542195796966553, 7.095503330230713, 0.25, 1.0, 8.239114761352539]}