{"x": [0, 1, 2, 3, 4, 5], "y": [4.375922203063965, 1.953005075454712, 4.5090227127075195, 2.318697452545166, 5.224898338317871, 2.655399799346924], "params": [1.320732831954956, -0.6866180896759033, 3.1489858627319336, 9.416555404663086, 0.25, 1.0, 10.453056335449219]}