{"x": [0, 1, 2, 3, 4, 5], "y": [5.778088092803955, 2.4520673751831055, 6.341522693634033, 2.7991552352905273, 6.766203880310059, 3.276268482208252], "params": [2.2627580165863037, -3.091527223587036, 4.193146228790283, 13.981284141540527, 0.25, 1.0, 15.633018493652344]}