{"x": [0, 1, 2, 3, 4, 5], "y": [3.2165942192077637, 1.3317055702209473, 4.361603260040283, 2.299771785736084, 5.376876354217529, 3.45684552192688], "params": [4.973750591278076, -3.6043715476989746, 10.673097610473633, 9.875846862792969, 0.25, 1.0, 10.462530136108398]}