{"x": [0, 1, 2, 3, 4, 5], "y": [3.73451566696167, 2.89235782623291, 3.866117000579834, 3.1108343601226807, 3.8349435329437256, 3.0826804637908936], "params": [0.5568927526473999, 2.034615993499756, 1.2986698150634766, 3.0237390995025635, 0.25, 1.0, 3.827375888824463]}