{"x": [0, 1, 2, 3, 4, 5], "y": [1.974124789237976, 2.2665090560913086, 3.5516397953033447, 3.3911261558532715, 4.248254776000977, 4.177070617675781], "params": [4.521945953369141, 2.127229690551758, 9.772932052612305, 1.9067716598510742, 0.25, 1.0, 2.1109373569488525]}