{"x": [0, 1, 2, 3, 4, 5], "y": [2.6335582733154297, 2.500270366668701, 3.061426877975464, 2.6949758529663086, 3.671654462814331, 3.494567632675171], "params": [2.2276148796081543, 0.3909790515899658, 5.240426063537598, 2.4556562900543213, 0.25, 1.0, 3.1209704875946045]}