{"x": [0, 1, 2, 3, 4, 5], "y": [5.231857776641846, 2.1997854709625244, 6.15947151184082, 3.03007435798645, 6.888052463531494, 4.034307479858398], "params": [4.414405822753906, -1.8722903728485107, 9.39018440246582, 14.058989524841309, 0.25, 1.0, 14.307048797607422]}