{"x": [0, 1, 2, 3, 4, 5], "y": [7.0001983642578125, 3.0685627460479736, 8.890676498413086, 5.412233352661133, 10.312728881835938, 7.065718650817871], "params": [4.931418418884277, -2.805656909942627, 9.445366859436035, 8.860806465148926, 0.25, 1.0, 9.703468322753906]}