{"x": [0, 1, 2, 3, 4, 5], "y": [5.68837833404541, 4.939356327056885, 6.25551176071167, 6.2604780197143555, 7.0070295333862305, 6.611691951751709], "params": [2.0580215454101562, 1.3296759128570557, 3.624800682067871, 1.5163805484771729, 0.25, 1.0, 2.0494306087493896]}