{"x": [0, 1, 2, 3, 4, 5], "y": [12.477309226989746, 4.978399276733398, 12.646134376525879, 6.3792853355407715, 13.11290168762207, 6.940613746643066], "params": [1.3105326890945435, -1.9523829221725464, 2.991426944732666, 14.614871978759766, 0.25, 1.0, 15.486673355102539]}