{"x": [0, 1, 2, 3, 4, 5], "y": [4.179562091827393, 2.9531822204589844, 4.803445339202881, 3.957914352416992, 6.164398193359375, 5.051886558532715], "params": [4.990621566772461, 3.689084529876709, 9.411982536315918, 6.246870994567871, 0.25, 1.0, 6.8378472328186035]}