{"x": [0, 1, 2, 3, 4, 5], "y": [3.197671890258789, 2.1552882194519043, 3.880829334259033, 2.3341822624206543, 4.451439380645752, 2.6721529960632324], "params": [1.8886131048202515, -2.6126742362976074, 4.828280448913574, 6.42591667175293, 0.25, 1.0, 7.727780342102051]}