{"x": [0, 1, 2, 3, 4, 5], "y": [5.6852240562438965, 2.5551466941833496, 5.791594505310059, 3.1906301975250244, 6.72727632522583, 3.5220236778259277], "params": [2.507253885269165, -0.7352292537689209, 4.5623650550842285, 12.74715805053711, 0.25, 1.0, 13.162017822265625]}