{"x": [0, 1, 2, 3, 4, 5], "y": [2.536041736602783, 3.0838735103607178, 3.269740343093872, 3.786957263946533, 4.152501583099365, 4.156364917755127], "params": [3.1884052753448486, 3.7432825565338135, 6.968270301818848, 0.1875007152557373, 0.25, 1.0, 1.4241303205490112]}