{"x": [0, 1, 2, 3, 4, 5], "y": [7.63309383392334, 3.0547375679016113, 8.8038330078125, 4.0329365730285645, 10.316219329833984, 5.601902008056641], "params": [3.636859178543091, -4.763696670532227, 6.658376693725586, 10.794991493225098, 0.25, 1.0, 11.285049438476562]}