{"x": [0, 1, 2, 3, 4, 5], "y": [4.882839679718018, 2.9961445331573486, 7.0862836837768555, 5.175333023071289, 8.495555877685547, 6.234956741333008], "params": [4.969798564910889, -1.767072081565857, 9.53995132446289, 5.824079513549805, 0.25, 1.0, 6.835716724395752]}