{"x": [0, 1, 2, 3, 4, 5], "y": [5.467302322387695, 3.719961166381836, 7.296075344085693, 4.196388244628906, 7.4637298583984375, 5.413962364196777], "params": [2.2912216186523438, -3.607912540435791, 5.448422431945801, 6.228633880615234, 0.25, 1.0, 7.099234104156494]}