{"x": [0, 1, 2, 3, 4, 5], "y": [12.110967636108398, 6.104153633117676, 13.384444236755371, 7.746384620666504, 14.948440551757812, 9.188637733459473], "params": [3.613447904586792, 1.7196601629257202, 7.01837158203125, 12.418664932250977, 0.25, 1.0, 12.863032341003418]}