{"x": [0, 1, 2, 3, 4, 5], "y": [4.635715007781982, 2.1069490909576416, 5.471462249755859, 2.616204261779785, 5.734701156616211, 3.240541458129883], "params": [3.1802656650543213, -0.030514001846313477, 7.139639377593994, 11.954874992370605, 0.25, 1.0, 13.110023498535156]}