{"x": [0, 1, 2, 3, 4, 5], "y": [7.674622058868408, 2.967954635620117, 8.27256965637207, 4.20499324798584, 9.990703582763672, 5.701204299926758], "params": [2.98294997215271, -3.2091922760009766, 6.101078987121582, 10.26319408416748, 0.25, 1.0, 10.878628730773926]}