{"x": [0, 1, 2, 3, 4, 5], "y": [1.190972924232483, 1.5373244285583496, 1.5010257959365845, 1.4709315299987793, 1.755329966545105, 1.6706433296203613], "params": [1.481422781944275, -3.379899263381958, 2.8280911445617676, 0.11558979749679565, 0.25, 1.0, 1.6098175048828125]}