{"x": [0, 1, 2, 3, 4, 5], "y": [4.1595611572265625, 2.980752468109131, 4.720091342926025, 3.7596330642700195, 5.247076034545898, 4.060582637786865], "params": [2.3662350177764893, 2.869048595428467, 5.049177169799805, 5.102099895477295, 0.25, 1.0, 5.653702735900879]}