{"x": [0, 1, 2, 3, 4, 5], "y": [3.28814435005188, 2.454017162322998, 3.857391595840454, 2.792367458343506, 4.39024543762207, 3.579871654510498], "params": [1.5600738525390625, 0.5730170011520386, 4.48063850402832, 4.144784450531006, 0.25, 1.0, 5.033559322357178]}