{"x": [0, 1, 2, 3, 4, 5], "y": [1.2994027137756348, 1.194850206375122, 1.5015860795974731, 1.354385495185852, 1.7370784282684326, 1.579978346824646], "params": [0.8583661913871765, -3.8781089782714844, 1.9966087341308594, 0.758289098739624, 0.25, 1.0, 1.0467333793640137]}