{"x": [0, 1, 2, 3, 4, 5], "y": [2.635922908782959, 2.1215386390686035, 3.064624786376953, 2.3264541625976562, 3.021914482116699, 2.1202216148376465], "params": [0.8044573664665222, -3.091326951980591, 1.9852662086486816, 3.6693003177642822, 0.25, 1.0, 4.017176151275635]}