{"x": [0, 1, 2, 3, 4, 5], "y": [7.52787971496582, 3.9379565715789795, 7.679537773132324, 4.508493900299072, 7.878729820251465, 4.941578388214111], "params": [1.5540745258331299, 3.127749443054199, 3.4333248138427734, 13.02448558807373, 0.25, 1.0, 13.7233304977417]}