{"x": [0, 1, 2, 3, 4, 5], "y": [9.308981895446777, 7.00213623046875, 11.40371322631836, 8.053750038146973, 12.682058334350586, 10.193488121032715], "params": [4.6162614822387695, 3.802536725997925, 9.05866527557373, 7.2841796875, 0.25, 1.0, 7.696776390075684]}