{"x": [0, 1, 2, 3, 4, 5], "y": [0.7689657211303711, 0.7611151933670044, 1.6797411441802979, 1.6655293703079224, 2.882744550704956, 2.626267910003662], "params": [4.57930850982666, -3.8482606410980225, 8.916069030761719, 1.7167675495147705, 0.25, 1.0, 2.9734597206115723]}