{"x": [0, 1, 2, 3, 4, 5], "y": [4.674339294433594, 3.029405355453491, 5.676573753356934, 3.716588020324707, 6.602304458618164, 4.376922607421875], "params": [4.905619144439697, 2.207200527191162, 9.532230377197266, 9.622041702270508, 0.25, 1.0, 11.003637313842773]}