{"x": [0, 1, 2, 3, 4, 5], "y": [2.2626266479492188, 1.187548279762268, 3.231649398803711, 1.6577439308166504, 3.87138032913208, 2.5826525688171387], "params": [3.2617547512054443, -4.942591190338135, 7.272167682647705, 6.766184329986572, 0.25, 1.0, 7.639663219451904]}