{"x": [0, 1, 2, 3, 4, 5], "y": [5.774187088012695, 2.392559766769409, 6.526266098022461, 3.373701572418213, 7.432888031005859, 4.092852592468262], "params": [4.081701278686523, 1.7460644245147705, 8.075165748596191, 14.796924591064453, 0.25, 1.0, 15.66274356842041]}