{"x": [0, 1, 2, 3, 4, 5], "y": [5.524497032165527, 2.219141960144043, 5.761183738708496, 2.017855167388916, 5.409827709197998, 2.4243650436401367], "params": [0.5418512225151062, -2.811868190765381, 0.8126740455627441, 14.124187469482422, 0.25, 1.0, 15.406930923461914]}