{"x": [0, 1, 2, 3, 4, 5], "y": [11.404187202453613, 6.176137447357178, 13.397224426269531, 7.358669281005859, 15.570676803588867, 10.13247299194336], "params": [4.86649227142334, 2.1587629318237305, 9.275012969970703, 12.513786315917969, 0.25, 1.0, 13.317047119140625]}