{"x": [0, 1, 2, 3, 4, 5], "y": [2.805304527282715, 1.5737837553024292, 3.610433578491211, 2.613048553466797, 4.282907485961914, 3.189680576324463], "params": [3.5895559787750244, -2.8505725860595703, 8.150232315063477, 5.975157737731934, 0.25, 1.0, 6.686164855957031]}