{"x": [0, 1, 2, 3, 4, 5], "y": [2.4102041721343994, 1.8810486793518066, 2.3045034408569336, 2.2987539768218994, 2.6839818954467773, 2.472749710083008], "params": [0.7779598236083984, -1.8468248844146729, 2.132514476776123, 1.6209421157836914, 0.25, 1.0, 2.578314781188965]}