{"x": [0, 1, 2, 3, 4, 5], "y": [6.73911190032959, 3.9730961322784424, 7.21405029296875, 4.46492338180542, 7.903383255004883, 5.169773101806641], "params": [3.103424072265625, 4.392663955688477, 5.98979377746582, 12.417576789855957, 0.25, 1.0, 13.1206693649292]}