{"x": [0, 1, 2, 3, 4, 5], "y": [6.072031021118164, 2.2180278301239014, 6.449113845825195, 2.6095824241638184, 6.470515251159668, 3.067171096801758], "params": [1.517937421798706, -3.639155626296997, 3.49666690826416, 14.785188674926758, 0.25, 1.0, 15.95373821258545]}