{"x": [0, 1, 2, 3, 4, 5], "y": [5.860650062561035, 2.7627670764923096, 5.634833335876465, 3.1428771018981934, 6.038106441497803, 2.8170716762542725], "params": [0.20153522491455078, -0.165063738822937, 1.0575923919677734, 11.472187995910645, 0.25, 1.0, 12.722970008850098]}