{"x": [0, 1, 2, 3, 4, 5], "y": [5.761045932769775, 2.333662271499634, 5.486908912658691, 2.746151924133301, 5.665201187133789, 2.723830461502075], "params": [0.8798849582672119, -1.6423046588897705, 1.9475040435791016, 12.873710632324219, 0.25, 1.0, 13.636385917663574]}