{"x": [0, 1, 2, 3, 4, 5], "y": [4.816492557525635, 3.1948840618133545, 5.1718292236328125, 3.1333999633789062, 5.196930885314941, 3.363874673843384], "params": [0.22885888814926147, 1.0667133331298828, 1.051565170288086, 6.815328598022461, 0.25, 1.0, 8.277326583862305]}