{"x": [0, 1, 2, 3, 4, 5], "y": [4.383427619934082, 2.728677988052368, 5.686491012573242, 3.7661499977111816, 6.6879425048828125, 4.831751823425293], "params": [4.735846996307373, 3.873684883117676, 9.473624229431152, 9.368268013000488, 0.25, 1.0, 9.80420207977295]}