{"x": [0, 1, 2, 3, 4, 5], "y": [10.556882858276367, 5.7715606689453125, 11.049849510192871, 6.10213041305542, 11.24464225769043, 6.979798316955566], "params": [1.3303909301757812, 1.2432318925857544, 2.830014228820801, 9.644109725952148, 0.25, 1.0, 10.926704406738281]}