{"x": [0, 1, 2, 3, 4, 5], "y": [9.899456024169922, 7.2310662269592285, 12.002279281616211, 8.468198776245117, 12.928023338317871, 9.635616302490234], "params": [3.5780763626098633, 4.725704193115234, 6.901501655578613, 8.806912422180176, 0.25, 1.0, 8.679378509521484]}