{"x": [0, 1, 2, 3, 4, 5], "y": [2.690394878387451, 3.048839569091797, 3.8297810554504395, 3.7922725677490234, 4.732611179351807, 4.55868673324585], "params": [4.953845500946045, 4.08965539932251, 9.434484481811523, 1.865691900253296, 0.25, 1.0, 2.3971304893493652]}