{"x": [0, 1, 2, 3, 4, 5], "y": [5.146533966064453, 3.4324588775634766, 6.1190571784973145, 4.058832168579102, 6.994336128234863, 4.7471513748168945], "params": [4.263023853302002, 2.7901368141174316, 8.436118125915527, 10.04665756225586, 0.25, 1.0, 11.023967742919922]}