{"x": [0, 1, 2, 3, 4, 5], "y": [10.357300758361816, 6.683658123016357, 12.77701473236084, 8.504700660705566, 14.553266525268555, 10.678692817687988], "params": [4.590799331665039, 4.380353927612305, 10.113411903381348, 9.89448356628418, 0.25, 1.0, 10.045025825500488]}