{"x": [0, 1, 2, 3, 4, 5], "y": [11.52209186553955, 4.667324542999268, 10.973817825317383, 5.492303848266602, 11.330402374267578, 5.44766092300415], "params": [0.8798849582672119, -1.6423046588897705, 1.9475040435791016, 12.873710632324219, 0.25, 1.0, 13.636385917663574]}