{"x": [0, 1, 2, 3, 4, 5], "y": [4.2896952629089355, 2.11356258392334, 4.53863525390625, 2.5219674110412598, 4.523810386657715, 2.1809730529785156], "params": [0.726439356803894, -2.9893903732299805, 0.9233002662658691, 9.381577491760254, 0.25, 1.0, 10.176779747009277]}