{"x": [0, 1, 2, 3, 4, 5], "y": [2.0085630416870117, 1.9935405254364014, 2.5771379470825195, 2.811689853668213, 3.8034465312957764, 3.647490978240967], "params": [4.240766525268555, 0.4524087905883789, 8.506366729736328, 0.9532284736633301, 0.25, 1.0, 1.9506548643112183]}