{"x": [0, 1, 2, 3, 4, 5], "y": [11.370448112487793, 5.110293388366699, 11.583189010620117, 6.381260395050049, 13.45455265045166, 7.0440473556518555], "params": [2.507253885269165, -0.7352292537689209, 4.5623650550842285, 12.74715805053711, 0.25, 1.0, 13.162017822265625]}