{"x": [0, 1, 2, 3, 4, 5], "y": [3.303752899169922, 1.1846469640731812, 3.265695095062256, 1.9931975603103638, 3.9475739002227783, 1.941136121749878], "params": [1.4105496406555176, -4.510563850402832, 2.821810245513916, 8.533329963684082, 0.25, 1.0, 9.422990798950195]}