{"x": [0, 1, 2, 3, 4, 5], "y": [4.467870712280273, 2.197979211807251, 5.531915664672852, 3.1057934761047363, 6.22816276550293, 3.4576315879821777], "params": [3.67561936378479, -0.610077977180481, 6.911491394042969, 11.355366706848145, 0.25, 1.0, 11.934309005737305]}