{"x": [0, 1, 2, 3, 4, 5], "y": [11.535867691040039, 5.013273239135742, 12.171231269836426, 5.2444658279418945, 12.368535995483398, 7.113978862762451], "params": [2.1367363929748535, -1.6742533445358276, 3.8770127296447754, 13.132101058959961, 0.25, 1.0, 13.747700691223145]}