{"x": [0, 1, 2, 3, 4, 5], "y": [4.005816459655762, 2.747217893600464, 3.985036849975586, 2.6557815074920654, 4.218156814575195, 2.564967155456543], "params": [0.3479418158531189, -0.9493833780288696, 0.4137735366821289, 5.639762878417969, 0.25, 1.0, 6.421845436096191]}