{"x": [0, 1, 2, 3, 4, 5], "y": [4.644583702087402, 3.5590760707855225, 5.003764629364014, 4.025610446929932, 5.3321533203125, 4.23967981338501], "params": [1.9449493885040283, 4.7716898918151855, 3.509092330932617, 5.123684406280518, 0.25, 1.0, 5.194854259490967]}