{"x": [0, 1, 2, 3, 4, 5], "y": [3.9661989212036133, 5.0023579597473145, 5.828014373779297, 6.517650604248047, 6.908201217651367, 7.622878551483154], "params": [3.8365719318389893, 1.5527540445327759, 8.13525104522705, 0.23457974195480347, 0.25, 1.0, 1.4872596263885498]}