{"x": [0, 1, 2, 3, 4, 5], "y": [6.6685614585876465, 3.462205410003662, 7.212360382080078, 3.574747085571289, 7.093031883239746, 3.845498561859131], "params": [1.384284496307373, 2.29425311088562, 2.2662792205810547, 13.67806339263916, 0.25, 1.0, 14.460908889770508]}