{"x": [0, 1, 2, 3, 4, 5], "y": [3.8761439323425293, 2.0795230865478516, 4.2296342849731445, 2.1958045959472656, 4.4045939445495605, 2.167598009109497], "params": [1.0233149528503418, -2.3128347396850586, 2.2586450576782227, 9.238306045532227, 0.25, 1.0, 8.966787338256836]}