{"x": [0, 1, 2, 3, 4, 5], "y": [8.286321640014648, 4.391730785369873, 8.673222541809082, 6.029366970062256, 10.081456184387207, 7.006944179534912], "params": [2.8303608894348145, 0.4123181104660034, 4.742636680603027, 7.852937698364258, 0.25, 1.0, 8.255457878112793]}