{"x": [0, 1, 2, 3, 4, 5], "y": [3.8444833755493164, 3.3575425148010254, 4.371238708496094, 3.8714916706085205, 5.45939826965332, 4.8301100730896], "params": [4.604663848876953, 3.9770383834838867, 8.253190040588379, 4.21109676361084, 0.25, 1.0, 4.984672546386719]}