{"x": [0, 1, 2, 3, 4, 5], "y": [1.2001316547393799, 1.343105673789978, 1.9926478862762451, 2.3023500442504883, 2.7408077716827393, 2.945347785949707], "params": [4.141331672668457, -2.1512413024902344, 7.796146392822266, 0.6391328573226929, 0.25, 1.0, 1.7396997213363647]}