{"x": [0, 1, 2, 3, 4, 5], "y": [10.507067680358887, 4.415745258331299, 11.959699630737305, 6.232085227966309, 13.814570426940918, 7.130662441253662], "params": [2.928269147872925, -2.333916425704956, 5.7671990394592285, 13.81869888305664, 0.25, 1.0, 15.387760162353516]}