{"x": [0, 1, 2, 3, 4, 5], "y": [0.783966064453125, 1.1176120042800903, 2.005592107772827, 1.8604249954223633, 2.842120885848999, 2.870015859603882], "params": [4.577341556549072, -3.6419856548309326, 9.1441011428833, 1.5002042055130005, 0.25, 1.0, 2.223360538482666]}