{"x": [0, 1, 2, 3, 4, 5], "y": [5.148260116577148, 2.72023868560791, 5.523144721984863, 3.025195360183716, 6.205669403076172, 3.8790364265441895], "params": [1.539275050163269, -4.021327495574951, 2.1416029930114746, 4.7732744216918945, 0.25, 1.0, 5.402634143829346]}