{"x": [0, 1, 2, 3, 4, 5], "y": [5.278441429138184, 2.8857803344726562, 5.5249247550964355, 3.05106520652771, 5.622321128845215, 3.489899158477783], "params": [1.3303909301757812, 1.2432318925857544, 2.830014228820801, 9.644109725952148, 0.25, 1.0, 10.926704406738281]}