{"x": [0, 1, 2, 3, 4, 5], "y": [10.120712280273438, 5.499536037445068, 11.04043960571289, 7.706147193908691, 13.05617904663086, 9.133864402770996], "params": [4.100590705871582, 1.4513534307479858, 7.11722469329834, 8.98049545288086, 0.25, 1.0, 9.479260444641113]}