{"x": [0, 1, 2, 3, 4, 5], "y": [5.844958305358887, 3.6364188194274902, 5.903380393981934, 3.9200000762939453, 7.515798568725586, 4.915428638458252], "params": [2.573756456375122, -4.063169479370117, 4.09675407409668, 5.501763343811035, 0.25, 1.0, 5.955813884735107]}