{"x": [0, 1, 2, 3, 4, 5], "y": [2.5425400733947754, 1.3680967092514038, 3.571533203125, 1.856080174446106, 4.00473165512085, 2.7270894050598145], "params": [3.313081741333008, -3.9076900482177734, 6.939603805541992, 7.22592830657959, 0.25, 1.0, 7.040847301483154]}