{"x": [0, 1, 2, 3, 4, 5], "y": [6.132904052734375, 3.3137645721435547, 6.85567569732666, 3.814685106277466, 7.334927558898926, 4.631958961486816], "params": [2.9187254905700684, 4.700448036193848, 6.071918487548828, 12.012178421020508, 0.25, 1.0, 13.158726692199707]}