{"x": [0, 1, 2, 3, 4, 5], "y": [4.423252105712891, 1.4687285423278809, 5.12765645980835, 2.5107316970825195, 5.7402119636535645, 3.000432252883911], "params": [3.144700527191162, -3.019512176513672, 6.399045944213867, 12.0072021484375, 0.25, 1.0, 12.528482437133789]}