{"x": [0, 1, 2, 3, 4, 5], "y": [3.6832046508789062, 2.4396767616271973, 4.202774524688721, 2.4843287467956543, 4.684927463531494, 3.122746229171753], "params": [2.246096134185791, -1.2395107746124268, 4.460507869720459, 6.755414962768555, 0.25, 1.0, 7.207442283630371]}