{"x": [0, 1, 2, 3, 4, 5], "y": [4.381513595581055, 3.0587611198425293, 4.997217655181885, 3.7825841903686523, 5.686026096343994, 4.423500061035156], "params": [3.3283722400665283, 2.745957374572754, 5.743374824523926, 5.63497257232666, 0.25, 1.0, 6.712018013000488]}