{"x": [0, 1, 2, 3, 4, 5], "y": [4.0246076583862305, 1.3495700359344482, 4.76629638671875, 1.5530171394348145, 4.760092735290527, 1.9124469757080078], "params": [1.4354079961776733, -4.770474910736084, 4.222092628479004, 12.258960723876953, 0.25, 1.0, 13.014147758483887]}