{"x": [0, 1, 2, 3, 4, 5], "y": [2.1164491176605225, 1.802050232887268, 2.966912269592285, 2.8521735668182373, 4.366458892822266, 3.918147563934326], "params": [4.83738899230957, -0.12689292430877686, 9.832769393920898, 2.8439855575561523, 0.25, 1.0, 3.6882810592651367]}