{"x": [0, 1, 2, 3, 4, 5], "y": [6.335829257965088, 3.386989116668701, 7.259986877441406, 4.084948539733887, 7.9096360206604, 4.574967384338379], "params": [3.0655264854431152, 3.1815218925476074, 5.926972389221191, 13.4302396774292, 0.25, 1.0, 14.885226249694824]}