{"x": [0, 1, 2, 3, 4, 5], "y": [10.86625862121582, 6.889838218688965, 10.77886962890625, 7.576003074645996, 12.286344528198242, 8.304988861083984], "params": [2.285344123840332, 3.844578266143799, 4.021547317504883, 8.323144912719727, 0.25, 1.0, 9.144085884094238]}