{"x": [0, 1, 2, 3, 4, 5], "y": [3.1757431030273438, 1.9556630849838257, 3.690990924835205, 2.5956499576568604, 4.217962265014648, 3.137845754623413], "params": [2.2875726222991943, 0.09091079235076904, 4.803203582763672, 5.366095542907715, 0.25, 1.0, 5.976577281951904]}