{"x": [0, 1, 2, 3, 4, 5], "y": [7.772652626037598, 4.255797386169434, 7.504351615905762, 3.8711256980895996, 7.600486755371094, 4.031891345977783], "params": [0.133780837059021, 2.8725266456604004, 0.8655376434326172, 14.494421005249023, 0.25, 1.0, 15.096231460571289]}