{"x": [0, 1, 2, 3, 4, 5], "y": [1.9156599044799805, 1.785030484199524, 2.4483871459960938, 1.7211685180664062, 2.8288073539733887, 2.6189537048339844], "params": [1.9288978576660156, -2.1554338932037354, 4.5189409255981445, 2.2707786560058594, 0.25, 1.0, 3.1861629486083984]}