{"x": [0, 1, 2, 3, 4, 5], "y": [3.5560882091522217, 3.336550712585449, 4.376554489135742, 3.966564416885376, 5.167960166931152, 4.153085708618164], "params": [3.5284266471862793, 4.74144983291626, 6.7891130447387695, 2.8646109104156494, 0.25, 1.0, 4.401123523712158]}