{"x": [0, 1, 2, 3, 4, 5], "y": [7.194840431213379, 4.993533134460449, 9.054689407348633, 6.180981636047363, 10.44093132019043, 7.520778179168701], "params": [3.893331527709961, 0.514979362487793, 8.024818420410156, 7.01082706451416, 0.25, 1.0, 7.476259708404541]}