{"x": [0, 1, 2, 3, 4, 5], "y": [13.337122917175293, 6.924410820007324, 14.424720764160156, 7.149494171142578, 14.186063766479492, 7.690997123718262], "params": [1.384284496307373, 2.29425311088562, 2.2662792205810547, 13.67806339263916, 0.25, 1.0, 14.460908889770508]}