{"x": [0, 1, 2, 3, 4, 5], "y": [4.289252281188965, 2.4687700271606445, 5.582605361938477, 4.400783538818359, 8.023935317993164, 5.574029445648193], "params": [4.258309841156006, -3.3981494903564453, 8.236654281616211, 5.929531097412109, 0.25, 1.0, 6.091019153594971]}