{"x": [0, 1, 2, 3, 4, 5], "y": [5.303092002868652, 3.3991246223449707, 6.682662010192871, 5.189858436584473, 8.047754287719727, 6.529483318328857], "params": [4.244140148162842, -1.9486016035079956, 8.453583717346191, 5.426895618438721, 0.25, 1.0, 6.041163921356201]}