{"x": [0, 1, 2, 3, 4, 5], "y": [10.155865669250488, 5.463039875030518, 12.086092948913574, 7.714609146118164, 13.661823272705078, 9.487077713012695], "params": [4.697366714477539, 4.399470329284668, 9.1946382522583, 10.042326927185059, 0.25, 1.0, 11.21536922454834]}