{"x": [0, 1, 2, 3, 4, 5], "y": [9.026105880737305, 5.712793827056885, 11.04387378692627, 6.7685089111328125, 11.891754150390625, 8.012187957763672], "params": [2.9471538066864014, 2.5544703006744385, 6.567354202270508, 9.358931541442871, 0.25, 1.0, 8.949417114257812]}