{"x": [0, 1, 2, 3, 4, 5], "y": [10.826421737670898, 6.492165565490723, 11.799747467041016, 7.679649353027344, 12.790169715881348, 8.734223365783691], "params": [2.3685929775238037, 0.4971963167190552, 5.40941047668457, 10.519619941711426, 0.25, 1.0, 10.971808433532715]}