{"x": [0, 1, 2, 3, 4, 5], "y": [3.7395200729370117, 1.7845581769943237, 4.043686389923096, 2.3371121883392334, 4.527981758117676, 2.612926959991455], "params": [2.684014320373535, -3.4385509490966797, 5.081540584564209, 8.689963340759277, 0.25, 1.0, 9.587911605834961]}