{"x": [0, 1, 2, 3, 4, 5], "y": [8.205388069152832, 5.213069438934326, 10.804584503173828, 6.7154154777526855, 12.04824447631836, 9.30593204498291], "params": [4.845124244689941, 2.887345552444458, 10.37686538696289, 8.43117618560791, 0.25, 1.0, 9.116065979003906]}