{"x": [0, 1, 2, 3, 4, 5], "y": [11.878129005432129, 6.596424102783203, 14.23307991027832, 7.628348350524902, 15.84213638305664, 9.449472427368164], "params": [4.402807235717773, 3.5004234313964844, 9.358643531799316, 14.283581733703613, 0.25, 1.0, 15.502156257629395]}