{"x": [0, 1, 2, 3, 4, 5], "y": [1.660048246383667, 1.6223721504211426, 1.9006085395812988, 2.148104429244995, 2.448679208755493, 2.0895743370056152], "params": [1.3678393363952637, -2.464358329772949, 2.901820659637451, 0.23961156606674194, 0.25, 1.0, 1.4966003894805908]}