{"x": [0, 1, 2, 3, 4, 5], "y": [4.179319381713867, 2.583813428878784, 5.53083610534668, 3.6924002170562744, 6.27470064163208, 4.810770034790039], "params": [4.847440242767334, 1.2070530652999878, 10.099689483642578, 8.647272109985352, 0.25, 1.0, 9.828595161437988]}