{"x": [0, 1, 2, 3, 4, 5], "y": [6.612388610839844, 2.9832918643951416, 7.229048252105713, 3.265826940536499, 7.09608793258667, 3.694082260131836], "params": [1.3828144073486328, -0.6107175350189209, 2.224442958831787, 14.36776065826416, 0.25, 1.0, 15.598794937133789]}