{"x": [0, 1, 2, 3, 4, 5], "y": [3.5136606693267822, 3.606842041015625, 3.689119577407837, 3.22833514213562, 3.3694207668304443, 3.4398841857910156], "params": [0.14968514442443848, 3.5581552982330322, 1.0756874084472656, 0.7681730389595032, 0.25, 1.0, 1.6915779113769531]}