{"x": [0, 1, 2, 3, 4, 5], "y": [6.278682231903076, 2.7183656692504883, 6.357339859008789, 3.271693229675293, 6.977967262268066, 3.3120243549346924], "params": [0.9831154346466064, -1.2706154584884644, 2.7362465858459473, 14.006803512573242, 0.25, 1.0, 14.302160263061523]}