{"x": [0, 1, 2, 3, 4, 5], "y": [3.831319808959961, 3.570060968399048, 4.8967742919921875, 3.4423370361328125, 5.657614707946777, 5.237907409667969], "params": [1.9288978576660156, -2.1554338932037354, 4.5189409255981445, 2.2707786560058594, 0.25, 1.0, 3.1861629486083984]}