{"x": [0, 1, 2, 3, 4, 5], "y": [8.376569747924805, 3.34828782081604, 10.224716186523438, 4.882693290710449, 12.053564071655273, 6.768764972686768], "params": [4.151472568511963, -1.0683262348175049, 7.999393939971924, 11.627617835998535, 0.25, 1.0, 12.510136604309082]}