{"x": [0, 1, 2, 3, 4, 5], "y": [8.990557670593262, 6.106178283691406, 10.829004287719727, 7.897799491882324, 12.13362979888916, 9.24755859375], "params": [4.184970378875732, 4.221504211425781, 8.403849601745605, 6.864278793334961, 0.25, 1.0, 8.337875366210938]}