{"x": [0, 1, 2, 3, 4, 5], "y": [2.96476149559021, 2.759812116622925, 3.980548620223999, 3.546597480773926, 4.9756622314453125, 4.363357067108154], "params": [4.218674659729004, 2.3159420490264893, 9.393695831298828, 4.227112293243408, 0.25, 1.0, 4.510337829589844]}