{"x": [0, 1, 2, 3, 4, 5], "y": [13.799524307250977, 7.302117347717285, 15.007036209106445, 7.909583568572998, 16.620513916015625, 9.836360931396484], "params": [2.9894611835479736, 3.457777976989746, 6.372371673583984, 14.930222511291504, 0.25, 1.0, 16.139772415161133]}