{"x": [0, 1, 2, 3, 4, 5], "y": [8.959270477294922, 6.044140815734863, 10.270234107971191, 7.09557580947876, 10.451066970825195, 8.157964706420898], "params": [2.4192967414855957, 3.848771572113037, 5.043308258056641, 5.730235576629639, 0.25, 1.0, 6.619601249694824]}