{"x": [0, 1, 2, 3, 4, 5], "y": [4.3581223487854, 2.464350461959839, 5.233701705932617, 3.0902891159057617, 5.124202728271484, 3.3242409229278564], "params": [2.1445324420928955, -1.1878198385238647, 4.899170875549316, 9.46469783782959, 0.25, 1.0, 10.495903968811035]}