{"x": [0, 1, 2, 3, 4, 5], "y": [4.197334289550781, 2.349430561065674, 5.581985950469971, 3.903954267501831, 7.312731742858887, 5.552497863769531], "params": [4.045982837677002, -3.565598726272583, 8.30029010772705, 5.273560047149658, 0.25, 1.0, 5.738834381103516]}