{"x": [0, 1, 2, 3, 4, 5], "y": [4.597682952880859, 2.132396697998047, 5.1256022453308105, 2.916280508041382, 5.595855712890625, 3.4025089740753174], "params": [3.1438276767730713, -0.16435563564300537, 5.6606526374816895, 10.525314331054688, 0.25, 1.0, 10.763931274414062]}