{"x": [0, 1, 2, 3, 4, 5], "y": [1.9830994606018066, 2.5011789798736572, 2.9140071868896484, 3.2588253021240234, 3.4541006088256836, 3.811439275741577], "params": [3.8365719318389893, 1.5527540445327759, 8.13525104522705, 0.23457974195480347, 0.25, 1.0, 1.4872596263885498]}