{"x": [0, 1, 2, 3, 4, 5], "y": [2.574130058288574, 1.360119342803955, 2.7615723609924316, 1.512597680091858, 3.102834701538086, 1.9395182132720947], "params": [1.539275050163269, -4.021327495574951, 2.1416029930114746, 4.7732744216918945, 0.25, 1.0, 5.402634143829346]}