{"x": [0, 1, 2, 3, 4, 5], "y": [2.528848648071289, 2.3089659214019775, 2.8920183181762695, 2.9478001594543457, 3.6217212677001953, 3.753002882003784], "params": [3.3989577293395996, 0.5497795343399048, 5.56282901763916, 1.6097679138183594, 0.25, 1.0, 1.7644014358520508]}