{"x": [0, 1, 2, 3, 4, 5], "y": [12.776342391967773, 7.344525337219238, 12.956366539001465, 7.718573093414307, 12.887252807617188, 7.198570728302002], "params": [0.18521666526794434, 2.3517255783081055, 1.3461503982543945, 11.007325172424316, 0.25, 1.0, 11.754204750061035]}