{"x": [0, 1, 2, 3, 4, 5], "y": [3.77178955078125, 2.9522743225097656, 4.216460227966309, 3.5214474201202393, 4.624882698059082, 3.876098155975342], "params": [2.3551082611083984, 3.3505635261535645, 4.372037887573242, 3.3353018760681152, 0.25, 1.0, 5.054122447967529]}