{"x": [0, 1, 2, 3, 4, 5], "y": [14.704879760742188, 7.255500316619873, 15.337957382202148, 8.045669555664062, 14.697583198547363, 7.67003059387207], "params": [0.5968916416168213, 1.1724549531936646, 1.451131820678711, 14.372217178344727, 0.25, 1.0, 14.713781356811523]}