{"x": [0, 1, 2, 3, 4, 5], "y": [3.779873847961426, 1.6051955223083496, 3.887307643890381, 2.201442241668701, 4.546191692352295, 2.578310489654541], "params": [1.9720816612243652, -4.904282569885254, 4.2135796546936035, 9.319742202758789, 0.25, 1.0, 9.543191909790039]}