{"x": [0, 1, 2, 3, 4, 5], "y": [8.358638763427734, 5.167626857757568, 11.06167221069336, 7.384800434112549, 12.54940128326416, 9.621540069580078], "params": [4.847440242767334, 1.2070530652999878, 10.099689483642578, 8.647272109985352, 0.25, 1.0, 9.828595161437988]}