{"x": [0, 1, 2, 3, 4, 5], "y": [2.844189167022705, 2.4696781635284424, 3.127755880355835, 3.1302390098571777, 3.5035147666931152, 3.3058459758758545], "params": [2.0580215454101562, 1.3296759128570557, 3.624800682067871, 1.5163805484771729, 0.25, 1.0, 2.0494306087493896]}