{"x": [0, 1, 2, 3, 4, 5], "y": [3.9075584411621094, 3.0602073669433594, 4.333234786987305, 3.492910146713257, 4.460658073425293, 3.949909210205078], "params": [2.4032397270202637, 2.1837167739868164, 4.904268264770508, 4.300395488739014, 0.25, 1.0, 4.779605865478516]}