{"x": [0, 1, 2, 3, 4, 5], "y": [11.322845458984375, 7.028799057006836, 12.43008041381836, 8.10128402709961, 14.046500205993652, 9.561661720275879], "params": [3.4749181270599365, 1.9200217723846436, 7.376439094543457, 10.627811431884766, 0.25, 1.0, 11.083654403686523]}