{"x": [0, 1, 2, 3, 4, 5], "y": [4.6382598876953125, 1.655334234237671, 6.8661208152771, 4.130295753479004, 8.825272560119629, 5.594522476196289], "params": [4.811434268951416, -4.998815536499023, 7.782095909118652, 7.1199774742126465, 0.25, 1.0, 7.9255547523498535]}