{"x": [0, 1, 2, 3, 4, 5], "y": [3.8477611541748047, 2.018993854522705, 4.1290740966796875, 2.259683132171631, 4.469285011291504, 2.4929826259613037], "params": [1.2567275762557983, -4.098541736602783, 2.881887435913086, 8.150005340576172, 0.25, 1.0, 8.794718742370605]}