{"x": [0, 1, 2, 3, 4, 5], "y": [1.5289676189422607, 1.8963905572891235, 2.4128761291503906, 2.689065933227539, 3.3292596340179443, 3.3080360889434814], "params": [4.810728073120117, -0.44734418392181396, 8.824036598205566, 0.7416915893554688, 0.25, 1.0, 1.7077627182006836]}