{"x": [0, 1, 2, 3, 4, 5], "y": [2.9842944145202637, 1.276643991470337, 4.089771270751953, 1.792906641960144, 4.075344085693359, 2.870267629623413], "params": [2.6399106979370117, -2.4068613052368164, 5.557343006134033, 7.138986110687256, 0.25, 1.0, 8.960770606994629]}