{"x": [0, 1, 2, 3, 4, 5], "y": [9.812000274658203, 3.378413200378418, 12.119037628173828, 5.0983195304870605, 13.082118034362793, 6.174752235412598], "params": [3.547232151031494, -3.597702980041504, 8.12257194519043, 14.79963207244873, 0.25, 1.0, 16.177593231201172]}