{"x": [0, 1, 2, 3, 4, 5], "y": [5.973274230957031, 3.3346621990203857, 5.991389274597168, 3.249692440032959, 6.423613548278809, 3.644705057144165], "params": [0.990181565284729, 0.7284766435623169, 1.5391559600830078, 11.049050331115723, 0.25, 1.0, 11.736496925354004]}