{"x": [0, 1, 2, 3, 4, 5], "y": [2.050900936126709, 1.2547876834869385, 2.427062511444092, 1.3095847368240356, 2.5589420795440674, 1.8152852058410645], "params": [0.8565035462379456, -4.540461540222168, 2.9039740562438965, 4.2144269943237305, 0.25, 1.0, 4.659330368041992]}