{"x": [0, 1, 2, 3, 4, 5], "y": [11.474126815795898, 6.772312164306641, 11.95376205444336, 7.0795722007751465, 13.150899887084961, 9.055598258972168], "params": [2.4652862548828125, 2.9425501823425293, 6.729274749755859, 10.858419418334961, 0.25, 1.0, 11.75479793548584]}