{"x": [0, 1, 2, 3, 4, 5], "y": [10.220810890197754, 4.268718242645264, 12.321221351623535, 5.350898265838623, 13.854901313781738, 7.385483741760254], "params": [4.13824462890625, -3.164891004562378, 9.007384300231934, 14.799735069274902, 0.25, 1.0, 15.125276565551758]}