{"x": [0, 1, 2, 3, 4, 5], "y": [3.6296801567077637, 2.921659469604492, 3.9258484840393066, 3.0622313022613525, 4.644809246063232, 3.8494529724121094], "params": [2.1702747344970703, 1.3795393705368042, 4.108728408813477, 3.990165948867798, 0.25, 1.0, 4.223392486572266]}