{"x": [0, 1, 2, 3, 4, 5], "y": [9.295293807983398, 3.354745388031006, 9.918963432312012, 4.46846866607666, 11.115649223327637, 5.857122421264648], "params": [2.8814010620117188, -4.1896491050720215, 4.952277183532715, 12.076716423034668, 0.25, 1.0, 12.892881393432617]}