{"x": [0, 1, 2, 3, 4, 5], "y": [4.694960594177246, 2.369307041168213, 5.88819694519043, 3.6470413208007812, 7.094724655151367, 4.554928779602051], "params": [4.862127780914307, 0.23866057395935059, 11.756464958190918, 12.28040885925293, 0.25, 1.0, 13.376993179321289]}