{"x": [0, 1, 2, 3, 4, 5], "y": [8.65783977508545, 4.375394821166992, 10.443643569946289, 6.275584697723389, 12.428346633911133, 7.5568528175354], "params": [4.948086261749268, -0.8973515033721924, 9.211997032165527, 11.490184783935547, 0.25, 1.0, 11.72928524017334]}