{"x": [0, 1, 2, 3, 4, 5], "y": [-0.052457720041275024, 4.659431457519531, 0.3498259484767914, 4.565491676330566, 0.46236926317214966, 5.314415454864502], "params": [9.642709732055664, 0.25, 0.0, 10.733746528625488]}