{"x": [0, 1, 2, 3, 4, 5], "y": [-0.0889594554901123, 7.469183921813965, 0.02770800143480301, 7.47019624710083, 0.17913636565208435, 7.419407844543457], "params": [14.291071891784668, 0.25, 0.0, 15.118310928344727]}