{"x": [0, 1, 2, 3, 4, 5], "y": [0.07153328508138657, 1.261612892150879, 0.5453268885612488, 0.9001239538192749, 0.07765515148639679, 1.0829815864562988], "params": [2.0862722396850586, 0.25, 0.0, 2.3801591396331787]}