{"x": [0, 1, 2, 3, 4, 5], "y": [2.4037303924560547, 10.104723930358887, 2.2049858570098877, 10.148916244506836, 2.167536497116089, 9.36148738861084], "params": [14.987174987792969, 0.25, 0.0, 15.962759017944336]}