{"x": [0, 1, 2, 3, 4, 5], "y": [1.1848556995391846, 5.6216301918029785, 1.268837809562683, 6.103659629821777, 1.4492888450622559, 5.88926887512207], "params": [9.058841705322266, 0.25, 0.0, 9.837608337402344]}