{"x": [0, 1, 2, 3, 4, 5], "y": [1.2940236330032349, 5.193898677825928, 1.4292651414871216, 5.652345657348633, 1.3679758310317993, 5.271256923675537], "params": [8.060649871826172, 0.25, 0.0, 8.716644287109375]}