{"x": [0, 1, 2, 3, 4, 5], "y": [0.5406880378723145, 2.608201742172241, 0.34965261816978455, 2.6476359367370605, 0.48487910628318787, 2.8514955043792725], "params": [4.563531875610352, 0.25, 0.0, 5.00368595123291]}