{"x": [0, 1, 2, 3, 4, 5], "y": [0.16308651864528656, 1.3474235534667969, 0.12018974870443344, 0.7062902450561523, 0.5757285356521606, 0.9089358448982239], "params": [1.3651657104492188, 0.25, 0.0, 2.454467535018921]}