{"x": [0, 1, 2, 3, 4, 5], "y": [2.5218682289123535, 8.423418998718262, 1.7718743085861206, 8.488521575927734, 2.0837044715881348, 8.314404487609863], "params": [12.369068145751953, 0.25, 0.0, 13.433294296264648]}