{"x": [0, 1, 2, 3, 4, 5], "y": [0.08965760469436646, 0.9024749994277954, 0.007678905501961708, 0.2367355227470398, 0.2150472104549408, 0.23684249818325043], "params": [0.27936458587646484, 0.25, 0.0, 1.7895921468734741]}