{"x": [0, 1, 2, 3, 4, 5], "y": [0.09571589529514313, 6.230411052703857, 0.04066653549671173, 5.993955135345459, 0.13278290629386902, 6.335819244384766], "params": [12.802291870117188, 0.25, 0.0, 12.59030532836914]}