{"x": [0, 1, 2, 3, 4, 5], "y": [0.13282744586467743, 4.944730281829834, -0.43192747235298157, 4.912388801574707, 0.022908082231879234, 4.892021656036377], "params": [10.129623413085938, 0.25, 0.0, 10.753315925598145]}