{"x": [0, 1, 2, 3, 4, 5], "y": [0.7401451468467712, 6.42153787612915, 0.5942046642303467, 5.966736793518066, 0.843589186668396, 5.708270072937012], "params": [10.628732681274414, 0.25, 0.0, 11.654666900634766]}