{"x": [0, 1, 2, 3, 4, 5], "y": [0.3615357279777527, 0.8562408089637756, -0.06927995383739471, 1.0395745038986206, 0.354057252407074, 1.067399263381958], "params": [1.4809030294418335, 0.25, 0.0, 2.2733583450317383]}