{"x": [0, 1, 2, 3, 4, 5], "y": [0.5504315495491028, 4.9976887702941895, 0.17084698379039764, 4.547003746032715, 0.18300485610961914, 5.3802080154418945], "params": [9.904705047607422, 0.25, 0.0, 10.418722152709961]}