{"x": [0, 1, 2, 3, 4, 5], "y": [0.21862755715847015, 4.270656108856201, 0.21822547912597656, 4.083836555480957, -0.1647150069475174, 4.051151275634766], "params": [7.799992561340332, 0.25, 0.0, 8.870741844177246]}