{"x": [0, 1, 2, 3, 4, 5], "y": [0.10777653008699417, 1.9512059688568115, -0.06416969001293182, 1.811142921447754, -0.07038584351539612, 1.9069650173187256], "params": [3.791591167449951, 0.25, 0.0, 4.04318380355835]}