{"x": [0, 1, 2, 3, 4, 5], "y": [1.584344506263733, 6.845053672790527, 1.6285914182662964, 6.69448184967041, 1.432161808013916, 6.529331684112549], "params": [10.160361289978027, 0.25, 0.0, 10.825783729553223]}