{"x": [0, 1, 2, 3, 4, 5], "y": [-0.10800252109766006, 0.7510579824447632, 0.27367544174194336, 1.0080459117889404, 0.12422285974025726, 0.8969030380249023], "params": [1.473131775856018, 0.25, 0.0, 2.2320969104766846]}