{"x": [0, 1, 2, 3, 4, 5], "y": [0.7079788446426392, 5.816571235656738, 0.6539573073387146, 5.84240198135376, 1.1977436542510986, 5.803371429443359], "params": [9.893936157226562, 0.25, 0.0, 10.3768892288208]}