{"x": [0, 1, 2, 3, 4, 5], "y": [0.6763120889663696, 6.311034202575684, 0.8131657242774963, 6.362892150878906, 0.7214228510856628, 6.019552230834961], "params": [10.84896469116211, 0.25, 0.0, 11.373160362243652]}