{"x": [0, 1, 2, 3, 4, 5], "y": [1.5792782306671143, 7.3898491859436035, 1.3221912384033203, 7.592380046844482, 1.4092481136322021, 7.831562519073486], "params": [12.014610290527344, 0.25, 0.0, 13.018742561340332]}