{"x": [0, 1, 2, 3, 4, 5], "y": [-0.04495429992675781, 2.1086483001708984, 0.34507131576538086, 2.179001808166504, 0.9510194063186646, 2.193286657333374], "params": [3.1629629135131836, 0.25, 0.0, 4.476481914520264]}