{"x": [0, 1, 2, 3, 4, 5], "y": [0.6920291781425476, 3.7020649909973145, 0.9115095138549805, 3.990891695022583, 0.6450291275978088, 3.485048532485962], "params": [5.891310691833496, 0.25, 0.0, 6.691725254058838]}