{"x": [0, 1, 2, 3, 4, 5], "y": [0.6684819459915161, 6.825300216674805, 1.287076711654663, 7.061064720153809, 1.1463183164596558, 7.246433734893799], "params": [12.124106407165527, 0.25, 0.0, 13.155903816223145]}