{"x": [0, 1, 2, 3, 4, 5], "y": [1.8447964191436768, 8.93945598602295, 1.880613923072815, 8.505014419555664, 1.764994740486145, 8.666064262390137], "params": [13.680365562438965, 0.25, 0.0, 14.348922729492188]}