{"x": [0, 1, 2, 3, 4, 5], "y": [0.14857500791549683, 2.179150342941284, -0.032937437295913696, 1.727575659751892, -0.25895529985427856, 1.493033766746521], "params": [3.727372884750366, 0.25, 0.0, 4.876211166381836]}