{"x": [0, 1, 2, 3, 4, 5], "y": [0.48619234561920166, 4.01589822769165, 0.7902472019195557, 3.6405832767486572, 0.5584062933921814, 4.124843120574951], "params": [7.150055885314941, 0.25, 0.0, 7.277301788330078]}