{"x": [0, 1, 2, 3, 4, 5], "y": [-0.022565096616744995, 2.515087366104126, 0.22995640337467194, 2.240427017211914, 0.5668356418609619, 2.159421682357788], "params": [3.983612298965454, 0.25, 0.0, 5.075304985046387]}