{"x": [0, 1, 2, 3, 4, 5], "y": [1.7057782411575317, 6.760848522186279, 1.824128270149231, 7.003379821777344, 1.5119258165359497, 6.9952802658081055], "params": [10.448343276977539, 0.25, 0.0, 10.982908248901367]}