{"x": [0, 1, 2, 3, 4, 5], "y": [0.3331455886363983, 0.09876610338687897, -0.0667053833603859, 0.2376396805047989, -0.1510208249092102, 0.49643248319625854], "params": [0.5197235941886902, 0.25, 0.0, 1.2949066162109375]}