{"x": [0, 1, 2, 3, 4, 5], "y": [1.6397607326507568, 7.5154008865356445, 1.4673136472702026, 7.706545352935791, 1.468390703201294, 7.702829837799072], "params": [12.978022575378418, 0.25, 0.0, 12.478463172912598]}