{"x": [0, 1, 2, 3, 4, 5], "y": [0.3133041262626648, 5.944441318511963, 0.6044259071350098, 5.685283184051514, 0.4842211604118347, 5.752498626708984], "params": [10.545122146606445, 0.25, 0.0, 11.262274742126465]}