{"x": [0, 1, 2, 3, 4, 5], "y": [1.7348723411560059, 9.142386436462402, 1.3132617473602295, 8.717798233032227, 1.5318162441253662, 8.77877140045166], "params": [14.020439147949219, 0.25, 0.0, 15.658248901367188]}