{"x": [0, 1, 2, 3, 4, 5], "y": [0.5751317739486694, 4.730185031890869, 0.4963631331920624, 5.054947376251221, 0.78807532787323, 5.25101375579834], "params": [8.78935432434082, 0.25, 0.0, 9.50930118560791]}