{"x": [0, 1, 2, 3, 4, 5], "y": [0.20303809642791748, 2.702237606048584, 0.5174273252487183, 2.743114709854126, 0.32833001017570496, 3.158679723739624], "params": [5.138978004455566, 0.25, 0.0, 5.911283493041992]}