{"x": [0, 1, 2, 3, 4, 5], "y": [-0.0015890300273895264, 6.163491725921631, 0.15170818567276, 6.146773815155029, 0.18250784277915955, 5.958804607391357], "params": [11.453237533569336, 0.25, 0.0, 12.330161094665527]}