{"x": [0, 1, 2, 3, 4, 5], "y": [0.3886948823928833, 6.302310466766357, 0.8311597108840942, 6.1230340003967285, 0.62334144115448, 6.231531620025635], "params": [11.050883293151855, 0.25, 0.0, 11.827231407165527]}