{"x": [0, 1, 2, 3, 4, 5], "y": [0.39710813760757446, 4.097140789031982, 0.30224233865737915, 4.210631847381592, 0.13649557530879974, 4.071946144104004], "params": [8.27716064453125, 0.25, 0.0, 8.148272514343262]}