{"x": [0, 1, 2, 3, 4, 5], "y": [0.8866095542907715, 6.970248222351074, 1.1733574867248535, 7.578118801116943, 0.912886381149292, 7.253283977508545], "params": [12.835014343261719, 0.25, 0.0, 13.383018493652344]}