{"x": [0, 1, 2, 3, 4, 5], "y": [1.112442970275879, 4.108999729156494, 0.798872709274292, 3.936755895614624, 0.8617943525314331, 3.614528179168701], "params": [6.027496814727783, 0.25, 0.0, 6.620254039764404]}