{"x": [0, 1, 2, 3, 4, 5], "y": [0.5471756458282471, 3.9402027130126953, 0.5901094675064087, 3.9606237411499023, 0.8792954683303833, 4.550683975219727], "params": [7.120756149291992, 0.25, 0.0, 8.007017135620117]}