{"x": [0, 1, 2, 3, 4, 5], "y": [0.19073238968849182, 3.468712329864502, 0.17016012966632843, 3.6642603874206543, 0.42195865511894226, 2.9128129482269287], "params": [6.181776523590088, 0.25, 0.0, 6.988200664520264]}