{"x": [0, 1, 2, 3, 4, 5], "y": [0.28028950095176697, 4.983189582824707, 0.4545406103134155, 5.035802841186523, -0.052435219287872314, 5.082561016082764], "params": [9.019854545593262, 0.25, 0.0, 10.26999282836914]}