{"x": [0, 1, 2, 3, 4, 5], "y": [0.4650195240974426, 3.0693743228912354, 0.7067266702651978, 2.781147003173828, 0.09402896463871002, 3.3465888500213623], "params": [5.827357292175293, 0.25, 0.0, 6.505119800567627]}