{"x": [0, 1, 2, 3, 4, 5], "y": [0.4645131528377533, 0.05886492878198624, 0.07683342695236206, 0.7056594491004944, 0.005004143808037043, -0.042797304689884186], "params": [0.03800332546234131, 0.25, 0.0, 1.4969135522842407]}