{"x": [0, 1, 2, 3, 4, 5], "y": [0.43590644001960754, 1.2761380672454834, 0.3244599997997284, 1.2911629676818848, 0.4958839416503906, 1.3939366340637207], "params": [2.0404555797576904, 0.25, 0.0, 2.13895320892334]}