{"x": [0, 1, 2, 3, 4, 5], "y": [0.4536634385585785, 3.2099976539611816, -0.06600023061037064, 2.8741092681884766, 0.014340462163090706, 2.6882524490356445], "params": [5.930089473724365, 0.25, 0.0, 6.551995754241943]}