{"x": [0, 1, 2, 3, 4, 5], "y": [0.34743958711624146, 2.004122257232666, 0.010046705603599548, 2.0078940391540527, 0.1851523220539093, 1.579569935798645], "params": [3.8156256675720215, 0.25, 0.0, 3.995694637298584]}