{"x": [0, 1, 2, 3, 4, 5], "y": [0.7679106593132019, 2.250016450881958, 0.3544531464576721, 2.468170166015625, 0.577972948551178, 2.336717367172241], "params": [3.503011465072632, 0.25, 0.0, 4.227434158325195]}