{"x": [0, 1, 2, 3, 4, 5], "y": [0.7122189998626709, 4.890188217163086, 0.7723113298416138, 5.199892997741699, 0.9197129011154175, 5.107356071472168], "params": [8.388665199279785, 0.25, 0.0, 8.975347518920898]}