{"x": [0, 1, 2, 3, 4, 5], "y": [-0.08454015851020813, 2.6190712451934814, 0.3364217281341553, 3.09076189994812, 0.4019058346748352, 2.3462677001953125], "params": [5.136295318603516, 0.25, 0.0, 6.350604057312012]}