{"x": [0, 1, 2, 3, 4, 5], "y": [0.5926178693771362, 2.015399694442749, 0.25348836183547974, 2.269841194152832, 0.13511860370635986, 2.234334707260132], "params": [4.226093769073486, 0.25, 0.0, 4.269445419311523]}