{"x": [0, 1, 2, 3, 4, 5], "y": [0.3195855915546417, 3.6913235187530518, 0.17328479886054993, 3.591179609298706, 0.5149720311164856, 3.28244686126709], "params": [6.898998260498047, 0.25, 0.0, 7.036077499389648]}