{"x": [0, 1, 2, 3, 4, 5], "y": [0.3264662027359009, 3.2419941425323486, 0.12923231720924377, 3.4042887687683105, 0.29461416602134705, 2.9428584575653076], "params": [6.525346755981445, 0.25, 0.0, 6.550112724304199]}