{"x": [0, 1, 2, 3, 4, 5], "y": [-0.11153119057416916, 0.22298285365104675, -0.19396789371967316, 0.5112923383712769, 0.3018883466720581, 0.27745521068573], "params": [0.3482624888420105, 0.25, 0.0, 1.4105204343795776]}