{"x": [0, 1, 2, 3, 4, 5], "y": [1.556512713432312, 9.543618202209473, 1.7492659091949463, 8.503748893737793, 1.3927826881408691, 8.90833568572998], "params": [14.295354843139648, 0.25, 0.0, 16.30167007446289]}