{"x": [0, 1, 2, 3, 4, 5], "y": [1.4586092233657837, 5.9523024559021, 0.4084739089012146, 5.483878135681152, 0.8003909587860107, 5.566498756408691], "params": [9.61407470703125, 0.25, 0.0, 11.08765697479248]}