{"x": [0, 1, 2, 3, 4, 5], "y": [0.44308531284332275, 5.851563453674316, 0.32128310203552246, 5.668901443481445, -0.044908761978149414, 5.67973518371582], "params": [11.086012840270996, 0.25, 0.0, 11.792943954467773]}