{"x": [0, 1, 2, 3, 4, 5], "y": [0.0965922474861145, 6.140745162963867, -0.1199965849518776, 6.585775375366211, -0.14627793431282043, 6.5498456954956055], "params": [12.98269271850586, 0.25, 0.0, 13.464106559753418]}