{"x": [0, 1, 2, 3, 4, 5], "y": [1.7567921876907349, 7.921275615692139, 1.4288687705993652, 8.193012237548828, 1.3447463512420654, 7.862833499908447], "params": [12.99090576171875, 0.25, 0.0, 13.696531295776367]}