{"x": [0, 1, 2, 3, 4, 5], "y": [2.0182814598083496, 9.41812515258789, 2.3804447650909424, 9.850210189819336, 2.0609850883483887, 9.47552490234375], "params": [14.41293716430664, 0.25, 0.0, 15.663857460021973]}