{"x": [0, 1, 2, 3, 4, 5], "y": [0.18856295943260193, 0.8414137363433838, -0.1383032202720642, 1.0624312162399292, 0.3754490315914154, 0.5535918474197388], "params": [1.202195644378662, 0.25, 0.0, 2.4014687538146973]}