{"x": [0, 1, 2, 3, 4, 5], "y": [-0.23323459923267365, 2.0265092849731445, -0.2846209406852722, 2.3026282787323, 0.27168482542037964, 2.4890308380126953], "params": [3.922988176345825, 0.25, 0.0, 5.547303676605225]}