{"x": [0, 1, 2, 3, 4, 5], "y": [-0.04656766355037689, 1.4882562160491943, 0.1856931895017624, 1.6495643854141235, 0.2908332645893097, 1.8836894035339355], "params": [2.474557876586914, 0.25, 0.0, 3.8605141639709473]}