{"x": [0, 1, 2, 3, 4, 5], "y": [0.8542612791061401, 4.525630950927734, 1.1565272808074951, 4.464203834533691, 0.9580367207527161, 4.368715763092041], "params": [6.75474214553833, 0.25, 0.0, 7.342739105224609]}