{"x": [0, 1, 2, 3, 4, 5], "y": [1.7007029056549072, 9.0082368850708, 2.4160149097442627, 9.301857948303223, 2.2141940593719482, 9.230080604553223], "params": [13.624227523803711, 0.25, 0.0, 15.202310562133789]}