{"x": [0, 1, 2, 3, 4, 5], "y": [0.3695616126060486, 3.3341541290283203, 0.26107826828956604, 3.1062231063842773, 0.7102769613265991, 3.3104796409606934], "params": [5.446038722991943, 0.25, 0.0, 6.146151542663574]}