{"x": [0, 1, 2, 3, 4, 5], "y": [0.7449452877044678, 7.382660388946533, 0.9182299375534058, 7.83840799331665, 0.4034750461578369, 8.045300483703613], "params": [14.367668151855469, 0.25, 0.0, 15.283651351928711]}