{"x": [0, 1, 2, 3, 4, 5], "y": [-0.01178996916860342, 7.433720588684082, 0.16132482886314392, 7.440758228302002, 0.2014710009098053, 7.12156867980957], "params": [14.671391487121582, 0.25, 0.0, 14.905096054077148]}