{"x": [0, 1, 2, 3, 4, 5], "y": [1.5322823524475098, 5.735733509063721, 1.3618690967559814, 5.918631553649902, 1.3002854585647583, 5.656097888946533], "params": [9.017860412597656, 0.25, 0.0, 9.236692428588867]}