{"x": [0, 1, 2, 3, 4, 5], "y": [1.67495596408844, 7.675587177276611, 1.5341671705245972, 7.473049640655518, 1.727083444595337, 7.422086715698242], "params": [11.836213111877441, 0.25, 0.0, 12.28283977508545]}