{"x": [0, 1, 2, 3, 4, 5], "y": [0.4773418605327606, 5.590676784515381, 0.3806955814361572, 5.7362380027771, -0.24840974807739258, 5.6907734870910645], "params": [10.26240348815918, 0.25, 0.0, 11.969295501708984]}