{"x": [0, 1, 2, 3, 4, 5], "y": [0.4384077191352844, 3.94884991645813, 0.694456934928894, 3.6652863025665283, 0.45607689023017883, 4.055245876312256], "params": [5.926365852355957, 0.25, 0.0, 7.233676433563232]}