{"x": [0, 1, 2, 3, 4, 5], "y": [1.500880241394043, 8.65300178527832, 1.1445814371109009, 8.448806762695312, 1.4229393005371094, 8.586807250976562], "params": [14.965788841247559, 0.25, 0.0, 15.016840934753418]}