{"x": [0, 1, 2, 3, 4, 5], "y": [1.1232472658157349, 6.118536472320557, 1.2904720306396484, 6.128837585449219, 1.3934030532836914, 6.212009906768799], "params": [9.217253684997559, 0.25, 0.0, 10.177525520324707]}