{"x": [0, 1, 2, 3, 4, 5], "y": [0.4663566052913666, 5.978612899780273, 0.7328547239303589, 5.785328388214111, 0.8073219060897827, 5.573742389678955], "params": [10.285087585449219, 0.25, 0.0, 11.02451229095459]}