{"x": [0, 1, 2, 3, 4, 5], "y": [0.3184008300304413, 2.0514838695526123, 0.37200742959976196, 2.0402004718780518, 0.5053142309188843, 2.0462799072265625], "params": [3.5572733879089355, 0.25, 0.0, 3.4661660194396973]}