{"x": [0, 1, 2, 3, 4, 5], "y": [0.42713427543640137, 4.700996398925781, 0.9710856676101685, 4.349546432495117, 0.7626264095306396, 4.612453460693359], "params": [8.347881317138672, 0.25, 0.0, 8.547723770141602]}