{"x": [0, 1, 2, 3, 4, 5], "y": [0.6435328722000122, 3.953401565551758, 0.7911747694015503, 4.005465030670166, 0.4593068063259125, 3.507270336151123], "params": [6.04655647277832, 0.25, 0.0, 7.092316627502441]}