{"x": [0, 1, 2, 3, 4, 5], "y": [0.5372958183288574, 6.046477317810059, 0.4984891712665558, 5.863443851470947, 0.526869535446167, 5.858987331390381], "params": [10.50749397277832, 0.25, 0.0, 11.095975875854492]}