{"x": [0, 1, 2, 3, 4, 5], "y": [0.13152644038200378, 5.5355448722839355, 0.33102720975875854, 5.518572807312012, -0.36738288402557373, 5.556281566619873], "params": [11.375211715698242, 0.25, 0.0, 11.847329139709473]}