{"x": [0, 1, 2, 3, 4, 5], "y": [0.616334080696106, 3.9934470653533936, 0.4339091181755066, 4.055359840393066, 0.48517441749572754, 4.175926208496094], "params": [7.146832466125488, 0.25, 0.0, 7.484034061431885]}