{"x": [0, 1, 2, 3, 4, 5], "y": [0.229030579328537, 5.689835071563721, -0.38688480854034424, 6.212244987487793, 0.3604849576950073, 5.570553779602051], "params": [11.41922378540039, 0.25, 0.0, 13.198259353637695]}