{"x": [0, 1, 2, 3, 4, 5], "y": [0.5532879829406738, 1.6050423383712769, 0.3652467429637909, 1.3149980306625366, 0.3708013594150543, 1.4349069595336914], "params": [2.195286273956299, 0.25, 0.0, 2.479591131210327]}