{"x": [0, 1, 2, 3, 4, 5], "y": [0.3504596948623657, 5.353899002075195, 0.20485886931419373, 5.424257278442383, 0.39571869373321533, 5.54403829574585], "params": [10.604368209838867, 0.25, 0.0, 10.678359031677246]}