{"x": [0, 1, 2, 3, 4, 5], "y": [0.42161044478416443, 1.0566132068634033, 0.08373517543077469, 1.462075114250183, 0.06595784425735474, 0.7771790623664856], "params": [2.404534339904785, 0.25, 0.0, 2.792234420776367]}