{"x": [0, 1, 2, 3, 4, 5], "y": [0.19492104649543762, 6.487621307373047, 0.24678079783916473, 6.378720760345459, -0.12693794071674347, 6.295991897583008], "params": [12.105813026428223, 0.25, 0.0, 13.229118347167969]}