{"x": [0, 1, 2, 3, 4, 5], "y": [0.9727563858032227, 3.3698506355285645, 0.35988765954971313, 3.509648561477661, 0.5712430477142334, 3.676906108856201], "params": [5.348565578460693, 0.25, 0.0, 6.634037017822266]}