{"x": [0, 1, 2, 3, 4, 5], "y": [1.1917226314544678, 6.416679859161377, 1.1268298625946045, 6.499414443969727, 0.9706894159317017, 6.3702287673950195], "params": [10.462750434875488, 0.25, 0.0, 11.057450294494629]}