{"x": [0, 1, 2, 3, 4, 5], "y": [0.0685577392578125, 2.3815524578094482, 0.5890973210334778, 2.7251272201538086, -0.011221557855606079, 2.5316402912139893], "params": [4.463790416717529, 0.25, 0.0, 5.472697734832764]}