{"x": [0, 1, 2, 3, 4, 5], "y": [0.9478819370269775, 8.570300102233887, 1.2695096731185913, 8.55986499786377, 1.0663256645202637, 8.443216323852539], "params": [14.709145545959473, 0.25, 0.0, 15.244836807250977]}