{"x": [0, 1, 2, 3, 4, 5], "y": [0.08372578024864197, 5.290859699249268, 0.3971808850765228, 5.449995040893555, 0.771685004234314, 5.184331893920898], "params": [9.935304641723633, 0.25, 0.0, 10.732538223266602]}