{"x": [0, 1, 2, 3, 4, 5], "y": [0.6633865237236023, 4.515061378479004, 0.6005903482437134, 4.621010780334473, 0.9582576751708984, 4.710613250732422], "params": [7.750579833984375, 0.25, 0.0, 8.220046043395996]}