{"x": [0, 1, 2, 3, 4, 5], "y": [0.23035460710525513, 3.6196625232696533, 0.5507372617721558, 3.6654746532440186, 0.5628631114959717, 3.6126201152801514], "params": [5.6879167556762695, 0.25, 0.0, 6.870240211486816]}