{"x": [0, 1, 2, 3, 4, 5], "y": [0.3014369308948517, 0.5075422525405884, -0.08532765507698059, 0.44279944896698, 0.055731289088726044, 0.6791422367095947], "params": [0.5696269869804382, 0.25, 0.0, 1.5289397239685059]}