{"x": [0, 1, 2, 3, 4, 5], "y": [0.7984703183174133, 4.182044506072998, 1.128462791442871, 4.064619064331055, 0.577519953250885, 4.026018142700195], "params": [6.915554046630859, 0.25, 0.0, 7.209049224853516]}