{"x": [0, 1, 2, 3, 4, 5], "y": [0.7967718839645386, 5.3177056312561035, 1.2844839096069336, 5.355654239654541, 1.3224543333053589, 5.163187503814697], "params": [8.009528160095215, 0.25, 0.0, 9.117764472961426]}