{"x": [0, 1, 2, 3, 4, 5], "y": [0.1890779435634613, 3.010601758956909, 0.15735065937042236, 2.9376156330108643, 0.34043169021606445, 3.2607901096343994], "params": [4.629404067993164, 0.25, 0.0, 6.206878662109375]}