{"x": [0, 1, 2, 3, 4, 5], "y": [1.7581830024719238, 7.574690341949463, 1.510310411453247, 6.827902793884277, 1.6963838338851929, 7.571461200714111], "params": [11.328679084777832, 0.25, 0.0, 12.128759384155273]}