{"x": [0, 1, 2, 3, 4, 5], "y": [0.6783775091171265, 4.116954326629639, 0.04022279381752014, 4.026298999786377, 0.19801905751228333, 4.46103572845459], "params": [7.737924575805664, 0.25, 0.0, 8.841626167297363]}