{"x": [0, 1, 2, 3, 4, 5], "y": [0.5019965767860413, 4.266201496124268, -0.068714439868927, 4.100794315338135, 0.3313901126384735, 4.880086898803711], "params": [8.57252311706543, 0.25, 0.0, 9.897603034973145]}