{"x": [0, 1, 2, 3, 4, 5], "y": [0.4688238501548767, 0.6918643712997437, 0.37652215361595154, 0.9713208079338074, 0.20591796934604645, 0.9448719024658203], "params": [1.5649070739746094, 0.25, 0.0, 1.5308057069778442]}