{"x": [0, 1, 2, 3, 4, 5], "y": [0.33965396881103516, 2.3335838317871094, 0.43984827399253845, 1.4565426111221313, 0.1564735621213913, 1.7949296236038208], "params": [3.2676422595977783, 0.25, 0.0, 4.354220390319824]}