{"x": [0, 1, 2, 3, 4, 5], "y": [0.05555728077888489, 1.228171706199646, 0.293303906917572, 0.8736597895622253, 0.11873278766870499, 1.4735093116760254], "params": [2.045602798461914, 0.25, 0.0, 2.835904121398926]}