{"x": [0, 1, 2, 3, 4, 5], "y": [1.0367146730422974, 6.590686321258545, 0.732820987701416, 6.599020957946777, 0.6439914703369141, 6.414553642272949], "params": [11.559931755065918, 0.25, 0.0, 11.910058975219727]}