{"x": [0, 1, 2, 3, 4, 5], "y": [0.39610689878463745, 0.7931216359138489, 0.4217062294483185, 1.2720913887023926, 0.1458379030227661, 1.3146921396255493], "params": [2.21299409866333, 0.25, 0.0, 2.3377084732055664]}