{"x": [0, 1, 2, 3, 4, 5], "y": [1.5411779880523682, 9.144975662231445, 1.6752675771713257, 9.446783065795898, 1.9144856929779053, 9.352624893188477], "params": [14.888933181762695, 0.25, 0.0, 15.811210632324219]}