{"x": [0, 1, 2, 3, 4, 5], "y": [-0.10751289129257202, 0.6166832447052002, -0.041033316403627396, 0.32705599069595337, 0.2766587734222412, -0.03072497248649597], "params": [0.7788553833961487, 0.25, 0.0, 1.4483922719955444]}