{"x": [0, 1, 2, 3, 4, 5], "y": [1.146323323249817, 4.617104530334473, 1.1264574527740479, 4.376621723175049, 0.9960297346115112, 5.063536167144775], "params": [7.594600677490234, 0.25, 0.0, 8.13501262664795]}