{"x": [0, 1, 2, 3, 4, 5], "y": [0.09155509620904922, 5.4786858558654785, 0.13365009427070618, 5.413954734802246, 0.3391467332839966, 5.2089762687683105], "params": [10.57193660736084, 0.25, 0.0, 10.774261474609375]}