{"x": [0, 1, 2, 3, 4, 5], "y": [0.15439020097255707, 2.0242106914520264, 0.2539035975933075, 2.3445112705230713, -0.05801200866699219, 2.423261880874634], "params": [4.116324424743652, 0.25, 0.0, 4.962547779083252]}