{"x": [0, 1, 2, 3, 4, 5], "y": [1.6091066598892212, 5.526601314544678, 1.2900151014328003, 5.9129157066345215, 1.4108753204345703, 5.754742622375488], "params": [8.977926254272461, 0.25, 0.0, 9.245800971984863]}