{"x": [0, 1, 2, 3, 4, 5], "y": [1.1578551530838013, 8.595963478088379, 1.32956063747406, 8.374213218688965, 1.3884135484695435, 8.603668212890625], "params": [14.48503303527832, 0.25, 0.0, 14.891626358032227]}