{"x": [0, 1, 2, 3, 4, 5], "y": [2.6412084102630615, 9.629148483276367, 2.4976348876953125, 9.536231994628906, 2.492358446121216, 9.427803039550781], "params": [14.250726699829102, 0.25, 0.0, 14.273580551147461]}