{"x": [0, 1, 2, 3, 4, 5], "y": [-0.10167407989501953, 3.8328733444213867, 0.43675798177719116, 4.398003101348877, 0.462635338306427, 3.716275215148926], "params": [7.09225606918335, 0.25, 0.0, 8.999354362487793]}