{"x": [0, 1, 2, 3, 4, 5], "y": [2.380934000015259, 8.500568389892578, 2.261223554611206, 8.585956573486328, 1.9946616888046265, 8.141168594360352], "params": [12.977359771728516, 0.25, 0.0, 13.182589530944824]}