{"x": [0, 1, 2, 3, 4, 5], "y": [-0.1592392772436142, 2.831484079360962, -0.052470043301582336, 2.146125555038452, -0.034462183713912964, 2.2161622047424316], "params": [4.622553825378418, 0.25, 0.0, 5.981446743011475]}