{"x": [0, 1, 2, 3, 4, 5], "y": [0.3176771402359009, 4.677643775939941, -0.600156843662262, 4.915664196014404, 0.1895354688167572, 4.962558269500732], "params": [9.866148948669434, 0.25, 0.0, 11.1254301071167]}