{"x": [0, 1, 2, 3, 4, 5], "y": [0.07219818234443665, 2.103853940963745, 0.2283114194869995, 2.5045440196990967, -0.4269661009311676, 2.1246230602264404], "params": [3.6052536964416504, 0.25, 0.0, 5.863020420074463]}