{"x": [0, 1, 2, 3, 4, 5], "y": [1.8615576028823853, 8.488957405090332, 1.517683982849121, 8.133171081542969, 1.9569627046585083, 8.460628509521484], "params": [12.89291763305664, 0.25, 0.0, 13.942546844482422]}