{"x": [0, 1, 2, 3, 4, 5], "y": [1.5210756063461304, 7.943868637084961, 1.547505497932434, 7.880871295928955, 2.1510696411132812, 7.965858459472656], "params": [12.268223762512207, 0.25, 0.0, 12.889565467834473]}