{"x": [0, 1, 2, 3, 4, 5], "y": [0.9894352555274963, 7.392259120941162, 1.115641713142395, 7.528526782989502, 1.1821919679641724, 7.674905776977539], "params": [12.73842716217041, 0.25, 0.0, 13.370941162109375]}