{"x": [0, 1, 2, 3, 4, 5], "y": [0.583125650882721, 4.009952068328857, 0.7927795052528381, 3.9193830490112305, 0.9291826486587524, 4.046613693237305], "params": [6.4475226402282715, 0.25, 0.0, 6.926976203918457]}