{"x": [0, 1, 2, 3, 4, 5], "y": [0.19415229558944702, 6.6819257736206055, 0.12072981894016266, 6.651424407958984, 0.46113914251327515, 6.411977767944336], "params": [12.560771942138672, 0.25, 0.0, 13.122391700744629]}