{"x": [0, 1, 2, 3, 4, 5], "y": [0.48262253403663635, 4.330169677734375, 0.5394699573516846, 4.786230564117432, 0.5095847249031067, 4.575421333312988], "params": [9.035886764526367, 0.25, 0.0, 8.607215881347656]}