{"x": [0, 1, 2, 3, 4, 5], "y": [1.9157829284667969, 9.270196914672852, 2.3062615394592285, 8.975910186767578, 1.8940495252609253, 9.4640531539917], "params": [14.093859672546387, 0.25, 0.0, 15.140007019042969]}