{"x": [0, 1, 2, 3, 4, 5], "y": [0.4686504602432251, 7.610319137573242, 0.2621440291404724, 7.796123027801514, 0.23796021938323975, 7.710941791534424], "params": [14.743075370788574, 0.25, 0.0, 15.116325378417969]}