{"x": [0, 1, 2, 3, 4, 5], "y": [0.41172686219215393, 2.5806186199188232, 0.04715728759765625, 2.304058074951172, 0.4172556400299072, 2.6520698070526123], "params": [4.366551399230957, 0.25, 0.0, 5.209825038909912]}