{"x": [0, 1, 2, 3, 4, 5], "y": [1.3098629713058472, 7.4606451988220215, 1.3498390913009644, 7.485317707061768, 1.318765640258789, 7.049118518829346], "params": [12.028519630432129, 0.25, 0.0, 12.350909233093262]}