{"x": [0, 1, 2, 3, 4, 5], "y": [-0.16485682129859924, 1.6282413005828857, 0.3599879741668701, 1.7482268810272217, 0.14743493497371674, 0.9634793400764465], "params": [2.7849528789520264, 0.25, 0.0, 3.826167345046997]}