{"x": [0, 1, 2, 3, 4, 5], "y": [0.4222169518470764, 5.487827777862549, 0.37263885140419006, 5.289788246154785, 0.13379375636577606, 5.080074310302734], "params": [9.987966537475586, 0.25, 0.0, 10.708067893981934]}