{"x": [0, 1, 2, 3, 4, 5], "y": [0.19377322494983673, 2.2595696449279785, -0.3036840856075287, 1.5625135898590088, -0.06624363362789154, 1.7668654918670654], "params": [3.5929977893829346, 0.25, 0.0, 5.12650728225708]}