{"x": [0, 1, 2, 3, 4, 5], "y": [0.39455851912498474, 4.510955810546875, 0.22820141911506653, 4.681484222412109, 0.16688141226768494, 4.352013111114502], "params": [8.746872901916504, 0.25, 0.0, 9.029205322265625]}