{"x": [0, 1, 2, 3, 4, 5], "y": [0.6805322170257568, 6.444554328918457, 0.5316328406333923, 6.640178203582764, 0.6102452874183655, 6.339374542236328], "params": [12.186665534973145, 0.25, 0.0, 12.217090606689453]}