{"x": [0, 1, 2, 3, 4, 5], "y": [0.44291454553604126, 2.7154574394226074, 0.7248539924621582, 2.888340473175049, 0.36449024081230164, 2.894351005554199], "params": [5.0028910636901855, 0.25, 0.0, 5.05972146987915]}