{"x": [0, 1, 2, 3, 4, 5], "y": [1.8132442235946655, 8.684459686279297, 2.3004531860351562, 8.779438972473145, 2.033674955368042, 8.459808349609375], "params": [12.941112518310547, 0.25, 0.0, 13.932389259338379]}