{"x": [0, 1, 2, 3, 4, 5], "y": [0.5687916874885559, 6.415256500244141, 0.8326839804649353, 7.300002098083496, 0.5508995056152344, 6.5984907150268555], "params": [11.871111869812012, 0.25, 0.0, 13.498205184936523]}