{"x": [0, 1, 2, 3, 4, 5], "y": [0.19538496434688568, 3.1079912185668945, -0.09820767492055893, 3.552870273590088, 0.1282971352338791, 3.2616019248962402], "params": [6.653661251068115, 0.25, 0.0, 7.3021559715271]}