{"x": [0, 1, 2, 3, 4, 5], "y": [1.7658989429473877, 8.507856369018555, 1.7384909391403198, 8.575481414794922, 1.9340581893920898, 8.402241706848145], "params": [12.937198638916016, 0.25, 0.0, 13.673980712890625]}