{"x": [0, 1, 2, 3, 4, 5], "y": [0.4311579465866089, 3.901010274887085, 0.4819541871547699, 4.297642707824707, 0.5635265707969666, 3.724682331085205], "params": [6.817120552062988, 0.25, 0.0, 7.732969284057617]}