{"x": [0, 1, 2, 3, 4, 5], "y": [0.6408445835113525, 6.97641658782959, 0.7825780510902405, 6.7734599113464355, 0.9112213850021362, 6.788235187530518], "params": [12.423934936523438, 0.25, 0.0, 12.671144485473633]}