{"x": [0, 1, 2, 3, 4, 5], "y": [0.15071436762809753, 3.4595322608947754, 0.2646677792072296, 3.399343729019165, 0.06739278137683868, 3.628138542175293], "params": [5.922643661499023, 0.25, 0.0, 7.121491432189941]}