{"x": [0, 1, 2, 3, 4, 5], "y": [1.4864764213562012, 6.713444709777832, 1.1164720058441162, 7.101428508758545, 1.4872360229492188, 6.989651203155518], "params": [11.078817367553711, 0.25, 0.0, 11.969913482666016]}