{"x": [0, 1, 2, 3, 4, 5], "y": [1.5476100444793701, 8.789143562316895, 1.7990972995758057, 8.996267318725586, 1.8635802268981934, 8.73730182647705], "params": [13.779579162597656, 0.25, 0.0, 14.897314071655273]}