{"x": [0, 1, 2, 3, 4, 5], "y": [0.19853156805038452, 5.923805236816406, 0.27633392810821533, 5.953479766845703, 0.3323238492012024, 6.050469875335693], "params": [10.50282096862793, 0.25, 0.0, 11.703876495361328]}