{"x": [0, 1, 2, 3, 4, 5], "y": [0.28410279750823975, 0.7526167631149292, 0.13553990423679352, 0.3889208137989044, -0.021138086915016174, 0.8235511183738708], "params": [1.0943171977996826, 0.25, 0.0, 1.6893783807754517]}