{"x": [0, 1, 2, 3, 4, 5], "y": [0.9201749563217163, 5.362972259521484, 0.692253053188324, 5.312970161437988, 0.7110646963119507, 5.0964226722717285], "params": [9.160465240478516, 0.25, 0.0, 9.341438293457031]}