{"x": [0, 1, 2, 3, 4, 5], "y": [1.0383391380310059, 5.125854969024658, 1.2880781888961792, 4.882911682128906, 1.1169888973236084, 5.262801647186279], "params": [8.085442543029785, 0.25, 0.0, 8.448925018310547]}