{"x": [0, 1, 2, 3, 4, 5], "y": [2.028439521789551, 8.972228050231934, 1.8897504806518555, 9.58807373046875, 1.902858018875122, 9.209515571594238], "params": [14.863037109375, 0.25, 0.0, 15.396646499633789]}