{"x": [0, 1, 2, 3, 4, 5], "y": [0.2096882462501526, 2.8902595043182373, -0.2673906683921814, 2.7490780353546143, 0.3345883786678314, 2.964951753616333], "params": [5.145254611968994, 0.25, 0.0, 6.464684963226318]}