{"x": [0, 1, 2, 3, 4, 5], "y": [1.0211198329925537, 4.670107364654541, 0.4168507754802704, 5.028008460998535, 0.9080182909965515, 4.7953009605407715], "params": [8.09272575378418, 0.25, 0.0, 9.222315788269043]}