{"x": [0, 1, 2, 3, 4, 5], "y": [1.209998369216919, 5.691839694976807, 1.162129282951355, 5.648221969604492, 0.8544073104858398, 6.046126842498779], "params": [8.9320068359375, 0.25, 0.0, 10.383439064025879]}