{"x": [0, 1, 2, 3, 4, 5], "y": [1.4665124416351318, 8.018043518066406, 1.6482535600662231, 8.110176086425781, 1.700777530670166, 8.06920051574707], "params": [13.230618476867676, 0.25, 0.0, 13.28732681274414]}