{"x": [0, 1, 2, 3, 4, 5], "y": [1.9003669023513794, 8.658516883850098, 1.674839973449707, 8.508475303649902, 1.9358175992965698, 8.630887985229492], "params": [13.582350730895996, 0.25, 0.0, 13.967353820800781]}