{"x": [0, 1, 2, 3, 4, 5], "y": [0.27923765778541565, 0.7165899276733398, -0.4845099151134491, 0.3751054108142853, 0.08341486006975174, 0.5178907513618469], "params": [0.7418829202651978, 0.25, 0.0, 2.4021997451782227]}