{"x": [0, 1, 2, 3, 4, 5], "y": [1.4112889766693115, 9.38135051727295, 2.1223013401031494, 9.224570274353027, 1.4707077741622925, 8.619610786437988], "params": [14.513410568237305, 0.25, 0.0, 15.940122604370117]}