{"x": [0, 1, 2, 3, 4, 5], "y": [1.5448760986328125, 6.438553810119629, 1.460155963897705, 6.534684181213379, 1.4006210565567017, 6.052936553955078], "params": [9.924635887145996, 0.25, 0.0, 10.268126487731934]}