{"x": [0, 1, 2, 3, 4, 5], "y": [0.3457406461238861, 0.6014076471328735, 0.34348729252815247, 0.8310638070106506, 0.6990191340446472, 0.8241268396377563], "params": [1.0526230335235596, 0.25, 0.0, 0.9751530289649963]}