{"x": [0, 1, 2, 3, 4, 5], "y": [0.24397455155849457, 5.943472385406494, 0.6917011737823486, 6.144981861114502, 0.20448492467403412, 6.128426551818848], "params": [11.315590858459473, 0.25, 0.0, 11.880993843078613]}