{"x": [0, 1, 2, 3, 4, 5], "y": [0.7196624279022217, 3.487776756286621, 0.4599686563014984, 3.866698741912842, -0.1735406219959259, 3.3191394805908203], "params": [6.539490222930908, 0.25, 0.0, 8.08047866821289]}