{"x": [0, 1, 2, 3, 4, 5], "y": [0.47465890645980835, 1.9820826053619385, 0.7061710953712463, 2.2582151889801025, 0.48422950506210327, 1.5905728340148926], "params": [3.332533836364746, 0.25, 0.0, 3.567112445831299]}