{"x": [0, 1, 2, 3, 4, 5], "y": [3.288959503173828, 3.973482608795166, 4.348564147949219, 5.1302361488342285, 5.5279860496521, 6.814200401306152], "params": [3.582396984100342, -0.39613068103790283, 7.050481796264648]}