{"x": [0, 1, 2, 3, 4, 5], "y": [4.7569580078125, 5.398771286010742, 6.054588317871094, 7.011168479919434, 7.915471076965332, 8.537227630615234], "params": [3.995650291442871, 3.111603260040283, 7.560539245605469]}