{"x": [0, 1, 2, 3, 4, 5], "y": [5.510868549346924, 5.471310615539551, 5.782510280609131, 5.901612758636475, 5.56374979019165, 5.897577285766602], "params": [0.9330591559410095, 1.4344990253448486, 0.8606042861938477]}