{"x": [0, 1, 2, 3, 4, 5], "y": [1.6685649156570435, 3.2818944454193115, 3.206075668334961, 4.000502586364746, 5.21056604385376, 6.211841583251953], "params": [3.9917759895324707, -2.124147415161133, 9.086553573608398]}