{"x": [0, 1, 2, 3, 4, 5], "y": [0.30082136392593384, 1.4852951765060425, 2.235389232635498, 2.809443950653076, 4.096571445465088, 4.966223239898682], "params": [4.718348026275635, -4.443435192108154, 9.330803871154785]}