{"x": [0, 1, 2, 3, 4, 5], "y": [2.6218576431274414, 3.2703802585601807, 4.125199317932129, 4.797772407531738, 4.788785457611084, 5.377891540527344], "params": [2.580390214920044, -1.545889973640442, 5.512067794799805]}