{"x": [0, 1, 2, 3, 4, 5], "y": [1.3256032466888428, 1.540488362312317, 2.9387502670288086, 3.171642541885376, 4.057262420654297, 4.824595928192139], "params": [3.5223517417907715, -3.795726776123047, 6.997985363006592]}