{"x": [0, 1, 2, 3, 4, 5], "y": [3.9732072353363037, 5.102051734924316, 5.9756951332092285, 6.956005096435547, 7.9281229972839355, 8.894901275634766], "params": [4.663888931274414, 2.741840362548828, 9.843387603759766]}