{"x": [0, 1, 2, 3, 4, 5], "y": [4.449835300445557, 4.952053070068359, 5.273420333862305, 4.953071117401123, 5.625002384185791, 5.843415260314941], "params": [1.2785708904266357, 0.4419916868209839, 2.7871599197387695]}