{"x": [0, 1, 2, 3, 4, 5], "y": [0.9839980602264404, 1.6032891273498535, 2.239856243133545, 2.831984758377075, 3.995938301086426, 4.577157020568848], "params": [2.7578186988830566, -4.545407772064209, 7.1863179206848145]}