{"x": [0, 1, 2, 3, 4, 5], "y": [3.5589358806610107, 4.396111011505127, 4.796477794647217, 5.466873645782471, 6.34681510925293, 7.188112258911133], "params": [3.6888585090637207, 0.8034712076187134, 7.258352756500244]}