{"x": [0, 1, 2, 3, 4, 5], "y": [4.846495628356934, 5.809812545776367, 6.5624589920043945, 7.727533340454102, 8.53311538696289, 9.30683708190918], "params": [4.556193828582764, 4.093800067901611, 8.920682907104492]}