{"x": [0, 1, 2, 3, 4, 5], "y": [1.8300265073776245, 2.291478157043457, 2.5686323642730713, 3.02902889251709, 3.6943953037261963, 4.347093105316162], "params": [2.5009307861328125, -4.082450866699219, 5.034132957458496]}