{"x": [0, 1, 2, 3, 4, 5], "y": [4.075342655181885, 4.371820449829102, 4.520302772521973, 4.795399188995361, 4.955348968505859, 4.987133502960205], "params": [1.3693428039550781, -0.9298199415206909, 1.8235816955566406]}