{"x": [0, 1, 2, 3, 4, 5], "y": [3.149902105331421, 3.48100209236145, 3.62599515914917, 4.623595714569092, 4.452834606170654, 4.704951763153076], "params": [1.4055488109588623, -2.177365303039551, 3.1100993156433105]}