{"x": [0, 1, 2, 3, 4, 5], "y": [0.9527852535247803, 1.4234586954116821, 3.2477896213531494, 3.687514543533325, 4.784964561462402, 5.453734397888184], "params": [4.841463565826416, -3.6792821884155273, 9.001897811889648]}