{"x": [0, 1, 2, 3, 4, 5], "y": [6.209536552429199, 6.674594879150391, 6.513007640838623, 7.118258476257324, 7.259675025939941, 7.346434593200684], "params": [0.9693649411201477, 3.6468660831451416, 2.2737960815429688]}