{"x": [0, 1, 2, 3, 4, 5], "y": [0.5759537220001221, 1.2397390604019165, 2.2465569972991943, 3.208662986755371, 4.082972049713135, 4.93445348739624], "params": [4.434176921844482, -4.633813381195068, 8.716999053955078]}