{"x": [0, 1, 2, 3, 4, 5], "y": [4.538338661193848, 5.6251444816589355, 6.619649410247803, 7.185462951660156, 7.943068027496338, 9.145309448242188], "params": [4.583474159240723, 3.5320801734924316, 9.21394157409668]}