{"x": [0, 1, 2, 3, 4, 5], "y": [5.61549186706543, 5.77943754196167, 6.742629051208496, 7.957965850830078, 8.322482109069824, 9.423604965209961], "params": [4.333261489868164, 4.5378313064575195, 7.6162261962890625]}