{"x": [0, 1, 2, 3, 4, 5], "y": [6.722780704498291, 7.276121616363525, 7.321100234985352, 7.497351169586182, 7.944194316864014, 8.211504936218262], "params": [1.5036338567733765, 4.9000396728515625, 2.9774484634399414]}