{"x": [0, 1, 2, 3, 4, 5], "y": [0.32844752073287964, 1.374281883239746, 2.7818667888641357, 3.4732558727264404, 4.4361162185668945, 5.428747653961182], "params": [4.569507598876953, -4.025781154632568, 10.200600624084473]}