{"x": [0, 1, 2, 3, 4, 5], "y": [2.9752109050750732, 4.072802543640137, 4.447107791900635, 5.070873737335205, 5.8951873779296875, 7.072690486907959], "params": [3.746439218521118, -0.3209710121154785, 8.19495964050293]}