{"x": [0, 1, 2, 3, 4, 5], "y": [2.025040626525879, 2.452552556991577, 2.216193914413452, 2.2673468589782715, 2.3441081047058105, 2.8308894634246826], "params": [0.4150018095970154, -4.8130598068237305, 1.6116976737976074]}