{"x": [0, 1, 2, 3, 4, 5], "y": [3.9551355838775635, 4.295589447021484, 4.044249057769775, 4.178560256958008, 4.3307204246521, 4.605954170227051], "params": [0.5819132924079895, -1.4613860845565796, 1.3016371726989746]}