{"x": [0, 1, 2, 3, 4, 5], "y": [2.2155964374542236, 3.2592554092407227, 3.760507583618164, 4.46532678604126, 5.297445297241211, 6.067264080047607], "params": [3.671696424484253, -1.6318649053573608, 7.703335285186768]}