{"x": [0, 1, 2, 3, 4, 5], "y": [3.9568777084350586, 4.495754241943359, 5.369643688201904, 5.819683074951172, 6.640361309051514, 7.047241687774658], "params": [3.545839786529541, 1.2724816799163818, 6.180727958679199]}