{"x": [0, 1, 2, 3, 4, 5], "y": [4.75534200668335, 5.0728302001953125, 5.225388526916504, 5.289042949676514, 5.170906066894531, 5.425092697143555], "params": [0.5162316560745239, 0.30459582805633545, 1.3395013809204102]}