{"x": [0, 1, 2, 3, 4, 5], "y": [1.4674121141433716, 2.301753282546997, 3.456718683242798, 4.039908409118652, 5.129705905914307, 6.004703044891357], "params": [4.2705841064453125, -2.4307405948638916, 9.07458209991455]}