{"x": [0, 1, 2, 3, 4, 5], "y": [2.3912670612335205, 3.0255019664764404, 4.040815353393555, 4.363280296325684, 5.308011531829834, 5.828296184539795], "params": [3.4509119987487793, -1.741572618484497, 6.874058246612549]}