{"x": [0, 1, 2, 3, 4, 5], "y": [2.77308988571167, 2.7924060821533203, 3.648571491241455, 4.224284648895264, 4.9235148429870605, 5.607324123382568], "params": [3.5608510971069336, -2.1913111209869385, 5.668468475341797]}