{"x": [0, 1, 2, 3, 4, 5], "y": [3.3411593437194824, 3.868501663208008, 4.626762866973877, 5.433811187744141, 6.142861366271973, 6.749572277069092], "params": [3.2236931324005127, 0.09159982204437256, 6.816825866699219]}