{"x": [0, 1, 2, 3, 4, 5], "y": [3.0532994270324707, 3.1400046348571777, 4.324169635772705, 4.526994228363037, 4.936980247497559, 5.7828850746154785], "params": [2.637077569961548, -1.2444514036178589, 5.459171295166016]}