{"x": [0, 1, 2, 3, 4, 5], "y": [2.309540271759033, 3.2417962551116943, 4.855703353881836, 5.770226955413818, 6.760024547576904, 7.473001956939697], "params": [4.793902397155762, 0.12394249439239502, 10.326923370361328]}