{"x": [0, 1, 2, 3, 4, 5], "y": [3.5459446907043457, 4.272769451141357, 4.833010196685791, 5.11940860748291, 5.969905853271484, 6.384613037109375], "params": [2.9247500896453857, -0.16987860202789307, 5.677336692810059]}