{"x": [0, 1, 2, 3, 4, 5], "y": [1.6329902410507202, 2.340268135070801, 2.7718734741210938, 2.8410556316375732, 3.265080451965332, 4.030176162719727], "params": [2.0166869163513184, -4.2675089836120605, 4.794371604919434]}