{"x": [0, 1, 2, 3, 4, 5], "y": [2.9714016914367676, 3.272027015686035, 4.022786617279053, 4.135496616363525, 5.099440574645996, 5.326953887939453], "params": [2.3112716674804688, -1.7107582092285156, 4.711104393005371]}