{"x": [0, 1, 2, 3, 4, 5], "y": [5.59126615524292, 6.553369045257568, 7.271204471588135, 7.552999019622803, 7.735743999481201, 8.442076683044434], "params": [2.375401020050049, 4.415935516357422, 5.701621055603027]}