{"x": [0, 1, 2, 3, 4, 5], "y": [5.295736312866211, 6.250640869140625, 6.93511962890625, 7.7330121994018555, 8.371575355529785, 9.441621780395508], "params": [4.196231842041016, 4.559014320373535, 8.291770935058594]}