{"x": [0, 1, 2, 3, 4, 5], "y": [3.4792652130126953, 3.912266731262207, 4.543760776519775, 5.133099555969238, 5.583926200866699, 6.2262187004089355], "params": [2.5503089427948, -0.28124749660491943, 5.4939069747924805]}