{"x": [0, 1, 2, 3, 4, 5], "y": [3.213632822036743, 3.6331021785736084, 3.615978717803955, 4.424561977386475, 4.786135673522949, 4.912245273590088], "params": [1.3817387819290161, -1.9499397277832031, 3.3972249031066895]}