{"x": [0, 1, 2, 3, 4, 5], "y": [2.5462703704833984, 3.3488094806671143, 4.579138278961182, 5.313201904296875, 6.852473258972168, 7.208171844482422], "params": [4.437995910644531, 0.040157437324523926, 9.323802947998047]}