{"x": [0, 1, 2, 3, 4, 5], "y": [2.95742130279541, 3.313375949859619, 3.7404093742370605, 3.957613706588745, 4.5565080642700195, 5.121456623077393], "params": [2.1182525157928467, -2.178196907043457, 4.328070640563965]}