{"x": [0, 1, 2, 3, 4, 5], "y": [4.778692245483398, 5.550368309020996, 6.529010772705078, 7.315593719482422, 8.462815284729004, 8.992241859436035], "params": [4.384725570678711, 3.7583935260772705, 8.427099227905273]}