{"x": [0, 1, 2, 3, 4, 5], "y": [3.1501920223236084, 4.142433166503906, 3.726022481918335, 4.6383748054504395, 4.717288017272949, 5.031933307647705], "params": [1.4838820695877075, -1.625712513923645, 3.7634825706481934]}