{"x": [0, 1, 2, 3, 4, 5], "y": [4.207698345184326, 4.655045509338379, 5.430211067199707, 5.8323774337768555, 5.8798980712890625, 7.1661458015441895], "params": [2.8752706050872803, 1.0559934377670288, 5.916894912719727]}