{"x": [0, 1, 2, 3, 4, 5], "y": [1.8183190822601318, 2.6201395988464355, 3.5369949340820312, 4.042425155639648, 5.910533428192139, 6.253601551055908], "params": [4.818631649017334, -1.7428946495056152, 8.870565414428711]}