{"x": [0, 1, 2, 3, 4, 5], "y": [2.5840325355529785, 3.1516737937927246, 3.550020456314087, 4.216414451599121, 4.982982158660889, 5.500682353973389], "params": [2.922325611114502, -1.9452106952667236, 5.83329963684082]}