{"x": [0, 1, 2, 3, 4, 5], "y": [5.7502241134643555, 6.55682897567749, 7.0281805992126465, 7.501048564910889, 8.386415481567383, 8.532740592956543], "params": [2.979828357696533, 4.555658340454102, 5.565032958984375]}