{"x": [0, 1, 2, 3, 4, 5], "y": [2.3460257053375244, 3.040656328201294, 3.2439911365509033, 4.132437705993652, 4.496128559112549, 4.319056034088135], "params": [2.2193386554718018, -2.701932907104492, 4.300205707550049]}