{"x": [0, 1, 2, 3, 4, 5], "y": [0.7321795225143433, 2.187032699584961, 2.9336507320404053, 3.8288378715515137, 5.505302429199219, 6.024011135101318], "params": [4.853984832763672, -2.9168434143066406, 10.583662986755371]}