{"x": [0, 1, 2, 3, 4, 5], "y": [2.129279613494873, 3.15108060836792, 3.988983154296875, 4.557665824890137, 5.969949245452881, 7.0678887367248535], "params": [4.912202835083008, -0.9453988075256348, 9.877218246459961]}