{"x": [0, 1, 2, 3, 4, 5], "y": [4.366295337677002, 3.905665397644043, 3.951704502105713, 4.200068950653076, 4.3079447746276855, 4.569142818450928], "params": [0.26455551385879517, -1.6425657272338867, 1.3269548416137695]}