{"x": [0, 1, 2, 3, 4, 5], "y": [2.4111549854278564, 3.6582634449005127, 4.321764945983887, 5.471635341644287, 6.3469624519348145, 6.693894863128662], "params": [4.217632293701172, -0.4310232400894165, 8.565479278564453]}