{"x": [0, 1, 2, 3, 4, 5], "y": [2.2653613090515137, 2.396742105484009, 3.3158814907073975, 3.6412582397460938, 4.365832805633545, 4.962774753570557], "params": [3.366940498352051, -3.0469048023223877, 5.394826889038086]}