{"x": [0, 1, 2, 3, 4, 5], "y": [3.6474242210388184, 4.194279670715332, 4.905009746551514, 5.838469505310059, 6.690095901489258, 7.348422050476074], "params": [3.7482876777648926, 1.0465067625045776, 7.401995658874512]}