{"x": [0, 1, 2, 3, 4, 5], "y": [2.7894463539123535, 3.5970277786254883, 4.0703959465026855, 5.139291286468506, 4.846063137054443, 5.77116060256958], "params": [2.6519834995269775, -1.007460355758667, 5.963428497314453]}