{"x": [0, 1, 2, 3, 4, 5], "y": [5.224259853363037, 5.135699272155762, 5.81360387802124, 7.193639278411865, 7.543292999267578, 7.934154510498047], "params": [3.1641387939453125, 2.9904067516326904, 5.59691047668457]}