{"x": [0, 1, 2, 3, 4, 5], "y": [4.5427985191345215, 5.567757606506348, 6.503037929534912, 7.03691291809082, 7.3282365798950195, 8.130768775939941], "params": [3.6970763206481934, 2.9394400119781494, 7.17594051361084]}