{"x": [0, 1, 2, 3, 4, 5], "y": [4.149013996124268, 4.8197407722473145, 5.386087894439697, 5.829892158508301, 6.810370445251465, 7.069449424743652], "params": [3.059706449508667, 1.57137930393219, 5.8408708572387695]}