{"x": [0, 1, 2, 3, 4, 5], "y": [4.795708656311035, 5.231210708618164, 5.573795795440674, 5.882002353668213, 5.964069366455078, 7.252717971801758], "params": [2.18695068359375, 1.2557870149612427, 4.914018630981445]}