{"x": [0, 1, 2, 3, 4, 5], "y": [4.832915782928467, 5.658963203430176, 5.785242080688477, 5.834775924682617, 6.047650337219238, 6.764067649841309], "params": [2.131848096847534, 1.7465651035308838, 3.8623037338256836]}