{"x": [0, 1, 2, 3, 4, 5], "y": [4.54569149017334, 5.123560905456543, 6.014641284942627, 6.253063678741455, 7.051592826843262, 7.504763126373291], "params": [2.982527017593384, 2.414008378982544, 5.918143272399902]}