{"x": [0, 1, 2, 3, 4, 5], "y": [5.0823140144348145, 5.733123779296875, 6.460602760314941, 6.808201789855957, 6.802124977111816, 7.629225730895996], "params": [2.253727436065674, 2.837094783782959, 5.093823432922363]}