{"x": [0, 1, 2, 3, 4, 5], "y": [2.2952260971069336, 2.9265999794006348, 4.31608772277832, 4.780730247497559, 5.9228973388671875, 7.187203884124756], "params": [4.8124165534973145, -0.9264343976974487, 9.783955574035645]}