{"x": [0, 1, 2, 3, 4, 5], "y": [4.035429954528809, 4.089544296264648, 4.467560291290283, 4.487165927886963, 5.094851970672607, 5.397634029388428], "params": [1.7523512840270996, -1.1389756202697754, 2.7244081497192383]}