{"x": [0, 1, 2, 3, 4, 5], "y": [3.503666639328003, 3.846053123474121, 4.337258338928223, 4.852604866027832, 5.43723726272583, 5.655493259429932], "params": [2.0922515392303467, -0.8640223741531372, 4.303653240203857]}