{"x": [0, 1, 2, 3, 4, 5], "y": [3.1306567192077637, 3.339869737625122, 3.803922653198242, 3.536720037460327, 3.485089063644409, 3.5393335819244385], "params": [0.10187774896621704, -2.963533401489258, 1.346531867980957]}