{"x": [0, 1, 2, 3, 4, 5], "y": [3.1047112941741943, 3.0640130043029785, 3.798474073410034, 3.5192790031433105, 3.8066790103912354, 4.324750900268555], "params": [1.5572881698608398, -3.2765650749206543, 2.5214757919311523]}