{"x": [0, 1, 2, 3, 4, 5], "y": [5.506864070892334, 5.677883625030518, 6.4224443435668945, 6.675384044647217, 7.453593730926514, 7.89185905456543], "params": [2.7822446823120117, 3.1083381175994873, 4.769989967346191]}