{"x": [0, 1, 2, 3, 4, 5], "y": [5.206451416015625, 5.895222187042236, 5.502799034118652, 6.89296817779541, 7.408318042755127, 7.866540431976318], "params": [3.4565682411193848, 3.008617877960205, 5.320178031921387]}