{"x": [0, 1, 2, 3, 4, 5], "y": [5.201137065887451, 6.189618110656738, 6.570005416870117, 7.603811264038086, 8.373103141784668, 8.922375679016113], "params": [3.827378273010254, 4.237427711486816, 7.442477226257324]}