{"x": [0, 1, 2, 3, 4, 5], "y": [2.4197046756744385, 2.7491543292999268, 3.605949878692627, 4.408229351043701, 4.835967540740967, 5.6230669021606445], "params": [3.646157741546631, -2.095400810241699, 6.406724452972412]}