{"x": [0, 1, 2, 3, 4, 5], "y": [4.413559913635254, 4.167004585266113, 4.121062755584717, 4.125553131103516, 4.284956455230713, 4.456518650054932], "params": [0.09500443935394287, -1.5724045038223267, 0.6709117889404297]}