{"x": [0, 1, 2, 3, 4, 5], "y": [3.920046091079712, 4.457695960998535, 4.434413433074951, 4.567174911499023, 5.1009321212768555, 5.125006675720215], "params": [1.1737120151519775, -1.1241340637207031, 2.409921169281006]}