{"x": [0, 1, 2, 3, 4, 5], "y": [2.990393877029419, 3.564361333847046, 4.540106773376465, 5.614111423492432, 6.134998321533203, 6.871781826019287], "params": [4.576508045196533, 0.10531246662139893, 7.762775897979736]}