{"x": [0, 1, 2, 3, 4, 5], "y": [3.476044178009033, 3.7570137977600098, 4.796595096588135, 5.668128490447998, 6.917904853820801, 7.562907695770264], "params": [4.979274749755859, 0.5360943078994751, 8.173727035522461]}