{"x": [0, 1, 2, 3, 4, 5], "y": [1.3593337535858154, 2.0361504554748535, 2.218187093734741, 2.7572407722473145, 3.6878085136413574, 3.3619308471679688], "params": [2.1490540504455566, -4.681169509887695, 4.656949520111084]}