{"x": [0, 1, 2, 3, 4, 5], "y": [6.421361446380615, 6.556286334991455, 6.686150074005127, 7.067169189453125, 7.365403175354004, 7.860191345214844], "params": [1.421215534210205, 3.952838182449341, 2.877659797668457]}