{"x": [0, 1, 2, 3, 4, 5], "y": [4.47183084487915, 5.49764347076416, 6.2520575523376465, 7.253674507141113, 7.9370903968811035, 8.910189628601074], "params": [4.024600505828857, 3.3689606189727783, 8.876717567443848]}