{"x": [0, 1, 2, 3, 4, 5], "y": [2.7986629009246826, 2.9398536682128906, 3.3056092262268066, 3.79133677482605, 4.433489799499512, 4.534627437591553], "params": [1.6193729639053345, -2.839949131011963, 3.4719290733337402]}