{"x": [0, 1, 2, 3, 4, 5], "y": [4.8370184898376465, 5.6679205894470215, 5.321471214294434, 5.597936630249023, 5.894677639007568, 6.2691545486450195], "params": [1.2816882133483887, 1.493423581123352, 2.864272117614746]}