{"x": [0, 1, 2, 3, 4, 5], "y": [3.321032762527466, 3.9527387619018555, 5.017444610595703, 5.446233749389648, 5.949913501739502, 6.928555488586426], "params": [3.3436386585235596, -0.1194453239440918, 7.21504545211792]}