{"x": [0, 1, 2, 3, 4, 5], "y": [2.582218647003174, 3.4627885818481445, 4.315291404724121, 4.724735736846924, 6.173255920410156, 6.7704267501831055], "params": [3.965808153152466, -0.662914514541626, 8.376416206359863]}