{"x": [0, 1, 2, 3, 4, 5], "y": [1.6339144706726074, 2.5208065509796143, 3.014345169067383, 4.038431167602539, 4.269386291503906, 4.646998882293701], "params": [2.6203341484069824, -3.753612518310547, 6.0261688232421875]}