{"x": [0, 1, 2, 3, 4, 5], "y": [2.819059371948242, 3.814329147338867, 4.207050323486328, 5.769155025482178, 6.207447528839111, 7.443936347961426], "params": [4.27277946472168, 0.21357595920562744, 9.249753952026367]}