{"x": [0, 1, 2, 3, 4, 5], "y": [1.6737844944000244, 2.488859176635742, 2.668517589569092, 3.2975356578826904, 3.4361109733581543, 3.5869297981262207], "params": [1.737213373184204, -4.363938331604004, 3.8262906074523926]}