{"x": [0, 1, 2, 3, 4, 5], "y": [3.9053916931152344, 5.069005012512207, 6.0991435050964355, 6.690609455108643, 7.508965969085693, 8.327704429626465], "params": [4.4284281730651855, 2.1920127868652344, 8.844625473022461]}