{"x": [0, 1, 2, 3, 4, 5], "y": [5.209053039550781, 5.69328498840332, 6.196355819702148, 6.55251932144165, 7.553656578063965, 7.49088716506958], "params": [2.2668097019195557, 2.670292854309082, 4.689207077026367]}