{"x": [0, 1, 2, 3, 4, 5], "y": [4.378612518310547, 4.911997318267822, 5.751567363739014, 6.252591609954834, 6.523439407348633, 7.497282028198242], "params": [2.7577476501464844, 1.7005133628845215, 6.237339019775391]}