{"x": [0, 1, 2, 3, 4, 5], "y": [5.048908710479736, 5.852002143859863, 6.6673808097839355, 7.432023048400879, 7.247325897216797, 8.554827690124512], "params": [3.3265626430511475, 3.72127103805542, 7.011837959289551]}