{"x": [0, 1, 2, 3, 4, 5], "y": [5.661121845245361, 6.043150901794434, 5.8022661209106445, 6.838924884796143, 6.2614641189575195, 7.062751770019531], "params": [1.696840524673462, 2.4176673889160156, 2.80325984954834]}