{"x": [0, 1, 2, 3, 4, 5], "y": [4.030401706695557, 4.80087947845459, 5.169532299041748, 5.936299800872803, 5.94640588760376, 7.086779594421387], "params": [2.9583261013031006, 0.934678316116333, 6.11275577545166]}