{"x": [0, 1, 2, 3, 4, 5], "y": [2.136777639389038, 2.0292978286743164, 2.8144426345825195, 3.2846179008483887, 3.696476936340332, 4.088958263397217], "params": [1.9791603088378906, -4.349898815155029, 4.119320869445801]}