{"x": [0, 1, 2, 3, 4, 5], "y": [2.18052339553833, 3.156423807144165, 3.6206977367401123, 4.698719501495361, 5.325051307678223, 6.0524444580078125], "params": [3.536492347717285, -1.9112426042556763, 7.743842124938965]}