{"x": [0, 1, 2, 3, 4, 5], "y": [4.040538787841797, 4.090278148651123, 4.359161853790283, 4.312922954559326, 4.905676364898682, 5.066157817840576], "params": [0.5901706218719482, -1.0332423448562622, 2.0512380599975586]}