{"x": [0, 1, 2, 3, 4, 5], "y": [5.537893295288086, 6.9350666999816895, 6.381355285644531, 6.997829914093018, 7.9167585372924805, 8.481107711791992], "params": [2.4545695781707764, 3.892789363861084, 5.8864288330078125]}