{"x": [0, 1, 2, 3, 4, 5], "y": [2.149561643600464, 3.1115550994873047, 2.80661940574646, 3.4829111099243164, 4.157116413116455, 4.263589859008789], "params": [1.5377721786499023, -3.249978542327881, 4.22805643081665]}