{"x": [0, 1, 2, 3, 4, 5], "y": [1.434828281402588, 2.2970681190490723, 2.6195034980773926, 3.812364101409912, 4.684189319610596, 4.90926456451416], "params": [3.7804830074310303, -3.5514636039733887, 6.9488725662231445]}