{"x": [0, 1, 2, 3, 4, 5], "y": [5.505214691162109, 6.1924896240234375, 6.632896900177002, 7.706911563873291, 8.599138259887695, 9.334657669067383], "params": [4.096837997436523, 4.730705261230469, 7.658885955810547]}