{"x": [0, 1, 2, 3, 4, 5], "y": [2.5195868015289307, 3.36956524848938, 4.088490962982178, 5.164438247680664, 6.130184650421143, 6.886542320251465], "params": [4.371067047119141, -0.7070297002792358, 8.733911514282227]}