{"x": [0, 1, 2, 3, 4, 5], "y": [3.515348434448242, 3.7907750606536865, 3.772045612335205, 3.965195894241333, 4.114028453826904, 4.259159564971924], "params": [0.329231321811676, -2.2406835556030273, 1.4876222610473633]}