{"x": [0, 1, 2, 3, 4, 5], "y": [2.6253695487976074, 2.977020025253296, 3.58720326423645, 4.063138961791992, 4.733770847320557, 5.0726118087768555], "params": [2.843661069869995, -2.1715033054351807, 4.894484519958496]}