{"x": [0, 1, 2, 3, 4, 5], "y": [5.84468412399292, 6.4394145011901855, 6.332765102386475, 7.235511779785156, 7.355452537536621, 7.808121681213379], "params": [2.3310556411743164, 3.848729133605957, 3.926875114440918]}