{"x": [0, 1, 2, 3, 4, 5], "y": [2.4193429946899414, 2.994415760040283, 3.3480281829833984, 3.930492401123047, 4.3003106117248535, 4.594165325164795], "params": [1.7292687892913818, -2.7952771186828613, 4.349644660949707]}