{"x": [0, 1, 2, 3, 4, 5], "y": [3.8687071800231934, 4.492856979370117, 4.739843845367432, 5.400665283203125, 6.102430820465088, 6.820676803588867], "params": [3.057586193084717, 0.6065040826797485, 5.903939247131348]}