{"x": [0, 1, 2, 3, 4, 5], "y": [3.358675479888916, 3.9635958671569824, 4.382412433624268, 4.9781293869018555, 4.76128625869751, 5.904734134674072], "params": [2.5495169162750244, -0.9869062900543213, 5.0921173095703125]}