{"x": [0, 1, 2, 3, 4, 5], "y": [1.7591122388839722, 2.6635618209838867, 2.790971279144287, 3.758146286010742, 5.181366443634033, 5.394676208496094], "params": [3.6100914478302, -2.800793170928955, 7.271127700805664]}