{"x": [0, 1, 2, 3, 4, 5], "y": [4.50239372253418, 5.767755031585693, 6.3067169189453125, 6.925765037536621, 7.667036056518555, 8.553296089172363], "params": [3.391422986984253, 2.936455726623535, 8.101804733276367]}