{"x": [0, 1, 2, 3, 4, 5], "y": [3.3196351528167725, 3.835615634918213, 4.659867286682129, 5.387563228607178, 6.322577953338623, 6.224536895751953], "params": [3.1465234756469727, 0.0070095062255859375, 6.005885601043701]}