{"x": [0, 1, 2, 3, 4, 5], "y": [3.8006415367126465, 4.833962917327881, 5.481051445007324, 5.895087718963623, 6.745980262756348, 7.072558403015137], "params": [3.241476058959961, 1.3005638122558594, 6.5438337326049805]}