{"x": [0, 1, 2, 3, 4, 5], "y": [4.091334819793701, 4.9162797927856445, 5.512674808502197, 6.276650905609131, 6.62244987487793, 7.226573944091797], "params": [2.6157312393188477, 1.4385181665420532, 6.270478248596191]}