{"x": [0, 1, 2, 3, 4, 5], "y": [6.0058979988098145, 6.290870666503906, 6.303161144256592, 6.434505462646484, 6.32895040512085, 6.485969543457031], "params": [0.6621366739273071, 2.42600679397583, 0.9601430892944336]}