{"x": [0, 1, 2, 3, 4, 5], "y": [5.331255912780762, 5.738296985626221, 6.52519416809082, 6.621103286743164, 6.455853462219238, 7.387369632720947], "params": [1.430887222290039, 2.615569829940796, 4.112227439880371]}