{"x": [0, 1, 2, 3, 4, 5], "y": [6.163145542144775, 6.475761413574219, 6.715283393859863, 7.1511149406433105, 7.6715192794799805, 8.171375274658203], "params": [1.9804344177246094, 4.025002479553223, 4.0164594650268555]}