{"x": [0, 1, 2, 3, 4, 5], "y": [2.1721560955047607, 2.916985034942627, 3.349088191986084, 4.085068702697754, 4.320087432861328, 4.905585765838623], "params": [2.6326780319213867, -3.0020670890808105, 5.466859340667725]}