{"x": [0, 1, 2, 3, 4, 5], "y": [2.846128463745117, 3.7306063175201416, 4.651275634765625, 4.677127838134766, 5.742056369781494, 6.427030086517334], "params": [3.4159767627716064, -0.5751156806945801, 7.161803245544434]}