{"x": [0, 1, 2, 3, 4, 5], "y": [4.786675930023193, 4.912411689758301, 5.3174967765808105, 5.978437900543213, 5.713739395141602, 6.226901054382324], "params": [1.3652012348175049, 0.5187976360321045, 2.8804502487182617]}