{"x": [0, 1, 2, 3, 4, 5], "y": [3.2893288135528564, 3.6074249744415283, 4.447474002838135, 4.50894832611084, 5.010098934173584, 5.535333633422852], "params": [2.179723024368286, -1.2826037406921387, 4.49200963973999]}