{"x": [0, 1, 2, 3, 4, 5], "y": [4.040303707122803, 4.243582248687744, 4.571146488189697, 4.7314453125, 5.277364730834961, 6.140984058380127], "params": [2.184290885925293, -0.13871073722839355, 4.201360702514648]}