{"x": [0, 1, 2, 3, 4, 5], "y": [1.5666582584381104, 2.268752336502075, 3.0737671852111816, 3.359776020050049, 4.341742992401123, 4.805530071258545], "params": [2.799405097961426, -3.5957205295562744, 6.477743625640869]}