{"x": [0, 1, 2, 3, 4, 5], "y": [2.489229679107666, 3.3473143577575684, 4.461241722106934, 5.0576324462890625, 5.787830352783203, 6.7984161376953125], "params": [4.513620853424072, -0.7721120119094849, 8.618372917175293]}