{"x": [0, 1, 2, 3, 4, 5], "y": [1.2900676727294922, 1.9227715730667114, 2.6542248725891113, 3.346315860748291, 4.294809818267822, 4.699436187744141], "params": [3.50518798828125, -3.7956273555755615, 6.818737030029297]}