{"x": [0, 1, 2, 3, 4, 5], "y": [2.974726676940918, 3.3692893981933594, 2.9985833168029785, 3.340360641479492, 3.226844310760498, 3.821512460708618], "params": [0.8586269617080688, -3.4533941745758057, 1.6935715675354004]}