{"x": [0, 1, 2, 3, 4, 5], "y": [3.1811940670013428, 4.088926792144775, 4.648552417755127, 5.384831428527832, 5.597898006439209, 6.554315090179443], "params": [3.9640731811523438, -0.40707945823669434, 6.746242046356201]}