{"x": [0, 1, 2, 3, 4, 5], "y": [1.717444896697998, 2.616636276245117, 2.9056289196014404, 3.876739501953125, 4.562353134155273, 5.860873222351074], "params": [4.152371883392334, -2.573540687561035, 8.286856651306152]}