{"x": [0, 1, 2, 3, 4, 5], "y": [1.7433407306671143, 1.833125114440918, 2.6005516052246094, 3.1451921463012695, 3.23783802986145, 3.8729095458984375], "params": [1.7554807662963867, -4.604611396789551, 4.2591376304626465]}