{"x": [0, 1, 2, 3, 4, 5], "y": [4.1565728187561035, 3.90041184425354, 3.4694275856018066, 4.211146831512451, 3.725322961807251, 4.21272611618042], "params": [0.052713751792907715, -2.111511707305908, 1.4865970611572266]}