{"x": [0, 1, 2, 3, 4, 5], "y": [4.608619689941406, 5.384575843811035, 5.210104942321777, 5.9832987785339355, 5.892454624176025, 6.288741111755371], "params": [1.4427759647369385, 1.1660248041152954, 3.3602428436279297]}