{"x": [0, 1, 2, 3, 4, 5], "y": [3.9445786476135254, 4.011870384216309, 4.036156177520752, 4.550534725189209, 4.685915470123291, 5.5260210037231445], "params": [1.385711431503296, -0.7712429761886597, 3.1628847122192383]}