{"x": [0, 1, 2, 3, 4, 5], "y": [5.258205890655518, 5.715328693389893, 6.433468341827393, 6.697972774505615, 7.1542558670043945, 7.5497612953186035], "params": [2.2374508380889893, 3.055875778198242, 4.583110809326172]}