{"x": [0, 1, 2, 3, 4, 5], "y": [3.8087785243988037, 5.2405104637146, 5.638518333435059, 6.4755120277404785, 7.065983772277832, 7.888020992279053], "params": [3.7691779136657715, 2.133481025695801, 8.158485412597656]}