{"x": [0, 1, 2, 3, 4, 5], "y": [2.230048894882202, 2.6289892196655273, 3.475126028060913, 4.1959075927734375, 4.960873603820801, 6.275059223175049], "params": [3.927215337753296, -1.9497376680374146, 8.090021133422852]}