{"x": [0, 1, 2, 3, 4, 5], "y": [1.5402021408081055, 2.3161275386810303, 2.479717254638672, 3.6317193508148193, 3.868328094482422, 4.698414325714111], "params": [3.103616714477539, -3.9290528297424316, 6.316424369812012]}