{"x": [0, 1, 2, 3, 4, 5], "y": [6.553124904632568, 7.203283309936523, 7.0344438552856445, 7.429938316345215, 8.062458992004395, 8.216940879821777], "params": [1.6414406299591064, 4.73194694519043, 3.327631950378418]}