{"x": [0, 1, 2, 3, 4, 5], "y": [5.1628007888793945, 5.497448444366455, 6.466920852661133, 6.729273319244385, 7.170786380767822, 7.594671726226807], "params": [2.142275333404541, 3.101290464401245, 4.863741874694824]}