{"x": [0, 1, 2, 3, 4, 5], "y": [2.6244988441467285, 3.008497953414917, 3.741241931915283, 4.418646812438965, 4.946106433868408, 5.426053047180176], "params": [3.2963879108428955, -1.9718164205551147, 5.6031084060668945]}