{"x": [0, 1, 2, 3, 4, 5], "y": [1.5612396001815796, 2.0650393962860107, 2.4067893028259277, 3.497732639312744, 3.505877733230591, 4.445692539215088], "params": [2.7544949054718018, -4.065868377685547, 5.7689056396484375]}