{"x": [0, 1, 2, 3, 4, 5], "y": [3.935197114944458, 4.788220405578613, 5.707943916320801, 6.612973213195801, 7.812190532684326, 8.59908390045166], "params": [4.879559516906738, 2.5114541053771973, 9.327774047851562]}