{"x": [0, 1, 2, 3, 4, 5], "y": [5.391594409942627, 5.650566577911377, 6.687310218811035, 7.1121907234191895, 7.995964050292969, 9.101069450378418], "params": [3.799075126647949, 3.9970569610595703, 7.418950080871582]}