{"x": [0, 1, 2, 3, 4, 5], "y": [0.6745758056640625, 1.8530935049057007, 2.7726707458496094, 3.593590497970581, 4.040801525115967, 5.4003520011901855], "params": [4.390265941619873, -3.9299840927124023, 9.451552391052246]}