{"x": [0, 1, 2, 3, 4, 5], "y": [1.5022634267807007, 2.189753293991089, 2.9285154342651367, 3.2657253742218018, 4.019222736358643, 4.184173583984375], "params": [2.7101378440856934, -4.169035911560059, 5.3638200759887695]}