{"x": [0, 1, 2, 3, 4, 5], "y": [3.0525403022766113, 2.820941925048828, 3.3817880153656006, 3.715909719467163, 3.7877752780914307, 4.031010627746582], "params": [1.4110908508300781, -3.0777435302734375, 2.420137405395508]}