{"x": [0, 1, 2, 3, 4, 5], "y": [5.226468563079834, 5.909512519836426, 6.412293434143066, 6.995077133178711, 7.314098358154297, 8.371100425720215], "params": [2.509287118911743, 3.5398006439208984, 6.289263725280762]}