{"x": [0, 1, 2, 3, 4, 5], "y": [4.3911638259887695, 5.207974433898926, 6.305213451385498, 6.906814098358154, 8.213862419128418, 9.065388679504395], "params": [4.634578704833984, 3.162436008453369, 9.34844970703125]}