{"x": [0, 1, 2, 3, 4, 5], "y": [4.841310501098633, 5.356080532073975, 5.41624641418457, 6.333500385284424, 6.553691387176514, 6.838549613952637], "params": [2.298922300338745, 1.7224442958831787, 3.994478225708008]}