{"x": [0, 1, 2, 3, 4, 5], "y": [5.003574848175049, 5.401364326477051, 5.8924784660339355, 6.930818557739258, 7.630380630493164, 7.79778528213501], "params": [2.9522271156311035, 2.9808759689331055, 5.588420867919922]}