{"x": [0, 1, 2, 3, 4, 5], "y": [1.97188138961792, 2.44994854927063, 2.8138110637664795, 3.6691927909851074, 4.299979209899902, 4.662764549255371], "params": [2.3279929161071777, -3.5912017822265625, 5.381766319274902]}