{"x": [0, 1, 2, 3, 4, 5], "y": [5.282700061798096, 5.751181602478027, 6.533768653869629, 6.7166008949279785, 7.192235946655273, 7.786165237426758], "params": [2.2466201782226562, 2.9653966426849365, 5.006930351257324]}