{"x": [0, 1, 2, 3, 4, 5], "y": [2.5533227920532227, 3.2405929565429688, 3.962955951690674, 4.5307488441467285, 5.590210914611816, 5.851479530334473], "params": [3.8122496604919434, -1.419752836227417, 6.5963134765625]}