{"x": [0, 1, 2, 3, 4, 5], "y": [0.8220055103302002, 2.749396562576294, 2.772876024246216, 3.1243467330932617, 4.294674873352051, 4.954083442687988], "params": [3.2877681255340576, -3.918443202972412, 8.264156341552734]}