{"x": [0, 1, 2, 3, 4, 5], "y": [6.296745777130127, 6.349828243255615, 7.357841968536377, 7.372766494750977, 7.888130187988281, 8.244007110595703], "params": [2.1557419300079346, 4.715620040893555, 3.8945226669311523]}