{"x": [0, 1, 2, 3, 4, 5], "y": [1.7567999362945557, 2.5665080547332764, 3.6630518436431885, 4.522290229797363, 5.193654537200928, 6.145425796508789], "params": [4.089600086212158, -2.2353596687316895, 8.777252197265625]}