{"x": [0, 1, 2, 3, 4, 5], "y": [4.816871643066406, 5.917479038238525, 6.570023059844971, 7.361345291137695, 7.660826206207275, 9.165794372558594], "params": [3.9449868202209473, 4.119028568267822, 8.697845458984375]}