{"x": [0, 1, 2, 3, 4, 5], "y": [4.256380081176758, 4.845670223236084, 6.150707244873047, 6.797798156738281, 7.7598795890808105, 8.491729736328125], "params": [4.213406085968018, 2.7096664905548096, 8.470699310302734]}