{"x": [0, 1, 2, 3, 4, 5], "y": [1.6637568473815918, 1.998658299446106, 2.6732583045959473, 2.926910877227783, 3.7613251209259033, 4.259268283843994], "params": [2.706146717071533, -4.31998348236084, 5.191022872924805]}