{"x": [0, 1, 2, 3, 4, 5], "y": [3.3363988399505615, 3.8531830310821533, 4.640066623687744, 4.529566287994385, 4.858128070831299, 4.953064918518066], "params": [1.5093392133712769, -1.3727980852127075, 3.2333321571350098]}