{"x": [0, 1, 2, 3, 4, 5], "y": [1.5443204641342163, 1.9592405557632446, 2.0558784008026123, 2.7268266677856445, 3.3693437576293945, 3.7146949768066406], "params": [1.981259822845459, -4.771406650543213, 4.3407487869262695]}