{"x": [0, 1, 2, 3, 4, 5], "y": [4.485915184020996, 5.379230499267578, 6.004842758178711, 6.680553436279297, 7.498189926147461, 8.484503746032715], "params": [3.7611706256866455, 2.753396511077881, 7.9971771240234375]}