{"x": [0, 1, 2, 3, 4, 5], "y": [4.767185688018799, 5.599536895751953, 5.961312294006348, 6.026421546936035, 7.197535991668701, 7.3789777755737305], "params": [2.8364322185516357, 2.1529364585876465, 5.223584175109863]}