{"x": [0, 1, 2, 3, 4, 5], "y": [3.811976194381714, 5.1867594718933105, 6.085627555847168, 6.767012119293213, 7.69840669631958, 8.643759727478027], "params": [4.305722236633301, 3.0525107383728027, 9.663566589355469]}