{"x": [0, 1, 2, 3, 4, 5], "y": [3.9947710037231445, 4.311303615570068, 5.451852321624756, 6.034998416900635, 6.656774520874023, 7.306703567504883], "params": [3.2891664505004883, 1.3466036319732666, 6.623865127563477]}