{"x": [0, 1, 2, 3, 4, 5], "y": [5.262259483337402, 5.710002899169922, 6.00238561630249, 6.338649272918701, 5.998439311981201, 7.027527332305908], "params": [0.9604412317276001, 1.9677364826202393, 3.5305356979370117]}