{"x": [0, 1, 2, 3, 4, 5], "y": [4.9804511070251465, 6.243487358093262, 6.98396110534668, 8.099395751953125, 8.717480659484863, 9.966885566711426], "params": [4.231442451477051, 4.79506778717041, 9.972868919372559]}