{"x": [0, 1, 2, 3, 4, 5], "y": [5.295093059539795, 6.360145092010498, 6.174051761627197, 6.790889739990234, 6.8404951095581055, 7.282280445098877], "params": [1.9243595600128174, 2.9655075073242188, 3.974374771118164]}