{"x": [0, 1, 2, 3, 4, 5], "y": [5.743783950805664, 5.782124042510986, 5.894620418548584, 5.947259902954102, 6.470230579376221, 6.478957653045654], "params": [0.899333655834198, 2.1716623306274414, 1.4703474044799805]}