{"x": [0, 1, 2, 3, 4, 5], "y": [3.2595455646514893, 4.324398517608643, 5.030878067016602, 5.713163375854492, 6.238347053527832, 7.335488319396973], "params": [3.5984344482421875, 0.8429288864135742, 8.151885986328125]}