{"x": [0, 1, 2, 3, 4, 5], "y": [0.8868958950042725, 1.719712734222412, 2.898268699645996, 3.8259191513061523, 4.46824836730957, 4.554325580596924], "params": [3.505401372909546, -3.8426029682159424, 7.334859371185303]}