{"x": [0, 1, 2, 3, 4, 5], "y": [2.3506388664245605, 3.4359896183013916, 3.9128692150115967, 4.525789737701416, 5.149530410766602, 5.762792587280273], "params": [3.4068078994750977, -1.669798493385315, 6.824307441711426]}