{"x": [0, 1, 2, 3, 4, 5], "y": [3.245330572128296, 3.3635129928588867, 3.229377508163452, 3.705738067626953, 3.5778086185455322, 3.702850580215454], "params": [0.8575350046157837, -3.4791314601898193, 0.952721118927002]}