{"x": [0, 1, 2, 3, 4, 5], "y": [1.9166741371154785, 2.757080554962158, 3.5675010681152344, 4.31427001953125, 5.143172264099121, 5.930395126342773], "params": [3.5055980682373047, -2.200610637664795, 8.02744197845459]}