{"x": [0, 1, 2, 3, 4, 5], "y": [3.397714614868164, 4.1527299880981445, 4.7378387451171875, 5.469310283660889, 5.5964813232421875, 6.556926250457764], "params": [3.168128728866577, -0.10854184627532959, 6.318423271179199]}