{"x": [0, 1, 2, 3, 4, 5], "y": [4.798282623291016, 4.998607158660889, 5.859818458557129, 6.604663372039795, 7.136319637298584, 8.165349006652832], "params": [3.2719626426696777, 2.672156810760498, 6.734132766723633]}