{"x": [0, 1, 2, 3, 4, 5], "y": [1.7421741485595703, 2.7715651988983154, 3.5659079551696777, 4.26459264755249, 5.362802505493164, 6.4838786125183105], "params": [4.434697151184082, -1.886182427406311, 9.48340892791748]}