{"x": [0, 1, 2, 3, 4, 5], "y": [7.347504138946533, 7.353018283843994, 7.428194046020508, 7.511695861816406, 7.406929969787598, 7.819127559661865], "params": [0.18980860710144043, 4.996041774749756, 0.9432468414306641]}