{"x": [0, 1, 2, 3, 4, 5], "y": [3.8183753490448, 4.294820308685303, 5.626113414764404, 6.294384002685547, 7.195898532867432, 8.02963638305664], "params": [4.679823875427246, 1.8560492992401123, 8.422521591186523]}