{"x": [0, 1, 2, 3, 4, 5], "y": [2.1877598762512207, 2.8608107566833496, 3.798591136932373, 4.994018077850342, 5.855586051940918, 6.522984504699707], "params": [4.474201202392578, -1.3438701629638672, 8.670449256896973]}