{"x": [0, 1, 2, 3, 4, 5], "y": [5.485188961029053, 6.204665660858154, 6.423224449157715, 6.873818874359131, 7.595162868499756, 8.234955787658691], "params": [2.7445390224456787, 3.6602652072906494, 5.499533653259277]}