{"x": [0, 1, 2, 3, 4, 5], "y": [1.1948390007019043, 4.594496726989746, 2.096261739730835, 5.255026817321777, 2.7452597618103027, 5.893550395965576], "params": [3.4509119987487793, -1.741572618484497, 6.874058246612549, 11.453237533569336, 0.25, 0.0, 12.330161094665527]}