{"x": [0, 1, 2, 3, 4, 5], "y": [2.647627353668213, 5.976977348327637, 3.377495288848877, 6.788470268249512, 4.276609897613525, 7.438836097717285], "params": [3.7691779136657715, 2.133481025695801, 8.158485412597656, 11.078817367553711, 0.25, 0.0, 11.969913482666016]}