{"x": [0, 1, 2, 3, 4, 5], "y": [2.2312822341918945, 4.395270347595215, 2.719322919845581, 4.418355941772461, 2.928739070892334, 5.005043983459473], "params": [1.7523512840270996, -1.1389756202697754, 2.7244081497192383, 8.347881317138672, 0.25, 0.0, 8.547723770141602]}