{"x": [0, 1, 2, 3, 4, 5], "y": [0.7828669548034668, 2.2073445320129395, 1.5753321647644043, 2.786391258239746, 2.234666347503662, 3.5534920692443848], "params": [3.621260166168213, -3.534480333328247, 7.494600772857666, 3.549952745437622, 0.25, 0.0, 4.052831649780273]}