{"x": [0, 1, 2, 3, 4, 5], "y": [4.099027156829834, 11.67292594909668, 6.117818355560303, 13.720070838928223, 7.6513190269470215, 15.407245635986328], "params": [4.213406085968018, 2.7096664905548096, 8.470699310302734, 13.128738403320312, 0.25, 0.0, 14.15925121307373]}