{"x": [0, 1, 2, 3, 4, 5], "y": [0.5611608028411865, 1.3257473707199097, 1.6167627573013306, 2.165487766265869, 2.5740041732788086, 3.2894811630249023], "params": [4.817092418670654, -2.51387882232666, 10.394871711730957, 0.6545063853263855, 0.25, 0.0, 1.4882841110229492]}