{"x": [0, 1, 2, 3, 4, 5], "y": [3.000063419342041, 7.182652473449707, 4.099627494812012, 7.885011672973633, 4.70164155960083, 8.561729431152344], "params": [3.576310157775879, 2.472273111343384, 7.187908172607422, 13.624227523803711, 0.25, 0.0, 15.202310562133789]}