{"x": [0, 1, 2, 3, 4, 5], "y": [3.6055996417999268, 6.803272247314453, 4.138794422149658, 7.510035037994385, 4.536015510559082, 7.75069522857666], "params": [2.843463659286499, 4.11129093170166, 4.573239326477051, 12.265804290771484, 0.25, 0.0, 13.443587303161621]}