{"x": [0, 1, 2, 3, 4, 5], "y": [1.8175965547561646, 4.690798759460449, 2.3341426849365234, 5.185588836669922, 2.5349271297454834, 5.605887413024902], "params": [2.0922515392303467, -0.8640223741531372, 4.303653240203857, 11.375211715698242, 0.25, 0.0, 11.847329139709473]}