{"x": [0, 1, 2, 3, 4, 5], "y": [0.9577305316925049, 3.842257261276245, 1.1278231143951416, 4.611468315124512, 2.2354023456573486, 5.293233871459961], "params": [3.50518798828125, -3.7956273555755615, 6.818737030029297, 11.353751182556152, 0.25, 0.0, 12.571221351623535]}