{"x": [0, 1, 2, 3, 4, 5], "y": [2.862830638885498, 3.225858688354492, 3.38991117477417, 3.6131105422973633, 3.1451632976531982, 3.615468978881836], "params": [0.8056068420410156, 2.322633743286133, 1.9879875183105469, 0.9293979406356812, 0.25, 0.0, 1.5948379039764404]}