{"x": [0, 1, 2, 3, 4, 5], "y": [2.386094093322754, 3.9256467819213867, 2.54490327835083, 4.3888678550720215, 2.8278961181640625, 5.0720133781433105], "params": [1.8547120094299316, -2.7271151542663574, 3.1764912605285645, 7.958881378173828, 0.25, 0.0, 7.649073123931885]}