{"x": [0, 1, 2, 3, 4, 5], "y": [1.7154368162155151, 3.033724784851074, 2.3053619861602783, 3.7413368225097656, 2.1671600341796875, 4.014678478240967], "params": [2.5495169162750244, -0.9869062900543213, 5.0921173095703125, 3.6052536964416504, 0.25, 0.0, 5.863020420074463]}