{"x": [0, 1, 2, 3, 4, 5], "y": [1.929253101348877, 4.307376861572266, 1.9171671867370605, 4.6023173332214355, 2.2347137928009033, 4.695099353790283], "params": [0.8575350046157837, -3.4791314601898193, 0.952721118927002, 9.489791870117188, 0.25, 0.0, 10.16478157043457]}