{"x": [0, 1, 2, 3, 4, 5], "y": [6.6953558921813965, 15.366216659545898, 8.669296264648438, 15.937397003173828, 9.772665023803711, 18.52377700805664], "params": [3.9620800018310547, 4.585533142089844, 8.95319652557373, 14.295354843139648, 0.25, 0.0, 16.30167007446289]}