{"x": [0, 1, 2, 3, 4, 5], "y": [1.0716652870178223, 4.117959976196289, 1.5865291357040405, 4.357155799865723, 2.089308261871338, 5.049796104431152], "params": [2.5009307861328125, -4.082450866699219, 5.034132957458496, 10.545122146606445, 0.25, 0.0, 11.262274742126465]}