{"x": [0, 1, 2, 3, 4, 5], "y": [2.179226875305176, 4.203272819519043, 2.5644352436065674, 4.116230487823486, 2.7785046100616455, 4.590126037597656], "params": [1.1737120151519775, -1.1241340637207031, 2.409921169281006, 5.926365852355957, 0.25, 0.0, 7.233676433563232]}