{"x": [0, 1, 2, 3, 4, 5], "y": [1.8306787014007568, 4.123241901397705, 1.914319634437561, 4.38747501373291, 2.4047722816467285, 5.086411476135254], "params": [1.7416152954101562, -3.317362070083618, 3.315394878387451, 9.015989303588867, 0.25, 0.0, 10.082405090332031]}