{"x": [0, 1, 2, 3, 4, 5], "y": [2.897225856781006, 3.075202226638794, 2.910839557647705, 3.407313346862793, 3.137744426727295, 3.9422645568847656], "params": [0.9871625900268555, 0.9263712167739868, 3.8085203170776367, 2.195286273956299, 0.25, 0.0, 2.479591131210327]}