{"x": [0, 1, 2, 3, 4, 5], "y": [0.5418862104415894, 1.4378207921981812, 1.4868991374969482, 2.57698917388916, 2.265489339828491, 3.5466365814208984], "params": [4.162074565887451, -4.2113566398620605, 9.28507137298584, 2.9370779991149902, 0.25, 0.0, 3.8834903240203857]}