{"x": [0, 1, 2, 3, 4, 5], "y": [2.638617515563965, 6.110372543334961, 3.353691816329956, 6.593461036682129, 3.3375935554504395, 6.962608814239502], "params": [2.253727436065674, 2.837094783782959, 5.093823432922363, 12.105813026428223, 0.25, 0.0, 13.229118347167969]}