{"x": [0, 1, 2, 3, 4, 5], "y": [1.1780493259429932, 3.1251285076141357, 1.9929347038269043, 3.9271068572998047, 2.582576274871826, 5.017738342285156], "params": [3.9236931800842285, -3.1237494945526123, 7.351739406585693, 7.120756149291992, 0.25, 0.0, 8.007017135620117]}