{"x": [0, 1, 2, 3, 4, 5], "y": [1.6292446851730347, 4.1194987297058105, 2.675724744796753, 5.256547451019287, 3.8860931396484375, 6.157763957977295], "params": [4.437995910644531, 0.040157437324523926, 9.323802947998047, 8.388665199279785, 0.25, 0.0, 8.975347518920898]}