{"x": [0, 1, 2, 3, 4, 5], "y": [6.196621894836426, 13.92264175415039, 8.532672882080078, 15.204080581665039, 9.578910827636719, 17.35903549194336], "params": [4.250816822052002, 4.37241268157959, 9.174381256103516, 12.61270523071289, 0.25, 0.0, 13.150445938110352]}