{"x": [0, 1, 2, 3, 4, 5], "y": [3.4956557750701904, 10.746063232421875, 4.07913875579834, 10.979324340820312, 4.875428199768066, 10.949620246887207], "params": [1.105851173400879, -4.574892520904541, 3.034785270690918, 12.112619400024414, 0.25, 0.0, 13.152345657348633]}