{"x": [0, 1, 2, 3, 4, 5], "y": [3.156871795654297, 4.96090841293335, 3.682926893234253, 4.891999244689941, 3.318995952606201, 5.120159149169922], "params": [0.6763657927513123, 1.8621641397476196, 1.4442358016967773, 6.915554046630859, 0.25, 0.0, 7.209049224853516]}