{"x": [0, 1, 2, 3, 4, 5], "y": [4.4365010261535645, 10.071874618530273, 4.035760879516602, 10.47571849822998, 5.158549785614014, 10.566174507141113], "params": [1.307709813117981, -0.9018182754516602, 1.5763006210327148, 11.41922378540039, 0.25, 0.0, 13.198259353637695]}