{"x": [0, 1, 2, 3, 4, 5], "y": [2.942131519317627, 6.052679061889648, 3.6847879886627197, 7.085326194763184, 4.924892425537109, 7.994474411010742], "params": [4.693573951721191, 4.2801995277404785, 9.136357307434082, 11.26314926147461, 0.25, 0.0, 11.55545425415039]}