{"x": [0, 1, 2, 3, 4, 5], "y": [0.335834801197052, 3.735074996948242, 1.1436117887496948, 4.601308822631836, 2.107877492904663, 5.635136604309082], "params": [4.434176921844482, -4.633813381195068, 8.716999053955078, 12.802291870117188, 0.25, 0.0, 12.59030532836914]}