{"x": [0, 1, 2, 3, 4, 5], "y": [1.6606566905975342, 8.299184799194336, 3.6559817790985107, 10.402395248413086, 5.442602157592773, 12.215660095214844], "params": [4.2705841064453125, -2.4307405948638916, 9.07458209991455, 12.02811050415039, 0.25, 0.0, 12.338484764099121]}