{"x": [0, 1, 2, 3, 4, 5], "y": [1.8734468221664429, 4.838569164276123, 2.164043664932251, 5.395014762878418, 2.5831732749938965, 5.2632622718811035], "params": [0.9678494930267334, -2.478799343109131, 2.9794797897338867, 12.186665534973145, 0.25, 0.0, 12.217090606689453]}