{"x": [0, 1, 2, 3, 4, 5], "y": [1.745826005935669, 3.927781581878662, 2.3530189990997314, 4.322089195251465, 2.50689435005188, 4.423954963684082], "params": [1.8640100955963135, -3.7951321601867676, 2.8963685035705566, 8.060649871826172, 0.25, 0.0, 8.716644287109375]}