{"x": [0, 1, 2, 3, 4, 5], "y": [1.6570185422897339, 3.5341758728027344, 2.911914348602295, 4.806699752807617, 3.7200803756713867, 5.749831199645996], "params": [4.960638046264648, 1.6984021663665771, 9.380813598632812, 6.247891902923584, 0.25, 0.0, 6.990435600280762]}