{"x": [0, 1, 2, 3, 4, 5], "y": [2.1775522232055664, 4.912108421325684, 1.8728806972503662, 5.082313537597656, 2.0288233757019043, 5.131597995758057], "params": [0.052713751792907715, -2.111511707305908, 1.4865970611572266, 10.50282096862793, 0.25, 0.0, 11.703876495361328]}