{"x": [0, 1, 2, 3, 4, 5], "y": [2.812615394592285, 5.346138954162598, 2.985994815826416, 5.6610541343688965, 2.9027719497680664, 5.802585601806641], "params": [0.9343886375427246, -0.6604164838790894, 1.9186887741088867, 10.462750434875488, 0.25, 0.0, 11.057450294494629]}