{"x": [0, 1, 2, 3, 4, 5], "y": [2.134645938873291, 6.222141265869141, 2.8715977668762207, 6.845605373382568, 3.4919703006744385, 7.391750335693359], "params": [3.241476058959961, 1.3005638122558594, 6.5438337326049805, 14.743075370788574, 0.25, 0.0, 15.116325378417969]}