{"x": [0, 1, 2, 3, 4, 5], "y": [3.391115665435791, 4.508872985839844, 3.3633320331573486, 4.904911994934082, 3.558785915374756, 4.930129051208496], "params": [0.49138009548187256, 3.462109088897705, 1.3659639358520508, 5.5383620262146, 0.25, 0.0, 6.4022674560546875]}