{"x": [0, 1, 2, 3, 4, 5], "y": [3.498871326446533, 8.766571044921875, 4.04839563369751, 10.300495147705078, 5.787433624267578, 11.516873359680176], "params": [3.9640731811523438, -0.40707945823669434, 6.746242046356201, 9.866148948669434, 0.25, 0.0, 11.1254301071167]}