{"x": [0, 1, 2, 3, 4, 5], "y": [2.8528027534484863, 6.624626159667969, 3.900552272796631, 8.023362159729004, 5.1647138595581055, 9.025026321411133], "params": [2.6923117637634277, -2.2174954414367676, 4.635688781738281, 6.36848258972168, 0.25, 0.0, 7.708757400512695]}