{"x": [0, 1, 2, 3, 4, 5], "y": [2.3314695358276367, 4.537801742553711, 2.5828957557678223, 4.727675914764404, 2.3926873207092285, 4.597715854644775], "params": [0.10187774896621704, -2.963533401489258, 1.346531867980957, 9.017860412597656, 0.25, 0.0, 9.236692428588867]}