{"x": [0, 1, 2, 3, 4, 5], "y": [1.4429771900177002, 2.550379753112793, 1.802078127861023, 3.1626758575439453, 2.0909440517425537, 2.805410385131836], "params": [0.9004861116409302, -3.4660940170288086, 2.998505115509033, 3.983612298965454, 0.25, 0.0, 5.075304985046387]}