{"x": [0, 1, 2, 3, 4, 5], "y": [2.2755444049835205, 5.429414749145508, 2.7086496353149414, 6.086721420288086, 3.0505523681640625, 6.2275800704956055], "params": [2.580390214920044, -1.545889973640442, 5.512067794799805, 11.25869369506836, 0.25, 0.0, 12.59269905090332]}