{"x": [0, 1, 2, 3, 4, 5], "y": [3.098310947418213, 6.961320877075195, 4.266336441040039, 7.6020402908325195, 4.789455413818359, 8.67951774597168], "params": [4.250816822052002, 4.37241268157959, 9.174381256103516, 12.61270523071289, 0.25, 0.0, 13.150445938110352]}