{"x": [0, 1, 2, 3, 4, 5], "y": [3.439781427383423, 10.809051513671875, 4.550328731536865, 12.329578399658203, 6.576535224914551, 13.978374481201172], "params": [3.4017162322998047, -0.5377817153930664, 7.062179088592529, 13.504231452941895, 0.25, 0.0, 14.015007019042969]}