{"x": [0, 1, 2, 3, 4, 5], "y": [1.7415238618850708, 1.789884090423584, 1.7796448469161987, 2.4306178092956543, 2.150906801223755, 2.6006920337677], "params": [1.4055488109588623, -2.177365303039551, 3.1100993156433105, 0.5197235941886902, 0.25, 0.0, 1.2949066162109375]}