{"x": [0, 1, 2, 3, 4, 5], "y": [1.4418277740478516, 1.9851653575897217, 2.1149818897247314, 2.5837676525115967, 3.1144936084747314, 3.7247843742370605], "params": [3.965808153152466, -0.662914514541626, 8.376416206359863, 0.5696269869804382, 0.25, 0.0, 1.5289397239685059]}