{"x": [0, 1, 2, 3, 4, 5], "y": [5.657724380493164, 12.15696907043457, 7.569053649902344, 13.91067886352539, 8.279081344604492, 14.699684143066406], "params": [3.3265626430511475, 3.72127103805542, 7.011837959289551, 10.686162948608398, 0.25, 0.0, 11.739679336547852]}