{"x": [0, 1, 2, 3, 4, 5], "y": [1.0872492790222168, 2.867067813873291, 1.541252851486206, 3.7214174270629883, 1.9006823301315308, 3.7987959384918213], "params": [1.7554807662963867, -4.604611396789551, 4.2591376304626465, 6.817120552062988, 0.25, 0.0, 7.732969284057617]}