{"x": [0, 1, 2, 3, 4, 5], "y": [2.6373023986816406, 5.93355655670166, 3.3485524654388428, 6.294637680053711, 4.076190948486328, 7.165205955505371], "params": [3.6155247688293457, 3.4183807373046875, 7.377676010131836, 9.224040985107422, 0.25, 0.0, 11.013521194458008]}