{"x": [0, 1, 2, 3, 4, 5], "y": [3.150923728942871, 4.399971008300781, 3.3079967498779297, 4.01786994934082, 3.5086472034454346, 4.286366939544678], "params": [0.3193312883377075, 3.177799701690674, 1.950927734375, 3.5929977893829346, 0.25, 0.0, 5.12650728225708]}