{"x": [0, 1, 2, 3, 4, 5], "y": [5.563305377960205, 10.30521297454834, 7.105282306671143, 12.241619110107422, 9.333542823791504, 14.15498161315918], "params": [4.556193828582764, 4.093800067901611, 8.920682907104492, 8.361799240112305, 0.25, 0.0, 8.610641479492188]}