{"x": [0, 1, 2, 3, 4, 5], "y": [2.8747036457061768, 2.576584577560425, 2.5997846126556396, 2.9931719303131104, 2.7659144401550293, 2.76660418510437], "params": [0.014019608497619629, 0.6406247615814209, 0.9634027481079102, 0.03800332546234131, 0.25, 0.0, 1.4969135522842407]}