{"x": [0, 1, 2, 3, 4, 5], "y": [4.709726810455322, 12.585521697998047, 6.365306377410889, 13.645430564880371, 7.037684440612793, 14.892848014831543], "params": [3.4900124073028564, -1.3935232162475586, 6.579013347625732, 14.21744441986084, 0.25, 0.0, 14.808935165405273]}