{"x": [0, 1, 2, 3, 4, 5], "y": [1.5124340057373047, 3.053908109664917, 1.9517054557800293, 3.2625527381896973, 2.083757162094116, 3.3570327758789062], "params": [0.8985477685928345, -2.554378032684326, 2.4522294998168945, 4.463790416717529, 0.25, 0.0, 5.472697734832764]}