{"x": [0, 1, 2, 3, 4, 5], "y": [5.813342094421387, 10.418767929077148, 5.899600028991699, 9.991950988769531, 6.01595401763916, 10.332883834838867], "params": [0.5162316560745239, 0.30459582805633545, 1.3395013809204102, 8.199755668640137, 0.25, 0.0, 9.343453407287598]}