{"x": [0, 1, 2, 3, 4, 5], "y": [3.7360177040100098, 5.9961395263671875, 4.079758644104004, 6.261275291442871, 3.828033447265625, 6.651922225952148], "params": [1.0315454006195068, 4.715930938720703, 2.1141977310180664, 9.590003967285156, 0.25, 0.0, 10.536714553833008]}