{"x": [0, 1, 2, 3, 4, 5], "y": [2.8130640983581543, 6.242141246795654, 3.359116315841675, 7.082036018371582, 4.270535469055176, 8.141435623168945], "params": [4.050941467285156, 4.800970554351807, 8.353955268859863, 13.20269775390625, 0.25, 0.0, 14.257353782653809]}