{"x": [0, 1, 2, 3, 4, 5], "y": [1.042932391166687, 5.617221832275391, 2.44748592376709, 6.409080505371094, 2.7557547092437744, 7.009981155395508], "params": [4.390265941619873, -3.9299840927124023, 9.451552391052246, 14.513410568237305, 0.25, 0.0, 15.940122604370117]}