{"x": [0, 1, 2, 3, 4, 5], "y": [4.772188186645508, 7.851293563842773, 5.08980655670166, 8.777735710144043, 5.655792236328125, 10.144026756286621], "params": [1.8547120094299316, -2.7271151542663574, 3.1764912605285645, 7.958881378173828, 0.25, 0.0, 7.649073123931885]}