{"x": [0, 1, 2, 3, 4, 5], "y": [1.1632730960845947, 2.470597743988037, 1.801495909690857, 3.214789867401123, 2.131037712097168, 3.664423942565918], "params": [2.6326780319213867, -3.0020670890808105, 5.466859340667725, 4.116324424743652, 0.25, 0.0, 4.962547779083252]}