{"x": [0, 1, 2, 3, 4, 5], "y": [1.710726261138916, 1.6096547842025757, 1.9739049673080444, 1.9994951486587524, 2.1083157062530518, 2.1878528594970703], "params": [0.8092436194419861, -2.354484796524048, 2.174529552459717, 0.2715146541595459, 0.25, 0.0, 1.4117889404296875]}