{"x": [0, 1, 2, 3, 4, 5], "y": [1.5759854316711426, 4.683495044708252, 2.244619369506836, 5.609688758850098, 2.639359474182129, 6.108029365539551], "params": [3.366940498352051, -3.0469048023223877, 5.394826889038086, 12.835014343261719, 0.25, 0.0, 13.383018493652344]}