{"x": [0, 1, 2, 3, 4, 5], "y": [2.5091443061828613, 8.662506103515625, 3.026214122772217, 9.734753608703613, 4.599191665649414, 10.82426643371582], "params": [3.103616714477539, -3.9290528297424316, 6.316424369812012, 11.645373344421387, 0.25, 0.0, 11.599763870239258]}