{"x": [0, 1, 2, 3, 4, 5], "y": [5.203253746032715, 11.250406265258789, 6.608859062194824, 11.443437576293945, 7.828578948974609, 13.00956916809082], "params": [2.2668097019195557, 2.670292854309082, 4.689207077026367, 10.381649017333984, 0.25, 0.0, 11.125842094421387]}