{"x": [0, 1, 2, 3, 4, 5], "y": [2.0546836853027344, 4.696899890899658, 2.4836623668670654, 5.006938934326172, 3.2649099826812744, 6.284160137176514], "params": [3.6888585090637207, 0.8034712076187134, 7.258352756500244, 9.904705047607422, 0.25, 0.0, 10.418722152709961]}