{"x": [0, 1, 2, 3, 4, 5], "y": [2.8249850273132324, 4.878420829772949, 3.365161418914795, 5.173103332519531, 3.4610531330108643, 5.81071662902832], "params": [2.18695068359375, 1.2557870149612427, 4.914018630981445, 6.75474214553833, 0.25, 0.0, 7.342739105224609]}