{"x": [0, 1, 2, 3, 4, 5], "y": [2.295854091644287, 4.01063346862793, 2.671316623687744, 4.534927845001221, 3.222860336303711, 4.920373439788818], "params": [2.5503089427948, -0.28124749660491943, 5.4939069747924805, 6.027496814727783, 0.25, 0.0, 6.620254039764404]}