{"x": [0, 1, 2, 3, 4, 5], "y": [1.9590513706207275, 3.1962246894836426, 2.0402379035949707, 3.5532724857330322, 2.647630453109741, 3.6843252182006836], "params": [1.4838820695877075, -1.625712513923645, 3.7634825706481934, 3.503011465072632, 0.25, 0.0, 4.227434158325195]}