{"x": [0, 1, 2, 3, 4, 5], "y": [1.3408584594726562, 3.580996513366699, 1.6617881059646606, 4.337705612182617, 2.0905261039733887, 4.661745071411133], "params": [1.9791603088378906, -4.349898815155029, 4.119320869445801, 9.211373329162598, 0.25, 0.0, 9.812435150146484]}