{"x": [0, 1, 2, 3, 4, 5], "y": [2.166895627975464, 5.268993854522705, 3.5165793895721436, 6.228789806365967, 4.245645523071289, 7.2808518409729], "params": [4.305722236633301, 3.0525107383728027, 9.663566589355469, 9.476546287536621, 0.25, 0.0, 10.792257308959961]}