{"x": [0, 1, 2, 3, 4, 5], "y": [1.8818707466125488, 7.384532928466797, 4.114747047424316, 7.727032661437988, 4.949533939361572, 9.666423797607422], "params": [3.3079357147216797, -2.0465219020843506, 7.518805503845215, 7.627860069274902, 0.25, 0.0, 8.050300598144531]}