{"x": [0, 1, 2, 3, 4, 5], "y": [2.2413883209228516, 7.706671714782715, 3.3789479732513428, 8.707377433776855, 4.681674003601074, 9.49963665008545], "params": [2.2254955768585205, -3.5172152519226074, 5.164732456207275, 8.78935432434082, 0.25, 0.0, 9.50930118560791]}