{"x": [0, 1, 2, 3, 4, 5], "y": [2.308943271636963, 5.865931034088135, 2.7645926475524902, 6.364649772644043, 3.344254732131958, 7.136693954467773], "params": [3.5608510971069336, -2.1913111209869385, 5.668468475341797, 13.680365562438965, 0.25, 0.0, 14.348922729492188]}