{"x": [0, 1, 2, 3, 4, 5], "y": [3.4416637420654297, 7.134161949157715, 4.283970355987549, 7.755860805511475, 4.830848693847656, 8.347232818603516], "params": [3.391422986984253, 2.936455726623535, 8.101804733276367, 12.977359771728516, 0.25, 0.0, 13.182589530944824]}