{"x": [0, 1, 2, 3, 4, 5], "y": [7.2111992835998535, 13.606544494628906, 8.277588844299316, 15.02007007598877, 9.072031021118164, 15.50139045715332], "params": [2.843463659286499, 4.11129093170166, 4.573239326477051, 12.265804290771484, 0.25, 0.0, 13.443587303161621]}