{"x": [0, 1, 2, 3, 4, 5], "y": [5.414992332458496, 8.604412078857422, 5.983764171600342, 10.85789966583252, 7.965251445770264, 10.846967697143555], "params": [3.1641387939453125, 2.9904067516326904, 5.59691047668457, 6.181776523590088, 0.25, 0.0, 6.988200664520264]}