{"x": [0, 1, 2, 3, 4, 5], "y": [3.303450584411621, 5.538175582885742, 3.7717032432556152, 5.861269950866699, 3.730449914932251, 6.119499683380127], "params": [0.9604412317276001, 1.9677364826202393, 3.5305356979370117, 8.04045295715332, 0.25, 0.0, 8.078497886657715]}