{"x": [0, 1, 2, 3, 4, 5], "y": [1.3366060256958008, 5.346739768981934, 3.0225188732147217, 7.182220458984375, 4.4655680656433105, 8.637680053710938], "params": [4.6148457527160645, -4.191595077514648, 8.749654769897461, 5.5606231689453125, 0.25, 0.0, 6.1715874671936035]}