{"x": [0, 1, 2, 3, 4, 5], "y": [2.247119665145874, 4.135906219482422, 3.1913251876831055, 5.559062957763672, 4.365440368652344, 6.380518913269043], "params": [4.879559516906738, 2.5114541053771973, 9.327774047851562, 6.5400238037109375, 0.25, 0.0, 7.892221450805664]}