{"x": [0, 1, 2, 3, 4, 5], "y": [1.287248134613037, 4.274212837219238, 1.5915796756744385, 4.561029434204102, 1.8694896697998047, 4.646492958068848], "params": [1.4679795503616333, -4.618631362915039, 1.8596725463867188, 11.050883293151855, 0.25, 0.0, 11.827231407165527]}