{"x": [0, 1, 2, 3, 4, 5], "y": [3.4677486419677734, 6.883020877838135, 4.201216697692871, 7.719779014587402, 4.91998291015625, 8.572225570678711], "params": [4.196231842041016, 4.559014320373535, 8.291770935058594, 12.978022575378418, 0.25, 0.0, 12.478463172912598]}