{"x": [0, 1, 2, 3, 4, 5], "y": [4.833779811859131, 8.417468070983887, 6.090529441833496, 9.39549446105957, 7.721493244171143, 10.177995681762695], "params": [3.059706449508667, 1.57137930393219, 5.8408708572387695, 5.733451843261719, 0.25, 0.0, 5.825922966003418]}