{"x": [0, 1, 2, 3, 4, 5], "y": [5.12406063079834, 12.065409660339355, 5.865158557891846, 13.565460205078125, 7.603853702545166, 15.009068489074707], "params": [3.3561441898345947, -0.2124243974685669, 6.30897331237793, 13.582350730895996, 0.25, 0.0, 13.967353820800781]}