{"x": [0, 1, 2, 3, 4, 5], "y": [1.3665893077850342, 1.7484413385391235, 1.5312011241912842, 2.2384426593780518, 2.3093326091766357, 2.069575548171997], "params": [2.2193386554718018, -2.701932907104492, 4.300205707550049, 0.578480064868927, 0.25, 0.0, 1.275630235671997]}