{"x": [0, 1, 2, 3, 4, 5], "y": [2.770151138305664, 5.495063304901123, 2.679281711578369, 5.521109104156494, 2.611675977706909, 5.342757701873779], "params": [0.3910374641418457, -1.8866169452667236, 1.2355289459228516, 10.160361289978027, 0.25, 0.0, 10.825783729553223]}