{"x": [0, 1, 2, 3, 4, 5], "y": [1.1279921531677246, 1.6012825965881348, 1.4746755361557007, 2.0290567874908447, 2.139420509338379, 2.7431578636169434], "params": [2.3279929161071777, -3.5912017822265625, 5.381766319274902, 1.0943171977996826, 0.25, 0.0, 1.6893783807754517]}