{"x": [0, 1, 2, 3, 4, 5], "y": [2.09013032913208, 3.0276076793670654, 2.3060696125030518, 2.7097420692443848, 2.022404670715332, 2.755298137664795], "params": [0.17448276281356812, -2.5755298137664795, 0.9132480621337891, 3.2676422595977783, 0.25, 0.0, 4.354220390319824]}