{"x": [0, 1, 2, 3, 4, 5], "y": [4.402176856994629, 8.052454948425293, 4.606459140777588, 8.343673706054688, 5.081938743591309, 8.799589157104492], "params": [1.9804344177246094, 4.025002479553223, 4.0164594650268555, 14.250726699829102, 0.25, 0.0, 14.273580551147461]}