{"x": [0, 1, 2, 3, 4, 5], "y": [2.2557475566864014, 3.3681225776672363, 2.743831157684326, 4.392826557159424, 3.8329296112060547, 5.060420989990234], "params": [3.7482876777648926, 1.0465067625045776, 7.401995658874512, 4.428523063659668, 0.25, 0.0, 4.729062080383301]}