{"x": [0, 1, 2, 3, 4, 5], "y": [3.055548906326294, 5.714382171630859, 3.2479512691497803, 5.832414627075195, 3.3222570419311523, 5.847760200500488], "params": [0.6621366739273071, 2.42600679397583, 0.9601430892944336, 10.050132751464844, 0.25, 0.0, 10.25024700164795]}