{"x": [0, 1, 2, 3, 4, 5], "y": [1.8995463848114014, 5.403979778289795, 2.9055404663085938, 6.271474838256836, 3.553297996520996, 6.92376708984375], "params": [4.513620853424072, -0.7721120119094849, 8.618372917175293, 12.028519630432129, 0.25, 0.0, 12.350909233093262]}