{"x": [0, 1, 2, 3, 4, 5], "y": [1.6836611032485962, 3.1378021240234375, 2.483354091644287, 3.762153148651123, 3.0839805603027344, 4.621226787567139], "params": [3.5984344482421875, 0.8429288864135742, 8.151885986328125, 3.791591167449951, 0.25, 0.0, 4.04318380355835]}