{"x": [0, 1, 2, 3, 4, 5], "y": [4.5184831619262695, 11.890385627746582, 5.329707145690918, 13.711677551269531, 7.214470386505127, 14.942062377929688], "params": [3.2236931324005127, 0.09159982204437256, 6.816825866699219, 13.755837440490723, 0.25, 0.0, 15.1498441696167]}