{"x": [0, 1, 2, 3, 4, 5], "y": [1.1218340396881104, 3.3616042137145996, 1.2172096967697144, 3.1755917072296143, 1.0896965265274048, 3.4410204887390137], "params": [0.4150018095970154, -4.8130598068237305, 1.6116976737976074, 7.799992561340332, 0.25, 0.0, 8.870741844177246]}