{"x": [0, 1, 2, 3, 4, 5], "y": [2.587716817855835, 3.5677504539489746, 2.215985059738159, 3.4962337017059326, 2.3344695568084717, 3.6919054985046387], "params": [0.09500443935394287, -1.5724045038223267, 0.6709117889404297, 5.1861066818237305, 0.25, 0.0, 5.315178394317627]}