{"x": [0, 1, 2, 3, 4, 5], "y": [1.8336480855941772, 3.4215497970581055, 1.7749892473220825, 3.6493356227874756, 2.400238037109375, 3.800248861312866], "params": [1.3817387819290161, -1.9499397277832031, 3.3972249031066895, 5.930089473724365, 0.25, 0.0, 6.551995754241943]}