{"x": [0, 1, 2, 3, 4, 5], "y": [0.9350744485855103, 2.6139354705810547, 1.2805120944976807, 2.7896456718444824, 1.8902976512908936, 3.2006890773773193], "params": [1.981259822845459, -4.771406650543213, 4.3407487869262695, 5.029934883117676, 0.25, 0.0, 5.885604381561279]}