{"x": [0, 1, 2, 3, 4, 5], "y": [2.108471155166626, 4.567715167999268, 1.8992820978164673, 4.455722808837891, 2.0746774673461914, 4.664026260375977], "params": [0.04530608654022217, -1.947462558746338, 0.8739500045776367, 10.129623413085938, 0.25, 0.0, 10.753315925598145]}