{"x": [0, 1, 2, 3, 4, 5], "y": [7.4720354080200195, 11.992279052734375, 8.159517288208008, 12.522550582885742, 7.65606689453125, 13.303844451904297], "params": [1.0315454006195068, 4.715930938720703, 2.1141977310180664, 9.590003967285156, 0.25, 0.0, 10.536714553833008]}