{"x": [0, 1, 2, 3, 4, 5], "y": [1.3272631168365479, 4.559481143951416, 1.9828563928604126, 5.446560859680176, 2.8708951473236084, 6.319151878356934], "params": [4.509819984436035, -2.2972707748413086, 9.211875915527344, 11.559931755065918, 0.25, 0.0, 11.910058975219727]}