{"x": [0, 1, 2, 3, 4, 5], "y": [3.5678958892822266, 6.507143497467041, 4.053102493286133, 6.80582332611084, 4.70487642288208, 7.58526611328125], "params": [2.7445390224456787, 3.6602652072906494, 5.499533653259277, 10.822723388671875, 0.25, 0.0, 10.5699462890625]}