{"x": [0, 1, 2, 3, 4, 5], "y": [2.940370559692383, 5.860824108123779, 3.239482879638672, 6.497823715209961, 3.6066603660583496, 6.938424110412598], "params": [2.2374508380889893, 3.055875778198242, 4.583110809326172, 11.865004539489746, 0.25, 0.0, 12.563179016113281]}