{"x": [0, 1, 2, 3, 4, 5], "y": [2.6345925331115723, 6.009251594543457, 2.8043956756591797, 6.203812599182129, 3.276902675628662, 6.493895530700684], "params": [0.9208306670188904, -1.7743146419525146, 2.2329225540161133, 12.937198638916016, 0.25, 0.0, 13.673980712890625]}