{"x": [0, 1, 2, 3, 4, 5], "y": [5.17543363571167, 7.135500907897949, 4.431970119476318, 6.992467403411865, 4.668939113616943, 7.383810997009277], "params": [0.09500443935394287, -1.5724045038223267, 0.6709117889404297, 5.1861066818237305, 0.25, 0.0, 5.315178394317627]}