{"x": [0, 1, 2, 3, 4, 5], "y": [1.644980788230896, 5.727072715759277, 1.989522933959961, 6.18375301361084, 2.9247612953186035, 6.835427284240723], "params": [2.9300942420959473, -4.102896690368652, 6.027683258056641, 14.838946342468262, 0.25, 0.0, 15.806479454040527]}