{"x": [0, 1, 2, 3, 4, 5], "y": [1.3539013862609863, 3.615281105041504, 1.7269431352615356, 4.245377063751221, 2.4271817207336426, 4.44660758972168], "params": [2.274271011352539, -3.381476402282715, 3.8158273696899414, 8.2431001663208, 0.25, 0.0, 8.952784538269043]}