{"x": [0, 1, 2, 3, 4, 5], "y": [2.3374292850494385, 4.750650405883789, 2.5922133922576904, 4.954052925109863, 2.9387083053588867, 4.918637752532959], "params": [1.1282958984375, -1.5635186433792114, 1.5920028686523438, 8.009528160095215, 0.25, 0.0, 9.117764472961426]}