{"x": [0, 1, 2, 3, 4, 5], "y": [3.072561502456665, 10.206005096435547, 2.620408535003662, 10.145295143127441, 3.0382273197174072, 10.794198036193848], "params": [0.32300084829330444, -4.587592124938965, 1.2191777229309082, 14.539859771728516, 0.25, 0.0, 15.536418914794922]}