{"x": [0, 1, 2, 3, 4, 5], "y": [8.590887069702148, 13.76707935333252, 7.562273979187012, 13.829784393310547, 8.410621643066406, 13.78463363647461], "params": [0.09165138006210327, 3.162451982498169, 1.8755559921264648, 10.626172065734863, 0.25, 0.0, 11.74884033203125]}