{"x": [0, 1, 2, 3, 4, 5], "y": [6.9159345626831055, 11.776321411132812, 7.596226215362549, 12.520530700683594, 7.822544574737549, 13.072450637817383], "params": [2.322237968444824, 4.853330612182617, 4.840567588806152, 7.748151779174805, 0.25, 0.0, 9.423748970031738]}