{"x": [0, 1, 2, 3, 4, 5], "y": [3.055936336517334, 9.536399841308594, 3.2861766815185547, 11.670795440673828, 5.059972763061523, 11.830734252929688], "params": [2.8365468978881836, -3.0381762981414795, 5.773806095123291, 12.524466514587402, 0.25, 0.0, 14.42828369140625]}