{"x": [0, 1, 2, 3, 4, 5], "y": [3.9898741245269775, 7.241744041442871, 4.372279167175293, 7.663531303405762, 4.506707668304443, 7.695752143859863], "params": [1.8160834312438965, 3.3069701194763184, 3.569735527038574, 12.719593048095703, 0.25, 0.0, 13.77647590637207]}