{"x": [0, 1, 2, 3, 4, 5], "y": [1.2401964664459229, 3.7230520248413086, 2.1551713943481445, 4.491051197052002, 2.729015827178955, 5.566340446472168], "params": [4.84197998046875, -1.679013967514038, 9.43038272857666, 7.608732223510742, 0.25, 0.0, 9.533239364624023]}