{"x": [0, 1, 2, 3, 4, 5], "y": [2.836799383163452, 4.249882698059082, 3.283787250518799, 4.4546332359313965, 3.491572618484497, 5.063243865966797], "params": [2.125964641571045, 1.9508087635040283, 4.289664268493652, 4.691061019897461, 0.25, 0.0, 6.141908168792725]}