{"x": [0, 1, 2, 3, 4, 5], "y": [1.5041725635528564, 2.624326467514038, 2.334620475769043, 3.3529980182647705, 2.943999767303467, 3.9880857467651367], "params": [2.637077569961548, -1.2444514036178589, 5.459171295166016, 3.1629629135131836, 0.25, 0.0, 4.476481914520264]}