{"x": [0, 1, 2, 3, 4, 5], "y": [2.8328418731689453, 4.587950229644775, 3.6823010444641113, 5.295905113220215, 4.394160747528076, 5.439504146575928], "params": [2.979828357696533, 4.555658340454102, 5.565032958984375, 5.136295318603516, 0.25, 0.0, 6.350604057312012]}