{"x": [0, 1, 2, 3, 4, 5], "y": [2.3343374729156494, 2.708184242248535, 2.52567458152771, 2.8433516025543213, 2.6587274074554443, 3.686896562576294], "params": [2.184290885925293, -0.13871073722839355, 4.201360702514648, 1.75056791305542, 0.25, 0.0, 2.3854384422302246]}