{"x": [0, 1, 2, 3, 4, 5], "y": [1.4725275039672852, 2.3097381591796875, 2.114544630050659, 2.8629965782165527, 2.9480600357055664, 3.7764475345611572], "params": [3.7417280673980713, -0.0018340349197387695, 8.738373756408691, 0.7418829202651978, 0.25, 0.0, 2.4021997451782227]}