{"x": [0, 1, 2, 3, 4, 5], "y": [1.5213143825531006, 3.6939783096313477, 2.3235232830047607, 4.564023971557617, 3.0427143573760986, 5.3256120681762695], "params": [3.5055980682373047, -2.200610637664795, 8.02744197845459, 7.512271881103516, 0.25, 0.0, 7.743041515350342]}