{"x": [0, 1, 2, 3, 4, 5], "y": [2.8437228202819824, 6.053565979003906, 3.7124812602996826, 7.1708173751831055, 4.48380184173584, 7.65850830078125], "params": [4.071725368499756, 4.35012149810791, 8.381568908691406, 10.81753158569336, 0.25, 0.0, 11.963735580444336]}