{"x": [0, 1, 2, 3, 4, 5], "y": [2.992102861404419, 5.634280204772949, 3.4015698432922363, 6.205811023712158, 3.6025919914245605, 6.791316032409668], "params": [2.7822446823120117, 3.1083381175994873, 4.769989967346191, 10.26240348815918, 0.25, 0.0, 11.969295501708984]}