{"x": [0, 1, 2, 3, 4, 5], "y": [1.513990879058838, 2.611337661743164, 2.3345634937286377, 3.394482135772705, 3.0372202396392822, 3.7210261821746826], "params": [3.8122496604919434, -1.419752836227417, 6.5963134765625, 3.332533836364746, 0.25, 0.0, 3.567112445831299]}