{"x": [0, 1, 2, 3, 4, 5], "y": [1.8846333026885986, 2.448333501815796, 2.718642473220825, 3.1362342834472656, 3.3732504844665527, 3.6945347785949707], "params": [2.6157312393188477, 1.4385181665420532, 6.270478248596191, 0.3628537058830261, 0.25, 0.0, 0.969127357006073]}