{"x": [0, 1, 2, 3, 4, 5], "y": [5.880741119384766, 11.721648216247559, 6.478965759277344, 12.995647430419922, 7.213320732116699, 13.876848220825195], "params": [2.2374508380889893, 3.055875778198242, 4.583110809326172, 11.865004539489746, 0.25, 0.0, 12.563179016113281]}