{"x": [0, 1, 2, 3, 4, 5], "y": [0.830155074596405, 3.9571616649627686, 1.5265109539031982, 4.597438335418701, 2.358680486679077, 5.298354625701904], "params": [2.7578186988830566, -4.545407772064209, 7.1863179206848145, 10.84896469116211, 0.25, 0.0, 11.373160362243652]}