{"x": [0, 1, 2, 3, 4, 5], "y": [2.047330379486084, 5.212370872497559, 2.570058584213257, 5.940639495849609, 3.2815256118774414, 6.522576808929443], "params": [3.646157741546631, -2.095400810241699, 6.406724452972412, 11.836213111877441, 0.25, 0.0, 12.28283977508545]}