{"x": [0, 1, 2, 3, 4, 5], "y": [1.6351653337478638, 2.2991294860839844, 2.225956678390503, 2.94079327583313, 2.654205322265625, 3.569913625717163], "params": [2.7682623863220215, -1.0468435287475586, 5.901823043823242, 2.21299409866333, 0.25, 0.0, 2.3377084732055664]}