{"x": [0, 1, 2, 3, 4, 5], "y": [2.1104578971862793, 5.961458683013916, 2.4781150817871094, 6.482091426849365, 3.333346366882324, 6.9437713623046875], "params": [2.7101378440856934, -4.169035911560059, 5.3638200759887695, 14.775102615356445, 0.25, 0.0, 15.410898208618164]}