{"x": [0, 1, 2, 3, 4, 5], "y": [1.3807913064956665, 4.452606201171875, 2.5244712829589844, 5.283029556274414, 3.36510968208313, 6.3804731369018555], "params": [4.8124165534973145, -0.9264343976974487, 9.783955574035645, 10.285087585449219, 0.25, 0.0, 11.02451229095459]}