{"x": [0, 1, 2, 3, 4, 5], "y": [3.4429335594177246, 4.311772346496582, 3.720644950866699, 4.101820945739746, 4.2599616050720215, 4.560220241546631], "params": [1.5036338567733765, 4.9000396728515625, 2.9774484634399414, 1.3651657104492188, 0.25, 0.0, 2.454467535018921]}