{"x": [0, 1, 2, 3, 4, 5], "y": [3.9022841453552246, 7.0873003005981445, 4.1528215408325195, 7.602560997009277, 4.637969970703125, 8.050285339355469], "params": [2.2466201782226562, 2.9653966426849365, 5.006930351257324, 12.369068145751953, 0.25, 0.0, 13.433294296264648]}