{"x": [0, 1, 2, 3, 4, 5], "y": [3.3825318813323975, 6.336265563964844, 3.4298362731933594, 6.098633766174316, 3.679112672805786, 6.387829780578613], "params": [0.6298789381980896, 0.571439266204834, 1.3099212646484375, 11.328679084777832, 0.25, 0.0, 12.128759384155273]}