{"x": [0, 1, 2, 3, 4, 5], "y": [1.8410696983337402, 2.227295398712158, 2.491776943206787, 2.6803150177001953, 2.778573513031006, 2.8885958194732666], "params": [1.5093392133712769, -1.3727980852127075, 3.2333321571350098, 1.0526230335235596, 0.25, 0.0, 0.9751530289649963]}