{"x": [0, 1, 2, 3, 4, 5], "y": [1.7088205814361572, 3.0423734188079834, 1.8617186546325684, 3.1143505573272705, 1.795667290687561, 3.357931613922119], "params": [0.8586269617080688, -3.4533941745758057, 1.6935715675354004, 5.0028910636901855, 0.25, 0.0, 5.05972146987915]}