{"x": [0, 1, 2, 3, 4, 5], "y": [3.4546515941619873, 6.874885559082031, 4.398530006408691, 7.4323272705078125, 4.943076133728027, 8.376815795898438], "params": [3.2419326305389404, 4.117580413818359, 7.064645767211914, 12.009004592895508, 0.25, 0.0, 12.624009132385254]}