{"x": [0, 1, 2, 3, 4, 5], "y": [4.2907819747924805, 8.08775520324707, 4.46209716796875, 8.50900650024414, 4.982658386230469, 8.713228225708008], "params": [1.6414406299591064, 4.73194694519043, 3.327631950378418, 14.863037109375, 0.25, 0.0, 15.396646499633789]}