{"x": [0, 1, 2, 3, 4, 5], "y": [1.7631608247756958, 2.0603132247924805, 1.9411046504974365, 2.4906771183013916, 1.9363183975219727, 2.5509650707244873], "params": [1.5572881698608398, -3.2765650749206543, 2.5214757919311523, 2.404534339904785, 0.25, 0.0, 2.792234420776367]}