{"x": [0, 1, 2, 3, 4, 5], "y": [5.508710861206055, 11.827596664428711, 7.4809980392456055, 13.90836238861084, 9.17492961883545, 15.785423278808594], "params": [3.977489948272705, 4.830750465393066, 8.426647186279297, 11.500774383544922, 0.25, 0.0, 12.44192886352539]}