{"x": [0, 1, 2, 3, 4, 5], "y": [1.5505253076553345, 3.6095218658447266, 2.233513593673706, 4.615818977355957, 3.266711950302124, 5.324540138244629], "params": [4.474201202392578, -1.3438701629638672, 8.670449256896973, 7.171389102935791, 0.25, 0.0, 7.379593849182129]}