{"x": [0, 1, 2, 3, 4, 5], "y": [2.426628589630127, 3.9734292030334473, 2.123025894165039, 3.657257556915283, 2.78192138671875, 3.54414701461792], "params": [0.1051369309425354, -1.1815083026885986, 2.1007699966430664, 4.787234306335449, 0.25, 0.0, 5.926098823547363]}