{"x": [0, 1, 2, 3, 4, 5], "y": [2.103959560394287, 5.483780384063721, 2.4770777225494385, 5.746172904968262, 2.5924317836761475, 6.377424240112305], "params": [2.076653480529785, -1.6789346933364868, 4.7383646965026855, 12.868617057800293, 0.25, 0.0, 13.20026969909668]}