{"x": [0, 1, 2, 3, 4, 5], "y": [2.1904306411743164, 5.077389240264893, 2.6871955394744873, 5.680278778076172, 3.1710622310638428, 6.315408706665039], "params": [2.9583261013031006, 0.934678316116333, 6.11275577545166, 10.604368209838867, 0.25, 0.0, 10.678359031677246]}