{"x": [0, 1, 2, 3, 4, 5], "y": [2.643871784210205, 6.4752092361450195, 3.7106339931488037, 7.437660217285156, 3.8658556938171387, 8.088034629821777], "params": [3.6970763206481934, 2.9394400119781494, 7.17594051361084, 14.367668151855469, 0.25, 0.0, 15.283651351928711]}