{"x": [0, 1, 2, 3, 4, 5], "y": [2.2691922187805176, 3.7600724697113037, 2.188934564590454, 3.5691215991973877, 2.1981115341186523, 3.6895155906677246], "params": [0.1702183485031128, -2.6981468200683594, 0.944068431854248, 5.238492012023926, 0.25, 0.0, 5.913733005523682]}