{"x": [0, 1, 2, 3, 4, 5], "y": [3.142531633377075, 7.052482604980469, 5.497830867767334, 8.332338333129883, 7.05843448638916, 10.480424880981445], "params": [4.621945381164551, 0.32794177532196045, 9.430188179016113, 4.499828338623047, 0.25, 0.0, 5.743471622467041]}