{"x": [0, 1, 2, 3, 4, 5], "y": [3.1621921062469482, 6.154077529907227, 3.930238723754883, 6.866324424743652, 4.88325309753418, 7.567193031311035], "params": [3.827378273010254, 4.237427711486816, 7.442477226257324, 9.217253684997559, 0.25, 0.0, 10.177525520324707]}