{"x": [0, 1, 2, 3, 4, 5], "y": [1.059591293334961, 3.1780831813812256, 1.7810603380203247, 3.2408194541931152, 1.911743402481079, 4.077509880065918], "params": [2.0166869163513184, -4.2675089836120605, 4.794371604919434, 7.150055885314941, 0.25, 0.0, 7.277301788330078]}