{"x": [0, 1, 2, 3, 4, 5], "y": [5.582937240600586, 6.325613975524902, 5.9241623878479, 6.550295829772949, 5.834775447845459, 7.035787582397461], "params": [0.9330591559410095, 1.4344990253448486, 0.8606042861938477, 1.4770817756652832, 0.25, 0.0, 2.1322827339172363]}