{"x": [0, 1, 2, 3, 4, 5], "y": [1.5493608713150024, 3.487959146499634, 1.8994632959365845, 3.644954204559326, 2.3255624771118164, 3.888352870941162], "params": [0.9736523032188416, -2.3522825241088867, 2.2327585220336914, 7.237435817718506, 0.25, 0.0, 7.511106491088867]}