{"x": [0, 1, 2, 3, 4, 5], "y": [3.43436598777771, 7.557054042816162, 4.216243743896484, 8.278348922729492, 5.330372333526611, 9.40029525756836], "params": [4.231442451477051, 4.79506778717041, 9.972868919372559, 14.006772994995117, 0.25, 0.0, 14.844189643859863]}