{"x": [0, 1, 2, 3, 4, 5], "y": [3.9191293716430664, 9.608577728271484, 5.117877960205078, 11.337030410766602, 6.8729963302612305, 13.242643356323242], "params": [4.979274749755859, 0.5360943078994751, 8.173727035522461, 11.086012840270996, 0.25, 0.0, 11.792943954467773]}