{"x": [0, 1, 2, 3, 4, 5], "y": [2.2182505130767822, 5.035937309265137, 2.017880439758301, 5.23785924911499, 2.579274892807007, 5.283087253570557], "params": [1.307709813117981, -0.9018182754516602, 1.5763006210327148, 11.41922378540039, 0.25, 0.0, 13.198259353637695]}