{"x": [0, 1, 2, 3, 4, 5], "y": [1.7478278875350952, 5.3730316162109375, 2.03956937789917, 5.489662170410156, 2.437714099884033, 5.4748101234436035], "params": [1.105851173400879, -4.574892520904541, 3.034785270690918, 12.112619400024414, 0.25, 0.0, 13.152345657348633]}