{"x": [0, 1, 2, 3, 4, 5], "y": [1.7176966667175293, 3.90388822555542, 2.32047963142395, 4.912257194519043, 3.346311092376709, 5.80993127822876], "params": [4.27277946472168, 0.21357595920562744, 9.249753952026367, 7.146832466125488, 0.25, 0.0, 7.484034061431885]}