{"x": [0, 1, 2, 3, 4, 5], "y": [4.118371963500977, 9.795113563537598, 4.995510578155518, 11.233366012573242, 6.152560710906982, 11.714956283569336], "params": [2.613321304321289, -0.8126044273376465, 4.9074201583862305, 10.346183776855469, 0.25, 0.0, 10.959942817687988]}