{"x": [0, 1, 2, 3, 4, 5], "y": [1.3879034519195557, 3.360612630844116, 2.112441062927246, 4.188135623931885, 2.805537223815918, 5.343789577484131], "params": [3.5223517417907715, -3.795726776123047, 6.997985363006592, 8.217754364013672, 0.25, 0.0, 9.153702735900879]}