{"x": [0, 1, 2, 3, 4, 5], "y": [2.436985492706299, 5.809624671936035, 3.855978012084961, 6.879367351531982, 6.32374382019043, 9.550230026245117], "params": [4.818631649017334, -1.7428946495056152, 8.870565414428711, 5.465975284576416, 0.25, 0.0, 5.955289840698242]}