{"x": [0, 1, 2, 3, 4, 5], "y": [2.8330845832824707, 5.308832168579102, 2.8973443508148193, 5.572094917297363, 3.1390223503112793, 5.276606559753418], "params": [0.2211877703666687, -0.3143167495727539, 1.1038942337036133, 9.893936157226562, 0.25, 0.0, 10.3768892288208]}