{"x": [0, 1, 2, 3, 4, 5], "y": [2.6556694507598877, 5.285473346710205, 3.4987332820892334, 6.109891891479492, 4.46246337890625, 7.080905914306641], "params": [4.634578704833984, 3.162436008453369, 9.34844970703125, 9.160465240478516, 0.25, 0.0, 9.341438293457031]}