{"x": [0, 1, 2, 3, 4, 5], "y": [1.2722229957580566, 4.776664733886719, 1.7997689247131348, 5.367353439331055, 2.2298545837402344, 5.6418657302856445], "params": [2.631478786468506, -2.563417434692383, 5.067114353179932, 12.528647422790527, 0.25, 0.0, 13.036813735961914]}