{"x": [0, 1, 2, 3, 4, 5], "y": [1.8034517765045166, 4.634730339050293, 1.9528478384017944, 4.6895751953125, 2.2265875339508057, 4.734067916870117], "params": [0.329231321811676, -2.2406835556030273, 1.4876222610473633, 10.57193660736084, 0.25, 0.0, 10.774261474609375]}