{"x": [0, 1, 2, 3, 4, 5], "y": [2.6893270015716553, 4.883275508880615, 3.164442539215088, 4.571977615356445, 3.941148281097412, 5.348634719848633], "params": [2.4545695781707764, 3.892789363861084, 5.8864288330078125, 4.622553825378418, 0.25, 0.0, 5.981446743011475]}