{"x": [0, 1, 2, 3, 4, 5], "y": [4.536615371704102, 12.307693481445312, 6.094827651977539, 15.00080680847168, 8.077736854553223, 16.215641021728516], "params": [4.327165126800537, 1.5579456090927124, 9.64089298248291, 13.955265998840332, 0.25, 0.0, 15.457914352416992]}