{"x": [0, 1, 2, 3, 4, 5], "y": [2.9066710472106934, 5.209383964538574, 2.9498000144958496, 4.995975494384766, 3.00797700881958, 5.166441917419434], "params": [0.5162316560745239, 0.30459582805633545, 1.3395013809204102, 8.199755668640137, 0.25, 0.0, 9.343453407287598]}