{"x": [0, 1, 2, 3, 4, 5], "y": [2.791468620300293, 3.162806987762451, 2.96208119392395, 3.2751479148864746, 2.9173877239227295, 3.5178937911987305], "params": [0.9330591559410095, 1.4344990253448486, 0.8606042861938477, 1.4770817756652832, 0.25, 0.0, 2.1322827339172363]}