{"x": [0, 1, 2, 3, 4, 5], "y": [3.1171445846557617, 3.5840516090393066, 3.6529417037963867, 3.7603957653045654, 3.811232566833496, 4.628825664520264], "params": [2.9041261672973633, 4.603779315948486, 6.858547210693359, 0.2450224757194519, 0.25, 0.0, 2.0192885398864746]}