{"x": [0, 1, 2, 3, 4, 5], "y": [1.7235493659973145, 3.6659488677978516, 1.8049947023391724, 4.198697090148926, 1.9773283004760742, 4.191512107849121], "params": [1.4110908508300781, -3.0777435302734375, 2.420137405395508, 8.746872901916504, 0.25, 0.0, 9.029205322265625]}