{"x": [0, 1, 2, 3, 4, 5], "y": [1.6643755435943604, 4.030387878417969, 2.5953726768493652, 4.7316789627075195, 3.1258206367492676, 5.501225471496582], "params": [3.4159767627716064, -0.5751156806945801, 7.161803245544434, 9.035886764526367, 0.25, 0.0, 8.607215881347656]}