{"x": [0, 1, 2, 3, 4, 5], "y": [2.2758326530456543, 5.85181999206543, 2.8786354064941406, 6.5988383293151855, 3.875744581222534, 7.727843761444092], "params": [3.8867428302764893, 0.8957082033157349, 8.437103271484375, 12.73842716217041, 0.25, 0.0, 13.370941162109375]}