{"x": [0, 1, 2, 3, 4, 5], "y": [2.9270541667938232, 3.752352714538574, 3.669541835784912, 5.450648784637451, 5.155610084533691, 6.694953918457031], "params": [2.9685072898864746, -1.60780668258667, 5.201656818389893, 2.2848727703094482, 0.25, 0.0, 2.5324513912200928]}