{"x": [0, 1, 2, 3, 4, 5], "y": [1.772049069404602, 5.357188701629639, 1.436823844909668, 5.47637939453125, 1.6572065353393555, 5.253390789031982], "params": [0.11162877082824707, -3.311410427093506, 1.5742359161376953, 14.291071891784668, 0.25, 0.0, 15.118310928344727]}