{"x": [0, 1, 2, 3, 4, 5], "y": [3.704014778137207, 5.979239463806152, 3.6410961151123047, 6.028815746307373, 3.9291234016418457, 6.444742202758789], "params": [0.8501958847045898, 4.785888195037842, 1.8410825729370117, 9.36355972290039, 0.25, 0.0, 9.432744979858398]}