{"x": [0, 1, 2, 3, 4, 5], "y": [2.8906757831573486, 9.555152893066406, 3.430940866470337, 10.18610954284668, 4.509592533111572, 10.812359809875488], "params": [2.0148322582244873, -2.6832640171051025, 3.407717227935791, 12.560771942138672, 0.25, 0.0, 13.122391700744629]}