{"x": [0, 1, 2, 3, 4, 5], "y": [2.4581375122070312, 4.936975479125977, 2.7067673206329346, 5.179590225219727, 3.784595489501953, 5.9851837158203125], "params": [3.290414810180664, -0.10314285755157471, 6.343782424926758, 8.748739242553711, 0.25, 0.0, 9.308198928833008]}