{"x": [0, 1, 2, 3, 4, 5], "y": [2.4176807403564453, 3.5111658573150635, 2.1698715686798096, 3.9560413360595703, 2.8577563762664795, 4.198784828186035], "params": [2.134817600250244, -0.8473557233810425, 3.6342978477478027, 4.964212894439697, 0.25, 0.0, 5.305471420288086]}