{"x": [0, 1, 2, 3, 4, 5], "y": [1.1760809421539307, 3.3029067516326904, 1.3543702363967896, 3.661917209625244, 1.8170650005340576, 4.023983001708984], "params": [1.737213373184204, -4.363938331604004, 3.8262906074523926, 7.737924575805664, 0.25, 0.0, 8.841626167297363]}