{"x": [0, 1, 2, 3, 4, 5], "y": [3.909268379211426, 7.625322341918945, 4.525433540344238, 7.817082405090332, 4.948971271514893, 8.727813720703125], "params": [2.6053998470306396, 4.456470012664795, 4.435092926025391, 13.603679656982422, 0.25, 0.0, 14.892276763916016]}