{"x": [0, 1, 2, 3, 4, 5], "y": [4.703612327575684, 12.680301666259766, 6.491506576538086, 13.406828880310059, 7.0375776290893555, 15.46830940246582], "params": [3.168128728866577, -0.10854184627532959, 6.318423271179199, 13.581093788146973, 0.25, 0.0, 15.210969924926758]}