{"x": [0, 1, 2, 3, 4, 5], "y": [1.5712658166885376, 3.5262413024902344, 2.748915433883667, 4.166169166564941, 3.52921724319458, 5.240212440490723], "params": [4.621945381164551, 0.32794177532196045, 9.430188179016113, 4.499828338623047, 0.25, 0.0, 5.743471622467041]}