{"x": [0, 1, 2, 3, 4, 5], "y": [1.0365052223205566, 1.8865535259246826, 1.7898322343826294, 2.512887716293335, 2.8008551597595215, 3.010859727859497], "params": [3.536492347717285, -1.9112426042556763, 7.743842124938965, 0.7788553833961487, 0.25, 0.0, 1.4483922719955444]}