{"x": [0, 1, 2, 3, 4, 5], "y": [4.315791130065918, 10.355877876281738, 5.2421698570251465, 11.182106971740723, 5.894204616546631, 12.138965606689453], "params": [2.179723024368286, -1.2826037406921387, 4.49200963973999, 11.483108520507812, 0.25, 0.0, 11.907513618469238]}