{"x": [0, 1, 2, 3, 4, 5], "y": [2.7816526889801025, 5.15260648727417, 3.5526411533355713, 6.120809555053711, 4.666771411895752, 7.07749080657959], "params": [4.556193828582764, 4.093800067901611, 8.920682907104492, 8.361799240112305, 0.25, 0.0, 8.610641479492188]}