{"x": [0, 1, 2, 3, 4, 5], "y": [1.0837724208831787, 2.8756415843963623, 2.9737982749938965, 5.15397834777832, 4.530978679656982, 7.093273162841797], "params": [4.162074565887451, -4.2113566398620605, 9.28507137298584, 2.9370779991149902, 0.25, 0.0, 3.8834903240203857]}