{"x": [0, 1, 2, 3, 4, 5], "y": [2.753744602203369, 3.2652478218078613, 3.5081522464752197, 4.483006000518799, 4.223352432250977, 5.160254001617432], "params": [4.333261489868164, 4.5378313064575195, 7.6162261962890625, 1.473131775856018, 0.25, 0.0, 2.2320969104766846]}