{"x": [0, 1, 2, 3, 4, 5], "y": [1.5996768474578857, 3.673823356628418, 2.3739638328552246, 4.329893112182617, 2.935465097427368, 4.766393184661865], "params": [3.4068078994750977, -1.669798493385315, 6.824307441711426, 6.646788597106934, 0.25, 0.0, 6.825193881988525]}