{"x": [0, 1, 2, 3, 4, 5], "y": [4.835361480712891, 7.022331714630127, 4.339743137359619, 7.912082672119141, 5.715512752532959, 8.39756965637207], "params": [2.134817600250244, -0.8473557233810425, 3.6342978477478027, 4.964212894439697, 0.25, 0.0, 5.305471420288086]}