{"x": [0, 1, 2, 3, 4, 5], "y": [5.62523078918457, 10.692277908325195, 5.971989631652832, 11.322108268737793, 5.805543899536133, 11.605171203613281], "params": [0.9343886375427246, -0.6604164838790894, 1.9186887741088867, 10.462750434875488, 0.25, 0.0, 11.057450294494629]}