{"x": [0, 1, 2, 3, 4, 5], "y": [1.7502027750015259, 4.579562664031982, 2.5465848445892334, 5.466670513153076, 3.4442543983459473, 6.108362197875977], "params": [3.451871633529663, -0.5553555488586426, 7.556889533996582, 9.35681438446045, 0.25, 0.0, 10.311473846435547]}