{"x": [0, 1, 2, 3, 4, 5], "y": [3.289961576461792, 11.454145431518555, 3.979045867919922, 12.36750602722168, 5.849522590637207, 13.670854568481445], "params": [2.9300942420959473, -4.102896690368652, 6.027683258056641, 14.838946342468262, 0.25, 0.0, 15.806479454040527]}