{"x": [0, 1, 2, 3, 4, 5], "y": [4.668674945831299, 5.41636848449707, 5.05134916305542, 5.686703205108643, 5.317454814910889, 7.373793125152588], "params": [2.184290885925293, -0.13871073722839355, 4.201360702514648, 1.75056791305542, 0.25, 0.0, 2.3854384422302246]}