{"x": [0, 1, 2, 3, 4, 5], "y": [3.1457624435424805, 5.805632591247559, 3.096858024597168, 5.659327030181885, 3.424020767211914, 6.165283203125], "params": [2.131848096847534, 1.7465651035308838, 3.8623037338256836, 9.61407470703125, 0.25, 0.0, 11.08765697479248]}