{"x": [0, 1, 2, 3, 4, 5], "y": [1.1046264171600342, 2.9450480937957764, 1.7778640985488892, 3.3240692615509033, 2.8477225303649902, 4.531668663024902], "params": [3.9917759895324707, -2.124147415161133, 9.086553573608398, 4.563531875610352, 0.25, 0.0, 5.00368595123291]}