{"x": [0, 1, 2, 3, 4, 5], "y": [3.4579672813415527, 5.888160705566406, 3.7981131076812744, 6.260265350341797, 3.9112722873687744, 6.536225318908691], "params": [2.322237968444824, 4.853330612182617, 4.840567588806152, 7.748151779174805, 0.25, 0.0, 9.423748970031738]}