{"x": [0, 1, 2, 3, 4, 5], "y": [4.629767417907715, 9.303067207336426, 4.135983467102051, 9.1279296875, 5.300014019012451, 9.468042373657227], "params": [0.5819132924079895, -1.4613860845565796, 1.3016371726989746, 8.283846855163574, 0.25, 0.0, 9.831486701965332]}