{"x": [0, 1, 2, 3, 4, 5], "y": [3.285536050796509, 3.7654178142547607, 3.2218637466430664, 4.078916549682617, 3.80686616897583, 4.206916809082031], "params": [0.9693649411201477, 3.6468660831451416, 2.2737960815429688, 1.4809030294418335, 0.25, 0.0, 2.2733583450317383]}