{"x": [0, 1, 2, 3, 4, 5], "y": [3.0387825965881348, 4.062171936035156, 3.2169203758239746, 4.708945274353027, 3.713486671447754, 5.005782127380371], "params": [1.9929081201553345, 2.742030143737793, 3.989773750305176, 4.092938423156738, 0.25, 0.0, 4.905252456665039]}