{"x": [0, 1, 2, 3, 4, 5], "y": [2.7624261379241943, 3.9733529090881348, 2.9374032020568848, 4.466584205627441, 3.9568161964416504, 4.9564104080200195], "params": [3.4565682411193848, 3.008617877960205, 5.320178031921387, 3.5572733879089355, 0.25, 0.0, 3.4661660194396973]}