{"x": [0, 1, 2, 3, 4, 5], "y": [4.008343696594238, 8.769603729248047, 5.2563252449035645, 10.380617141723633, 6.87660551071167, 11.753352165222168], "params": [3.8916831016540527, 1.3644599914550781, 8.140340805053711, 8.27716064453125, 0.25, 0.0, 8.148272514343262]}