{"x": [0, 1, 2, 3, 4, 5], "y": [2.400158166885376, 3.3352227210998535, 2.8418498039245605, 4.051109313964844, 3.0075082778930664, 4.700240135192871], "params": [2.8752706050872803, 1.0559934377670288, 5.916894912719727, 4.226093769073486, 0.25, 0.0, 4.269445419311523]}