{"x": [0, 1, 2, 3, 4, 5], "y": [2.97865891456604, 5.303504943847656, 3.1458728313446045, 5.817830562591553, 3.599587917327881, 6.036818027496338], "params": [2.154437303543091, 0.10795891284942627, 3.7541980743408203, 9.802572250366211, 0.25, 0.0, 9.963214874267578]}