{"x": [0, 1, 2, 3, 4, 5], "y": [2.9189958572387695, 5.293793201446533, 3.493436813354492, 6.194676876068115, 4.284422397613525, 6.980547904968262], "params": [3.9449868202209473, 4.119028568267822, 8.697845458984375, 8.09272575378418, 0.25, 0.0, 9.222315788269043]}