{"x": [0, 1, 2, 3, 4, 5], "y": [4.6913957595825195, 9.702167510986328, 5.726000785827637, 10.351439476013184, 6.957745552062988, 11.747450828552246], "params": [2.9247500896453857, -0.16987860202789307, 5.677336692810059, 9.0274076461792, 0.25, 0.0, 9.07281494140625]}