{"x": [0, 1, 2, 3, 4, 5], "y": [2.623774766921997, 5.672418594360352, 3.2920899391174316, 6.537899971008301, 3.9174327850341797, 6.963106155395508], "params": [2.9522271156311035, 2.9808759689331055, 5.588420867919922, 11.315590858459473, 0.25, 0.0, 11.880993843078613]}