{"x": [0, 1, 2, 3, 4, 5], "y": [2.8165411949157715, 5.4310994148254395, 3.869171142578125, 6.542798042297363, 4.902727127075195, 7.359421730041504], "params": [4.498136520385742, 3.808095932006836, 8.874311447143555, 8.8917875289917, 0.25, 0.0, 9.34705638885498]}