{"x": [0, 1, 2, 3, 4, 5], "y": [0.8810216188430786, 2.6883716583251953, 1.4877797365188599, 3.4563231468200684, 2.235020160675049, 4.033565998077393], "params": [2.799405097961426, -3.5957205295562744, 6.477743625640869, 6.653661251068115, 0.25, 0.0, 7.3021559715271]}