{"x": [0, 1, 2, 3, 4, 5], "y": [0.8514570593833923, 1.7047208547592163, 1.430375337600708, 2.1280620098114014, 1.7279026508331299, 2.688634157180786], "params": [2.7544949054718018, -4.065868377685547, 5.7689056396484375, 1.4125523567199707, 0.25, 0.0, 2.788949489593506]}