{"x": [0, 1, 2, 3, 4, 5], "y": [4.491517543792725, 11.484031677246094, 6.720432758331299, 13.219900131225586, 8.175538063049316, 14.86805534362793], "params": [4.583474159240723, 3.5320801734924316, 9.21394157409668, 12.039385795593262, 0.25, 0.0, 12.162517547607422]}