{"x": [0, 1, 2, 3, 4, 5], "y": [1.6208043098449707, 3.543539047241211, 1.8417478799819946, 3.522446632385254, 2.3349204063415527, 3.8952503204345703], "params": [1.4445116519927979, -2.6578493118286133, 3.1720614433288574, 6.898998260498047, 0.25, 0.0, 7.036077499389648]}