{"x": [0, 1, 2, 3, 4, 5], "y": [4.674858570098877, 9.501300811767578, 5.184426784515381, 9.908105850219727, 5.877416610717773, 9.837275505065918], "params": [1.1282958984375, -1.5635186433792114, 1.5920028686523438, 8.009528160095215, 0.25, 0.0, 9.117764472961426]}