{"x": [0, 1, 2, 3, 4, 5], "y": [3.04362154006958, 4.2872114181518555, 3.618643283843994, 4.808049201965332, 3.78525710105896, 5.113953590393066], "params": [1.7043906450271606, 3.5039496421813965, 3.8601560592651367, 4.982059478759766, 0.25, 0.0, 5.993557929992676]}