{"x": [0, 1, 2, 3, 4, 5], "y": [1.680246353149414, 2.6175477504730225, 2.4469454288482666, 3.0151801109313965, 2.8028206825256348, 3.9485909938812256], "params": [3.582396984100342, -0.39613068103790283, 7.050481796264648, 2.0862722396850586, 0.25, 0.0, 2.3801591396331787]}