{"x": [0, 1, 2, 3, 4, 5], "y": [3.378553867340088, 8.425475120544434, 4.873951435089111, 10.288890838623047, 5.626694679260254, 11.103204727172852], "params": [2.6519834995269775, -1.007460355758667, 5.963428497314453, 8.415871620178223, 0.25, 0.0, 9.485872268676758]}