{"x": [0, 1, 2, 3, 4, 5], "y": [1.765807867050171, 6.290167331695557, 2.7442426681518555, 7.031407833099365, 3.9456071853637695, 8.200395584106445], "params": [2.1490540504455566, -4.681169509887695, 4.656949520111084, 7.341433048248291, 0.25, 0.0, 9.161333084106445]}