{"x": [0, 1, 2, 3, 4, 5], "y": [2.3126797676086426, 5.660527229309082, 3.328360080718994, 6.44037389755249, 3.8933398723602295, 7.1468377113342285], "params": [3.545839786529541, 1.2724816799163818, 6.180727958679199, 12.124106407165527, 0.25, 0.0, 13.155903816223145]}