{"x": [0, 1, 2, 3, 4, 5], "y": [5.2635273933410645, 10.843908309936523, 5.788885116577148, 11.623289108276367, 6.687485218048096, 11.918623924255371], "params": [2.298922300338745, 1.7224442958831787, 3.994478225708008, 9.987966537475586, 0.25, 0.0, 10.708067893981934]}