{"x": [0, 1, 2, 3, 4, 5], "y": [1.4229450225830078, 1.7681794166564941, 1.7732207775115967, 2.234452962875366, 2.4291982650756836, 2.699455976486206], "params": [2.1182525157928467, -2.178196907043457, 4.328070640563965, 0.3482624888420105, 0.25, 0.0, 1.4105204343795776]}