{"x": [0, 1, 2, 3, 4, 5], "y": [4.295443534851074, 6.88353967666626, 3.781136989593506, 6.914892196655273, 4.205310821533203, 6.892316818237305], "params": [0.09165138006210327, 3.162451982498169, 1.8755559921264648, 10.626172065734863, 0.25, 0.0, 11.74884033203125]}