{"x": [0, 1, 2, 3, 4, 5], "y": [4.243878364562988, 8.492578506469727, 5.849298000335693, 9.477694511413574, 7.621212482452393, 11.695659637451172], "params": [4.097677230834961, 2.4167423248291016, 9.02172565460205, 5.446038722991943, 0.25, 0.0, 6.146151542663574]}