{"x": [0, 1, 2, 3, 4, 5], "y": [1.6456161737442017, 7.107503890991211, 4.518006324768066, 9.768754959106445, 6.507058143615723, 11.574756622314453], "params": [4.909931182861328, -2.914267063140869, 10.619844436645508, 8.744913101196289, 0.25, 0.0, 9.618244171142578]}