{"x": [0, 1, 2, 3, 4, 5], "y": [3.951911211013794, 6.260176658630371, 3.7832164764404297, 6.415719032287598, 3.8199663162231445, 6.435384750366211], "params": [0.18980860710144043, 4.996041774749756, 0.9432468414306641, 9.828938484191895, 0.25, 0.0, 10.363006591796875]}