{"x": [0, 1, 2, 3, 4, 5], "y": [3.1986169815063477, 4.474651336669922, 3.8728139400482178, 5.072653293609619, 3.799785614013672, 4.938506126403809], "params": [1.4872756004333496, 4.098368167877197, 3.096508026123047, 3.8087081909179688, 0.25, 0.0, 5.142166614532471]}