{"x": [0, 1, 2, 3, 4, 5], "y": [5.029972553253174, 10.328958511352539, 7.615592002868652, 12.35223388671875, 8.302124977111816, 14.222660064697266], "params": [3.7137956619262695, 2.853634834289551, 9.150474548339844, 8.55389404296875, 0.25, 0.0, 9.774078369140625]}