{"x": [0, 1, 2, 3, 4, 5], "y": [3.1546549797058105, 4.761285305023193, 3.569641590118408, 4.921004295349121, 3.3033459186553955, 5.26796817779541], "params": [0.41840940713882446, 1.1040270328521729, 2.214719772338867, 7.594600677490234, 0.25, 0.0, 8.13501262664795]}