{"x": [0, 1, 2, 3, 4, 5], "y": [5.687445640563965, 12.107131958007812, 7.424962520599365, 14.341634750366211, 8.96760368347168, 15.3170166015625], "params": [4.071725368499756, 4.35012149810791, 8.381568908691406, 10.81753158569336, 0.25, 0.0, 11.963735580444336]}