{"x": [0, 1, 2, 3, 4, 5], "y": [3.783005714416504, 6.675718307495117, 3.631730079650879, 7.355134963989258, 5.085555076599121, 8.40158748626709], "params": [2.1817054748535156, -2.3744707107543945, 3.828864097595215, 5.348565578460693, 0.25, 0.0, 6.634037017822266]}