{"x": [0, 1, 2, 3, 4, 5], "y": [1.7036540508270264, 2.274082660675049, 2.1736233234405518, 2.713329792022705, 2.7976622581481934, 3.360445261001587], "params": [2.3112716674804688, -1.7107582092285156, 4.711104393005371, 2.0404555797576904, 0.25, 0.0, 2.13895320892334]}