{"x": [0, 1, 2, 3, 4, 5], "y": [4.207919120788574, 10.967560768127441, 4.954155445098877, 11.492345809936523, 5.184863567352295, 12.75484848022461], "params": [2.076653480529785, -1.6789346933364868, 4.7383646965026855, 12.868617057800293, 0.25, 0.0, 13.20026969909668]}