{"x": [0, 1, 2, 3, 4, 5], "y": [1.0413559675216675, 2.3196682929992676, 2.0873382091522217, 3.1036150455474854, 3.1303913593292236, 4.4757890701293945], "params": [4.912202835083008, -0.9453988075256348, 9.877218246459961, 2.474557876586914, 0.25, 0.0, 3.8605141639709473]}