{"x": [0, 1, 2, 3, 4, 5], "y": [5.666169166564941, 10.617664337158203, 5.794688701629639, 11.144189834594727, 6.278044700622559, 10.553213119506836], "params": [0.2211877703666687, -0.3143167495727539, 1.1038942337036133, 9.893936157226562, 0.25, 0.0, 10.3768892288208]}