{"x": [0, 1, 2, 3, 4, 5], "y": [6.0775651931762695, 8.124343872070312, 6.433840751647949, 9.417890548706055, 7.426973342895508, 10.011564254760742], "params": [1.9929081201553345, 2.742030143737793, 3.989773750305176, 4.092938423156738, 0.25, 0.0, 4.905252456665039]}