{"x": [0, 1, 2, 3, 4, 5], "y": [7.02435827255249, 13.986406326293945, 7.984604835510254, 14.862443923950195, 9.1277494430542, 16.055299758911133], "params": [2.142275333404541, 3.101290464401245, 4.863741874694824, 12.89291763305664, 0.25, 0.0, 13.942546844482422]}