{"x": [0, 1, 2, 3, 4, 5], "y": [0.40722861886024475, 4.228944778442383, 1.3386828899383545, 5.295141696929932, 2.242352247238159, 6.360502243041992], "params": [4.691348075866699, -4.352776527404785, 9.390823364257812, 14.473916053771973, 0.25, 0.0, 14.422271728515625]}