{"x": [0, 1, 2, 3, 4, 5], "y": [3.048356533050537, 4.112380504608154, 3.607239007949829, 4.176557540893555, 3.574524402618408, 4.963012218475342], "params": [1.4217936992645264, 2.90903377532959, 2.9669599533081055, 3.7841641902923584, 0.25, 0.0, 4.968525409698486]}