{"x": [0, 1, 2, 3, 4, 5], "y": [1.2001920938491821, 4.279987335205078, 1.7114462852478027, 4.674529075622559, 2.844594717025757, 5.411991119384766], "params": [3.6100914478302, -2.800793170928955, 7.271127700805664, 10.566133499145508, 0.25, 0.0, 10.777178764343262]}