{"x": [0, 1, 2, 3, 4, 5], "y": [2.957190752029419, 4.874124526977539, 3.658986806869507, 5.270243167877197, 3.6925179958343506, 5.716991424560547], "params": [1.430887222290039, 2.615569829940796, 4.112227439880371, 6.4475226402282715, 0.25, 0.0, 6.926976203918457]}