{"x": [0, 1, 2, 3, 4, 5], "y": [1.190381646156311, 3.0442607402801514, 1.8698968887329102, 3.7976255416870117, 2.5141332149505615, 4.95159912109375], "params": [3.927215337753296, -1.9497376680374146, 8.090021133422852, 5.922643661499023, 0.25, 0.0, 7.121491432189941]}