{"x": [0, 1, 2, 3, 4, 5], "y": [1.5362807512283325, 5.103002548217773, 1.310204267501831, 5.072647571563721, 1.5191136598587036, 5.397099018096924], "params": [0.32300084829330444, -4.587592124938965, 1.2191777229309082, 14.539859771728516, 0.25, 0.0, 15.536418914794922]}