{"x": [0, 1, 2, 3, 4, 5], "y": [1.7210979461669922, 3.446627616882324, 2.0483920574188232, 3.8984007835388184, 2.4463982582092285, 4.020948886871338], "params": [1.6193729639053345, -2.839949131011963, 3.4719290733337402, 6.04655647277832, 0.25, 0.0, 7.092316627502441]}