{"x": [0, 1, 2, 3, 4, 5], "y": [5.286435127258301, 10.527467727661133, 6.639495372772217, 11.41811466217041, 7.44113302230835, 12.034135818481445], "params": [2.2783806324005127, 0.55916428565979, 4.597603797912598, 9.031469345092773, 0.25, 0.0, 9.865278244018555]}