{"x": [0, 1, 2, 3, 4, 5], "y": [2.1781527996063232, 3.2962446212768555, 2.041656732559204, 3.4272964000701904, 2.5515856742858887, 4.089045524597168], "params": [1.385711431503296, -0.7712429761886597, 3.1628847122192383, 4.366551399230957, 0.25, 0.0, 5.209825038909912]}