{"x": [0, 1, 2, 3, 4, 5], "y": [2.3148837089538574, 4.651533603668213, 2.0679917335510254, 4.56396484375, 2.6500070095062256, 4.734021186828613], "params": [0.5819132924079895, -1.4613860845565796, 1.3016371726989746, 8.283846855163574, 0.25, 0.0, 9.831486701965332]}