{"x": [0, 1, 2, 3, 4, 5], "y": [2.8931140899658203, 6.615527629852295, 3.283446788787842, 7.065667152404785, 3.7570056915283203, 7.489438533782959], "params": [2.318516969680786, 0.9040933847427368, 4.213443756103516, 14.965788841247559, 0.25, 0.0, 15.016840934753418]}