{"x": [0, 1, 2, 3, 4, 5], "y": [3.1954505443573, 6.806389808654785, 3.1800403594970703, 6.788410663604736, 3.6663732528686523, 7.29359245300293], "params": [0.7719507813453674, 0.3657752275466919, 1.7057056427001953, 13.74590015411377, 0.25, 0.0, 14.834787368774414]}