{"x": [0, 1, 2, 3, 4, 5], "y": [0.844735860824585, 1.8744890689849854, 1.6538245677947998, 2.456045389175415, 2.1940596103668213, 3.0602540969848633], "params": [2.6203341484069824, -3.753612518310547, 6.0261688232421875, 2.045602798461914, 0.25, 0.0, 2.835904121398926]}