{"x": [0, 1, 2, 3, 4, 5], "y": [2.7331786155700684, 3.496882677078247, 3.0624022483825684, 4.4768853187561035, 4.6186652183532715, 4.139151096343994], "params": [2.2193386554718018, -2.701932907104492, 4.300205707550049, 0.578480064868927, 0.25, 0.0, 1.275630235671997]}