{"x": [0, 1, 2, 3, 4, 5], "y": [1.1885409355163574, 2.553941249847412, 1.7846487760543823, 2.8715696334838867, 1.981767177581787, 3.081543445587158], "params": [1.4983159303665161, -4.6082282066345215, 3.769444704055786, 4.287092685699463, 0.25, 0.0, 4.731143951416016]}