{"x": [0, 1, 2, 3, 4, 5], "y": [1.7491283416748047, 2.840794563293457, 2.1017348766326904, 3.2449283599853516, 2.526216983795166, 3.2743337154388428], "params": [1.4107015132904053, -1.7115259170532227, 3.0918660163879395, 3.2232329845428467, 0.25, 0.0, 3.639596462249756]}