{"x": [0, 1, 2, 3, 4, 5], "y": [3.0957202911376953, 3.760213851928711, 3.3659064769744873, 4.0823564529418945, 3.4783952236175537, 4.309974670410156], "params": [0.899333655834198, 2.1716623306274414, 1.4703474044799805, 3.099031448364258, 0.25, 0.0, 3.539592742919922]}