{"x": [0, 1, 2, 3, 4, 5], "y": [3.447098731994629, 7.331897735595703, 3.6099894046783447, 8.397394180297852, 3.9546566009521484, 8.383024215698242], "params": [1.4110908508300781, -3.0777435302734375, 2.420137405395508, 8.746872901916504, 0.25, 0.0, 9.029205322265625]}