{"x": [0, 1, 2, 3, 4, 5], "y": [3.4450926780700684, 3.624075412750244, 3.5313360691070557, 4.019245147705078, 3.7856605052948, 4.402531623840332], "params": [1.421215534210205, 3.952838182449341, 2.877659797668457, 1.5649070739746094, 0.25, 0.0, 1.5308057069778442]}