{"x": [0, 1, 2, 3, 4, 5], "y": [2.0762834548950195, 2.7225117683410645, 2.4177629947662354, 3.772550582885742, 3.2000110149383545, 3.647268295288086], "params": [2.7088286876678467, 0.6243270635604858, 5.6920976638793945, 2.315746784210205, 0.25, 0.0, 3.580282688140869]}