{"x": [0, 1, 2, 3, 4, 5], "y": [6.640509605407715, 12.844520568847656, 6.97074031829834, 13.479701042175293, 8.637577056884766, 15.164657592773438], "params": [2.2919299602508545, 1.8545877933502197, 4.537959098815918, 13.230618476867676, 0.25, 0.0, 13.28732681274414]}