{"x": [0, 1, 2, 3, 4, 5], "y": [2.299142837524414, 4.977649688720703, 3.298612117767334, 6.044921875, 3.5651490688323975, 6.545261859893799], "params": [3.4040188789367676, 0.6331300735473633, 6.593145847320557, 10.209278106689453, 0.25, 0.0, 10.821425437927246]}