{"x": [0, 1, 2, 3, 4, 5], "y": [2.567608594894409, 5.006352424621582, 3.426323890686035, 5.937342643737793, 4.447673797607422, 6.810401439666748], "params": [4.024600505828857, 3.3689606189727783, 8.876717567443848, 7.750579833984375, 0.25, 0.0, 8.220046043395996]}