{"x": [0, 1, 2, 3, 4, 5], "y": [1.1820857524871826, 2.719202995300293, 1.8637850284576416, 3.0964512825012207, 2.519244909286499, 3.780148983001709], "params": [3.671696424484253, -1.6318649053573608, 7.703335285186768, 3.727372884750366, 0.25, 0.0, 4.876211166381836]}