{"x": [0, 1, 2, 3, 4, 5], "y": [0.515846848487854, 2.8198280334472656, 1.2527426481246948, 2.9367122650146484, 2.314631700515747, 3.959517478942871], "params": [3.2877681255340576, -3.918443202972412, 8.264156341552734, 5.145254611968994, 0.25, 0.0, 6.464684963226318]}