{"x": [0, 1, 2, 3, 4, 5], "y": [3.4267828464508057, 7.528388500213623, 3.7392029762268066, 7.550993919372559, 3.8962693214416504, 7.602451324462891], "params": [1.2785708904266357, 0.4419916868209839, 2.7871599197387695, 14.987174987792969, 0.25, 0.0, 15.962759017944336]}