{"x": [0, 1, 2, 3, 4, 5], "y": [2.2819607257843018, 6.621615886688232, 4.266788959503174, 8.872442245483398, 5.894460678100586, 10.305841445922852], "params": [4.841490745544434, -0.8273434638977051, 10.669784545898438, 6.236334323883057, 0.25, 0.0, 7.378780841827393]}