{"x": [0, 1, 2, 3, 4, 5], "y": [3.3248465061187744, 5.646437644958496, 4.070205211639404, 6.634709358215332, 4.853084564208984, 7.807602882385254], "params": [4.643576622009277, 4.463331699371338, 9.118650436401367, 8.972536087036133, 0.25, 0.0, 9.354127883911133]}