{"x": [0, 1, 2, 3, 4, 5], "y": [1.8793342113494873, 4.31907844543457, 2.0483171939849854, 4.69791316986084, 2.7839958667755127, 5.009166240692139], "params": [1.5377721786499023, -3.249978542327881, 4.22805643081665, 8.977926254272461, 0.25, 0.0, 9.245800971984863]}