{"x": [0, 1, 2, 3, 4, 5], "y": [2.6324427127838135, 3.2085444927215576, 2.9481472969055176, 3.4804811477661133, 3.342397928237915, 3.8357865810394287], "params": [1.696840524673462, 2.4176673889160156, 2.80325984954834, 0.801977813243866, 0.25, 0.0, 2.0101158618927]}