{"x": [0, 1, 2, 3, 4, 5], "y": [2.268307685852051, 6.153846740722656, 3.0474138259887695, 7.50040340423584, 4.038868427276611, 8.107820510864258], "params": [4.327165126800537, 1.5579456090927124, 9.64089298248291, 13.955265998840332, 0.25, 0.0, 15.457914352416992]}