{"x": [0, 1, 2, 3, 4, 5], "y": [2.0143141746520996, 2.102285623550415, 2.6476047039031982, 2.9862329959869385, 3.35896372795105, 3.7769103050231934], "params": [3.2891664505004883, 1.3466036319732666, 6.623865127563477, 0.23483186960220337, 0.25, 0.0, 0.8075194358825684]}