{"x": [0, 1, 2, 3, 4, 5], "y": [1.4635270833969116, 1.876176357269287, 1.834770917892456, 2.7253243923187256, 2.5778050422668457, 3.3474769592285156], "params": [2.9685072898864746, -1.60780668258667, 5.201656818389893, 2.2848727703094482, 0.25, 0.0, 2.5324513912200928]}