{"x": [0, 1, 2, 3, 4, 5], "y": [3.4132890701293945, 6.167970657348633, 3.910996198654175, 6.935642242431641, 4.7719221115112305, 7.641090393066406], "params": [3.898188591003418, 4.141597270965576, 6.6692352294921875, 10.39273738861084, 0.25, 0.0, 10.62805461883545]}