{"x": [0, 1, 2, 3, 4, 5], "y": [2.9027624130249023, 5.362695693969727, 3.624695301055908, 5.454666614532471, 4.157262325286865, 6.320889472961426], "params": [2.8364322185516357, 2.1529364585876465, 5.223584175109863, 8.085442543029785, 0.25, 0.0, 8.448925018310547]}