{"x": [0, 1, 2, 3, 4, 5], "y": [2.1148083209991455, 3.5504398345947266, 2.258256196975708, 3.6252694129943848, 2.623054027557373, 4.163474082946777], "params": [0.5901706218719482, -1.0332423448562622, 2.0512380599975586, 4.629404067993164, 0.25, 0.0, 6.206878662109375]}