{"x": [0, 1, 2, 3, 4, 5], "y": [6.111097812652588, 11.428764343261719, 6.4959025382995605, 11.66482925415039, 6.644514083862305, 11.695520401000977], "params": [0.6621366739273071, 2.42600679397583, 0.9601430892944336, 10.050132751464844, 0.25, 0.0, 10.25024700164795]}