{"x": [0, 1, 2, 3, 4, 5], "y": [6.782231330871582, 9.017745971679688, 6.726664066314697, 9.809823989868164, 7.117571830749512, 9.860258102416992], "params": [0.49138009548187256, 3.462109088897705, 1.3659639358520508, 5.5383620262146, 0.25, 0.0, 6.4022674560546875]}