{"x": [0, 1, 2, 3, 4, 5], "y": [3.0650699138641357, 5.612025260925293, 3.7615597248077393, 6.363790988922119, 3.9823453426361084, 6.409380912780762], "params": [2.9674158096313477, 4.553564071655273, 5.666412353515625, 9.277168273925781, 0.25, 0.0, 9.194278717041016]}