{"x": [0, 1, 2, 3, 4, 5], "y": [5.626128196716309, 12.484282493591309, 6.71823263168335, 14.164072036743164, 8.541070938110352, 16.28287124633789], "params": [4.050941467285156, 4.800970554351807, 8.353955268859863, 13.20269775390625, 0.25, 0.0, 14.257353782653809]}