{"x": [0, 1, 2, 3, 4, 5], "y": [2.46037220954895, 5.4793901443481445, 2.859326124191284, 5.523965835571289, 3.333181381225586, 5.726743221282959], "params": [1.2816882133483887, 1.493423581123352, 2.864272117614746, 9.935304641723633, 0.25, 0.0, 10.732538223266602]}