{"x": [0, 1, 2, 3, 4, 5], "y": [1.3752305507659912, 5.802578926086426, 2.657047748565674, 6.839524269104004, 3.7831437587738037, 7.749768257141113], "params": [4.853984832763672, -2.9168434143066406, 10.583662986755371, 14.41293716430664, 0.25, 0.0, 15.663857460021973]}