{"x": [0, 1, 2, 3, 4, 5], "y": [1.455249309539795, 3.196834087371826, 1.839626431465149, 3.810351610183716, 2.638798236846924, 4.221770286560059], "params": [2.922325611114502, -1.9452106952667236, 5.83329963684082, 6.525346755981445, 0.25, 0.0, 6.550112724304199]}