{"actions":[[0,1,5,4,0],[5,1,0,1,5],[0,1,4,5,0],[1,1,1,1,1],[0,4,5,0,0],[1,4,0,5,4],[1,4,5,0,1],[0,2,4,5,0],[0,1,4,5,0],[1,0,4,5,1],[0,2,1,0,0],[4,0,1,2,5],[0,0,4,5,1],[0,2,5,0,1],[1,0,4,5,0],[0,1,4,4,4],[0,0,0,0,0],[1,1,5,1,0],[1,1,0,4,5],[1,0,2,4,0],[5,1,2,4,0],[1,0,4,4,4],[0,1,1,4,4],[0,4,4,4,1],[1,1,0,4,1],[1,2,4,0,1],[2,0,4,0,5],[1,1,1,0,0],[2,0,1,0,0],[0,2,0,1,0],[2,0,2,0,2],[1,2,0,1,2],[4,3,0,0,5],[1,1,0,4,5],[1,4,5,0,2],[0,1,4,5,0],[2,0,1,5,4],[1,1,1,1,1],[2,2,2,2,2],[0,0,4,1,1],[1,0,4,1,5],[0,4,0,1,5],[1,1,4,0,4],[1,2,5,0,0],[4,1,0,5,3],[0,1,4,4,2],[0,1,1,2,5],[1,0,1,2,4],[1,3,4,0,4],[0,1,4,5,0],[1,0,1,4,1],[1,0,1,4,0],[1,1,1,0,1],[2,5,0,5,4],[0,1,0,0,5],[1,0,1,4,1],[0,1,5,1,0],[0,3,5,1,3],[0,1,5,1,0],[0,1,0,0,1]],"rewards":[[1.1275733322539934,1.8708027667880676,3.327610544802478,3.0364301191210936,1.3449539609655685],[0.46388134399637965,0.8731940943544307,6.766977937319096,0.5820260515503268,0.42819118305759507],[7.969180235375618,2.88448617314015,9.601429776808109,3.9115000470972303,8.004329401574497],[5.207817771709255,4.982726006663266,5.185956192486356,5.228360684251785,5.090164559167795],[6.592019259931791,7.052760131164117,1.2672541047862482,6.400379330612226,6.558113417833667],[6.869163691152198,12.819288738833542,12.116106282027543,7.190168368106934,12.748830605103702],[4.78876777205333,5.064168640890452,4.59193791090903,5.075071755763755,4.914707564969829],[0.9358956880039695,0.5458023792498371,1.3100453128686305,5.93425038830068,0.6879370820005453],[5.774420004924731,10.79313896964049,6.349742455166923,10.395230798941045,5.692059666586428],[6.216894903286182,6.1294990566228424,6.502421825096928,6.120826191077853,6.608156616164495],[1.5126364944272022,1.810213031097628,8.203774050613253,1.3670137509855775,1.5025754064230887],[8.680510003014266,7.622815099999639,14.781255308884987,7.904649499911884,14.30680084364759],[2.570440121963008,2.6875778050719945,4.785218314814172,5.564820570648184,3.167780978720025],[1.9647794719303497,1.4464682508793654,6.895627834180198,1.9065899298586553,7.752553277292803],[10.832063950017137,4.603460139243102,6.082554087701594,12.470477452140353,4.43511150820747],[5.479399822979913,6.13093206190312,8.461152882381429,8.286862190362289,8.4601914425211],[3.2233624276441164,3.3650030649382745,3.116127388920433,3.2340585975962335,3.363454520724913],[7.006729338971601,6.938675224410247,8.940797311838505,6.773148652648757,8.798625624403085],[5.36905012863727,5.380370341719469,5.494374034926415,3.69736779201041,2.51363311601603],[0.39827792254297684,3.042945169279279,3.1647126193023807,3.0997763661588453,3.04726529419803],[2.604418626977936,5.947235733903402,7.603025166936127,6.465224633343451,8.697295544102264],[5.707154888004512,6.469839962240839,3.0402473950263786,3.076341103610811,3.22701073581444],[4.434983924732743,0.24235931582613854,0.26629723528944127,4.732918074554185,4.642637011256001],[10.80244856611989,8.10142643956987,7.826436270002,7.7735341270013265,6.063673289681399],[3.0616739666427133,2.92905789942362,2.7101040485181067,3.993268822484937,2.925962326387758],[5.241627751581475,0.7453522015087267,0.6837516697659443,1.098253952301641,5.126801941612458],[3.992595549118773,3.6793746787916386,4.906458603829712,3.7278518356928037,10.151889169470254],[5.0450089055862195,4.740800490319767,4.958019931736271,5.556617991886592,5.412230606955085],[4.9494014981920875,4.40028648075631,0.901585579727636,4.481552472468863,4.515077371782891],[10.088965645350795,9.708169477476575,10.077264716902727,5.9367818737180675,10.037142016403893],[3.5847940525624455,5.053464880484504,3.6313572926490942,4.769355384417677,3.5680256539564033],[1.7604954194816036,0.2495762490702765,0.34260455192945904,1.4864332406541745,0.043869778141484995],[2.857661418549884,4.050315947991777,5.018878482902791,5.134893826350436,3.540935691321367],[4.617263635826432,4.689199965253716,4.746585955074982,4.490898995991344,4.2380983099468885],[7.04792215012048,1.2573327522971216,6.522789474362235,1.1505294762403722,1.2471738869421676],[5.880344067682659,11.704736068000134,5.525316842787977,10.514208773302423,5.884522957765152],[2.895725289874656,3.409900847527349,3.6551137084524608,1.7947070034909811,2.023447426200187],[2.4704358280827825,2.2921480695098775,2.3932292271200506,2.4378300416090433,2.424373799224865],[3.1020156962572325,3.1173696587585322,3.155603782765097,3.3182789588267636,3.1362826557135017],[1.9318031587659779,2.1916550689537555,3.9191638356858767,2.8573770501766873,2.7037516264120276],[1.0458045371236326,5.358685508264503,5.228130958910914,1.0414833780461283,0.6750182581055321],[7.53166600394126,9.052059529498834,7.455794652185952,3.5406769763977786,5.237616383698708],[3.3477242810196883,3.068916309676429,4.742473167191646,2.898397497815816,4.64206043218537],[6.531403776843434,0.5866592007775595,6.432262186406843,0.4958263377037452,0.7085918501281822],[5.19475589369582,9.627277456549836,3.750253693893353,10.580618406120545,10.918955189319],[7.246304585039359,6.245134803578654,5.118928312328114,5.03901590023298,5.895502965104826],[5.457232742697458,0.04853178801076494,0.029197919848467323,5.902762905483616,0],[6.530819720175167,12.673799914620044,6.51131726882309,11.91496668017529,10.929100199198869],[2.7302718772795695,3.9781179135180813,3.8998006284004783,2.2528083168225868,4.0405837603957],[9.309600145799786,2.0751116689531792,9.463113169035747,2.0568651358360843,9.220105459356725],[5.054631172792479,11.457915933634757,4.943644470562201,13.45287846723279,4.945722537461827],[5.594181279998707,5.277279633648102,5.606185765414986,4.657257676185382,5.428569627632215],[0.05731434994283746,0.3880572602934519,0.25886700134216895,7.061812132394513,0.23448561306559806],[11.991957535810503,5.197219117728404,12.210277593790963,5.186372556305846,11.694913830044063],[3.9413941040732023,4.255225669641642,3.956223411749572,4.271786763686063,6.12224981093181],[1.292476808308531,0.5775182647925039,1.1073741457007797,0,1.006047299785246],[4.617155681120221,5.170633265715868,7.373989004514927,5.456563261133046,4.8868929495614255],[5.4534353906409585,3.3557496146560557,2.0219898295742964,5.155420181521683,3.2743689633372006],[0.4091331754517338,3.9617634805844393,3.6586135955262122,3.971018318899985,0.5200634606318076],[6.084822391728555,9.148323300295443,6.010230920341265,6.158547310499674,9.331289116733238]],"times":[[11654,131,285,146,146],[326,180,144,85,134],[466,380,187,166,479],[5650,159,105,38,97],[401,332,79,870,464],[349,137,133,179,104],[2879,119,5,222,123],[282,587,581,349,205],[339,255,216,192,234],[2044,249,172,182,137],[352,423,201,191,1062],[443,235,176,150,186],[385,2684,438,122,72],[388,353,61,668,622],[410,26,276,26,313],[343,503,138,64,48],[298,16,128,288,88],[272,52,151,218,1796],[413,716,271,166,292],[349,233,445,133,148],[472,466,281,237,211],[438,729,62,103,68],[227,28,84,61,50],[289,32,65,20,655],[476,685,289,223,223],[285,265,35,70,25],[267,143,242,279,350],[3594,186,63,35,175],[297,313,90,37,205],[289,25,440,115,59],[331,485,150,373,191],[351,180,155,8,173],[911,240,132,334,791],[270,1047,282,173,146],[333,339,86,127,143],[344,95,72,16,111],[291,1074,6,419,321],[277,122,92,44,61],[441,49,263,65,90],[212,799,98,84,53],[460,121,0,288,197],[768,185,196,73,115],[498,991,110,341,73],[386,164,194,88,72],[935,235,23,72,113],[2423,69,294,43,147],[376,259,399,413,99],[280,97,421,323,187],[1832,601,188,17,21],[352,49,79,13,14],[451,81,37,125,73],[365,883,294,301,84],[215,102,120,133,28],[221,99,191,106,32],[297,1892,97,60,61],[458,159,108,44,145],[569,96,100,19,137],[2365,211,157,99,1],[710,137,19,114,34],[352,108,286,89,248]],