{"actions":[[4,5,0,1,0],[1,0,4,5,0],[1,0,4,5,4],[0,1,4,5,1],[1,0,4,1,1],[1,0,5,4,5],[0,4,1,1,1],[5,1,0,4,5],[5,4,1,4,4],[5,0,1,4,4],[5,4,5,1,0],[5,1,0,4,5],[1,4,0,1,1],[5,4,1,0,4],[5,4,1,0,0],[4,0,5,5,5],[1,1,1,1,1],[5,4,4,0,0],[4,0,1,5,5],[4,0,5,4,4]],"rewards":[[3.5629297991288253,1.9893152619001415,5.361094893869355,3.9037809982396996,5.211313448388962],[3.453669943560215,5.9653502537051155,4.003882228652292,1.7442071590790176,5.727013069097841],[3.045420874832705,2.5196852309776654,3.9598589047546495,4.176075867554303,4.100255733230043],[2.8394178371161813,2.562194353684794,2.11786553657893,1.596156986223399,2.45300841170783],[3.2340470432081796,1.863974912618375,0.9926092113852475,3.0192640548400194,3.0074922621637157],[2.704381979314246,2.2441511412108075,3.61359652589356,3.286963692483665,3.6979405993941987],[4.683036642303459,3.793811317089908,7.823698468149399,7.924327701390348,7.888920789746382],[4.982599061173677,4.368619914896525,3.2815095879218754,3.556240618101682,4.9737913828061355],[3.2231703576734687,7.24319047928173,2.5387507316009366,7.087136871044434,7.216673791895203],[1.6766890836653856,2.5255076656012814,1.0151608885238488,2.9913114254336906,3.0550365361501486],[4.6504059276338365,2.064693633325338,4.889530116503741,4.0939547844921,1.7723694420640936],[3.623966770329438,3.382640132463984,3.281846095480419,3.0965683633781804,3.7056299422342485],[5.1006345872879715,2.804646257897414,2.7894327355251614,5.204102957664423,5.050533083134796],[2.592795595731047,2.61318328439038,1.883597278134096,2.4237549770474653,2.674497474743427],[2.6557120168900807,4.439228797433707,4.194901129715169,6.507935389794219,6.48016954232928],[2.3285729212140933,1.8568143511715163,4.00478336281585,3.9828261001060277,3.893937944123524],[5.546925745988677,5.471289279724001,5.510866981208196,5.644381000719426,5.548175764747679],[3.725604914444008,5.726716254625648,5.682043863595835,7.103952162953146,7.0982431711424425],[2.8041712955748306,2.822212503644363,5.447374532541534,5.7758745966012714,5.6391282887355985],[4.9814709145885,3.288347277801356,3.621978048610486,4.859667105791921,4.9586490813300514]],"times":[[11965,1091,895,322,834],[6106,335,54,374,31],[2999,426,290,414,597],[3043,518,324,317,380],[5664,813,371,587,342],[3470,308,408,541,791],[2808,344,332,256,322],[8748,355,288,84,794],[4926,236,179,210,128],[1780,446,224,234,52],[4526,311,209,362,419],[1381,407,605,386,413],[1957,8653,1376,216,280],[2463,410,321,244,211],[3673,157,281,189,443],[2947,1721,639,348,671],[18857,222,39,18,131],[4099,264,192,3940,378],[1744,473,365,606,349],[1999,825,311,108,188]],"condition":[["negeven"],["negeven"],["poseven"],["negeven"],["negodd"],["posodd"],["negodd"],["posodd"],["poseven"],["poseven"],["posodd"],["negodd"],["negodd"],["poseven"],["negeven"],["posodd"],["negodd"],["negeven"],["posodd"],["poseven"]],"envs":["envs/negeven/negeven59.json","envs/negeven/negeven66.json","envs/poseven/poseven53.json","envs/negeven/negeven55.json","envs/negodd/negodd27.json","envs/posodd/posodd11.json","envs/negodd/negodd92.json","envs/posodd/posodd97.json","envs/poseven/poseven19.json","envs/poseven/poseven36.json","envs/posodd/posodd91.json","envs/negodd/negodd67.json","envs/negodd/negodd58.json","envs/poseven/poseven46.json","envs/negeven/negeven2.json","envs/posodd/posodd30.json","envs/negodd/negodd72.json","envs/negeven/negeven79.json","envs/posodd/posodd65.json","envs/poseven/poseven71.json"],"money":"2.38","age":30,"gender":1,"experiment":"noncompositional","instcounter":0,"turkid":1836}
