{"actions":[[0,5,5,5,5],[1,0,1,3,5],[5,5,5,5,5],[0,5,5,5,5],[4,5,5,5,5],[5,5,5,5,5],[0,5,0,0,0],[1,0,0,0,0],[0,0,0,0,0],[0,5,0,0,0],[0,1,0,0,0],[0,0,2,0,0],[0,5,5,5,5],[0,1,0,0,0],[4,5,4,4,4],[0,5,0,5,5],[4,5,5,5,5],[4,5,5,5,5],[4,5,3,0,0],[4,1,0,1,1],[1,1,1,1,1],[4,5,0,0,0],[1,1,2,1,1],[1,1,1,1,1],[5,0,5,5,5],[4,5,4,4,4],[5,4,4,4,4],[5,0,0,0,0],[1,0,1,1,1],[0,1,1,1,1],[4,5,0,5,5],[4,5,5,5,5],[5,5,5,5,5],[4,5,0,5,1],[4,5,4,4,4],[4,0,5,4,4],[4,5,0,5,5],[5,4,4,4,4],[4,4,4,4,4],[0,5,0,0,0],[1,0,0,0,0],[0,0,0,0,0],[5,0,0,0,0],[1,0,1,1,1],[1,5,1,1,1],[4,5,0,0,0],[5,4,4,4,4],[0,1,0,0,0],[0,5,0,0,0],[1,0,1,1,1],[1,1,1,1,1],[5,0,5,5,5],[4,5,4,4,4],[5,4,4,4,4],[5,0,4,4,5],[0,1,1,1,1],[4,5,4,4,4],[5,1,0,5,0],[0,1,0,0,0],[0,0,0,0,0]],"rewards":[[1.617246915395234,3.850794181904911,3.7096977248629806,3.7928882802967343,3.8589779510713806],[3.4190002068282612,-0.02907193412691561,3.3569307340998744,2.9222975554284365,2.7527981347579247],[3.063465462980269,2.946479894356738,3.297312577323956,2.9877517222562617,3.2228480315791526],[6.130411946712966,8.525904122987695,8.457208925302622,8.458071579472598,8.528712782305837],[1.5266066375096663,9.003161008696253,8.886642728247505,8.973553769400365,9.050199032372964],[8.665907764209276,8.695166153046046,8.629444670389145,8.76131139490515,8.728875873317273],[4.581699538879843,2.4626806387592133,4.412304506162286,4.339209904327639,4.450273853646403],[0.15410226985977693,2.0960382652390273,2.124708296572324,1.982981128906733,1.9808533920972171],[3.104526546823736,3.464498569427121,3.444980908701331,3.267683785914786,3.127462998562509],[7.969559385587451,6.672994537349869,8.10185689053212,8.34626339781341,8.128205352175344],[1.6560020722838174,0.16387952541974377,1.699643319464217,1.5797477742569268,1.8245426381645489],[4.842974643063878,4.8729784168298105,4.4859141196966155,5.090748385738433,4.894295587601267],[5.352363829169488,8.940296717585332,8.905262261571414,8.978073208195163,8.789803798281833],[1.595921981688875,0.17747495786305828,1.6332707549348922,1.7750786532569316,1.361688000861876],[5.065365239126978,4.113450078057367,4.94080327187803,5.222397890317732,5.059243049740204],[2.9895939460928105,5.449231937901497,2.8975370006067767,5.4875054313366425,5.409002857027239],[0.058966701200010574,1.3543628074218033,1.2279143659977327,1.165153869744532,1.05445717564495],[2.5732024539485936,3.3452798181196193,3.2387124729669545,3.2507661860696224,3.3199747417359595],[6.536796202049981,6.479742673409821,6.877785887488708,8.560444267811354,8.585282804382164],[0.47372582367445903,2.364485466276868,0.2302754356164218,2.3677370619829925,2.354530358794693],[5.283111936382421,5.396095788198028,5.144626138726216,5.219201152207814,5.233407674285506],[1.1613384476188546,0.05569886036853469,5.6549785833191475,5.496952713378999,5.475634546608906],[5.672547371660552,5.682170020312362,0.9544318713454497,5.634386440561196,5.533811383623286],[5.066508225777471,5.076108827975515,4.916395679931176,5.222746891338199,4.9658742078106695],[7.140555971780179,2.9373442871694455,7.02814681062102,7.025370324209466,7.055509075501897],[3.598838476580247,0.40097823673927174,3.620515327988906,3.7111303480309243,3.7795796263284007],[3.583739270025349,5.01244765606561,4.823571119158191,4.982342377430404,5.159455965535765],[1.1024912687600636,5.811794050286445,5.89908316211769,5.833363172702793,5.818103798220459],[2.1366747363198,0.9570631434773333,2.1319911213681983,1.9659454186920895,1.779827782150874],[3.3829724124576113,3.759943830333422,3.778433966610686,3.41521812632104,3.705762874187115],[7.128833574492965,7.2167802709267015,6.689497867974557,7.247372755165729,7.289382409434954],[0.032722768875789066,2.668795696741999,2.83656946958382,2.625978226495071,2.792735727612536],[5.035782455599522,5.027396936963046,4.9737438691824,4.863604648703003,4.670691808206695],[4.595578652082493,4.312688606192736,4.599935183601343,4.637131822001474,4.522608361727654],[3.7567778908113723,0.6409761895486288,3.739217787191547,3.9412207324650375,3.755138597088271],[4.1370401472728,3.8226413648205453,2.517089083853791,4.10318149762352,4.199102886736697],[8.370254400175384,8.872289649940189,5.814429639659865,9.038052449580263,8.944202068371439],[1.5170261781074692,7.573430972574664,7.532396255468148,7.738728016296426,7.4497777741746996],[7.946716609717324,8.050842401020027,7.938205077192028,7.978519479834131,8.000347942561133],[6.377177810532826,3.2260160829199465,6.375847190988534,6.291623457902162,6.474193571542992],[0.524963570051402,2.2076695406069478,2.1889537412746707,2.172690721636594,2.2910867899717458],[4.266555280988847,4.29433366286313,4.247246156701782,4.210705651717495,4.189051431555773],[6.973935420759734,7.561705881274147,7.56443465877692,7.427524395540553,7.728803307735121],[4.214295263891695,0.4570787223888114,4.1580007754919555,4.23268641625941,4.184797441958603],[6.23307488572632,5.6210167389723305,6.160198762878489,6.243972105227975,6.160519248136524],[6.025612784728252,4.920886679017174,8.785957152407981,8.629136063284676,8.90280578038277],[0.690185617288448,4.497110818128978,4.812653551832032,4.605951163308361,4.655109332531017],[6.444267673904445,4.164700835509527,6.466323422218467,6.600041271055595,6.5755260948122825],[7.496176531178979,4.737918685337645,7.534743502232582,7.522597200058754,7.77818029249808],[4.238358096335794,-0.46619024948371823,4.23832636378351,4.3795958958055845,4.3554148450308015],[5.851110576065659,5.187145975719539,5.444033229919383,5.327668288967097,5.619463809853169],[5.384390998262743,0.7644646925519134,5.453505913449199,5.247800154248944,5.467769861329421],[1.312410937911965,0.4144623221721371,1.0647815081405947,1.2931741427262864,1.2287085819007806],[2.919375673579985,2.837671582594075,2.9806423494677916,2.743538879903993,2.938709639438168],[4.00648694578543,3.3441576667769795,3.680100377034291,3.6508313395761776,3.9742809134018833],[1.039561080911911,3.6978234985103944,3.647950322294837,3.559375865809401,3.8595876186682063],[2.2944707573155814,3.6712151869572605,2.158125809287248,2.319238311107185,2.270766313072859],[3.7090511660235896,5.580775972135763,5.6171457621618455,3.8757808447010587,5.784032055033347],[4.904496094757993,1.2944638725079285,5.1582362096834,4.997393904395845,5.0459510395861065],[5.497543593342785,5.340949793908705,5.464050245868072,5.508568274660097,5.464308510364561]],"times":[[17941,184,729,197,266],[1696,295,143,435,1],[3076,2660,306,113,301],[3031,291,349,291,342],[2274,285,166,281,154],[889,137,734,1297,7234],[9863,44,123,113,191],[1173,110,72,86,77],[788,50,39,102,184],[4816,308,61,128,1611],[325,322,120,283,629],[1559,430,1359,169,505],[75,3341,117,2,32],[1299,235,160,211,4],[11393,317,44,147,648],[9501,152,155,102,61],[409,441,55,845,42],[595,4,236,1300,280],[1460,284,1282,456,130],[508,2458,454,244,23],[19,26,193,22,94],[2310,572,159,277,104],[527,14,334,358,73],[62,91,55,3,359],[1766,348,465,100,84],[438,314,79,99,64],[1015,183,138,79,53],[1387,10,156,9,221],[604,1052,12,12,365],[562,41,66,189,94],[6214,165,373,139,186],[999,238,24,215,76],[151,177,909,206,330],[1553,224,288,422,346],[1989,435,1,108,544],[942,1128,349,91,140],[165,307,143,126,95],[86,486,103,123,155],[210,3197,127,539,224],[3232,277,843,63,141],[874,285,230,133,196],[682,129,33,301,251],[2410,350,321,88,16],[1330,163,161,128,378],[306,2050,45,275,245],[1585,101,408,225,111],[625,350,240,139,217],[780,370,233,243,909],[1322,329,367,744,283],[2220,470,43,424,155],[1303,278,208,126,143],[1680,229,393,141,195],[547,226,192,271,252],[671,162,116,155,146],[2221,376,215,198,154],[201,268,26,77,102],[442,331,278,177,132],[1662,25,382,323,184],[126,234,201,47,143],[383,239,153,170,114]],