{"actions":[[0,5,1,0,0],[5,4,3,5,5],[0,3,5,5,5],[2,5,0,4,5],[5,0,4,4,4],[1,5,4,4,2],[0,1,1,2,5],[1,4,5,0,5],[4,5,4,4,4],[2,4,3,5,0],[5,5,4,3,5],[5,4,2,0,2],[4,0,1,3,4],[5,0,1,0,2],[0,0,0,0,0],[5,4,3,4,4],[1,0,3,5,5],[1,1,1,1,0],[5,5,5,4,2],[2,2,1,1,0]],"rewards":[[6.231103663009256,2.584174368569427,5.5290946419242895,6.115009423412709,6.210898876162171],[12.750377297268033,5.663668871011547,10.943318471296939,12.701056048250841,12.627518176767992],[7.00185514296316,11.932017220122678,10.131905271636867,10.162422846347507,10.067213546373864],[6.041575489690548,9.2536717607441,7.16076070517095,6.016891255939474,9.220305531135061],[7.379675675819495,12.132101114311249,10.728449251159917,10.42021587087887,10.61698518414041],[4.061799096470448,6.214614583251941,8.258887354890966,8.369785526816317,7.53966697191068],[7.567440870370073,4.213812167571209,4.128885950542459,6.288415766059491,1.4133857872403417],[6.832255194577535,3.3730882475378743,6.349158873488524,4.524883046308795,6.07260474315241],[15.397469490371526,8.18211845253964,14.97368173681246,15.058380906805482,15.302683979629794],[2.9437845146599524,4.5404452576950325,5.178376467451194,7.049806963998833,1.1738927441856097],[10.716719548636613,10.651944330014826,5.508954158812748,8.433119254489222,10.74229017764405],[4.556613725507247,8.525788378700991,9.297708006403052,10.52462458661264,9.479347378856309],[6.790840150677865,3.4732498997121852,9.149243205524789,10.895997538933479,7.020064703654753],[5.059048945843845,8.058956636616092,5.438537129830205,8.036552396030208,7.924064376820336],[13.197545653861665,13.274494994490375,13.172028665174148,13.145543085426029,12.994404663120404],[7.288255488529954,8.865542525960802,5.535808351433289,8.915829639900629,8.823103529808472],[7.274203737286389,2.55874741177939,8.760559558182633,9.349027107563415,9.273370601082823],[10.403182457698948,10.485598600305844,10.443896649212334,10.416569467050568,6.399122149583754],[7.104300698793062,6.839177402403312,7.002513165786343,11.162182250577505,11.072231465856477],[6.344098143018012,6.439473796463972,5.379578758657789,5.50776938027581,7.45675863069066]],"times":[[46282,3117,3845,548,1834],[8783,3903,3042,545,777],[11029,7934,508,2483,639],[7309,767,495,1059,526],[270,5662,5421,1379,498],[27849,1646,1681,393,775],[6607,19470,261,301,262],[6305,767,1312,604,1044],[30691,795,77,361,95],[15859,9425,800,5,802],[138,3974,282,438,120],[4640,2130,108,947,542],[372,3237,453,1019,995],[3904,512,2234,246,369],[18661,480,407,408,172],[7085,120,36,24,1156],[3265,1403,1715,344,782],[5466,362,10760,303,156],[9341,759,330,379,1228],[4779,394,77,805,566]],"condition":[["negodd"],["posodd"],["negodd"],["negodd"],["negeven"],["poseven"],["negeven"],["negodd"],["poseven"],["posodd"],["posodd"],["negeven"],["posodd"],["poseven"],["negeven"],["poseven"],["posodd"],["negodd"],["poseven"],["negeven"]],"envs":["envs/negodd/negodd59.json","envs/posodd/posodd61.json","envs/negodd/negodd42.json","envs/negodd/negodd29.json","envs/negeven/negeven97.json","envs/poseven/poseven79.json","envs/negeven/negeven34.json","envs/negodd/negodd69.json","envs/poseven/poseven35.json","envs/posodd/posodd33.json","envs/posodd/posodd14.json","envs/negeven/negeven60.json","envs/posodd/posodd81.json","envs/poseven/poseven78.json","envs/negeven/negeven47.json","envs/poseven/poseven51.json","envs/posodd/posodd53.json","envs/negodd/negodd8.json","envs/poseven/poseven39.json","envs/negeven/negeven50.json"],"money":"11.46","age":30,"gender":1,"hand":1,"experiment":"noncompositional","instcounter":4,"turkid":2244}
