{"actions":[[5,0,4,0,0],[5,0,1,0,0],[4,5,4,4,4],[5,4,5,5,5],[5,4,4,4,4],[5,4,4,4,4],[5,5,5,5,5],[4,5,4,4,4],[4,4,4,4,4],[5,0,5,5,5],[5,5,5,5,5],[4,5,5,5,5],[5,5,5,5,5],[4,4,4,4,4],[4,4,4,4,4],[5,4,5,5,5],[5,4,5,5,5],[5,5,5,5,5],[5,0,0,0,0],[1,0,0,0,0],[0,0,0,0,0],[0,5,5,5,5],[5,4,4,4,4],[4,4,4,4,4],[5,4,0,5,5],[5,4,3,4,4],[4,4,4,4,4],[5,4,5,5,5],[5,5,5,5,5],[5,5,5,5,5],[5,4,0,0,0],[0,0,0,0,0],[0,0,0,0,0],[5,0,5,5,5],[5,5,5,5,5],[5,5,5,5,5],[5,4,5,5,5],[5,5,4,5,5],[5,5,5,5,5]],"rewards":[[5.111583352497862,5.866869453382947,5.117281075594591,5.866126969293602,5.889385891543385],[0.17823457074817683,3.7678476113899375,0.08533457791770169,3.867183980688825,3.7520039810231243],[9.252273517415118,5.1858242030773445,9.411786149134555,9.210262923682972,9.28307782044357],[5.007865220613777,4.660016834608207,5.1777759475065475,4.928306236997618,5.118657747445965],[0.7146777563500655,3.2242727608584536,3.341624305890345,3.297153072354913,3.3046404132338836],[5.61891516792775,8.226415676045749,8.099974190410071,8.15267713100253,8.094345723119611],[4.389591406671433,4.491384985381079,4.29811184992411,4.432104152258496,4.299135004511592],[4.707591664222745,0.6546498244182126,4.772434011039346,4.64763032365337,4.659346440565837],[9.54325299640411,9.517317515064954,9.25471157768635,9.538075337196009,9.370067475921886],[4.629964720247242,2.2181993432681,4.6768949729282125,4.798291946784185,4.778758301970287],[6.649325427689853,6.441275584216855,6.5048454681826975,6.714173706802193,6.658628742856984],[4.470095943182057,11.524703992516539,11.241605796990111,11.131259380207718,11.402353204193394],[6.890773315908619,6.878526353387658,6.799913748289946,6.665451162331989,6.934800459596638],[8.189913631053173,8.063705312916372,7.99541239952237,8.17587137191174,8.159338105415147],[14.210069775544012,14.29328325073655,14.40698605390673,14.095108572118287,14.22968305112969],[6.738205937211896,5.534161198319889,6.747522362097477,6.647033648471165,6.640964519480774],[4.333215674087948,-0.010558223088668842,4.435991935328948,4.2535077522334275,4.236896975769547],[11.135326669081858,11.218963449073673,11.199758425758718,11.155676855328608,11.185998509300447],[3.8065293517754197,7.12939591202269,7.216966652461167,7.187358633250177,7.180932912812309],[0.00951907994342125,5.549746677310456,5.52493562047061,5.42345765104418,5.559111849394253],[12.8927836475429,12.839959386555497,12.572376397247126,12.532823823371453,12.621748645399038],[2.3787254012969554,3.166802910097884,3.256286004668797,3.3990006575619405,3.1926537429676234],[-0.20005303768820804,0.2926883748234732,0.09625864333815294,0.2175129255945965,0.06229662615596886],[3.353823563608041,3.5486820316935646,3.512654739468292,3.4492016237293286,3.4322027097255416],[4.546318263425529,4.60257483533802,3.112080320748941,4.333381382594234,4.398775062701879],[-0.38310111897212473,0.3091292209173743,0.21135267831846094,0.3049634716000822,0.23801026689798863],[5.022261895463861,4.81684904878463,4.8514833779715225,4.90153126778084,4.778563646229389],[4.671356042860874,4.296208589789797,4.642909414992744,4.949943127258721,4.688680240890028],[5.88944797348537,5.936745247129815,5.930570448119418,5.803569401698367,5.818055343576187],[10.426604406640125,10.614992709361239,10.564038347775877,10.708769514421421,10.497499917678098],[6.494112793242673,6.662060623744393,7.122238359368972,7.1233794472776015,7.109764843796313],[6.363702718623373,6.397772217617506,6.539495354178156,6.53507667161978,6.275227433015992],[13.50920218762519,13.888869038819829,13.68215521762195,13.578552988141322,13.627796935675207],[4.822777470474638,1.3799128166177257,4.807546024946551,4.769487495276473,4.82887533583553],[5.9071123711099,5.613633944316869,5.845045601639085,5.8107315410314815,5.92939854108478],[10.643379129309688,10.708989517006072,10.500158159123206,10.745824542381973,10.617184591322713],[7.072793590015647,7.069350549467207,7.106770264887108,6.952830910038184,6.857899392586076],[3.9794764796924045,4.087060768578722,0.6471298283241793,4.238465136471173,3.9575297300758936],[11.022941955806504,10.995092496584954,11.00348361683218,10.982398389528402,11.002583013026047]],"times":[[22144,1587,4533,2396,532],[4490,436,974,332,317],[5763,619,396,348,332],[9162,2781,491,404,708],[5196,613,261,212,397],[8307,1653,485,373,501],[12492,2837,467,1397,587],[2957,443,348,652,380],[829,299,347,301,332],[7387,940,349,340,341],[302,2659,332,293,1037],[2116,413,252,333,341],[4795,837,349,292,635],[1461,348,294,357,356],[204,316,156,317,308],[4955,2452,316,349,374],[324,417,290,340,324],[381,333,252,314,465],[4603,1292,453,332,500],[4252,285,380,301,758],[1244,549,348,388,765],[5157,362,389,275,325],[3555,268,278,268,340],[2386,276,308,318,326],[3978,429,772,420,381],[2029,588,3502,1141,460],[1157,308,316,268,342],[3916,1397,331,364,405],[1989,508,309,372,357],[1100,436,317,612,301],[4827,2388,2012,397,301],[4091,268,317,348,356],[1460,501,341,331,363],[6659,364,308,414,324],[2213,283,349,308,333],[668,332,318,347,364],[5234,1421,316,300,340],[2196,445,373,173,381],[964,637,397,404,379]],"condition":[["neg","even","negeven"],["pos","even","poseven"],["neg","even","negeven"],["pos","odd","posodd"],["pos","even","poseven"],["pos","odd","posodd"],["neg","even","negeven"],["pos","even","poseven"],["pos","even","poseven"],["pos","odd","posodd"],["neg","even","negeven"],["pos","odd","posodd"],["neg","odd","negodd"]],"envs":["envs/negeven/neg5.json","envs/negeven/even5.json","envs/negeven/negeven5.json","envs/poseven/pos93.json","envs/poseven/even93.json","envs/poseven/poseven93.json","envs/negeven/neg91.json","envs/negeven/even91.json","envs/negeven/negeven91.json","envs/posodd/pos1.json","envs/posodd/odd1.json","envs/posodd/posodd1.json","envs/poseven/pos38.json","envs/poseven/even38.json","envs/poseven/poseven38.json","envs/posodd/pos52.json","envs/posodd/odd52.json","envs/posodd/posodd52.json","envs/negeven/neg78.json","envs/negeven/even78.json","envs/negeven/negeven78.json","envs/poseven/pos10.json","envs/poseven/even10.json","envs/poseven/poseven10.json","envs/poseven/pos86.json","envs/poseven/even86.json","envs/poseven/poseven86.json","envs/posodd/pos70.json","envs/posodd/odd70.json","envs/posodd/posodd70.json","envs/negeven/neg54.json","envs/negeven/even54.json","envs/negeven/negeven54.json","envs/posodd/pos14.json","envs/posodd/odd14.json","envs/posodd/posodd14.json","envs/negodd/neg11.json","envs/negodd/odd11.json","envs/negodd/negodd11.json"],"money":"7.05","age":30,"gender":1,"hand":0,"experiment":"loocompositional","instcounter":0,"turkid":3546}
