{"actions":[[0,5,4,5,5],[0,1,0,0,0],[4,4,4,4,4],[5,0,1,2,2],[5,0,1,0,2],[0,0,0,0,0],[0,5,5,5,5],[5,4,4,2,2],[4,4,4,4,4],[5,0,0,0,0],[0,1,0,0,0],[0,0,0,0,0],[0,5,5,5,5],[5,4,5,5,5],[5,5,5,5,5],[0,5,5,5,0],[5,4,4,4,4],[4,4,4,4,4],[0,5,0,0,0],[0,0,0,0,0],[0,0,0,0,0],[5,0,0,0,0],[0,1,0,0,0],[0,0,0,0,0],[0,5,5,5,5],[5,4,4,4,4],[4,4,4,4,4],[0,5,5,5,5],[5,4,5,1,5],[5,5,5,5,5],[5,0,5,5,5],[5,4,5,5,5],[5,5,5,5,5],[5,0,5,5,5],[5,4,5,5,5],[5,5,5,5,5],[5,0,0,0,0],[0,1,1,1,1],[1,1,1,1,1]],"rewards":[[1.8872782504668733,5.136753425842529,4.426764228312171,5.175424829768338,5.038457854666814],[7.05134556316911,0.78161752759133,7.005497401647293,6.945054852668449,6.990199092436946],[11.561486738807751,11.562191553836533,11.448315523969102,11.366656337453541,11.547291257185723],[4.733699227541616,6.607541279967876,6.6757460632187895,6.673873307887358,6.448765424998508],[0.44713229125694676,4.590188356742306,0.07651648618706197,4.651239894297213,4.458562596700375],[11.211741168190512,11.337470516511264,11.117207871496761,11.10994299743047,11.143383813112873],[2.556763093798391,3.5663615052394735,3.436430564154708,3.6887959768170577,3.438632859549133],[0.3968330399001352,2.6820155889403092,2.7262721473702562,2.953153632716131,2.7945372711996543],[6.349012452442485,6.158630435011835,6.161124588346103,6.261919285327631,6.007310016622384],[2.2427962818421925,5.858488704838061,5.8671276039502676,5.793832478831003,5.800837006119345],[5.903273335748034,1.4753088453641274,5.973755784852503,5.754046639556427,5.867138029154204],[11.628377312921458,11.613475711483238,11.673316974030758,11.667354828509657,11.81596631810329],[2.5038691472448007,5.5723260530116185,5.30771889665993,5.242952803839751,5.421974706840149],[7.0677907541805505,1.2458196913826238,7.091908618618619,7.089064333644053,6.995851636525088],[12.548865954420105,12.586003285443846,12.465577094738293,12.406717860051787,12.591540009821248],[5.131036193975165,5.560471112257083,5.676256899728093,5.539564258923305,5.107200450969181],[1.4231645265638089,4.928062251264641,5.127299537535983,5.004724724122036,5.02728221415026],[10.355553328832267,10.414248341812613,10.492236766524913,10.349438850574504,10.364659246184372],[4.497901577111818,4.076711865517457,4.810716310577537,4.692431416691941,4.732015795837081],[8.42243827703514,8.49082212353409,8.483034493382,8.428294912311578,8.559785664408848],[13.228163009111478,13.288177965873833,13.147268174797329,13.24402108151948,13.154373241737291],[2.285227126971505,4.2797794868652534,4.406297950482339,4.454007110742196,4.493552546198853],[2.082899664982445,0.49456769854083676,2.2324333717345946,2.2107256929028694,2.10256766255041],[6.60169319214611,6.534096493947179,6.536798736980661,6.71826648107653,6.460783203752496],[2.839535071066861,4.933773179475865,4.871277629176356,5.366184008934237,5.023730072412332],[0.22372904061425988,1.1633276123502376,1.2239290877856757,1.0447144064689162,1.1123016806648696],[5.703964653871458,5.494658356177081,5.678418132117822,5.633115089589032,5.577955853085308],[2.48445471371909,7.115082517121725,6.9621934307724,7.022675048859178,7.013073778139831],[0.6338436722121649,0.04017940662977537,0.6575539665310927,0.856190211542413,0.6217383191526817],[7.628865001772338,7.739017185253797,7.521271678480403,7.493802083441163,7.249070524880725],[4.219714577587148,2.8103209299588943,4.1815249552418505,4.069793211477131,4.291852089828601],[2.6603331412679174,-0.00029763752827761773,2.550921007272732,2.597830977521753,2.4165340993638638],[6.59569472883838,6.590121858747249,6.551220071709466,6.612405875207751,6.76218172875132],[5.422787025906256,1.780799575725449,5.397037298738496,5.4007392749815155,5.207245944439912],[5.41598314368098,0.46547632562218777,5.193802788474329,5.589412691079751,5.374459831039753],[10.744402305740474,10.900896846059279,10.803815150117629,10.818657350537526,10.806482532183256],[2.655358436605911,4.282549576663525,4.411443020990092,4.299410099012609,4.416260044222887],[1.6108629558824237,7.183020808895071,7.458976640836176,7.5529240591758935,7.369645788338911],[11.726161069043126,11.640702447680255,11.591823191694818,11.593082154491029,11.820907616538914]],"times":[[46009,7199,2740,783,918],[4380,300,241,267,302],[8118,250,219,259,236],[31372,2418,256,5461,4983],[1785,310,681,641,553],[13651,312,250,263,397],[6391,407,293,246,269],[3363,242,191,768,252],[1744,223,190,201,533],[5327,254,198,208,243],[676,279,428,119,252],[2011,211,219,259,229],[6420,233,178,205,212],[698,225,192,2056,399],[407,216,199,220,217],[7634,222,447,379,390],[1620,222,135,232,227],[403,214,233,226,502],[5672,224,748,859,257],[723,2273,200,204,256],[205,215,278,232,234],[7169,209,135,194,23],[1507,226,188,578,352],[688,369,379,401,285],[7745,229,285,62,243],[228,210,270,259,207],[318,194,211,271,576],[5639,354,98,187,289],[552,197,219,1324,313],[606,241,202,224,268],[3286,223,190,775,242],[730,806,7034,174,214],[360,367,259,495,768],[3613,217,453,256,263],[1139,208,189,251,230],[216,87,142,303,271],[4900,498,224,244,346],[993,197,338,216,342],[634,116,223,214,223]],"condition":[["pos","even","poseven"],["neg","even","negeven"],["pos","even","poseven"],["neg","even","negeven"],["pos","odd","posodd"],["pos","even","poseven"],["neg","even","negeven"],["neg","even","negeven"],["pos","even","poseven"],["pos","odd","posodd"],["pos","odd","posodd"],["pos","odd","posodd"],["neg","odd","negodd"]],"envs":["envs/poseven/pos97.json","envs/poseven/even97.json","envs/poseven/poseven97.json","envs/negeven/neg10.json","envs/negeven/even10.json","envs/negeven/negeven10.json","envs/poseven/pos36.json","envs/poseven/even36.json","envs/poseven/poseven36.json","envs/negeven/neg31.json","envs/negeven/even31.json","envs/negeven/negeven31.json","envs/posodd/pos17.json","envs/posodd/odd17.json","envs/posodd/posodd17.json","envs/poseven/pos84.json","envs/poseven/even84.json","envs/poseven/poseven84.json","envs/negeven/neg47.json","envs/negeven/even47.json","envs/negeven/negeven47.json","envs/negeven/neg3.json","envs/negeven/even3.json","envs/negeven/negeven3.json","envs/poseven/pos7.json","envs/poseven/even7.json","envs/poseven/poseven7.json","envs/posodd/pos96.json","envs/posodd/odd96.json","envs/posodd/posodd96.json","envs/posodd/pos67.json","envs/posodd/odd67.json","envs/posodd/posodd67.json","envs/posodd/pos60.json","envs/posodd/odd60.json","envs/posodd/posodd60.json","envs/negodd/neg19.json","envs/negodd/odd19.json","envs/negodd/negodd19.json"],"money":"6.76","age":30,"gender":0,"hand":0,"experiment":"loocompositional","instcounter":0,"turkid":3699}
