{"actions":[[2,5,4,3,0],[0,1,3,4,2],[4,0,5,3,4],[4,5,3,2,1],[0,1,2,3,3],[3,1,1,1,1],[0,5,1,0,0],[0,1,2,4,0],[0,2,0,0,0],[0,2,5,5,5],[4,3,3,3,3],[4,4,4,4,4],[1,4,0,0,0],[2,3,5,1,1],[0,1,3,1,1],[1,4,5,5,5],[3,4,1,1,1],[4,4,4,4,4],[1,4,0,5,4],[4,5,2,0,2],[2,4,0,0,0],[0,3,1,0,0],[1,2,1,0,2],[0,2,0,0,0],[1,3,5,4,3],[4,3,2,0,0],[0,4,4,4,4],[1,4,0,0,0],[0,1,3,2,5],[1,1,1,1,1],[1,4,5,3,0],[3,4,2,0,0],[0,4,4,4,4],[1,4,0,5,0],[0,1,3,5,1],[0,1,1,1,1],[1,4,5,3,5],[3,4,2,0,4],[4,4,4,4,4],[1,4,0,0,1],[0,1,2,4,4],[4,0,0,0,0],[1,4,5,5,5],[5,4,3,1,3],[5,5,5,5,5],[1,4,5,1,5],[5,4,2,0,0],[4,4,4,4,4],[1,4,5,0,0],[4,5,2,0,4],[4,4,4,4,4],[1,4,0,0,0],[0,1,2,4,2],[4,0,0,0,0],[1,4,0,0,0],[0,1,3,5,5],[1,1,1,1,1],[1,4,5,5,5],[5,4,3,2,1],[5,5,5,5,5]],"rewards":[[3.1301317241902056,4.380349096737462,4.591498364573469,4.122796199941944,2.4311643063827315],[0.33656003036600146,0.5593445313594181,0.42864290263094107,0.11742655119036917,-0.16917606310929056],[4.500816901196343,2.765423631280913,4.17666056567513,4.467192762803948,4.703822997950795],[4.364045556985959,4.560030882329184,4.974414025721171,4.873174676526508,5.064486452711019],[0.6767920024161264,6.228331288024579,0.8589198197106839,6.137395417907822,6.221531385825104],[6.302285204055101,11.370560785526957,11.393348667062279,11.24365146848739,11.283640776510241],[5.0154556201463025,0.27715957888428455,3.7526909862377074,5.065471291669032,5.26255640453114],[2.9887414138986,0.716052021806866,2.390142199551413,2.6736269617053297,2.939423494570506],[7.939257724402417,5.876066411177777,7.885140616338148,7.795851700051227,7.825437447844616],[5.347545889503197,6.626167187536641,8.755752468314432,8.734869607102905,8.858061244643315],[1.1476809832756312,6.384882343814741,6.1973378562088,6.251715543140131,6.2703919358753115],[9.628511166846218,9.558757678050803,9.472469746420652,9.652198635110182,9.642070586974128],[3.732393555416685,1.514348811384308,4.241716752085338,4.166769032905024,4.051485422090163],[1.3189786927615583,6.558906350118723,5.8936110974799885,6.545900651585135,6.782425065093203],[5.658853443704589,10.577770390659317,8.725418744388072,10.54000634085156,10.59763756949774],[4.1869787217003545,4.978624828293366,5.215436346162995,5.326389720797741,5.162863493916614],[6.3903657292937215,1.0258509760190704,6.40372237633501,6.292975568237247,6.356942534217224],[5.864581465899153,5.896616337559182,5.669946921986876,5.792976307206771,5.792467513322615],[4.172717134976429,4.143419055940707,4.101285951351967,4.155916430489347,4.147373981102215],[4.420278837871196,0.09410066548124207,4.908384770968362,4.948401973385334,5.000795414452543],[8.84425390491957,8.857174965471852,9.276192036052375,9.374022174317716,9.217918318468545],[5.4110317843682845,3.4495225650616006,4.9541405501607265,5.5858361016895355,5.607238220043805],[0.9217705339527452,4.714077106590842,0.8376322180349794,4.463782972701575,4.833786517658831],[10.146237162888223,9.697862939822798,9.904198530936773,10.125480976646184,10.177065140571006],[5.933377952925487,6.379293188465967,6.136564710437697,6.549632812404959,6.383153057928813],[6.597309521268586,1.2257366489474566,6.717566968216499,7.017773208169174,6.934558408231672],[7.121682515407884,12.816820418062502,12.87309945757009,13.008199527759619,13.077509985672513],[5.065330497578644,2.494779906688971,6.2500129955527886,6.065476348861876,6.095199014757985],[-0.00264114448859034,0.40870583927761467,0.11027313021253295,-0.1734710905315423,0.38734808905181667],[5.442478250194799,5.435038105831781,5.520468184622535,5.625153613704404,5.484396595897335],[3.754736565115372,4.39381597553309,4.233420148599533,4.553209006290808,3.5880585297202567],[-0.04275684397900625,0.8997305285449413,0.7845670876109955,0.9982344547287166,1.1510442005388934],[4.707207391041892,5.156916213471716,5.282337689445968,5.277610981602577,5.5200931979724395],[5.1401756568427786,4.884726192503687,4.871943986389826,4.764146160808691,4.947284349034916],[0.6692170525191835,3.6653295457669928,3.2337526742568485,3.4398720113711,3.410803329116417],[5.76591205606685,8.782894687176924,8.742389898270385,8.709934934143414,8.654130482882413],[5.070201597578877,7.5500196935173465,8.671564756768593,6.965644402490142,8.613898619492758],[0.17283812578145416,2.797935207414673,2.5499985657569253,3.0593163445637805,2.732585829527492],[10.333802545703671,10.370189066709948,10.173063004542772,10.534250537264668,10.324631904550428],[4.144668902876428,2.033904247385374,5.3187456252355965,5.120192873398736,4.327665453909574],[5.175493490016827,0.5244379439060153,7.829953456449789,8.192313324387124,8.291746900707555],[10.32410404842989,13.120499480900017,13.062545067564132,12.912444969304556,13.019236984319923],[5.246106154933989,8.75333367568509,8.91007748501771,9.004377701569055,9.087023402729226],[5.758925743831936,1.099950843793693,5.7457061997379295,5.608408005722226,5.620596720415735],[14.89806155188059,14.690381658443908,14.669504656183028,14.722790377459914,14.694572031262629],[3.8664545331884796,5.74475041723762,5.667994194682311,3.8433757462929226,5.643642256364845],[1.3756841616802746,7.688840988169294,7.401001045938463,7.766718530165262,7.9490664041845855],[13.33879074619774,13.549478568097653,13.518771601225644,13.574363800073945,13.405347699331635],[4.490020719145813,4.582237065034571,4.643927360075059,4.502739821368163,4.533390850312599],[3.725825856932223,0.5481231797612324,3.280736066311599,3.3346530111115964,3.829586961415671],[8.427976324753748,8.500328727732517,8.336259264672249,8.599620995304392,8.542435116223501],[6.6583047108513025,4.406510259124767,7.072670110185329,6.870027281628848,7.1644648774157105],[1.9272052302968068,0.34585299709336736,2.4496104655321838,2.358801862598116,2.249055962364181],[6.711267286042485,9.206909290215819,9.041538387649883,9.134205196993893,9.21199456192441],[4.780351918628244,3.3356543433758485,4.906081814022272,4.9985108123501245,5.005973975585445],[1.5499226599450584,5.890795990489187,5.386111132729661,6.068517216107993,5.998285738685667],[10.49929480071589,10.261656826575855,10.442181844836256,10.515737720004443,10.493012603241624],[4.176261481046511,4.6092869630025985,4.744200783797445,4.530139544472009,4.631876827727615],[5.196375838065168,1.4066423567674091,5.31879555612486,1.266107089302258,5.271092239060545],[9.755703883709755,9.90029577814401,9.874592471626926,9.934492109638569,9.820495719607223]],"times":[[29144,3702,3034,4815,2768],[4386,361,6166,789,1513],[21822,871,354,327,27],[10271,307,406,381,1153],[296,608,259,375,209],[134,5592,386,379,1436],[7138,424,386,141,1241],[6033,466,25,405,110],[2699,169,341,1238,2537],[5396,407,18,422,381],[3089,175,323,569,476],[885,449,363,139,462],[4653,68,365,387,306],[8194,227,36,1655,16],[3146,508,1071,79,2578],[5224,719,982,939,331],[2854,411,483,123,385],[927,1259,324,301,436],[7618,445,2075,767,900],[6478,363,738,398,2531],[2870,138,108,342,236],[5440,1486,172,343,178],[3864,315,2511,1691,307],[2117,248,237,3909,1595],[136411,211,336,297,319],[1650,244,526,492,530],[137,136,888,335,317],[11343,303,256,3322,3661],[1861,550,323,375,452],[458,185,943,98,3357],[42734891,318,170,788,344],[1564,311,763,705,140],[3472,183,190,81,61],[10770,131,578,287,334],[1440,432,380,326,363],[1015,87,287,272,379],[4638,418,4438,1014,93],[4657,101,223,30,2424],[1505,239,242,347,520],[4541,347,705,331,475],[67,2318,472,299,2197],[902,1957,32,379,407],[2883,263,303,233,296],[2461,127,698,358,753],[1127,294,517,432,314],[2997,372,2009,869,207],[2681,131,148,155,368],[690,240,179,268,258],[3063,293,380,148,240],[1444,319,812,274,319],[749,283,336,190,355],[4189,395,3794,227,321],[6107,520,623,789,371],[256,544,2293,365,413],[3614,347,429,372,379],[1890,265,358,387,648],[4255,325,260,378,427],[2283,277,377,344,370],[2197,374,351,487,864],[2371,392,571,490,559]],