{"actions":[[0,0,0,0,0],[4,4,4,4,4],[5,5,5,5,5],[1,1,1,1,1],[1,1,1,1,1],[4,4,4,4,4],[0,0,0,0,0],[0,0,0,0,0],[4,4,4,4,4],[5,5,5,5,5],[4,4,4,4,4],[5,5,5,5,5],[1,1,1,1,1],[1,1,1,1,1],[0,0,0,0,0],[5,5,5,5,5],[4,4,4,4,4],[5,5,5,5,5],[1,1,1,1,1],[0,0,0,0,0]],"rewards":[[4.362628055544892,4.288793890186207,4.44881973581823,4.206108670839672,4.274250598157739],[4.681973219510429,4.580185184645207,4.68773497813478,4.789696061998247,4.590453184445478],[7.7117332569395565,7.53472878407747,7.530930328080599,7.549887085321993,7.419253827538125],[5.58858021682544,5.580840714815889,5.306188924899277,5.446599857877586,5.434219368330023],[4.889806295084639,4.784918631721067,4.862375362885075,4.948050819210818,4.812908210733136],[3.39459163753574,3.5011907783114324,3.481440496096445,3.305357392653543,3.725801054624374],[6.065342562741751,6.117660562204191,6.098626343811036,6.043517177059594,6.136631648487625],[6.989726220715759,7.052135264829121,6.964303262283649,7.120833370173882,7.038412358258543],[3.0652473291402296,3.1627828533924265,3.09153506770024,3.0269737793656675,2.9705558770774316],[7.630904015402724,7.546472257816238,7.677294103856843,7.604582444513534,7.835234584815305],[2.615677491333826,2.6119924167109096,2.531529207104645,2.612965084058003,2.6255742631512673],[3.696954138682482,3.8082002658248486,3.6833496895784794,3.588127642514093,3.721956697227533],[5.33029372504719,5.2732202371727634,5.11056179527321,5.3882665693587555,5.276683987562913],[1.9057840844315619,2.235449845132286,2.2474555729018437,2.1452684046718726,2.1602767999696515],[5.067219869793342,4.844139057612267,4.987184611632625,5.165503813452186,4.9205261129041045],[7.157660306785952,7.20878037175703,7.302397973030015,7.298288647553601,7.327286125704938],[4.702949808245487,4.691686622522475,4.5985994314623095,4.397339740683454,4.572919990492476],[6.20809220437723,6.349849832291795,6.401427218480014,6.3434565021889195,6.245049852889698],[2.58567277214457,2.451209769410541,2.561404038708436,2.706249569701471,2.6381022898412363],[4.068799535047426,4.214866578455276,4.296295091188046,3.860413536821527,4.221074286017205]],"times":[[11209,1150,442,334,338],[7861,54,54,95,73],[26502,106,139,138,283],[13107,343,116,88,214],[7713,120,178,107,557],[6969,175,356,27,216],[28829,73,35,88,158],[9448,16,92,22,36],[10084,91,104,5,117],[14835,47,50,204,352],[12009,154,143,127,93],[8476,118,289,76,484],[8685,37,3,85,37],[13489,632,133,61,98],[8738,66,66,141,25],[8808,24,3,23,179],[7261,171,114,61,61],[9918,6,7,213,190],[8931,209,209,39,27],[7956,358,546,402,288]],"condition":[["negeven"],["poseven"],["posodd"],["negodd"],["negodd"],["poseven"],["negeven"],["negeven"],["poseven"],["posodd"],["poseven"],["posodd"],["negodd"],["negodd"],["negeven"],["posodd"],["poseven"],["posodd"],["negodd"],["negeven"]],"envs":["envs/negeven/negeven29.json","envs/poseven/poseven59.json","envs/posodd/posodd56.json","envs/negodd/negodd72.json","envs/negodd/negodd45.json","envs/poseven/poseven75.json","envs/negeven/negeven27.json","envs/negeven/negeven22.json","envs/poseven/poseven36.json","envs/posodd/posodd18.json","envs/poseven/poseven57.json","envs/posodd/posodd68.json","envs/negodd/negodd74.json","envs/negodd/negodd34.json","envs/negeven/negeven88.json","envs/posodd/posodd84.json","envs/poseven/poseven11.json","envs/posodd/posodd90.json","envs/negodd/negodd50.json","envs/negeven/negeven6.json"],"money":"2.47","age":30,"gender":1,"experiment":"noncompositional","instcounter":0,"turkid":6009}
