{"actions":[[0,1,5,1,0],[4,1,1,0,0],[4,4,0,1,0],[4,0,0,1,5],[4,1,4,1,1],[5,5,0,4,4],[5,5,5,5,4],[5,4,1,0,0],[5,0,0,5,1],[0,4,0,1,0],[5,1,0,5,0],[5,0,5,1,0],[5,1,1,1,5],[5,4,0,1,4],[5,1,5,1,0],[5,0,1,4,5],[0,1,4,5,0],[1,0,4,5,4],[4,0,4,0,4],[5,4,0,1,5],[5,4,0,1,4],[0,0,1,5,4],[0,1,4,5,0],[0,1,5,4,0],[0,0,1,5,4],[0,1,4,5,4],[0,1,5,4,5],[0,0,1,4,5],[0,1,4,5,4],[0,1,5,4,4],[0,0,1,4,5],[4,0,1,5,4],[0,1,5,4,5],[0,1,5,4,5],[0,1,5,4,4],[0,1,5,4,0],[0,1,4,5,4],[0,1,5,4,0],[0,1,4,5,4]],"rewards":[[6.439459412579488,5.78948101942875,3.8918421651673754,5.796990786171107,6.351567769646573],[5.973335951042221,0.295637981326097,0.27902937190207083,5.98764722340957,6.13884440624575],[9.968929726776539,9.99756723026046,12.376749377682442,6.2538840203268355,12.257802715993067],[2.2332692871790147,5.154151598904674,5.26771651739001,4.034218913581513,1.0316083801784455],[8.289461755220156,0.5413874644921846,8.452677931050745,0.6097483320398992,0.6317063170231254],[2.006590959888132,2.1665558193468613,13.03469304871203,10.383418849100444,10.485518636538673],[6.51269860049053,6.480588659284595,6.581271303261377,6.332156436888348,5.254945376828816],[0.10543881654724462,0,0.6581018740657976,0,0],[6.494229391990898,1.2725307883885157,0.9956397080664607,6.59953996527327,2.7473730576135598],[7.459331475013383,3.231865931820465,7.612430879231927,6.367893159712731,7.457526282141241],[4.847584355117327,5.316044080995887,0.5972450303966453,4.632843210522081,0.5328595820223019],[7.060069824560738,7.933708726954396,7.229486124816169,11.731726910953627,8.118793865783124],[2.3326670751450007,3.63804618637214,3.664685506432027,3.8420608154999263,2.4089222780354853],[6.013457558719914,0.6724390857092596,0.7713477588290576,5.864058102146927,0.7425870392542944],[8.397144958971996,9.572661121045094,8.519465352296733,9.36567526337206,5.0241233289979075],[4.472919447123333,2.912014406086047,3.6070011258694907,4.414328953902986,4.187147646771072],[0.07706139249514979,2.584678780223666,0,2.662147841512225,0],[6.204951854533994,3.033649728876895,4.152611743020234,6.673801793868989,4.150876493142812],[3.8709751726463115,5.146874890962394,3.916524202790788,5.304449286469091,3.9240077114785783],[0,0.6777298938750694,0.6156112969534993,0,0.14704905699880294],[3.0056262713245245,4.4289229583941,5.778331937938416,4.937380114094132,4.516424336570534],[3.695477385079729,3.59633086838423,4.150464601117931,6.468014266647114,6.599246655459251],[0.71756807446575,0.9414250053825683,0.012006277325538947,0.9654518806348427,0.3818372645373768],[4.253501731503155,5.4353073978793445,7.501636070813171,6.445390161027968,4.192273596212951],[7.5379826564529075,7.4922323658033685,6.421947317324291,4.736142988743035,5.247521707360785],[0,4.147523656598843,0,4.2800694657369425,0],[7.313135696965981,11.216897860876692,8.917682260381929,4.964376894474344,9.019570571645932],[5.939378034691568,6.0161188225244935,6.045519254392856,5.9635239840996235,5.614017074165146],[2.4053485571004116,1.0341341324008422,2.5985099841692625,1.1237895179728983,2.491756127096085],[8.67390720731382,7.428860579930551,6.871364533446363,8.345941198594447,8.306966829667456],[4.605124228747366,4.681580154219298,3.9827861762937435,2.318236843144568,1.656833959750731],[0.8941150771764927,0.9774129154025406,4.50741270972093,4.504291814940591,1.100780328416204],[5.736842453271129,8.239452932642672,6.109440368293835,3.488472098779852,6.317726284918598],[5.514520146049061,6.707890699924413,8.471373063778678,7.461233066657606,8.503818281205687],[0.47509758998734836,4.678483714812728,4.398679601065571,0.3155984393508795,0.23658987801884399],[6.031335464117277,11.262553017323789,12.77093638563364,7.856356111225423,6.210149439485373],[2.151043876031241,3.9855156422284956,6.754452150297726,7.99157182328308,6.7629458087085945],[7.1150633899801505,0.8250561984772008,1.2501523228415945,7.386008066843506,7.076964765510131],[9.319749693578164,4.848053329767443,14.16877346499304,9.067360233691515,14.224599815430334]],"times":[[5730,90,233,64,71],[452,56,105,16,24],[365,118,40,30,143],[3883,216,69,43,69],[508,167,3,207,113],[346,17,5,2,53],[271,809,175,73,36],[319,16,105,160,47],[294,81,166,10,5],[533,439,97,248,198],[289,190,127,178,40],[310,138,104,57,91],[1463,95,1,97,30],[298,5,32,133,283],[318,14,230,118,75],[319,538,265,80,145],[426,358,381,21,450],[489,189,236,238,667],[42223,227,318,99,40],[322,1,59,114,38],[383,211,196,161,44],[338,605,77,501,880],[368,38,454,109,251],[353,133,220,139,685],[405,574,50,181,496],[285,112,28,204,169],[341,49,189,274,87],[361,633,100,234,42],[356,230,21,60,140],[313,219,346,30,564],[580,378,92,463,212],[396,63,154,269,169],[332,277,160,136,288],[1308,86,232,212,198],[477,44,141,152,790],[498,10,129,167,8],[1848,184,510,200,329],[791,242,197,233,140],[403,310,216,229,326]],"condition":[["neg","even","negeven"],["neg","even","negeven"],["pos","odd","posodd"],["neg","odd","negodd"],["neg","odd","negodd"],["pos","odd","posodd"],["neg","even","negeven"],["pos","odd","posodd"],["neg","odd","negodd"],["neg","even","negeven"],["neg","odd","negodd"],["pos","odd","posodd"],["pos","even","poseven"]],"envs":["envs/negeven/neg27.json","envs/negeven/even27.json","envs/negeven/negeven27.json","envs/negeven/neg83.json","envs/negeven/even83.json","envs/negeven/negeven83.json","envs/posodd/pos88.json","envs/posodd/odd88.json","envs/posodd/posodd88.json","envs/negodd/neg33.json","envs/negodd/odd33.json","envs/negodd/negodd33.json","envs/negodd/neg9.json","envs/negodd/odd9.json","envs/negodd/negodd9.json","envs/posodd/pos67.json","envs/posodd/odd67.json","envs/posodd/posodd67.json","envs/negeven/neg55.json","envs/negeven/even55.json","envs/negeven/negeven55.json","envs/posodd/pos11.json","envs/posodd/odd11.json","envs/posodd/posodd11.json","envs/negodd/neg44.json","envs/negodd/odd44.json","envs/negodd/negodd44.json","envs/negeven/neg86.json","envs/negeven/even86.json","envs/negeven/negeven86.json","envs/negodd/neg53.json","envs/negodd/odd53.json","envs/negodd/negodd53.json","envs/posodd/pos40.json","envs/posodd/odd40.json","envs/posodd/posodd40.json","envs/poseven/pos82.json","envs/poseven/even82.json","envs/poseven/poseven82.json"],"money":"4.88","age":30,"gender":2,"hand":1,"experiment":"loocompositional","instcounter":0,"subjectID":"60c0a7f1194887317529497f","studyID":"611e7ce6ae0ff1160d5b0c88","eval":[["pos","even","poseven"]]}
