{"actions":[[0,1,4,5,1],[4,5,0,1,5],[4,1,0,5,4],[4,5,0,0,1],[0,4,5,0,1],[0,1,4,5,1],[0,1,5,4,0],[0,1,4,5,1],[0,1,4,5,0],[4,5,0,1,5],[0,1,4,5,0],[0,1,4,5,0],[1,5,4,5,0],[1,5,4,0,1],[5,5,4,5,4],[1,0,4,5,4],[0,1,1,4,5],[5,4,0,1,0],[0,0,1,4,5],[4,0,1,5,4]],"rewards":[[5.2926112650624795,4.268476393773645,5.978131481665381,4.353475838770964,4.472444989537074],[7.7519190869947305,15.43313853371381,4.552950100364966,11.622480848727557,15.451860114660894],[12.157502182146617,5.802898799928746,13.136536451660927,5.816330981687073,12.21528134151131],[5.8847375962767705,11.596138216152912,5.593165577906957,5.559262401076291,10.659872122089936],[6.398690097234028,8.360424808842188,5.998703488571509,6.283397874674858,4.012866864954373],[13.381407374138739,8.049237675723138,15.945791763477015,10.40376347570393,8.03000673722799],[5.7103533092474255,8.871925667886345,7.847204957430181,5.3378672737658945,5.519870315140587],[6.048965865361793,11.202672541822785,7.8639674910256465,12.92620629922961,11.221119049280892],[14.173747924087166,8.949186835859926,11.700141235575483,7.122262453031964,14.029499480778888],[10.784771492574116,7.559595962718638,12.084423618976018,8.60281755487479,7.575375521699953],[4.517296922119924,4.4663653543318995,1.339874605814786,1.6960812773557548,4.67914762702209],[10.707635843864082,5.203946995293874,6.634154627363205,1.265788519585331,10.683806982153092],[10.858427030938868,10.941773065692965,4.719747489316953,11.058193987331194,3.5027518843769263],[7.726890782687732,4.806664713007379,2.8217492261283987,6.834446201833613,7.676869149676405],[8.514128191645899,8.698993961617155,7.011950629306311,8.694897910912394,7.063889238170869],[2.8912390464963855,2.3091852045308605,5.370102252461025,5.839818209611762,5.453087042031431],[2.742814463533132,9.396054970142766,9.485552219584266,4.517574359836491,11.264441750433607],[3.0826566167860086,4.765638917866439,5.7235566609285655,4.747647910543673,5.763579497313886],[5.903928135845494,6.016243894513186,6.171681621893472,3.393246460135059,3.9027020759165527],[6.741986371091035,5.3126698366922,5.794726455769492,7.351685718764885,6.74810321702842]],"times":[[6192,238,268,134,184],[13666,871,142,181,353],[2658,481,297,297,238],[3468,424,33,319,89],[48,1504,202,242,193],[876,224,252,235,695],[1167,213,217,237,179],[926,234,300,210,231],[939,222,245,259,296],[1094,273,206,123,273],[983,195,172,182,221],[927,271,236,156,166],[927,4,344,57,171],[847,215,229,188,137],[958,127,132,66,88],[1122,145,132,113,108],[1032,153,323,304,158],[1414,107,111,51,252],[185,2034,176,102,159],[76,1299,127,128,146]],"condition":[["poseven"],["posodd"],["negeven"],["posodd"],["poseven"],["poseven"],["negodd"],["posodd"],["negeven"],["negeven"],["negodd"],["negeven"],["posodd"],["negodd"],["negodd"],["poseven"],["posodd"],["negeven"],["negodd"],["poseven"]],"envs":["envs/poseven/poseven56.json","envs/posodd/posodd71.json","envs/negeven/negeven47.json","envs/posodd/posodd65.json","envs/poseven/poseven79.json","envs/poseven/poseven52.json","envs/negodd/negodd36.json","envs/posodd/posodd40.json","envs/negeven/negeven22.json","envs/negeven/negeven97.json","envs/negodd/negodd30.json","envs/negeven/negeven51.json","envs/posodd/posodd44.json","envs/negodd/negodd99.json","envs/negodd/negodd32.json","envs/poseven/poseven45.json","envs/posodd/posodd1.json","envs/negeven/negeven55.json","envs/negodd/negodd81.json","envs/poseven/poseven5.json"],"money":"4.99","age":30,"gender":1,"hand":0,"experiment":"noncompositional","instcounter":0,"subjectID":"60c0a7f1194887317529497f","studyID":"611e7ce6ae0ff1160d5b0c88","eval":[["posodd"],["negeven"],["negodd"],["poseven"]]}
{"actions":[[0,1,5,1,0],[4,1,1,0,0],[4,4,0,1,0],[4,0,0,1,5],[4,1,4,1,1],[5,5,0,4,4],[5,5,5,5,4],[5,4,1,0,0],[5,0,0,5,1],[0,4,0,1,0],[5,1,0,5,0],[5,0,5,1,0],[5,1,1,1,5],[5,4,0,1,4],[5,1,5,1,0],[5,0,1,4,5],[0,1,4,5,0],[1,0,4,5,4],[4,0,4,0,4],[5,4,0,1,5],[5,4,0,1,4],[0,0,1,5,4],[0,1,4,5,0],[0,1,5,4,0],[0,0,1,5,4],[0,1,4,5,4],[0,1,5,4,5],[0,0,1,4,5],[0,1,4,5,4],[0,1,5,4,4],[0,0,1,4,5],[4,0,1,5,4],[0,1,5,4,5],[0,1,5,4,5],[0,1,5,4,4],[0,1,5,4,0],[0,1,4,5,4],[0,1,5,4,0],[0,1,4,5,4]],"rewards":[[6.439459412579488,5.78948101942875,3.8918421651673754,5.796990786171107,6.351567769646573],[5.973335951042221,0.295637981326097,0.27902937190207083,5.98764722340957,6.13884440624575],[9.968929726776539,9.99756723026046,12.376749377682442,6.2538840203268355,12.257802715993067],[2.2332692871790147,5.154151598904674,5.26771651739001,4.034218913581513,1.0316083801784455],[8.289461755220156,0.5413874644921846,8.452677931050745,0.6097483320398992,0.6317063170231254],[2.006590959888132,2.1665558193468613,13.03469304871203,10.383418849100444,10.485518636538673],[6.51269860049053,6.480588659284595,6.581271303261377,6.332156436888348,5.254945376828816],[0.10543881654724462,0,0.6581018740657976,0,0],[6.494229391990898,1.2725307883885157,0.9956397080664607,6.59953996527327,2.7473730576135598],[7.459331475013383,3.231865931820465,7.612430879231927,6.367893159712731,7.457526282141241],[4.847584355117327,5.316044080995887,0.5972450303966453,4.632843210522081,0.5328595820223019],[7.060069824560738,7.933708726954396,7.229486124816169,11.731726910953627,8.118793865783124],[2.3326670751450007,3.63804618637214,3.664685506432027,3.8420608154999263,2.4089222780354853],[6.013457558719914,0.6724390857092596,0.7713477588290576,5.864058102146927,0.7425870392542944],[8.397144958971996,9.572661121045094,8.519465352296733,9.36567526337206,5.0241233289979075],[4.472919447123333,2.912014406086047,3.6070011258694907,4.414328953902986,4.187147646771072],[0.07706139249514979,2.584678780223666,0,2.662147841512225,0],[6.204951854533994,3.033649728876895,4.152611743020234,6.673801793868989,4.150876493142812],[3.8709751726463115,5.146874890962394,3.916524202790788,5.304449286469091,3.9240077114785783],[0,0.6777298938750694,0.6156112969534993,0,0.14704905699880294],[3.0056262713245245,4.4289229583941,5.778331937938416,4.937380114094132,4.516424336570534],[3.695477385079729,3.59633086838423,4.150464601117931,6.468014266647114,6.599246655459251],[0.71756807446575,0.9414250053825683,0.012006277325538947,0.9654518806348427,0.3818372645373768],[4.253501731503155,5.4353073978793445,7.501636070813171,6.445390161027968,4.192273596212951],[7.5379826564529075,7.4922323658033685,6.421947317324291,4.736142988743035,5.247521707360785],[0,4.147523656598843,0,4.2800694657369425,0],[7.313135696965981,11.216897860876692,8.917682260381929,4.964376894474344,9.019570571645932],[5.939378034691568,6.0161188225244935,6.045519254392856,5.9635239840996235,5.614017074165146],[2.4053485571004116,1.0341341324008422,2.5985099841692625,1.1237895179728983,2.491756127096085],[8.67390720731382,7.428860579930551,6.871364533446363,8.345941198594447,8.306966829667456],[4.605124228747366,4.681580154219298,3.9827861762937435,2.318236843144568,1.656833959750731],[0.8941150771764927,0.9774129154025406,4.50741270972093,4.504291814940591,1.100780328416204],[5.736842453271129,8.239452932642672,6.109440368293835,3.488472098779852,6.317726284918598],[5.514520146049061,6.707890699924413,8.471373063778678,7.461233066657606,8.503818281205687],[0.47509758998734836,4.678483714812728,4.398679601065571,0.3155984393508795,0.23658987801884399],[6.031335464117277,11.262553017323789,12.77093638563364,7.856356111225423,6.210149439485373],[2.151043876031241,3.9855156422284956,6.754452150297726,7.99157182328308,6.7629458087085945],[7.1150633899801505,0.8250561984772008,1.2501523228415945,7.386008066843506,7.076964765510131],[9.319749693578164,4.848053329767443,14.16877346499304,9.067360233691515,14.224599815430334]],