{"actions":[[0,1,4,5,1],[4,5,0,1,5],[4,1,0,5,4],[4,5,0,0,1],[0,4,5,0,1],[0,1,4,5,1],[0,1,5,4,0],[0,1,4,5,1],[0,1,4,5,0],[4,5,0,1,5],[0,1,4,5,0],[0,1,4,5,0],[1,5,4,5,0],[1,5,4,0,1],[5,5,4,5,4],[1,0,4,5,4],[0,1,1,4,5],[5,4,0,1,0],[0,0,1,4,5],[4,0,1,5,4]],
 "rewards":[[5.2926112650624795,4.268476393773645,5.978131481665381,4.353475838770964,4.472444989537074],[7.7519190869947305,15.43313853371381,4.552950100364966,11.622480848727557,15.451860114660894],[12.157502182146617,5.802898799928746,13.136536451660927,5.816330981687073,12.21528134151131],[5.8847375962767705,11.596138216152912,5.593165577906957,5.559262401076291,10.659872122089936],[6.398690097234028,8.360424808842188,5.998703488571509,6.283397874674858,4.012866864954373],[13.381407374138739,8.049237675723138,15.945791763477015,10.40376347570393,8.03000673722799],[5.7103533092474255,8.871925667886345,7.847204957430181,5.3378672737658945,5.519870315140587],[6.048965865361793,11.202672541822785,7.8639674910256465,12.92620629922961,11.221119049280892],[14.173747924087166,8.949186835859926,11.700141235575483,7.122262453031964,14.029499480778888],[10.784771492574116,7.559595962718638,12.084423618976018,8.60281755487479,7.575375521699953],[4.517296922119924,4.4663653543318995,1.339874605814786,1.6960812773557548,4.67914762702209],[10.707635843864082,5.203946995293874,6.634154627363205,1.265788519585331,10.683806982153092],[10.858427030938868,10.941773065692965,4.719747489316953,11.058193987331194,3.5027518843769263],[7.726890782687732,4.806664713007379,2.8217492261283987,6.834446201833613,7.676869149676405],[8.514128191645899,8.698993961617155,7.011950629306311,8.694897910912394,7.063889238170869],[2.8912390464963855,2.3091852045308605,5.370102252461025,5.839818209611762,5.453087042031431],[2.742814463533132,9.396054970142766,9.485552219584266,4.517574359836491,11.264441750433607],[3.0826566167860086,4.765638917866439,5.7235566609285655,4.747647910543673,5.763579497313886],[5.903928135845494,6.016243894513186,6.171681621893472,3.393246460135059,3.9027020759165527],[6.741986371091035,5.3126698366922,5.794726455769492,7.351685718764885,6.74810321702842]],
 "times":[[6192,238,268,134,184],[13666,871,142,181,353],[2658,481,297,297,238],[3468,424,33,319,89],[48,1504,202,242,193],[876,224,252,235,695],[1167,213,217,237,179],[926,234,300,210,231],[939,222,245,259,296],[1094,273,206,123,273],[983,195,172,182,221],[927,271,236,156,166],[927,4,344,57,171],[847,215,229,188,137],[958,127,132,66,88],[1122,145,132,113,108],[1032,153,323,304,158],[1414,107,111,51,252],[185,2034,176,102,159],[76,1299,127,128,146]],
 "condition":[["poseven"],["posodd"],["negeven"],["posodd"],["poseven"],["poseven"],["negodd"],["posodd"],["negeven"],["negeven"],["negodd"],["negeven"],["posodd"],["negodd"],["negodd"],["poseven"],["posodd"],["negeven"],["negodd"],["poseven"]],
 "envs":["envs/poseven/poseven56.json","envs/posodd/posodd71.json","envs/negeven/negeven47.json","envs/posodd/posodd65.json","envs/poseven/poseven79.json","envs/poseven/poseven52.json","envs/negodd/negodd36.json","envs/posodd/posodd40.json","envs/negeven/negeven22.json","envs/negeven/negeven97.json","envs/negodd/negodd30.json","envs/negeven/negeven51.json","envs/posodd/posodd44.json","envs/negodd/negodd99.json","envs/negodd/negodd32.json","envs/poseven/poseven45.json","envs/posodd/posodd1.json","envs/negeven/negeven55.json","envs/negodd/negodd81.json","envs/poseven/poseven5.json"],
 "money":"4.99","age":30,"gender":1,"hand":0,"experiment":"noncompositional","instcounter":0,"subjectID":"60c0a7f1194887317529497f","studyID":"611e7ce6ae0ff1160d5b0c88",
 "eval":[["posodd"],["negeven"],["negodd"],["poseven"]]}
