{"actions":[[2,3,0,4,5],[0,1,3,4,5],[0,3,4,5,2],[0,1,2,3,4],[0,5,4,3,2],[2,3,4,5,0],[1,0,3,4,5],[2,2,2,3,5],[0,1,2,3,4],[0,1,3,4,5],[1,2,4,2,3],[3,3,0,0,5],[0,1,3,4,0],[3,3,3,3,3],[3,0,1,2,4],[2,4,0,1,2],[3,4,5,0,1],[0,1,0,2,3],[4,0,1,4,2],[2,2,1,0,3],[3,4,0,3,0],[0,2,1,3,3],[0,3,2,4,4],[0,0,4,2,1],[0,2,0,0,3],[3,0,2,2,2],[3,3,3,0,1],[0,2,0,0,1],[1,4,1,4,2],[3,3,1,1,3],[2,5,5,5,5],[5,5,5,5,0],[0,0,3,2,1],[0,0,0,1,2],[2,2,1,0,3],[0,2,5,2,4],[4,0,0,0,2],[2,0,0,3,3],[0,4,0,0,0]],"rewards":[[3.516737122723097,3.450696819511733,2.9187560371298886,4.171997466605874,4.4695425466025185],[0.24299461948243883,3.7172597801623946,3.5147202215314217,0.6538293925521327,3.311883953438115],[3.244082897997534,7.073001303393444,4.770634200832489,7.777093599512514,3.6944395450095415],[3.49815453422887,3.9137700514321883,4.764427256267854,5.404314258100218,6.042047213262478],[6.298796165593311,0.40769172472785575,6.204705431208658,0.40149790713979283,5.889633110095455],[10.535533375385262,5.343499358959665,11.920080459032425,7.196015607407135,9.801828402230452],[3.6988026706243518,3.5395965510429277,4.370265604590428,4.6066567889213665,4.425483273788482],[0.8914047447024945,0.8157835794527224,0.90340524404677,0.08416969181869771,0.6392291876204056],[4.67881795050079,3.7616111594863275,4.631571179102931,4.442330570396155,5.42734526131536],[4.890411804439858,3.878248822381918,4.690200738702559,5.430332876551581,5.084340219381767],[7.347503312958371,1.0759520211402958,1.2626506272601898,0.9662604531420396,7.662702130727297],[7.590144630286417,7.371760836918177,1.0211651635598018,0.9275947162153838,15.406670278518822],[5.974814521384729,6.232355468148452,5.777588828255495,6.043671305155131,6.083921969316724],[5.804738167867854,0.6271072313008966,0.649814262934852,0.49736962039604293,0.6260141792495502],[0.6666641687116261,8.655362406294584,7.064301058060198,7.674069142387952,8.444157832783661],[3.440298899607442,0.5163700109267766,4.946931939914471,3.8152442293962503,3.3943703257390383],[2.3181699701032112,0.65902227097793,0.26523732024659297,2.7454264265854658,0.8660333274943111],[7.925115303714795,4.530175383644968,7.93804424086096,5.775728773119284,2.9306642865825636],[3.51491891356218,2.969387782387121,3.2635681442062925,3.4527045865605586,3.6995023557044266],[3.5155589347745897,3.63618681010033,3.3717223381779107,3.1480966659093346,5.860549087308827],[5.826221785035538,4.788406965099566,4.600959838348911,9.543286910345408,4.615424435035589],[4.742352197847029,4.459675759532553,5.351857760856476,4.438280713605057,4.3528270050984865],[5.444816810525243,4.099324549499366,4.648641577315889,3.5203934995556896,3.6843965852384497],[2.965560823660655,8.756176982083003,6.624082995618824,7.66753074052407,5.810344079170013],[8.769643536129832,6.472612794447152,7.8363780976271515,7.607987699781358,6.074903416775964],[5.897390146845901,7.957892948479562,6.451550419612255,1.6560057469249727,1.5671223040426403],[0.5719507269806796,6.794589265016941,6.774900577633127,9.19527799986093,6.226520063404577],[9.495998323094659,2.7149633655999397,2.740953325490955,2.839039624023205,2.568171198007397],[2.6500314568324885,2.8593021779128156,2.382952639940286,2.7955722080775005,2.796893987275327],[1.145430576188811,4.212109976597586,3.5157657747228392,3.4401537625760907,4.439106431997596],[10.945064742828581,5.880449223905363,5.996584553407662,5.853502006285251,5.995899067458839],[5.840988872569541,5.921139675783669,5.770649901782592,1.0013804572983442,5.824946863140852],[5.65468242267947,6.293876071293806,4.701087496618356,8.711194029769402,2.627896308136096],[6.6562319352911725,3.8908966320341465,3.9862089342449845,4.375471185570545,3.9554744685817846],[3.892449002298794,4.015883465200189,4.256346688313126,0.7952613119006657,4.830630141276585],[0.6420707166363037,4.1347280840786915,9.64088801572671,4.324523006970056,5.233229678606234],[5.207848031506422,8.059091183881085,7.952229272076022,7.832577717811659,6.675764433110147],[6.76249248795138,7.95977291378794,7.879951682201968,5.605362085884483,5.397968753671259],[1.1195049448307897,5.528753344543315,8.905007837950716,8.917855716915625,8.776666008620609]],"times":[[75659,9272,3763,1741,1487],[6454,3341,1512,1032,973],[6596,1968,901,730,1171],[12459,1021,600,953,141],[5368,1068,838,480,1801],[4405,1356,997,665,419],[6470,603,1097,412,128],[4461,702,1119,1103,981],[11373,770,1121,320,687],[5365,389,948,329,212],[4286,899,715,1715,1679],[4222,134,142,894,898],[4505,581,1689,21,574],[321,1186,150,123,470],[31,2633,910,57,435],[4788,1055,796,236,774],[63,154,3,1536,68],[2249,35,1160,1361,744],[298,4675,414,725,1287],[87,105,20,24,61],[22,474,36,109,60],[102,4305,26,26,95],[66,3,71,118,46],[67,88,45,48,76],[100,3779,44,72,52],[516,25,261,92,154],[129,77,70,40,90],[121,3566,63,95,63],[71,85,44,85,20],[120,52,51,62,71],[40,4903,266,66,55],[425,186,365,258,517],[119,153,88,93,3],[186,4168,649,102,81],[104,115,110,606,148],[48,183,200,2,128],[66,4531,33,255,221],[183,227,377,193,132],[161,64,72,46,258]],"condition":[["pos","odd","posodd"],["pos","even","poseven"],["pos","even","poseven"],["pos","odd","posodd"],["neg","even","negeven"],["neg","even","negeven"],["pos","odd","posodd"],["neg","even","negeven"],["neg","even","negeven"],["pos","even","poseven"],["pos","even","poseven"],["pos","odd","posodd"],["neg","odd","negodd"]],"envs":["envs/posodd/pos30.json","envs/posodd/odd30.json","envs/posodd/posodd30.json","envs/poseven/pos66.json","envs/poseven/even66.json","envs/poseven/poseven66.json","envs/poseven/pos46.json","envs/poseven/even46.json","envs/poseven/poseven46.json","envs/posodd/pos71.json","envs/posodd/odd71.json","envs/posodd/posodd71.json","envs/negeven/neg86.json","envs/negeven/even86.json","envs/negeven/negeven86.json","envs/negeven/neg72.json","envs/negeven/even72.json","envs/negeven/negeven72.json","envs/posodd/pos4.json","envs/posodd/odd4.json","envs/posodd/posodd4.json","envs/negeven/neg29.json","envs/negeven/even29.json","envs/negeven/negeven29.json","envs/negeven/neg26.json","envs/negeven/even26.json","envs/negeven/negeven26.json","envs/poseven/pos92.json","envs/poseven/even92.json","envs/poseven/poseven92.json","envs/poseven/pos62.json","envs/poseven/even62.json","envs/poseven/poseven62.json","envs/posodd/pos27.json","envs/posodd/odd27.json","envs/posodd/posodd27.json","envs/negodd/neg3.json","envs/negodd/odd3.json","envs/negodd/negodd3.json"],"money":"4.90","age":30,"gender":1,"hand":0,"experiment":"loocompositional","instcounter":1,"subjectID":"6101d0db59a4e721c8b7173a","studyID":"611e7ce6ae0ff1160d5b0c88","eval":[["neg","odd","negodd"]]}
