{"actions":[[0,1,2,4,5],[0,5,0,0,0],[5,3,4,2,0],[3,3,3,3,3],[2,4,2,2,2],[1,0,0,0,0],[4,2,3,3,3],[5,0,5,5,5],[1,4,0,0,0],[0,5,3,3,3],[5,0,2,4,4],[0,0,0,0,0],[5,0,2,2,2],[0,5,5,5,5],[4,1,1,1,1],[3,1,5,3,3],[0,5,2,3,4],[0,5,0,0,0],[2,0,5,5,5],[0,2,5,5,5]],"rewards":[[8.8720186718258,4.771032096342284,10.525592402422822,10.309096712904582,6.571736579142843],[4.476209102684793,0.3653813589353586,4.505310834099032,4.650763027985552,4.538977171174552],[3.580000574741666,2.651769259763117,5.18538258181541,4.758881523810939,4.174980891467274],[10.192193925213594,10.366949506159433,10.15210214831795,10.10405454774367,10.266304611655116],[9.248863713376648,7.932141933051493,9.08473925531941,9.336892814450769,9.237815055841576],[6.585834031727537,13.91877193303057,13.742628130346244,13.692151455461039,13.711563312025772],[5.188461596558477,5.501169661495787,11.009238425946796,11.072536599351256,10.915175868544322],[10.820763297664728,6.199106625033102,10.54178253689292,10.60784100520197,10.498689170002844],[2.9641520788779725,9.659887264723489,10.878228021607754,10.904015510526758,10.97095714589653],[5.53598732600136,8.593433761141075,9.96785857262985,10.015760441573047,9.905019233009794],[5.186196220671037,7.536618278021536,7.937278241765292,9.214810325717558,9.079428672921054],[11.061208984038629,11.116703877429511,11.056199270864372,11.32497434693672,11.127111395759535],[9.030231043080374,9.345211950462225,11.879523307265913,11.635419621952755,11.705877958620006],[6.126950470754298,10.091292262017774,9.95812413186191,9.904314942129846,9.816850538417357],[5.785754881310783,10.53302110614168,10.623613925833851,10.614884861640753,10.651757542898713],[7.174679657102638,6.426661895531379,7.181127064559672,7.369449642055061,7.065481726220591],[6.603850917755922,5.958260760053758,5.661457614304648,6.214178452295353,5.499931306365588],[9.886436936039487,7.1587560249297795,9.711696830165051,9.917670420749134,9.838129833812019],[6.620148998999466,6.729696366039705,9.926928662065128,9.946182500975796,9.92193110212435],[7.565380632932317,7.3473572827358415,12.566901255705893,12.49873774801498,12.440813450596355]],"times":[[20450,4555,5280,1600,1591],[8751,2659,1682,1026,1228],[9075,1047,698,3257,1578],[8607,2326,463,488,539],[6166,2466,992,417,415],[4777,1130,442,337,378],[4618,962,385,334,320],[8191,772,329,264,658],[3454,3667,2042,319,777],[3309,1434,757,593,255],[3930,1430,761,1200,1377],[7240,506,304,384,462],[6078,1312,1666,320,329],[3745,840,306,296,336],[7609,1679,255,311,358],[6996,936,1073,329,794],[3647,489,766,425,871],[4779,606,282,505,272],[3956,115,537,374,224],[3663,798,591,321,320]],"condition":[["poseven"],["negodd"],["poseven"],["negodd"],["negeven"],["negeven"],["posodd"],["negodd"],["negeven"],["negodd"],["poseven"],["negeven"],["poseven"],["posodd"],["posodd"],["posodd"],["negeven"],["poseven"],["posodd"],["negodd"]],"envs":["envs/poseven/poseven72.json","envs/negodd/negodd34.json","envs/poseven/poseven42.json","envs/negodd/negodd44.json","envs/negeven/negeven76.json","envs/negeven/negeven52.json","envs/posodd/posodd21.json","envs/negodd/negodd95.json","envs/negeven/negeven63.json","envs/negodd/negodd77.json","envs/poseven/poseven99.json","envs/negeven/negeven4.json","envs/poseven/poseven82.json","envs/posodd/posodd98.json","envs/posodd/posodd65.json","envs/posodd/posodd39.json","envs/negeven/negeven7.json","envs/poseven/poseven66.json","envs/posodd/posodd97.json","envs/negodd/negodd48.json"],"money":"5.36","age":20,"gender":0,"hand":0,"experiment":"noncompositional","instcounter":0,"subjectID":"610892da964c83f7b0f0840d","studyID":"611e7ce6ae0ff1160d5b0c88","eval":[["negeven"],["poseven"],["posodd"],["negodd"]]}
