{"actions":[[2,2,2,2,2],[3,3,3,3,3],[1,1,1,1,1],[1,1,1,4,3],[0,1,3,4,1],[1,1,1,1,1],[1,1,1,1,1],[1,2,4,5,4],[0,0,0,0,0],[0,1,3,4,4],[0,3,3,3,3],[0,1,1,1,1],[5,5,4,4,4],[3,3,3,3,2],[2,2,2,2,2],[0,1,2,3,4],[3,3,3,3,3],[4,5,5,5,5],[1,3,3,4,4],[1,0,0,0,0],[5,5,5,5,5],[5,5,5,5,4],[0,1,1,1,1],[3,3,3,3,3],[2,5,5,5,5],[4,5,2,1,0],[0,3,3,3,3],[3,3,3,4,4],[5,4,3,4,4],[1,4,4,4,4],[3,3,3,3,3],[1,1,1,1,1],[0,0,0,0,0],[5,5,5,5,5],[4,1,1,2,1],[0,1,1,1,1],[5,4,3,3,3],[1,2,4,3,5],[2,3,3,3,3],[1,4,4,4,4],[5,4,4,4,4],[1,1,1,1,1],[0,0,0,0,0],[1,0,3,5,0],[0,0,0,0,0],[0,3,4,5,1],[0,1,3,4,5],[0,1,1,1,1],[3,4,4,4,4],[4,1,0,5,2],[2,3,4,4,4],[0,1,4,5,3],[1,2,0,4,5],[3,1,0,1,1],[3,3,3,3,3],[4,5,3,1,2],[0,0,0,0,0],[1,0,0,0,0],[4,5,1,2,0],[2,1,1,1,1]],"rewards":[[4.109868961766826,4.1562263746897266,4.431902143129856,4.348457810784683,4.447314736227573],[5.270870506818848,5.376504582361243,5.372792180686194,5.377998427062536,5.296098979440159],[9.768207034230864,9.796803435618271,9.67352655660399,9.86918751260967,9.8323469878119],[9.889641878676747,6.117113999038543,6.198834057916932,4.816157793013052,4.525880779980345],[2.9834027949865667,0,0.2305118235496548,2.7783387439482174,0],[5.95157133715458,5.872944373242381,5.9823435640572535,5.964447266135361,5.80484060710781],[4.757082944856841,4.88096355172661,4.69137631144864,4.539839458877587,4.853702286863394],[0.7192003293539732,2.145557892075725,1.9387361818985183,0.4601692603504216,2.1941188322851755],[7.690016741042995,7.566809287646777,7.596064488917867,7.612555455707275,7.59373139627112],[2.6351485574631615,2.79797354357712,2.740439236283828,2.987712699035919,3.074577841900173],[0.3617072909321313,7.297313160562846,7.488986014477198,7.428758552808769,7.133903133170997],[3.0212287622170986,10.1717592626378,10.291981738493698,10.154474928874365,10.244786584434],[4.672640100876994,4.672608186038953,5.092286479828235,5.14215266143749,4.912236191152755],[5.7775209956331315,5.896589763077136,5.865477620560803,5.825285841450193,0.5440765191782481],[5.637878760035743,5.692445700640593,5.76160524671873,5.858437179467022,5.725224067847981],[4.34517829737624,4.122470832388455,3.5130618959467816,3.7306705301954812,3.1308345474748553],[7.66118561969776,7.561863436419589,7.758813739555348,7.792532733584042,7.901976223656484],[4.719254858059696,9.820821285133116,9.880010921518561,9.77262597482514,9.845066605195596],[3.7613783071452622,5.4278675400403396,5.620646659794962,5.40812518782195,5.580367015803767],[0.32787531205910203,5.6692433382245415,5.6170815718294556,5.715597129961162,5.617389875732029],[6.766258261809585,6.816295686130497,6.627801782696183,6.7319301231337,6.899051567055754],[5.7421898264879,5.642585256165463,5.711826920473877,5.879009044453017,6.248309146021922],[0,5.322316117159801,5.291211101944037,5.206029649209634,5.246646398106393],[11.712094251527835,11.735893051632694,11.561303920672158,11.68224361388277,11.399897444439091],[6.556849871309873,7.8057877361393535,7.774821442211785,7.747916371825184,7.694051115123798],[2.06216455574911,0,1.7826519411709605,0,1.9496468435106047],[1.893994188281599,6.865016224950648,6.96897028410516,6.994177816802703,7.0557315400580585],[6.85303551503876,6.1465789933077986,6.217416440446926,7.040661906451064,6.796381308105308],[1.6711661356047507,5.735564984897436,1.2672055706517362,5.624735439327283,5.759161961371033],[5.26740493502851,12.254726105402122,12.468945855556012,12.59650776150538,12.658265399978614],[7.330736049935569,7.488229655098977,7.390540650287075,7.360292708123661,7.32245626323182],[4.969199602937651,5.0927560600819985,4.9378409522652795,5.052702727935949,4.957116156293896],[7.717985121821251,7.422755095389475,7.31175766077742,7.4246333185019395,7.369593737440777],[6.968005540398842,6.859682129201044,6.794308978661349,6.825137507063689,6.767782995812408],[1.2685160859955011,5.749054631115367,5.66191774156344,0.8548093103459162,5.378644176602894],[4.9448505768746145,9.94742455393261,9.707927541819355,9.834560337843193,9.853073441467679],[3.7616975467697844,4.584397199412216,5.989441525788084,6.018720513222135,5.65974827720491],[1.259335370975229,5.38498888181221,5.575316830438339,1.5670133539772029,1.4630619020659985],[5.388548718074023,7.26164540645637,7.171107674425984,7.191694271047832,7.387052724436863],[6.482488078800845,8.062829517762035,8.323536689748583,8.31621724458325,8.28412589636524],[1.423517230975145,7.61029161222893,7.396751578568829,7.620700715728334,7.518080587178405],[8.11454287280163,7.936944541963084,7.884105786426301,7.935066445960747,8.001883187276036],[6.960596397149612,7.3957276686028575,7.197624039365735,7.238541405414726,7.227695651198423],[0.07059130037918243,5.470055596992936,0.09349233708419427,0.08047894842062973,5.669245859976116],[12.52981916005783,12.771830023980161,12.65724321217046,12.87032511860338,12.584472737764035],[5.414121586109679,3.375532817758509,3.0499154490287874,2.5577133950159605,4.594480347463449],[0.6505821039103336,1.8386112440570874,1.9553519136593538,0.28652703955993075,1.5079859509772817],[0.37667233377247106,6.340429068203152,5.986323203957685,6.360241551715486,6.268201573147216],[4.777152252694369,4.458695227801271,4.289003789438218,4.468257189747984,4.601613131632694],[0.8369359160770408,0.2682428248863751,1.2605855687316547,0.5141450084357431,0.7641370309236765],[4.737216938095264,4.588340709295942,5.211114513404397,5.323159930270156,5.313383856594386],[4.436812433426342,3.244479579906823,1.3577798232120544,0.5780015678827625,2.21620954195037],[1.5410747176317015,0.06863960699799919,0.23289664635740845,0,0.8304634383302845],[3.2898476275717052,4.45408091940821,4.656945688890304,4.622443599204634,4.434679018527587],[6.405843064649995,6.426413743915232,6.584669697312353,6.463558078768095,6.463114522829221],[0,1.8802612913427774,1.5564420295784231,2.3832133258823665,0],[6.518315608649133,6.366106165141182,6.306730805214021,6.389399657650394,6.149481836695955],[6.060265559921639,6.709594606452532,6.457028512221736,6.409912799669373,6.6322051492474365],[0,0,0.29380866690057406,0,0],[0,6.418365213421847,6.483910599803757,6.543039900412833,6.500024343608513]],"times":[[34386,815,358,328,287],[4209,405,302,172,38],[7144,603,177,48,176],[77,14964,399,510,520],[1705,230,1387,8,193],[2132,248,8,80,170],[5896,46,18,3,875],[1348,635,832,137,263],[1991,104,101,8,16],[11806,94,801,448,254],[2071,684,294,51,142],[644,122,77,188,37],[3842,350,218,134,49],[1442,69,9,138,430],[1771,69,104,46,47],[4952,102,216,941,260],[1858,19,52,96,255],[2003,364,63,47,114],[6048,1222,84,513,114],[2374,21,123,68,56],[5138,298,117,94,146],[2652,317,6,443,404],[2039,899,91,45,159],[1978,358,33,75,104],[3386,862,60,2,94],[1562,204,971,89,71],[9,2497,198,121,30],[6,4040,290,388,114],[2638,508,293,20,59],[1922,489,172,32,103],[19126,1423,106,56,117],[11336,1441,85,119,124],[4462,95,83,104,96],[7607,402,107,67,100],[1511,561,34,55,345],[1766,86,155,101,86],[4674,391,613,293,80],[1839,165,633,418,384],[506,918,427,165,34],[3227,669,232,135,24],[1664,268,223,157,95],[2271,272,57,180,27],[4709,187,17,43,159],[1001,282,601,628,61],[721,50,53,31,154],[4363,644,57,469,510],[800,319,513,58,51],[865,438,125,156,97],[5998,99,94,104,134],[2701,127,243,435,614],[1568,1150,401,103,90],[2585,313,425,171,50],[898,545,807,591,217],[1627,194,90,312,506],[2850,38,124,96,143],[1820,22,360,49,40],[888,104,93,43,73],[2669,516,223,336,132],[1580,131,470,94,153],[718,273,74,72,48]],"condition":[["neg","odd","negodd"],["neg","even","negeven"],["neg","even","negeven"],["pos","odd","posodd"],["pos","odd","posodd"],["neg","odd","negodd"],["pos","even","poseven"],["neg","odd","negodd"],["pos","even","poseven"],["pos","even","poseven"],["pos","odd","posodd"],["pos","odd","posodd"],["neg","even","negeven"],["pos","even","poseven"],["neg","even","negeven"],["neg","odd","negodd"],["pos","even","poseven"],["neg","odd","negodd"],["pos","odd","posodd"],["neg","even","negeven"]],