{"actions":[[1,5,3,2,0],[5,1,3,0,4],[5,5,4,0,1],[2,5,0,1,4],[1,5,3,2,0],[1,2,5,4,0],[0,4,3,2,5],[0,2,5,4,1],[1,4,3,5,2],[1,5,4,0,3],[1,2,5,0,4],[3,1,2,5,0],[2,4,0,5,2],[3,0,2,5,4],[4,0,2,4,3],[3,5,2,0,1],[2,4,5,0,1],[2,0,3,5,4],[1,2,4,0,5],[3,0,2,4,1],[5,0,2,1,4],[1,3,0,4,5],[0,1,3,3,2],[0,5,2,3,4],[1,4,3,2,5],[0,5,1,2,4],[4,2,3,5,1],[1,4,3,2,0],[2,4,5,0,1],[3,1,5,4,0],[1,2,4,5,3],[0,3,2,4,5],[1,2,4,5,3],[0,2,4,1,2],[5,5,5,1,2],[4,1,1,2,0],[1,3,5,2,2],[0,3,1,2,2],[5,1,2,2,2],[1,3,4,4,1],[0,3,2,2,2],[5,5,5,5,5],[1,3,4,1,1],[5,1,3,4,4],[4,4,4,4,4],[0,3,1,0,0],[5,1,3,0,0],[1,4,4,4,4],[4,1,2,0,0],[5,1,3,2,0],[1,4,2,2,2],[0,4,5,5,5],[1,3,4,1,1],[0,1,2,1,1],[5,5,5,5,5],[2,2,3,4,4],[0,0,0,0,0],[5,0,0,0,0],[3,4,1,1,1],[0,0,0,0,0]],"rewards":[[5.6016955083229885,7.026985832292226,5.791962397929523,5.6180584324437834,4.604336596342889],[3.175055934205251,2.6755554012734857,3.1864981267517,1.0498254286569373,0.1535686401007997],[3.187009775417737,10.278567979153028,6.97163491681797,5.45543223063382,8.494204294293167],[6.31797565657116,6.650310983171576,5.9731695438073915,6.264332611623305,6.556614281609293],[5.1471777847386475,5.078010413451788,5.278582529875388,0.22436942113045977,0.03469693212210766],[11.424049710108855,6.468208047434599,11.66745299893698,6.814651380874822,6.202228411096755],[2.2175312022053935,4.380345242856366,4.168695144717585,3.347869596065018,4.803425647824288],[0.4477948267330962,0.38351102142611543,6.6865512295496545,0,6.40533575024957],[9.601376706941869,4.55806607211125,10.816398519439028,11.321556743501779,3.6322059868796135],[1.5413658918594453,4.85645843424322,4.17762877997035,1.343103629209224,3.132020818955837],[5.207791750466083,1.2381544201211665,5.873101099377486,1.5439758930195842,1.3654821412795795],[8.282183049836004,6.832140060739639,4.055291987100102,10.887447287952558,2.673003930127277],[6.145574702328732,5.286983284107186,7.589017890771529,4.706579168146746,6.025567336180126],[4.307178055831521,0,0,4.271151602623545,0.02131665793436699],[5.030011626927409,7.262088619324041,5.939791494972167,4.987458791019207,10.165769998066674],[4.829884413880891,4.3009226196202235,5.477805331755944,6.529002115464522,6.2925656714887905],[0,0,1.5039153709314086,0,1.4145530051214394],[5.350678294970841,6.437886495473455,6.466329072767906,5.71144011052712,4.2094832052576745],[3.212507316593581,4.107092945879533,6.291954153882093,2.5363629551825553,7.511352113693272],[0.23252241069898016,0.4289378837977757,0.9584936151305399,0.9937795478267915,0.15274364433948773],[7.3462053759756705,2.9113150032308877,4.989288089615244,3.083986151198727,7.274795858650298],[5.146926430749543,4.133456808212314,5.684024062193565,2.9796554225852554,1.8132665574082196],[1.2945481522624265,8.376595998559917,7.900331780665676,7.985240029479603,1.177710095329397],[7.242037192844024,10.190203240164767,5.435622343769318,12.263896471370606,4.08991298147598],[3.1975034804190923,3.5742179070841016,3.560127065680172,3.2471561790736923,3.894766754006955],[5.096395592997229,0.8129546836063659,1.2475119143337379,5.7440030831586775,5.490162177289239],[8.95847770417672,9.35117448709638,5.032873793709438,4.307220736751265,4.24532273456149],[5.103447803212758,2.332093413051179,3.5434845261361154,4.058426654240044,6.251674368524365],[2.0472737656668567,2.4748568129377246,0.4695733146341657,2.091837563150046,0.2812797734264294],[3.5938875364611405,5.426773881923639,1.7982889353468487,4.889082937479788,8.090019467205682],[5.775810603186746,6.934485975694156,9.23656249191625,9.769046471941639,7.966576376311876],[6.6034391367142335,0.7545804986610508,5.818774126941579,6.051956242440248,0.4375837284657567],[6.281806272901575,12.78283353487364,15.292704497444051,10.199992902614078,8.635276350910202],[7.847095190944383,7.510234419414268,6.720257049818129,7.714113745356332,7.690609601226184],[5.928893418709532,6.050922596009154,6.02430652754245,6.073880615004797,0],[6.714311745353144,13.616119484288076,13.768335638967498,7.200540571768103,7.559544808132171],[5.248715355095258,4.434751662799568,2.485733290709453,4.478629841475073,4.550729504513928],[2.9880113593340107,0.46108873555003504,0.3482551262674396,3.1200020272384537,3.354212876320454],[2.6966321689325268,5.678884327439942,7.527857586943375,7.696551449581589,7.711654984889261],[4.284914330464583,6.171964495073053,7.124692266371809,6.9881379676694975,4.284290058006925],[5.618558203697889,1.095768878080556,5.916075565791574,6.0631908004369075,6.053840965676383],[9.504244590905827,9.721471857812153,9.636653353974086,9.512650723037535,9.590914019675726],[6.74967816715493,5.722775317960002,5.2660566273276155,6.463100466031134,6.6504842282173655],[0.15560161197934877,0.027666328246420947,0.4814268265762029,4.200147102517096,4.359659916197751],[9.545291640283427,9.548346900440542,9.535463502302315,9.33225970808362,9.662012546064172],[5.152762947456136,4.320377529899984,4.6923087500806675,5.364455886034234,5.570029247569787],[0,0.11285574167964052,0,6.255474430653302,6.233746870792493],[4.597884664523096,9.9671539584532,9.74108584459375,9.740294749356243,9.772075474985904],[3.7050458566808926,4.827039294810893,4.00108657627476,5.032074121019211,5.018503420316455],[0,0.023756746154332497,0.04238908242004939,0.14458492984331792,0.5895277000461064],[4.808830172316424,4.527215903284628,4.302453264874837,4.211752076040353,4.327656177035558],[1.939724117778164,4.1004696920606705,5.5242040147435825,5.460622991252283,5.572808518299333],[3.9760831095105496,3.8928425984523227,0.8257485483066628,3.808309829109267,4.038223317667042],[2.4280557125198454,6.189317241615317,4.013099997777577,6.260945347340173,6.092399131426803],[7.980955108916786,7.909340826145574,8.091407816576542,8.002555746939745,8.102298331817922],[7.334829075870733,7.31357478638919,1.303436103322861,7.2127520779347485,7.323211952648303],[9.214007085017105,9.35032681704824,9.462153681764509,9.579055718417289,9.393261629319737],[4.735381400498953,6.258884268537965,5.952262513043115,6.144127015226232,6.204607721540426],[7.173046316415959,1.5002467925363947,7.547757766321629,7.638636372103884,7.551910565762353],[7.4840982412969055,7.50504060703108,7.676449645235315,7.537098174117239,7.52686544788889]],"times":[[33699,1398,1218,1080,842],[2643,1054,963,872,1914],[505,2020,1350,794,603],[7328,1399,1223,767,971],[1183,661,632,969,652],[1313,700,466,492,529],[5284,1040,729,582,600],[648,723,613,580,647],[1098,677,578,462,913],[4157,745,495,504,568],[1610,537,647,601,415],[1240,437,628,292,940],[4056,1231,1009,436,643],[2162,521,1193,560,156],[713,3822,504,428,402],[4507,597,1020,601,1410],[2277,766,635,485,186],[3749,759,1218,285,931],[2437,403,1231,469,540],[1736,572,776,1046,842],[817,824,1143,420,771],[3745,414,426,1498,44],[4585,2038,1926,2040,2802],[2065,1089,1609,429,767],[3220,689,605,447,259],[1186,444,809,49,1135],[1139,773,839,525,656],[3437,966,519,438,761],[1340,655,579,729,1141],[1290,1077,697,348,378],[2972,742,1045,611,726],[1973,1057,854,675,70],[1213,786,1181,576,868],[3214,1233,1619,874,1089],[1826,961,1233,1049,970],[1482,867,799,706,1241],[3835,795,731,894,833],[1217,717,867,686,565],[1215,1195,1036,585,555],[2982,796,649,534,418],[1488,931,1119,418,378],[915,628,397,486,692],[4675,675,477,348,244],[981,882,819,1053,472],[1328,408,318,306,510],[3030,2004,707,266,347],[1016,670,992,697,413],[1075,869,431,96,379],[2562,748,674,929,228],[826,833,686,584,758],[1310,934,1273,449,315],[2724,1040,489,307,222],[1120,655,397,91,59],[1032,328,643,336,306],[3762,461,220,251,300],[1291,293,541,359,252],[1489,412,111,227,357],[2999,898,268,220,217],[968,502,561,240,138],[1088,355,82,368,906]],