{"actions":[[0,0,0,1,5],[1,3,5,5,5],[0,3,5,5,5],[5,0,5,3,3],[4,3,1,4,4],[0,3,3,3,3],[0,3,3,3,1],[0,2,4,3,3],[0,2,4,4,4],[0,1,5,3,1],[0,1,1,1,1],[0,1,5,2,2],[5,4,0,4,4],[4,1,4,1,1],[1,1,3,2,2],[1,2,2,2,2],[1,3,2,5,2],[1,2,3,3,2],[1,2,3,4,3],[1,2,5,3,5],[0,2,2,2,2],[1,5,2,4,2],[1,5,2,2,2],[0,5,2,2,5],[1,1,2,5,2],[0,1,4,2,2],[1,1,4,3,1],[1,3,5,2,2],[1,0,2,2,3],[1,2,4,5,4],[1,5,4,5,5],[1,3,5,5,2],[1,2,2,1,3],[1,2,5,5,2],[1,4,2,2,2],[1,2,5,2,4],[4,2,4,2,2],[1,2,5,2,2],[1,2,2,2,3]],"rewards":[[4.402707426840207,4.415357717665722,4.445524926432577,4.10402727157095,3.2343241352282806],[4.187371258884175,4.755302721063056,4.283751646417334,4.5253544643227555,4.445646932079713],[4.62618906438745,8.609394394627998,7.64923998568152,7.629013757749966,7.730816890009876],[7.61821543243411,7.365316339786275,7.867838153442351,7.4071349670124125,7.215670669705848],[5.552640703926669,0.19958916039714714,0,5.489242599785171,5.403493406633414],[12.563641073697802,7.598450586567025,7.444343704113634,7.714429845508733,7.707785713932198],[3.6327502544302344,3.172751430232954,3.347185009565832,3.2268425522052007,3.59093369358873],[7.03451932909551,7.2189659650218125,7.057466569234446,0.13305374042314203,0.33186423479052385],[10.45409461879011,10.687817785286622,10.824766534526937,10.762469920342264,10.634710096124458],[5.929478901130154,5.693036774980206,6.918244577138946,6.449400720255191,5.7176423942600545],[7.697793458798559,1.2040102757699598,1.133925479834485,1.3081543137642089,1.2269811491894815],[13.452635588264856,6.896157567563791,7.602609238368922,14.457241229650569,14.28145326330536],[4.543680330263836,4.5776313501339265,4.795458229259474,4.551874872460487,4.723414379647722],[0.6235840028216256,3.678560984820381,0.4488404385921902,3.5241710058278928,3.587795591464989],[3.7220195385398323,8.684171620199608,8.102347598992703,5.727301302294572,5.508058944154829],[6.8446656932638845,6.597014746781675,6.459738404591245,6.595772922971022,6.737615976861254],[0,0.36978033966746227,6.913005416862323,0,7.2414591176621705],[6.711203357373216,13.702130185439778,6.334592285932925,6.4647754701157165,13.739934466756454],[6.615839443072349,5.8814563620332265,5.265876438204462,4.482882515081161,4.9788282020501455],[0.3884468420916241,2.210374186073389,0.6157644091943794,0.5445917236778529,0.587277712172506],[9.088770002407125,8.47480084708512,8.320476870614435,8.389804134084615,8.473014868095813],[4.4638244304818375,0.26377718608127865,3.1046232054216376,1.0858521827514107,3.086174389953261],[5.687839177110515,5.68414733716887,1.0741306183574322,0.9852736434341461,1.0834642776269285],[6.856225764325077,6.024507198861773,4.168045935755023,4.263972700462022,5.960952542435217],[4.758561410315882,4.751830745517919,3.772896733362928,1.292698403021134,3.7518692670819327],[5.564719457279157,0.7304001027085398,2.0641730722266223,2.231893170789766,2.1572570928478383],[5.3541152275812065,5.318437152277348,4.1835828117293925,3.1658137850629284,5.409241289028887],[4.762111055287742,4.808630269269023,4.908542298279063,4.748523444109047,4.875747725387395],[0.8355569885123734,7.330841882988506,7.838725018853325,7.691002986689673,1.168715396585257],[0.9576050807874499,12.536733019237452,12.146441935931964,5.766689044129544,12.253519723616533],[3.809491801360771,1.1589390710151175,1.8053183251135032,0.9442331698722284,0.9342486630994609],[5.4294746165755825,5.200487929445668,6.024051719094216,6.0099992223002605,0.38085317884126557],[9.136664756607408,3.4571310213522946,3.3410610109067185,9.117048438765654,7.686316978685925],[3.6752596457640574,3.9478608155031267,4.28663248140413,4.459341190771211,3.837844391202078],[0.5190212158558309,4.42644983490378,4.7360497707853595,4.731090906689188,4.80515161055842],[4.327823469907615,8.698482501462328,5.634607929600211,8.614966899989993,8.612307223905113],[3.2443588846392464,2.7699181480116675,3.084998492114472,2.9303409256747748,2.746787596044944],[7.282678383535383,0.05873084526501468,7.311281848089035,0.23374266603988794,0.08046746633807492],[10.692627687782199,2.8288020271558856,2.8072234715792197,2.866322186085062,10.844124601794551]],"times":[[16612,79,2144,246,1309],[4684,420,111,81,81],[1185,62,141,2,78],[81,5004,93,86,84],[1737,35,88,220,726],[3350,377,81,2,83],[3133,384,80,82,42],[934,59,453,319,49],[1214,67,289,1,301],[2185,1028,26,9,171],[1161,443,205,104,164],[814,25,345,207,103],[1986,22,37,176,88],[1120,108,79,208,184],[357,373,199,16,143],[1712,272,243,392,6],[632,43,4,390,289],[2287,5,162,88,268],[1648,5,229,220,191],[919,84,26,30,64],[413,412,344,91,197],[1699,276,77,27,65],[1401,118,141,198,57],[516,282,155,111,28],[451,954,77,172,185],[315,4,293,161,187],[685,41,82,50,87],[1309,249,327,153,22],[530,1,156,192,29],[292,35,162,44,417],[1963,51,176,28,104],[3388,74,39,17,190],[1292,127,137,125,127],[1367,21,114,8,125],[495,92,74,114,61],[741,39,124,42,83],[1454,23,309,172,141],[446,167,166,20,191],[447,53,38,223,26]],"condition":[["neg","odd","negodd"],["pos","even","poseven"],["neg","even","negeven"],["pos","even","poseven"],["neg","odd","negodd"],["neg","even","negeven"],["neg","even","negeven"],["neg","odd","negodd"],["neg","even","negeven"],["pos","even","poseven"],["neg","odd","negodd"],["pos","even","poseven"],["pos","odd","posodd"]],"envs":["envs/negodd/neg89.json","envs/negodd/odd89.json","envs/negodd/negodd89.json","envs/poseven/pos6.json","envs/poseven/even6.json","envs/poseven/poseven6.json","envs/negeven/neg56.json","envs/negeven/even56.json","envs/negeven/negeven56.json","envs/poseven/pos38.json","envs/poseven/even38.json","envs/poseven/poseven38.json","envs/negodd/neg36.json","envs/negodd/odd36.json","envs/negodd/negodd36.json","envs/negeven/neg32.json","envs/negeven/even32.json","envs/negeven/negeven32.json","envs/negeven/neg57.json","envs/negeven/even57.json","envs/negeven/negeven57.json","envs/negodd/neg7.json","envs/negodd/odd7.json","envs/negodd/negodd7.json","envs/negeven/neg35.json","envs/negeven/even35.json","envs/negeven/negeven35.json","envs/poseven/pos81.json","envs/poseven/even81.json","envs/poseven/poseven81.json","envs/negodd/neg26.json","envs/negodd/odd26.json","envs/negodd/negodd26.json","envs/poseven/pos65.json","envs/poseven/even65.json","envs/poseven/poseven65.json","envs/posodd/pos0.json","envs/posodd/odd0.json","envs/posodd/posodd0.json"],"money":"5.18","age":20,"gender":0,"hand":0,"experiment":"loocompositional","instcounter":2,"subjectID":"611c6bb8cf19186e72bafdf1","studyID":"611e7ce6ae0ff1160d5b0c88","eval":[["pos","odd","posodd"]]}
