{"actions":[[0,2,5,4,1],[4,1,2,5,0],[4,0,1,5,2],[4,5,0,3,1],[3,4,5,0,1],[2,4,5,0,1],[4,1,2,0,5],[2,1,4,3,5],[0,4,1,2,5],[1,4,3,5,0],[1,4,3,2,0],[5,4,1,2,0],[4,3,2,0,1],[5,0,1,2,4],[2,3,5,4,0],[4,3,1,2,0],[5,4,1,2,0],[4,1,3,5,0],[2,1,4,3,5],[4,1,0,2,3]],"rewards":[[8.672135188364878,9.087489268660113,4.369059836090032,8.962665641568677,4.322942422974867],[4.490802184471251,5.448775066243478,6.217121601898205,2.610861089652,7.538286848827777],[12.950828356730739,11.915669327303576,6.900119728841001,7.525711713027203,12.844474121534555],[7.449587862594165,11.797381518095202,4.936295517204578,10.198853231625012,9.782166091038947],[6.445156594420346,12.986113722108447,6.211912561845614,14.076274722435114,6.811145174683104],[14.457822098102397,14.121143582868271,7.843174756305597,13.359066858612508,6.929978458087131],[3.3003437030669422,4.727643427517066,3.7228944207718744,5.528825414336527,2.020978809327282],[8.115915886386109,11.99200234003839,7.5779564384894735,12.559219221884254,13.226521223421814],[7.626922186181845,5.646998370058814,8.738869957054666,5.911721722221448,6.6909016308191145],[12.554682533187874,8.6319314302195,14.18121123128869,16.09338442559758,5.665758441941462],[4.052707223095779,7.569051726210404,5.700011590009793,5.2607043914312355,3.8224154432833215],[4.300994985706722,11.057773365498907,7.762284838774292,12.386339175393267,14.496977675020826],[7.6768072272228585,13.421495933388375,5.778369355523913,4.599428649380655,11.490970815662537],[0.27451040517004416,4.568983417306663,4.478600938083747,3.622280259659982,1.0076598555393887],[3.716845441532785,9.66121126356117,8.533727556268724,2.947746506319917,4.842090419561043],[2.7068815982403946,3.9883144999240954,6.389446423540263,3.658168656429801,5.038403902847199],[12.87319292016253,7.728905072899316,11.880824819312485,7.025517319428711,7.431417643989139],[7.976168116198335,5.85588988547574,4.579030502403736,2.6866349649559647,10.730328711991513],[7.647606540886066,5.82517795066846,9.276840666265858,6.0081275329555535,7.7226150908133295],[5.484162651937941,6.929493505122599,5.748311898614034,5.037731208629187,7.334415695627597]],"times":[[15896,2438,2242,647,655],[6347,970,431,304,454],[4765,388,317,407,262],[3662,195,238,306,134],[3269,262,191,16,137],[3433,566,172,189,310],[3583,527,205,180,558],[4738,188,271,686,16],[4112,494,197,307,28],[4380,223,179,50,380],[3851,946,23,745,454],[2505,73,514,63,70],[2970,68,364,5,83],[4041,641,97,12,129],[3482,17,605,577,259],[3151,116,125,79,563],[5821,120,397,45,458],[3343,55,694,333,93],[2949,376,188,408,230],[2563,493,387,222,160]],"condition":[["poseven"],["negeven"],["poseven"],["posodd"],["negeven"],["poseven"],["negeven"],["posodd"],["negodd"],["posodd"],["poseven"],["negeven"],["posodd"],["negodd"],["negodd"],["negodd"],["posodd"],["negeven"],["poseven"],["negodd"]],"envs":["envs/poseven/poseven23.json","envs/negeven/negeven50.json","envs/poseven/poseven44.json","envs/posodd/posodd10.json","envs/negeven/negeven32.json","envs/poseven/poseven38.json","envs/negeven/negeven95.json","envs/posodd/posodd66.json","envs/negodd/negodd52.json","envs/posodd/posodd2.json","envs/poseven/poseven80.json","envs/negeven/negeven43.json","envs/posodd/posodd71.json","envs/negodd/negodd34.json","envs/negodd/negodd9.json","envs/negodd/negodd16.json","envs/posodd/posodd76.json","envs/negeven/negeven25.json","envs/poseven/poseven49.json","envs/negodd/negodd14.json"],"money":"5.04","age":20,"gender":0,"hand":0,"experiment":"noncompositional","instcounter":1,"subjectID":"6122f0736a67634f121497b3","studyID":"611e7ce6ae0ff1160d5b0c88","eval":[["posodd"],["negeven"],["poseven"],["negodd"]]}
