{"actions":[[0,1,2,4,0],[2,3,4,1,0],[0,1,3,5,1],[0,2,4,5,4],[5,4,3,0,2],[0,2,3,5,3],[0,2,3,4,3],[3,0,1,2,3],[5,0,2,3,5],[0,2,3,0,1],[2,3,0,2,3],[5,5,5,3,1],[0,2,3,5,0],[1,0,2,3,5],[0,2,3,5,0],[1,0,2,3,5],[0,2,3,5,3],[0,2,3,5,5],[0,1,2,3,4],[0,2,3,3,0]],"rewards":[[9.14786925149194,4.809850041794576,8.577273885576234,8.73723063094937,9.274886691002097],[8.70075951063608,6.63975074626365,6.91463056026656,5.9344198405165685,5.519726665707786],[5.375314073511319,3.694089246596423,3.4501306718929876,3.3255039568765032,3.68678868442304],[9.000957894808199,6.719182232568106,5.5032987846669394,5.042240428105609,5.445075891009997],[5.238014078451391,5.270810073224164,6.1873747851364875,8.928183527940151,3.821220882674284],[3.661652122266969,4.428113010408452,10.799719458961421,10.594722982156666,10.618458651858209],[5.168067894505388,6.70521164475533,12.644574738568384,8.046188355414918,12.710558979147015],[12.758123265528102,8.584912486404313,7.008408870435057,7.6215515888146275,6.231835522622845],[6.609256454338683,3.4326464347914722,3.8890003450004285,12.22562938288533,13.6722259771175],[9.26621265641955,7.985611760025433,9.728977814856016,9.307684149180233,10.990893554215958],[8.037204089361008,5.665162464982588,9.233003015261303,7.188343808516372,5.672032258574791],[3.7196670447081273,3.75724314945619,3.739659354978134,3.3770391457035935,2.4074854952289435],[9.760541827476452,10.677428396033953,5.393243931770537,7.261509491957777,9.677423258483733],[4.311250482884152,9.38033733846083,11.768107645437112,7.3646420791812215,9.021654501490902],[9.412348103765842,7.822647055072447,7.910253701001125,7.639312247373338,7.688206750547977],[9.449811765036142,5.606238235175607,4.33096808978496,4.225835270265632,3.2198648126528076],[5.481275179683233,4.201456790289483,4.183501698396861,3.273104250986573,3.535543161417998],[3.511289543642621,3.520799686312584,7.295234289611228,7.201074275984279,7.163720874137885],[6.364706813235691,8.784243253260785,7.619967581950957,10.387547067589791,7.755651922651219],[6.406762577451734,7.700007149334934,10.317427525257383,10.177870523203136,6.268499849332597]],"times":[[67384,70,445,206,1586],[161,5555,251,223,1155],[2207,927,1017,73,3232],[2932,303,131,3172,738],[3191,93,201,222,222],[2704,122,629,122,4273],[2953,240,649,83,4064],[172,3708,63,142,381],[371,2695,331,1045,73],[3418,112,838,10916,192],[153,511,2079,281,360],[31,24,1653,132,241],[2248,250,410,321,9129],[141,2914,808,390,380],[2993,428,251,93,6011],[171,2585,260,82,92],[1621,112,142,52,5425],[2117,142,23,559,1433],[2683,1054,14,656,836],[2068,867,100,498,916]],"condition":[["negeven"],["poseven"],["negeven"],["negodd"],["posodd"],["posodd"],["posodd"],["negeven"],["posodd"],["negodd"],["negeven"],["poseven"],["poseven"],["poseven"],["negodd"],["negodd"],["negeven"],["negodd"],["posodd"],["poseven"]],"envs":["envs/negeven/negeven17.json","envs/poseven/poseven5.json","envs/negeven/negeven56.json","envs/negodd/negodd88.json","envs/posodd/posodd91.json","envs/posodd/posodd87.json","envs/posodd/posodd24.json","envs/negeven/negeven86.json","envs/posodd/posodd79.json","envs/negodd/negodd72.json","envs/negeven/negeven30.json","envs/poseven/poseven43.json","envs/poseven/poseven66.json","envs/poseven/poseven82.json","envs/negodd/negodd12.json","envs/negodd/negodd50.json","envs/negeven/negeven53.json","envs/negodd/negodd46.json","envs/posodd/posodd100.json","envs/poseven/poseven51.json"],"money":"4.83","age":30,"gender":1,"hand":0,"experiment":"noncompositional","instcounter":1,"subjectID":"612280613a17a3eaeedd252f","studyID":"611e7ce6ae0ff1160d5b0c88","eval":[["negeven"],["negodd"],["posodd"],["poseven"]]}
