{"actions":[[0,2,5,5,5],[3,4,0,1,2],[4,4,4,4,4],[5,0,0,1,0],[1,2,1,1,1],[1,0,1,1,1],[0,5,4,3,0],[1,2,3,3,3],[3,1,1,1,1],[5,4,5,5,5],[5,4,3,5,5],[5,5,5,5,5],[0,5,1,0,0],[0,1,0,0,0],[0,0,0,0,0],[0,5,5,5,5],[5,4,4,4,4],[4,4,4,4,4],[0,0,0,0,0],[0,1,1,1,1],[1,1,1,1,1],[0,5,0,0,0],[0,0,0,0,0],[0,0,0,0,0],[0,5,5,5,5],[5,4,4,4,4],[4,4,4,4,4],[5,0,0,0,0],[0,1,0,0,0],[0,0,0,0,0],[0,5,5,5,5],[5,5,5,5,5],[5,5,5,5,5],[5,0,0,0,0],[0,0,0,0,0],[0,0,0,0,0],[0,5,5,5,5],[5,4,5,5,5],[5,5,5,5,5],[5,0,5,0,0],[0,1,1,1,1],[1,1,1,1,1],[0,0,0,0,0],[0,1,1,1,1],[1,1,1,1,1],[0,5,5,5,5],[5,4,4,4,4],[4,4,4,4,4],[5,0,5,5,5],[5,4,4,4,4],[4,4,4,4,4],[5,0,0,0,0],[0,1,0,0,0],[0,0,0,0,0],[0,5,0,0,0],[0,1,1,1,1],[1,1,1,1,1],[0,5,5,5,5],[5,4,5,5,5],[5,5,5,5,5]],"rewards":[[3.2299888926108284,4.699875416189465,7.327612562380406,7.40076630648901,7.396027314181358],[-0.2586146398695571,0.6130371938272224,0.8537878302881393,-0.02754446039516724,0.5570332192348779],[7.505008056963875,7.570025773496375,7.679541379051511,7.661569605696057,7.601825860425626],[1.6987873804613673,3.552695044354363,3.529495349732945,3.620604863764893,3.550359757836576],[2.431373980213967,0.2383504166965304,2.370821960189062,2.224586570545007,2.4175931361981267],[6.019598599563232,3.821950833324648,5.838173901537868,5.90221988374073,6.066237601130548],[4.946152013522723,4.799412251124613,4.915630932767212,5.3517664669774865,4.878128679019008],[5.831034711925776,0.6809537715126761,5.922654425033242,5.859956935014984,5.954401161955041],[11.10014516276618,10.560943595144437,10.668979870454361,10.777286709487226,10.60024387914867],[9.027016514374463,8.024882968562617,8.8872517042165,9.0944535963865,9.21381472081587],[0.09020779726756667,-0.4105135481938586,-0.008586302025161557,0.3960347242617047,0.34813291772015353],[9.291488100641873,9.228062528473737,9.291976813000348,9.171591493934914,9.186861217148747],[5.991330730369151,5.089865971896787,5.897454337206377,6.0342808841427935,5.880743857659609],[3.7181897101873655,-0.17365372993540298,3.5677724982387904,3.641641132308783,3.7913987044312134],[9.49564512249429,9.58934398491439,9.448228267953066,9.650828562114258,9.494391904014675],[1.508126767383441,5.831552505405667,5.728774160969154,5.447124878234926,5.714133831771856],[0.7436396353024016,3.980527251312967,3.9405084143286504,3.910271569296931,3.9768364032804553],[8.623677537495059,8.568100366682094,8.65012266266466,8.597126960597734,8.53428365126744],[7.723678743150495,7.745666228767294,7.724418591978523,7.675262378126848,7.831734125698343],[-0.1856119778646138,5.652618567479473,5.878164224006139,6.038138747986726,6.023673003939119],[13.857134042738974,13.560629231980029,13.561428724249865,13.815351462597766,13.732562305892472],[5.418512880812355,3.0758325219864897,5.435981344483081,5.200968239880624,5.2850510901333525],[5.996629775510575,5.9321811605819725,5.785345193200818,5.992454050624733,5.68160530989215],[11.383429713862201,11.135329638798165,11.126839987812316,11.1301240703054,11.292971243399933],[1.918713402351849,5.765077073494942,5.771064628255983,5.698443974925935,5.9100368326605075],[-0.12087281613773665,0.7848343292326456,0.6428838438146361,0.7112582219458232,0.9167353334958839],[5.357429761973556,5.577839041443921,5.538404510502677,5.412373293322658,5.492153337137577],[1.7096626798502126,6.387077083383375,6.568262990800194,6.48353965224207,6.445354614075963],[4.356842736397532,0.3875215197940413,4.280895411271915,4.361773267302435,4.216502537579025],[10.748480601041273,10.860019397469035,10.787548703033561,10.861742768261319,10.785415334067732],[4.292015386064302,6.380846842783038,6.465899714004984,6.370451083960096,6.493415994430121],[8.667727845255301,8.617124402025107,8.694618942855689,8.797044925047581,8.755711536000144],[14.960458845334827,15.13842113202545,15.091059770978646,14.948107920450216,15.055792033717175],[2.9197003464038773,7.3314616616705495,7.31672461769655,7.467888082112802,7.423629414474464],[8.235283215286216,8.153393022048462,8.219176905471235,8.054675582131091,8.074287256389768],[15.404980362445928,15.601729048372116,15.562878756460822,15.53481216206545,15.545840604211225],[1.2168970701150232,5.01262998765652,5.059165453130064,4.992311714608123,5.080813869021239],[1.9652498285063575,0.31375244598310204,2.131672047628047,1.968565277078366,2.0517406974594508],[7.021979946627982,7.004322534009701,6.896381037269886,7.191563259844505,7.113464943757849],[3.2776572751047617,3.471215112196945,3.2312533683948543,3.408442442283984,3.3402550324913545],[0.1005540556992914,4.457515041578672,4.268946084154669,4.432534335043728,4.32710632093732],[7.40147561802863,7.513115832915075,7.535387165305109,7.360503527185693,7.422984231995917],[8.031495452674044,7.8862621949837495,8.172908458754087,8.001337436439236,8.027496858636379],[0.03562332254868694,1.3240383208936681,1.3228728788541992,1.2239795562439604,1.402720886282568],[9.482613290335829,9.380803494899256,9.429831602322425,9.553436925574406,9.393300701505078],[2.890485174597964,7.998909193497371,8.023289801376409,7.836665317789107,7.799999920973302],[1.5522620918158958,5.509838857697763,5.50418379117031,5.596885019151458,5.427956066868315],[12.735353865565214,12.60786456528444,12.566319176673723,12.729200302959807,12.575402873919542],[6.07273941679802,0.5412418641915421,5.917986027650989,5.925158978280163,5.921864641489682],[0.9833416761836092,5.9706918292251725,6.099691945022808,6.082705820939147,5.827803427803992],[10.803981686626603,10.781124554409715,10.612941430442172,10.75896780577387,10.786665625028562],[2.6733289573693777,6.581615742090895,6.4605950052744845,6.8775927053952515,6.627430663436229],[4.778030943639057,0.7847131360745653,5.0012408648585644,4.94899100939294,4.8545101351691855],[11.52207147042083,11.605159253384382,11.721713882591873,11.510028090315354,11.60507621002545],[5.679371009374524,2.6076023715871544,5.55372684111999,5.47229455597285,5.572010805863622],[0.28589652466986626,0.4022938744717796,0.37387556004958794,0.15854031221191625,0.18138708792486197],[5.0540647821943185,5.0518973478439095,4.821134171629375,5.115216980747462,5.156051615277681],[1.5112252749506219,3.5773656194000423,3.4673456285399977,3.5901521056739933,3.576454379521326],[2.5654464331537103,0.5316885513984072,2.8402684856651574,2.7107659756478286,2.456130912495616],[6.199892152209732,6.095110522365728,6.261704617732526,6.136723670714166,6.211953124970393]],"times":[[57597,1426,3408,1027,112],[2468,886,927,360,1142],[4877,354,89,2621,819],[6921,609,1376,1675,518],[2298,413,419,1187,414],[3932,324,297,315,318],[13061,198,534,387,330],[270,159,564,322,389],[2069,333,297,292,647],[7503,1002,46,295,306],[1701,137,528,467,339],[1664,291,319,315,385],[5525,325,287,290,650],[2194,339,34,49,283],[1110,278,362,325,409],[3426,594,233,288,291],[1453,264,324,321,341],[771,351,350,459,446],[3094,966,314,293,313],[1219,416,310,307,277],[368,284,295,299,318],[3378,855,51,798,730],[901,341,307,349,252],[338,294,276,338,594],[3057,810,416,331,336],[1329,425,341,166,312],[711,301,407,346,509],[3375,275,337,300,327],[492,262,446,263,434],[649,290,391,342,348],[3351,747,318,762,307],[2518,310,190,339,624],[1398,280,331,502,321],[5366,294,977,341,364],[888,289,411,371,401],[744,313,326,442,361],[4998,602,327,340,353],[792,156,299,334,306],[836,370,320,388,299],[4174,332,4144,284,303],[537,443,294,297,390],[900,421,444,373,331],[4263,304,427,131,361],[758,35,268,422,588],[816,318,473,323,383],[5310,403,834,454,320],[1132,276,302,313,339],[426,457,522,373,340],[3272,434,281,315,272],[1019,255,306,301,320],[859,258,379,346,368],[3899,608,471,376,342],[1161,405,314,300,442],[778,319,1155,381,411],[4738,668,268,374,333],[977,429,2607,356,355],[697,412,324,311,255],[4003,162,345,351,355],[1138,49,276,462,391],[319,306,468,454,559]],