{"actions":[[0,5,4,1,3],[0,5,4,5,5],[0,5,3,5,4],[0,5,1,0,0],[0,5,1,0,0],[5,0,4,5,5],[0,5,4,1,2],[0,5,4,5,5],[0,5,5,4,3],[2,0,0,0,0],[0,2,0,1,0],[0,5,3,4,5],[0,5,1,0,0],[0,5,1,1,1],[0,5,1,0,0],[0,2,1,0,0],[0,5,4,5,5],[0,5,1,1,1],[0,1,2,0,0],[0,5,1,0,0]],"rewards":[[8.955248938915231,8.824010295458406,11.48201631204217,6.122887590682449,7.594349676452848],[5.931663041631324,13.831962433823582,7.052407053991013,13.938460562467002,13.836643912441954],[0.7589087966895087,12.953645519850488,10.511973082422529,12.979619376295087,4.661675624489431],[11.748327724674743,7.275300740177203,6.650154704596818,11.888953068656253,11.853802431059291],[7.404277159075422,5.302737414715447,3.1373165482431156,7.502530135666316,7.620137957771109],[12.438852550643668,10.390353393968057,6.746196233583088,12.46118420964363,12.514150334082588],[3.227835034586844,7.204364342527593,5.441053865637312,4.625995162132865,4.4276246620729935],[4.61155368622802,7.646875664508506,3.272031483155631,7.627600551320715,7.683080564017141],[2.996527156040828,6.881461881362955,6.79664706416335,5.135508478937085,5.551803057770724],[13.073358867724426,14.54512971669911,14.406062944957995,14.247043079065968,14.309083136427951],[14.338278056084752,13.165993870034809,14.42674493027177,9.873198555031816,14.264474601597746],[6.5284208683986655,6.9658057290454245,6.808273213358719,6.3994500511584524,7.035454212833019],[10.50967772106159,7.915725948467043,7.379282435120337,10.709683515330891,10.537165942265723],[6.711387711829825,4.444097016457989,8.080899853216055,8.252102711840697,8.003505455032373],[12.212118108733906,5.290807094181497,8.542395209822642,12.112554920969126,12.415201555266039],[11.337193719961984,10.645996014480684,3.951538637087797,11.53790029607075,11.488617148773596],[5.575711899252528,7.07132151430614,5.9590547815393435,6.899818337535843,6.920856669977296],[5.2872407612366406,4.817324092720781,5.588323496286348,5.447343716852447,5.751947479174391],[9.325659262864763,6.403041777699386,8.098925055096158,9.415539137890248,9.351768859826064],[7.385843913716833,6.105852796416468,5.78845461652119,7.484313487563254,7.5436054813153435]],"times":[[31332,3410,5571,7894,2704],[13718,2188,870,563,562],[3053,920,995,775,719],[10366,1007,1121,1392,272],[9575,939,9384,1642,303],[4650,1797,823,1908,305],[2145,564,366,450,1308],[2152,645,546,286,298],[2317,503,5765,781,771],[1913,418,10219,294,367],[8240,931,1916,1443,50],[5311,5438,2453,636,357],[18459,453,500,230,254],[2487,459,1566,110,502],[2856,501,598,307,193],[2064,6951,1143,523,358],[2558,112,153,550,391],[2284,1581,472,454,849],[6349,716,1114,361,259],[2821,292,350,489,341]],"condition":[["poseven"],["posodd"],["posodd"],["poseven"],["poseven"],["negodd"],["posodd"],["negodd"],["posodd"],["negeven"],["negeven"],["negodd"],["poseven"],["negodd"],["negeven"],["negeven"],["posodd"],["negodd"],["negeven"],["poseven"]],"envs":["envs/poseven/poseven8.json","envs/posodd/posodd77.json","envs/posodd/posodd42.json","envs/poseven/poseven58.json","envs/poseven/poseven99.json","envs/negodd/negodd97.json","envs/posodd/posodd6.json","envs/negodd/negodd89.json","envs/posodd/posodd35.json","envs/negeven/negeven96.json","envs/negeven/negeven79.json","envs/negodd/negodd5.json","envs/poseven/poseven30.json","envs/negodd/negodd83.json","envs/negeven/negeven23.json","envs/negeven/negeven39.json","envs/posodd/posodd12.json","envs/negodd/negodd76.json","envs/negeven/negeven26.json","envs/poseven/poseven74.json"],"money":"11.74","age":20,"gender":1,"hand":0,"experiment":"noncompositional","instcounter":0,"turkid":8694}
