{"actions":[[0,5,1,0,2],[0,1,0,0,0],[0,5,0,0,0],[0,5,1,0,0],[0,5,5,5,5],[0,5,1,1,1],[0,5,1,2,0],[3,0,0,0,0],[0,0,0,0,0],[0,1,5,5,5],[5,0,1,4,3],[0,5,5,5,5],[0,5,4,3,4],[0,5,1,0,0],[0,5,0,0,0],[0,1,2,5,4],[5,0,5,4,5],[5,0,0,0,0],[0,5,0,0,0],[0,5,4,5,5],[5,0,0,0,0],[0,5,0,0,0],[0,5,0,0,0],[0,1,0,0,0],[0,5,0,0,0],[0,5,0,0,0],[0,1,0,0,0],[0,5,5,5,5],[5,0,0,0,0],[0,5,1,4,4],[0,5,5,5,5],[5,0,5,5,5],[5,0,4,5,1],[0,5,0,0,0],[0,5,5,5,5],[5,0,4,1,1],[0,5,0,0,0],[0,5,1,1,1],[0,5,4,1,1],[0,5,5,5,5],[5,0,0,0,0],[0,1,5,4,4],[0,5,5,5,5],[5,0,5,5,5],[5,0,1,4,5],[0,5,5,5,5],[5,0,0,0,0],[0,5,4,4,4],[0,5,0,0,0],[0,5,5,5,5],[5,0,1,1,1],[0,5,5,5,5],[0,5,5,5,5],[5,0,1,4,5],[0,5,5,5,5],[5,0,0,0,0],[0,5,4,4,4],[0,5,0,0,0],[0,5,0,0,0],[0,5,4,1,0]],"rewards":[[6.314694582400283,5.17819246805446,6.076549101345323,6.242262635733302,6.045637272876147],[7.833825258954459,1.8507291122321623,8.015141949675556,7.896238753368213,7.789237655456094],[14.058817851512273,7.050153980993797,14.099584653893658,13.989260708703018,14.088239726595981],[5.2978899245630995,0.17461186308214707,4.413066828545434,5.462069201262457,5.601251775036013],[1.4077281325318345,5.644161637198504,5.749697311430359,5.600059147599304,5.731670871870962],[6.901632631774665,6.041336502549048,10.129209908012166,10.170576003154569,10.26584640775701],[4.608606552729331,4.141814281405637,3.9937537406228856,3.8452182030918585,4.645930176470372],[1.4609680935575011,8.462521496284209,8.400305961441319,8.48127223738907,8.423750225775297],[12.969697453226415,13.157228242138716,13.136085720807916,13.266786398524106,13.073979039618612],[5.76714081467188,6.105851078727141,7.070034103742586,7.045853278243969,7.0912614328269115],[0.6229417452206475,-0.4347089608200065,0.4440888586318566,0.5667307664342298,0.11245964705724568],[5.116670842812413,7.733029690558961,7.528887826778226,7.709463992434824,7.900237665519044],[3.4759395087407836,5.567971939466393,5.9018919442737285,4.722833793078814,5.686970921361656],[7.862493674077558,1.4215194607784223,1.3044845652053727,7.8980398263315905,7.836403835072906],[11.460355466703565,7.0516870200149055,11.44413457988531,11.36946521486306,11.379948873099167],[7.027695992396259,6.986782626031914,8.083004427113547,7.993048728897736,7.618083838251186],[7.964495425026986,0.4177907409810701,5.186975214915385,0.10137672028770003,5.415055603958632],[5.418221367548758,7.439737721600411,7.522231189507305,7.637614441974985,7.410253379741523],[8.927359361325362,4.415708048573612,8.856469801648027,9.084656002299171,8.931135040413567],[0.051354309688765365,0.7584085568038033,0.03873644443278601,0.6244340455616365,0.6682757049283543],[4.991253282427394,8.969993009393194,8.917247530715347,8.874406762929135,8.788561982107533],[8.844291910171078,3.7750619656113362,8.913271916483204,8.715748038968137,8.877000980800062],[0.45750059695991757,-0.04747356857186046,0.41210824477382235,0.5059420232127521,0.4289188169880821],[9.444937743803882,7.108747181900138,9.371504966082313,9.344086345425822,9.365116193830167],[3.7406732582310536,1.9441085767569797,3.510279451756748,3.8564106987521565,3.854937216901717],[9.949252677116363,2.666293987253409,10.128466203608156,9.808548664341465,9.863817790064545],[13.93731154493504,5.784892457153693,13.720461300929305,13.60752139095795,13.733300060341834],[5.090126990123667,8.41929173854242,8.24974519581089,8.357225542677513,8.341230064802728],[1.3927675645387212,8.706008213014108,8.679848884495772,8.740923947261496,8.568627616434192],[13.70928567382884,9.80191572821486,7.302507183434,16.402574417294776,16.457893454185353],[3.662422622422471,3.9316061709851398,4.00439503926558,4.046288735858212,4.002409122125395],[3.316781108898856,0.9136925446708457,3.391267994952421,3.5504908177555516,3.392372028783534],[7.384314130725126,4.454734361252213,4.426793655596453,7.25576491795392,7.572190519118929],[6.530025184819111,5.708229219006009,6.5257599612479975,6.499217111936828,6.591893822940629],[0.8181951317533299,6.947893147340435,6.785064361943577,6.804538869728101,6.8494747396015905],[12.572247517670391,7.28082136131445,6.072833967277759,13.08530028807385,12.944835100448076],[6.788081164648283,4.670392949369612,6.624375876954379,6.596284361004958,6.456221349486967],[1.2258423995637724,5.724518476501075,6.0740348281482825,6.244391028626927,5.9513554912091085],[8.073762276106164,10.45981359992894,6.520615561800591,12.460460655534536,12.6110383300391],[4.036302499551678,5.088854628352139,5.321975998624513,4.918375981602378,4.951477112619605],[2.3611245958654314,9.146666135984029,9.272844254138992,9.211384043859491,9.285290853871212],[13.211607894419384,5.876463277076931,7.401139711668078,14.31217746293786,14.082559723072995],[3.904715317360285,4.77053757760461,4.485600580422984,4.39209035407491,4.700981081269751],[4.551375185014374,0.7059282938315912,4.866395985344965,5.015020690670354,4.823900301641333],[9.360842695116817,4.685559891707625,9.377157979693207,5.2716607233887185,9.510198253440777],[4.1835299563695845,7.709741124937665,7.707287845119881,7.6428651859070555,7.487323734813038],[1.684578795418037,6.94386562018429,7.04665327793123,6.875719356010202,7.075258782665668],[11.246659465170787,9.147521372052699,14.096143117482137,14.186953430153899,14.153755007558114],[7.964657546178582,4.640591704319187,7.921138626438521,7.684787178510061,7.875062072675695],[0.9396790323727549,5.88403865716866,5.752896996772698,5.723735673072159,5.753935331203334],[10.168722329117323,8.998915441414995,12.992449042621594,12.94219827726001,12.987752461722541],[1.3494610521212815,4.16146240926506,4.130011221502511,4.212083650096617,4.21488342477555],[2.744426595325391,9.66715484836713,9.762255509741372,9.692204109475048,9.471075301399695],[14.090786897030434,4.225311524629551,11.960888945602548,6.709519083694949,13.949764072508586],[2.2114889838198586,4.672293295606081,4.810290329831392,4.603112593506245,4.820363534554343],[0.6699287150557318,4.016068103594356,4.159319077781755,4.018593542104488,4.095323722334331],[6.340126096130875,5.200408546740802,9.021873136719806,8.92010294572716,8.945382640747427],[6.953722555525059,4.0500968052348885,6.929268930978405,7.036251176789494,7.143631812935948],[2.2277851381673854,0.6826423870264854,2.175305521673745,2.0411431072189288,2.034529695811151],[9.313290081059117,4.576094077680569,6.7185508857988,6.82024418362944,9.250248332350747]],"times":[[13211,171,1001,680,2371],[2734,1218,511,24,690],[337,3243,334,26,107],[12561,372,549,476,585],[6909,1364,3032,791,117],[4225,429,443,776,787],[7421,384,40,1792,1051],[786,1580,576,518,524],[1810,750,448,497,393],[5054,497,1188,1210,1209],[461,1872,1937,2795,559],[3999,217,1139,411,380],[5012,468,706,2255,332],[147097,63,84,209,125],[261,2070,303,123,35],[5908,629,460,576,480],[85,2679,511,401,437],[104,466,465,537,519],[11943,275,376,281,325],[16539,256,1035,255,324],[356,1207,425,315,390],[5306,833,454,206,205],[1346,741,440,1604,306],[1875,556,425,377,322],[4533,27,712,333,275],[209,416,279,212,237],[201,595,471,323,91],[4273,11,303,308,89],[336,358,610,308,359],[1822,228,524,63,457],[4116,355,1067,297,353],[1143,511,436,145,339],[217,467,325,409,706],[4042,133,108,165,273],[126,448,8,687,126],[1053,411,617,388,386],[3611,702,320,345,464],[819,368,647,581,506],[796,505,1344,198,454],[3316,157,300,300,1165],[353,502,281,352,316],[1184,383,424,84,417],[4228,339,347,289,327],[335,440,189,25,301],[1038,451,585,481,634],[4142,515,505,195,326],[667,400,356,236,644],[1080,710,585,585,471],[3466,296,529,314,408],[737,371,358,239,496],[720,402,462,347,932],[4060,162,310,444,412],[798,419,304,432,395],[793,458,373,379,399],[3458,287,208,282,261],[1881,311,422,280,383],[1190,966,393,629,327],[4159,379,553,347,416],[914,385,326,484,410],[809,874,769,590,504]],