{"actions":[[5,0,5,5,5],[5,0,0,0,0],[0,1,0,0,2],[5,0,2,1,0],[0,5,5,3,5],[1,1,1,1,1],[5,4,5,5,4],[5,4,0,4,5],[5,4,5,5,5],[5,0,1,0,0],[5,0,1,1,1],[1,1,1,1,1],[5,0,0,0,0],[0,1,1,1,1],[1,1,1,1,1],[5,0,0,0,0],[0,1,0,0,0],[0,0,0,0,0],[5,2,0,0,0],[0,1,0,0,0],[0,0,0,0,0],[5,3,5,5,5],[5,4,5,5,5],[5,4,5,5,5],[5,3,5,5,5],[5,4,4,4,4],[4,4,4,4,4],[5,3,5,5,5],[5,4,5,5,5],[5,5,5,5,5],[5,0,0,0,0],[0,1,1,1,1],[1,1,1,1,1],[0,2,5,5,5],[5,4,5,5,5],[5,5,5,5,5],[5,3,1,5,5],[5,4,4,4,4],[4,4,4,4,4],[5,4,5,5,5],[5,4,4,4,4],[5,5,5,5,5],[5,4,4,5,0],[0,1,0,0,0],[0,0,0,0,0],[5,3,0,0,0],[0,1,1,1,1],[1,1,1,1,1],[5,2,5,5,5],[5,4,4,4,4],[4,4,4,4,4],[5,2,0,0,0],[0,1,1,1,1],[1,1,1,1,1],[5,0,0,0,0],[0,1,0,0,0],[0,0,0,0,0],[5,4,5,5,5],[5,5,5,5,5],[5,5,5,5,5]],"rewards":[[6.126740108911215,3.7695825497826077,6.001008025716431,6.10618195370136,6.201114449941517],[0.05246288652665748,2.429641847016758,2.5386493952738927,2.4797208744829318,2.6840301759156313],[6.368886906957945,3.7884993427924627,6.2762650393293775,6.41023251774156,7.369850464043707],[3.0227016636543653,3.642160765243649,2.8851398178433407,3.1926883120999188,3.5183075247543028],[-0.07819120831011805,7.494994196180602,7.382375135986952,7.597859171754738,7.591061758040238],[10.623150109577324,10.654256669074387,10.814068143211047,10.650560273540941,10.548180997465103],[5.746454954494503,5.698582533404542,6.047700355716586,5.789974453983067,5.2750907423578015],[-0.11657916497683701,-0.0818439036736818,-0.04184949024150414,-0.11697223989467438,0.23322469642288934],[5.845008746476259,5.434517420723913,5.884252783135743,6.021858737418473,6.012062189379177],[1.1704664898547703,4.317985560135062,3.5390091955347733,4.305787420940254,4.451825520574697],[2.4069837188904666,0.6038997411765723,2.220245821499846,2.062699503789618,2.0776049664315916],[5.633510268233159,5.564437284925287,5.519615854567983,5.7444753186673365,5.660201664739843],[4.453667651218251,7.125856855599137,7.08645915333795,7.219163188534434,7.229390756799541],[0.5814286517969216,2.0944492214271593,1.951103045622468,2.1044115449078555,2.2346413498432103],[8.623769846199,8.95764708056081,8.926653208382984,9.05008392970334,8.925385542800354],[4.647554868309304,6.571149598861598,6.199319219915571,6.373026528870511,6.051138416572922],[7.6957685118291455,1.9156117209096954,7.745907540213318,7.571143478757451,7.4860171273725635],[13.70893668434669,14.02737183439342,13.971190157677238,13.965250776111905,13.864375671483044],[5.272999146471301,6.421330217539458,8.001993584325492,7.773939240509136,7.78965894962631],[1.5427175851987427,-0.40252975947642866,1.3240327200441604,1.4529570887276269,1.5731851573330264],[9.357608533004244,9.310414866201187,9.242499673744108,9.426359706558626,9.165410424738976],[6.946889963416451,5.9684882758976485,7.037341647830943,6.914784383682021,6.856770023752277],[3.290520015305705,0.18101431036371107,3.118805964381008,3.400326138106803,3.3734262845364786],[9.942154011117134,7.013540749241786,10.052596703195388,10.19482610406697,10.120681592457094],[8.386259653610969,6.39440131102826,8.248737471901556,8.34898471010461,8.538097788190443],[0.48295626201369923,5.6496938120367615,5.787989680463612,5.939147861165176,5.820732804247922],[13.11470677082594,13.064499145298644,13.2608940633693,13.246367694476799,13.345222548798443],[6.2442151946956,4.308251229441742,6.226846298214995,6.245528338762721,6.142250423550649],[6.313209165438964,0.6737940120627369,6.408232670883163,6.484080503348593,6.55018797609764],[12.621360766544628,12.640141876887064,12.543844376581347,12.754216813889716,12.685148997629101],[1.2786904786445579,4.953905165436941,4.874123074562135,5.000693670747259,4.966872593124319],[0.8858330133081352,3.1353980336874763,3.1991506629490307,3.2921484078637593,3.4116447696091603],[7.464658838632552,7.401972500408504,7.595254010910088,7.1128287424917245,7.397672626233441],[3.434412303498854,5.305419131090661,8.128329005472468,8.265577479997072,8.177503118981548],[3.348111235118014,0.03031277412883368,3.320285774281325,3.345886035956254,3.4063679074828586],[11.444879795318675,11.598491609424306,11.56805124169392,11.304367153504264,11.414192263818723],[4.6864242643146,4.520194669301869,3.857137415949153,4.925108167670243,4.944877661996854],[0.7855788928789028,7.341698443161792,7.321013329904829,7.332428597857074,7.266940112058218],[11.332583545247193,11.445310709766355,11.310326109239385,11.302084120001705,11.231970640464029],[7.536581573725011,6.886546210896149,7.7515787009825186,7.3980060578989475,7.438664657626652],[-0.16808087243420639,0.8513666245360786,0.7786730789372996,0.7466450608965063,0.7755438136175192],[7.5078546524717416,7.52279891777102,7.2212550256936625,7.2887119153276485,7.368824134612179],[6.523876544806205,6.27777493782253,6.563975955745214,6.294905190153024,7.166380516398322],[7.053708510275102,-0.2820882780530839,7.063746344032363,7.3803397512449695,7.2623672859235056],[14.143346408611482,14.166086927280153,13.971028206392194,14.100144947098975,14.27152353115021],[4.617784938472729,5.795281672490132,6.575135531170171,6.757491829372234,6.680056705367845],[1.2290926193964797,5.952796952235883,5.939105016691858,6.051266500684988,6.00072511120414],[12.68699413167743,12.477216728663603,12.560566393556025,12.49542330464389,12.530335555710282],[3.5964584718129493,2.9253605193409973,3.712520239909027,3.7914932216892683,3.555500437644889],[0.3891095585031066,2.494397417922424,2.207277117997104,2.387025571479782,2.4008058235650647],[5.207414220251495,5.2610810494226445,5.2185622966258585,5.422934808076782,5.169009434581187],[2.5549157831297205,4.173013890531429,5.316994579059482,5.153597148759373,5.266264896781885],[0.521889780648057,1.69167524847506,1.6319044899267765,1.9322014657493918,1.65986182677672],[6.195845919091745,6.293406589613261,6.36980383658908,6.283833644722731,6.1634729153500185],[1.550775782276479,6.221730664812709,5.935367510120359,5.94423086499146,5.927072069599363],[2.2589748304624484,0.4143565818347066,2.2712235994113303,2.038757606220804,2.109320872955514],[8.196456973385542,8.150183892303074,8.063899678674366,8.25997790656295,8.22452959347766],[9.602049600799573,8.775421261406937,9.492891877592315,9.413639420375521,9.592083481563597],[6.848164400241666,6.898053102305548,6.682358101703614,6.639259481832559,6.699972745082109],[16.204197679877375,16.392264603034416,16.25825091752296,16.33031550006916,16.410278705511146]],"times":[[10445,794,430,3375,6249],[3014,225,2945,334,97],[17680,1547,498,1016,10793],[16905,1576,19628,2158,986],[290,6083,567,1804,2939],[12043,576,375,883,2240],[12590,6205,9532,3480,2127],[2937,5493,3574,4664,2318],[2773,4399,4639,703,858],[9459,1244,2391,623,1946],[6160,528,463,446,1277],[8773,2293,790,785,2360],[6389,1226,7032,303,462],[6139,436,679,421,387],[1485,357,288,805,325],[5230,574,339,283,720],[1208,7604,589,517,315],[786,288,339,341,566],[8884,6000,292,417,2561],[2675,322,255,360,158],[918,248,312,291,284],[8157,4748,338,839,2740],[2223,402,281,274,293],[13013,507,537,396,467],[7007,3449,427,973,3779],[1989,303,307,306,270],[861,318,286,528,629],[10524,858,351,335,761],[1837,954,428,300,355],[1542,318,271,357,438],[4156,2449,326,2862,445],[2668,297,411,247,363],[1084,386,451,824,333],[9820,901,666,638,652],[4358,406,201,324,395],[366,309,459,583,413],[5118,453,2272,375,585],[1656,354,280,307,460],[651,434,552,1041,885],[4395,2045,717,416,511],[2258,567,345,336,459],[378,360,336,374,362],[3366,606,3007,1673,1676],[3285,3656,279,414,310],[1279,415,455,286,354],[11247,564,377,133,391],[1214,391,285,376,360],[693,382,321,2288,307],[3615,1784,2911,384,314],[1215,347,416,310,295],[716,284,431,405,326],[3785,3725,491,363,290],[5538,327,557,557,381],[703,235,286,457,438],[5543,2666,653,1321,2180],[513,316,253,278,253],[577,348,315,298,281],[5090,5152,363,305,667],[1499,2643,285,304,395],[293,410,378,463,413]],