{"actions":[[0,2,1,0,0],[0,2,1,4,4],[0,2,1,0,0],[0,5,4,5,5],[0,2,1,4,4],[0,2,1,5,5],[0,2,1,4,4],[0,2,1,0,0],[0,2,1,1,1],[0,2,1,0,0],[0,4,5,5,5],[0,5,0,0,0],[0,5,5,5,5],[0,5,5,5,5],[0,5,4,4,4],[0,5,4,5,5],[0,5,4,5,5],[0,5,5,5,5],[0,5,0,0,0],[0,2,5,4,4]],"rewards":[[14.505965443017637,12.82726131400505,6.229514898375398,14.63831776493941,14.628596037838625],[3.823692143370107,4.898069611642314,3.521221499768154,6.544620888634955,6.7981892839791005],[11.729621636715304,10.888941265323364,6.6284202673698935,11.515054979423105,11.487064839833304],[4.328554500235766,7.179851737278917,2.7068901079915384,7.113543508265931,7.03298238906943],[8.499523141767778,9.057748803638518,4.205567160001261,9.14039441208552,9.003452651320885],[2.6740607733343458,3.5040030714412964,9.830312731709672,11.223685896894532,11.376258125640396],[7.9171825997280445,9.359155147502511,2.6886325101689277,9.429381375022915,9.594354825242212],[6.0775180899536005,4.301451816883115,5.4242446655617105,5.95625432368132,6.1168022947223655],[4.04752454466098,2.562600261664717,8.528022911139002,8.329846212041776,8.471156354502474],[7.873080833727081,5.582236323339908,4.53113188371179,7.980431873343499,7.926152548921218],[2.0125405851010694,3.8831393637652667,6.393159336486927,6.384293575596779,6.510259271200835],[6.114513733753054,1.2145792813998146,5.912379583122208,5.875147606694411,5.912064022485348],[4.697212103134883,9.2974017517269,9.571036469547483,9.417956213394845,9.3088250105415],[4.708687859159146,13.094187249168298,13.025645864436907,13.051534723401927,13.111836232215662],[5.503293560407326,6.460348568289686,6.933099043134204,7.080694192748157,7.015752068150158],[7.288620249428572,12.59371037644109,6.090901183802938,12.544183437465154,12.573274994027924],[7.401955637383702,7.693231758199624,6.406972473093179,7.853975525279236,7.693704908282676],[7.301443665527762,15.546814314719834,15.574432514034955,15.441197021995308,15.35970258867115],[9.124832261815525,4.560101569938071,9.206322534819671,9.003544630656181,9.148268313516336],[8.012140158352905,8.141489659148196,5.250554766050086,8.333672510709281,8.540439154526434]],"times":[[36542,10277,4954,563,425],[9731,7042,3673,17108,514],[9148,10741,739,470,499],[16936,1369,2030,421,406],[6379,3397,4202,1554,233],[3500,4349,574,644,143],[17881,1013,681,693,584],[4131,444,287,354,257],[2900,286,316,271,2650],[3889,370,369,242,354],[6290,2582,649,277,525],[6140,5103,437,51,307],[2226,617,304,243,328],[1994,424,426,392,393],[2857,683,527,368,271],[2748,384,3638,315,265],[3032,241,812,1443,318],[2893,309,385,296,258],[2438,293,431,244,314],[1669,2272,1352,369,215]],"condition":[["negeven"],["poseven"],["negeven"],["negodd"],["poseven"],["posodd"],["poseven"],["negodd"],["negodd"],["negeven"],["posodd"],["negeven"],["posodd"],["posodd"],["poseven"],["negodd"],["negodd"],["posodd"],["negeven"],["poseven"]],"envs":["envs/negeven/negeven46.json","envs/poseven/poseven24.json","envs/negeven/negeven15.json","envs/negodd/negodd85.json","envs/poseven/poseven23.json","envs/posodd/posodd1.json","envs/poseven/poseven73.json","envs/negodd/negodd59.json","envs/negodd/negodd10.json","envs/negeven/negeven72.json","envs/posodd/posodd93.json","envs/negeven/negeven84.json","envs/posodd/posodd27.json","envs/posodd/posodd7.json","envs/poseven/poseven55.json","envs/negodd/negodd39.json","envs/negodd/negodd22.json","envs/posodd/posodd19.json","envs/negeven/negeven57.json","envs/poseven/poseven78.json"],"money":"11.13","age":30,"gender":1,"hand":0,"experiment":"noncompositional","instcounter":2,"turkid":945}
