{"actions":[[0,2,5,5,5],[0,2,4,5,0],[0,1,0,0,0],[0,2,5,4,5],[1,2,4,2,0],[2,0,2,1,2],[0,2,5,5,5],[0,4,5,2,3],[1,3,5,5,5],[0,5,5,5,5],[0,5,3,2,4],[4,5,5,5,5],[0,5,0,0,0],[0,2,0,1,0],[0,0,0,0,0],[0,2,5,5,5],[0,2,4,0,0],[4,5,4,4,4],[0,2,0,1,0],[0,5,2,4,2],[2,4,1,0,0],[0,2,0,0,0],[0,1,2,2,4],[2,1,3,2,2],[0,2,0,1,0],[4,5,4,4,4],[2,4,4,4,4],[0,2,4,4,5],[0,5,5,5,5],[4,5,5,5,5],[0,5,4,5,5],[0,5,4,1,4],[4,5,2,4,5],[0,2,4,5,5],[0,5,5,5,5],[4,5,5,5,5],[0,2,4,2,2],[5,0,5,5,5],[4,5,5,5,5]],"rewards":[[3.376828729542769,3.7940570951303365,4.286898906685645,4.370907433200633,4.406007535429506],[4.470249818259799,4.675779211210207,4.328709240274304,1.1346316395837746,4.457392932860274],[7.9227974331438515,4.421545780811697,8.09895692827861,7.764130967665679,7.739150465689525],[4.2484691943743655,4.872279497180874,4.8880314991354625,4.780962242521721,4.828971299856124],[0.8434307067693387,7.777705173300168,7.304349125901992,7.826412193858776,7.315489855711007],[12.755420606341774,11.740410318359434,12.641555264298749,5.372384541729345,12.59105726988756],[4.0923780128826435,5.238756006737422,7.153379242514577,7.321132979722273,7.09065939796803],[-0.27649744941477333,0.04367198644495636,0.06099175088608566,0.0207329044705879,0.2904708766629044],[4.845085624809037,6.383413491611397,7.411275007036052,7.466085427234541,7.411165778965338],[5.639121324894568,9.04745998116948,8.97734935052327,9.060619391958813,9.047180654976705],[0.8172167175189492,-0.016466464266188474,-0.14835340395222044,0.17374677478246658,-0.46745392072977726],[7.664877109936151,9.303124739287613,9.178148808990162,9.327573601814315,9.307676520989562],[7.942239609263993,6.014595766075978,7.849600475244949,7.7033906360826325,7.99099959839717],[7.827894486979546,6.35057154324519,6.06622386062707,1.5340382904778767,6.266029034774164],[14.10633725649161,14.055025995183007,14.055684306629256,14.125038744355356,13.855945332047874],[2.886081313047151,4.975546203122432,7.795088916282578,7.71971398560809,7.672806812881345],[7.426664877979579,6.902632178405767,7.265636625213172,7.415544572717145,7.49602246826587],[13.777755214831673,9.876659796873161,13.721951346520568,13.630030933877,13.768429747023543],[5.1985808950933405,3.6771502049980307,5.28339753804433,4.509031475117069,5.2485118698782385],[1.091286398330015,-0.014042837872403818,0.9042885221849847,1.0531965513701127,0.9379875846534816],[4.505170839964808,3.3835844974280262,4.81869647200669,6.197192139740213,6.195642815316206],[7.861678991809738,6.5019019400141325,7.817677328137584,7.72330290940713,7.769166377363037],[1.4313019459126108,-0.3741525892559918,1.6629330539454052,1.576632979531077,1.787657606985792],[7.970375121366867,6.234463839429563,6.7411061341819405,8.046830794206233,8.073637213140712],[5.490782936184995,3.9791244790816522,5.301667217142455,4.702270707032612,5.337659857335469],[9.162111032764534,1.3265971122330582,9.230302550209739,9.154007222441138,9.269181643955147],[8.565781315512044,12.03165758491669,11.736649499711566,11.86111559681961,11.911033432767036],[4.746596197313211,4.713309350132567,5.522259345245239,5.567406799512534,5.593856542982035],[1.3707867132918354,9.0052721684419,8.832300840409532,8.87912823687487,8.893659344941252],[7.511170895069551,14.567514664433196,14.416556997198347,14.496982958154543,14.564076245050302],[2.8567316769446682,6.102089817188349,5.959907070678314,6.0992638461159245,6.249502127945371],[1.2272213076564245,0.6090730187224458,0.6664562995852399,-0.05890764515989476,0.9516732080160307],[6.750885798920899,6.729105040620874,5.2044516715864315,6.611223833194431,6.7121097770487],[4.313703268457645,4.324373303987301,4.639948065039557,5.163068508089366,4.857881945019873],[0.20121631610740814,5.6577367321989955,5.63320588708242,5.614353970094958,5.675115160590179],[5.038020013579165,10.67812535929635,10.696650422150325,10.619426754459997,10.648428929490082],[3.836538747570921,4.789441448651417,4.27377793430923,4.7394397640666135,4.611712022375488],[5.011760488699658,0.2965939007260954,5.0307851782713024,5.099858450220092,4.920751308899276],[0.04103751564117451,9.217877438524802,9.23751319934331,9.181401025048363,9.136219347561488]],"times":[[14098,4924,7626,738,1541],[28923,4132,2429,421,620],[9629,52,420,360,950],[17306,1373,10312,520,1092],[6613,715,839,348,616],[5189,6,326,361,399],[69964,341,2512,490,874],[11571,919,3580,765,398],[5703,791,955,438,448],[19780,517,106,274,393],[21484,443,479,690,417],[8245,377,339,331,180],[13195,595,7312,1710,10248],[120,3690,5277,727,289],[2579,454,295,473,396],[22852,706,2378,154,279],[6374,613,441,370,394],[2816,634,55,313,336],[312199,427,952,334,294],[2765,307,2878,1204,432],[5023,640,1198,347,669],[3586,825,443,329,379],[12044,1771,1259,532,413],[2008,329,421,280,392],[24983,383,618,376,254],[7622,1589,313,355,364],[592,365,418,298,350],[15261,728,1284,431,796],[11758,172,287,335,441],[2287,321,401,483,506],[12875,1819,1922,214,296],[6467,93,462,1709,149],[2533,408,1028,292,286],[8666,354,278,419,304],[2734,382,396,362,453],[656,456,271,366,238],[11964,1451,579,312,311],[1772,372,429,252,305],[626,203,392,321,590]],"condition":[["pos","even","poseven"],["pos","even","poseven"],["pos","odd","posodd"],["pos","odd","posodd"],["neg","even","negeven"],["pos","even","poseven"],["neg","even","negeven"],["neg","even","negeven"],["neg","even","negeven"],["pos","odd","posodd"],["pos","even","poseven"],["pos","odd","posodd"],["neg","odd","negodd"]],"envs":["envs/poseven/pos65.json","envs/poseven/even65.json","envs/poseven/poseven65.json","envs/poseven/pos81.json","envs/poseven/even81.json","envs/poseven/poseven81.json","envs/posodd/pos68.json","envs/posodd/odd68.json","envs/posodd/posodd68.json","envs/posodd/pos23.json","envs/posodd/odd23.json","envs/posodd/posodd23.json","envs/negeven/neg22.json","envs/negeven/even22.json","envs/negeven/negeven22.json","envs/poseven/pos47.json","envs/poseven/even47.json","envs/poseven/poseven47.json","envs/negeven/neg64.json","envs/negeven/even64.json","envs/negeven/negeven64.json","envs/negeven/neg26.json","envs/negeven/even26.json","envs/negeven/negeven26.json","envs/negeven/neg46.json","envs/negeven/even46.json","envs/negeven/negeven46.json","envs/posodd/pos84.json","envs/posodd/odd84.json","envs/posodd/posodd84.json","envs/poseven/pos24.json","envs/poseven/even24.json","envs/poseven/poseven24.json","envs/posodd/pos51.json","envs/posodd/odd51.json","envs/posodd/posodd51.json","envs/negodd/neg45.json","envs/negodd/odd45.json","envs/negodd/negodd45.json"],"money":"7.09","age":30,"gender":1,"hand":1,"experiment":"loocompositional","instcounter":1,"turkid":9669}
