{"x": [0, 1, 2, 3, 4, 5], "y": [6.110731601715088, 4.73179817199707, 3.3414745330810547, 2.987027883529663, 1.648672342300415, 0.6096993684768677], "params": [-4.843719482421875, -3.311410427093506, 11.00206470489502]}