{"x": [0, 1, 2, 3, 4, 5], "y": [6.694121360778809, 6.298624515533447, 5.722277641296387, 4.504213809967041, 4.278430938720703, 3.5991291999816895], "params": [-3.21000075340271, 0.4419916868209839, 6.189984321594238]}