{"x": [0, 1, 2, 3, 4, 5], "y": [8.148737907409668, 7.299765586853027, 7.444010257720947, 6.918246746063232, 6.828375816345215, 6.496294021606445], "params": [-1.019150733947754, 4.11129093170166, 3.3048877716064453]}