{"x": [0, 1, 2, 3, 4, 5], "y": [7.824256420135498, 6.859343528747559, 6.245187759399414, 5.438935279846191, 4.175716876983643, 3.584188938140869], "params": [-3.6937172412872314, 1.4344990253448486, 8.480134963989258]}