{"x": [0, 1, 2, 3, 4, 5], "y": [6.575053691864014, 5.685263633728027, 4.728679656982422, 3.500868558883667, 2.631882905960083, 1.9450926780700684], "params": [-4.9365715980529785, -1.947462558746338, 9.25992202758789]}