{"x": [0, 1, 2, 3, 4, 5], "y": [5.606618404388428, 5.4958672523498535, 5.2255120277404785, 5.364683628082275, 5.226451873779297, 4.536198616027832], "params": [-1.2076396942138672, 0.6243270635604858, 2.1408395767211914]}