{"x": [0, 1, 2, 3, 4, 5], "y": [4.462430000305176, 4.870400905609131, 5.198859214782715, 5.292874813079834, 5.569802284240723, 6.026301860809326], "params": [1.4707233905792236, 0.32794177532196045, 3.127743721008301]}