{"x": [0, 1, 2, 3, 4, 5], "y": [5.142734050750732, 4.239113807678223, 2.8989434242248535, 2.311387777328491, 1.5602126121520996, 0.5738134384155273], "params": [-4.5477986335754395, -4.587592124938965, 9.13784122467041]}