{"x": [0, 1, 2, 3, 4, 5], "y": [7.060157299041748, 7.038433074951172, 7.449324131011963, 7.17412805557251, 7.64481258392334, 7.857511520385742], "params": [0.6713180541992188, 4.800970554351807, 1.6381568908691406]}