{"x": [0, 1, 2, 3, 4, 5], "y": [6.338752746582031, 5.725759506225586, 4.52097225189209, 3.701836585998535, 2.9005496501922607, 2.222336530685425], "params": [-4.18532133102417, -1.4613860845565796, 8.232831954956055]}