{"x": [0, 1, 2, 3, 4, 5], "y": [7.413952827453613, 6.274550437927246, 5.63188362121582, 4.810636043548584, 3.606843948364258, 2.294078826904297], "params": [-4.690337181091309, -0.3143167495727539, 10.239748001098633]}