{"x": [0, 1, 2, 3, 4, 5], "y": [6.704254150390625, 6.106919288635254, 4.377573013305664, 3.688981771469116, 3.444780111312866, 1.930859088897705], "params": [-4.852808475494385, -1.1815083026885986, 9.54679012298584]}