{"x": [0, 1, 2, 3, 4, 5], "y": [7.913863658905029, 7.4634575843811035, 7.036754608154297, 6.063370704650879, 4.917793273925781, 4.125433921813965], "params": [-3.872150421142578, 2.322633743286133, 7.576859474182129]}