{"x": [0, 1, 2, 3, 4, 5], "y": [4.865496635437012, 4.052273750305176, 3.6616525650024414, 3.8353071212768555, 3.828666925430298, 3.60302472114563], "params": [-0.8440896272659302, -1.60780668258667, 2.5249438285827637]}