{"x": [0, 1, 2, 3, 4, 5], "y": [2.2286925315856934, 2.548994541168213, 3.3594303131103516, 3.0787713527679443, 3.309799909591675, 3.536057710647583], "params": [0.8269044756889343, -4.2113566398620605, 2.6147303581237793]}