{"x": [0, 1, 2, 3, 4, 5], "y": [5.133120536804199, 4.722413063049316, 3.952430486679077, 3.0114939212799072, 2.82820987701416, 2.2969563007354736], "params": [-2.9776835441589355, -2.6578493118286133, 5.672328472137451]}