{"x": [0, 1, 2, 3, 4, 5], "y": [5.397766590118408, 5.244485378265381, 5.255078315734863, 5.488400936126709, 5.639890670776367, 5.598079681396484], "params": [0.24760258197784424, 1.0465067625045776, 0.7908105850219727]}