{"x": [0, 1, 2, 3, 4, 5], "y": [4.402157783508301, 4.274335861206055, 3.655217409133911, 3.7212116718292236, 3.2624495029449463, 2.2629241943359375], "params": [-1.89292573928833, -2.701932907104492, 4.278467178344727]}