{"x": [0, 1, 2, 3, 4, 5], "y": [3.885356903076172, 3.6555800437927246, 3.4479565620422363, 2.407500743865967, 2.1133334636688232, 1.369405746459961], "params": [-2.902357578277588, -4.6082282066345215, 5.031902313232422]}