{"x": [0, 1, 2, 3, 4, 5], "y": [9.331262588500977, 7.928714275360107, 6.505215167999268, 6.266714096069336, 5.457657337188721, 3.964580535888672], "params": [-4.871687889099121, 3.162451982498169, 10.73336410522461]}