{"x": [0, 1, 2, 3, 4, 5], "y": [5.3763556480407715, 4.5563530921936035, 3.877645254135132, 3.173100471496582, 2.894411325454712, 2.706486463546753], "params": [-2.4034030437469482, -2.7271151542663574, 5.339738368988037]}