{"x": [0, 1, 2, 3, 4, 5], "y": [5.426795482635498, 4.972656726837158, 4.409845352172852, 3.989290952682495, 2.941194534301758, 2.537008762359619], "params": [-3.025017738342285, -1.7115259170532227, 5.779573440551758]}