{"x": [0, 1, 2, 3, 4, 5], "y": [6.084161758422852, 6.427911281585693, 6.140187740325928, 6.111217498779297, 6.118246555328369, 6.108639240264893], "params": [0.00683438777923584, 2.472273111343384, 0.6874990463256836]}