{"x": [0, 1, 2, 3, 4, 5], "y": [7.576158046722412, 7.687554359436035, 7.393196105957031, 7.422382354736328, 6.494024276733398, 6.596330642700195], "params": [-0.845617949962616, 4.553564071655273, 2.3870601654052734]}