{"x": [0, 1, 2, 3, 4, 5], "y": [6.894559383392334, 5.655603885650635, 4.617262840270996, 3.6293535232543945, 2.796356678009033, 1.9755196571350098], "params": [-4.8669939041137695, -1.5724045038223267, 9.838079452514648]}