{"x": [0, 1, 2, 3, 4, 5], "y": [6.361764430999756, 5.4918012619018555, 5.2504682540893555, 4.785131454467773, 4.316131114959717, 4.05832052230835], "params": [-1.9837877750396729, 0.10795891284942627, 4.6068878173828125]}