{"x": [0, 1, 2, 3, 4, 5], "y": [6.379047870635986, 6.729907035827637, 6.856553077697754, 7.551944255828857, 7.9881744384765625, 7.8246564865112305], "params": [1.5710036754608154, 4.2801995277404785, 3.2182531356811523]}