{"x": [0, 1, 2, 3, 4, 5], "y": [7.572915554046631, 6.646203517913818, 6.293258190155029, 6.34838342666626, 5.879756927490234, 5.2788214683532715], "params": [-2.209928512573242, 2.742030143737793, 4.588188171386719]}