{"x": [0, 1, 2, 3, 4, 5], "y": [6.668105125427246, 6.571906089782715, 7.084399223327637, 7.61271858215332, 7.3914594650268555, 7.487580299377441], "params": [0.7004154324531555, 4.35012149810791, 2.081624984741211]}