{"x": [0, 1, 2, 3, 4, 5], "y": [7.225440979003906, 6.9125213623046875, 7.024454593658447, 7.198894500732422, 7.34277868270874, 7.119333744049072], "params": [0.4574638605117798, 4.141597270965576, 0.8605146408081055]}