{"x": [0, 1, 2, 3, 4, 5], "y": [4.980637073516846, 5.009820461273193, 5.626993656158447, 6.121491432189941, 6.493190765380859, 6.655298709869385], "params": [1.9448935985565186, 1.6984021663665771, 3.349323272705078]}