{"x": [0, 1, 2, 3, 4, 5], "y": [6.576828479766846, 7.094387054443359, 7.412031650543213, 7.1291680335998535, 7.103501796722412, 7.864344596862793], "params": [0.9511433839797974, 4.37241268157959, 2.5750322341918945]}