{"x": [0, 1, 2, 3, 4, 5], "y": [6.44592809677124, 5.725114345550537, 4.87033748626709, 3.815781354904175, 3.4549901485443115, 2.757162570953369], "params": [-3.169206142425537, -0.9018182754516602, 7.377531051635742]}