{"x": [0, 1, 2, 3, 4, 5], "y": [7.543731212615967, 5.9269022941589355, 5.916945457458496, 5.039114952087402, 4.523146629333496, 4.147054672241211], "params": [-3.6179723739624023, 0.9263712167739868, 6.793353080749512]}