{"x": [0, 1, 2, 3, 4, 5], "y": [6.7466301918029785, 5.663471698760986, 5.307784080505371, 4.360069274902344, 3.4469809532165527, 2.921820640563965], "params": [-3.6918559074401855, -0.6604164838790894, 7.649619102478027]}