{"x": [0, 1, 2, 3, 4, 5], "y": [9.332977294921875, 8.304916381835938, 8.285757064819336, 6.910270690917969, 6.230165481567383, 5.692108631134033], "params": [-3.5558364391326904, 4.715930938720703, 7.281737327575684]}