{"x": [0, 1, 2, 3, 4, 5], "y": [6.068188190460205, 6.102392196655273, 5.908045768737793, 5.881280422210693, 5.436337471008301, 5.249720573425293], "params": [-1.337976098060608, 1.4385181665420532, 1.705343246459961]}