{"x": [0, 1, 2, 3, 4, 5], "y": [3.2158472537994385, 3.4870972633361816, 3.5524990558624268, 3.9744930267333984, 4.138977527618408, 4.62571382522583], "params": [1.3137481212615967, -2.2972707748413086, 2.819733142852783]}