{"x": [0, 1, 2, 3, 4, 5], "y": [4.820570945739746, 4.972945690155029, 4.4194769859313965, 4.2202253341674805, 3.9947643280029297, 3.8787877559661865], "params": [-1.1244328022003174, -1.0468435287475586, 2.1883158683776855]}