{"x": [0, 1, 2, 3, 4, 5], "y": [6.818327903747559, 6.878524303436279, 6.067779064178467, 5.514028549194336, 5.571081161499023, 4.813546180725098], "params": [-2.023649215698242, 1.9508087635040283, 4.129956245422363]}