{"x": [0, 1, 2, 3, 4, 5], "y": [5.2832417488098145, 5.116417407989502, 5.640545845031738, 5.826031684875488, 5.1195878982543945, 4.9414215087890625], "params": [-0.2343735694885254, 0.6331300735473633, 1.7692203521728516]}