{"x": [0, 1, 2, 3, 4, 5], "y": [6.770968437194824, 6.679821014404297, 7.275533676147461, 7.257965087890625, 7.463185787200928, 8.187724113464355], "params": [1.501007080078125, 4.463331699371338, 3.015806198120117]}