{"x": [0, 1, 2, 3, 4, 5], "y": [3.549879312515259, 3.0939931869506836, 2.756540298461914, 2.8526737689971924, 2.556464910507202, 2.735758066177368], "params": [-0.8978679776191711, -4.102896690368652, 1.9868288040161133]}