{"x": [0, 1, 2, 3, 4, 5], "y": [5.284881591796875, 5.344972133636475, 4.986159324645996, 5.324619770050049, 5.535706043243408, 6.058130264282227], "params": [0.44144004583358765, 0.8957082033157349, 2.143941879272461]}