{"x": [0, 1, 2, 3, 4, 5], "y": [5.270322322845459, 4.151610851287842, 3.8253443241119385, 3.272353410720825, 2.457106113433838, 1.813228726387024], "params": [-3.024472951889038, -3.0777435302734375, 6.914187431335449]}