{"x": [0, 1, 2, 3, 4, 5], "y": [5.372791290283203, 4.6164422035217285, 4.257740497589111, 3.688565492630005, 3.1722428798675537, 1.8807200193405151], "params": [-3.6450107097625732, -2.478799343109131, 6.984142303466797]}