{"x": [0, 1, 2, 3, 4, 5], "y": [8.544207572937012, 8.002053260803223, 7.406904220581055, 5.986000061035156, 5.6218581199646, 4.369734764099121], "params": [-4.55293607711792, 3.177799701690674, 8.348945617675781]}