{"x": [0, 1, 2, 3, 4, 5], "y": [3.460235834121704, 3.364536762237549, 3.3201098442077637, 2.874130964279175, 2.8444392681121826, 2.2262015342712402], "params": [-1.205806851387024, -4.169035911560059, 2.4680685997009277]}