{"x": [0, 1, 2, 3, 4, 5], "y": [4.169277191162109, 4.527173042297363, 4.276596546173096, 4.16206169128418, 4.058347225189209, 3.9441540241241455], "params": [-0.23046910762786865, -1.669798493385315, 1.1660380363464355]}