{"x": [0, 1, 2, 3, 4, 5], "y": [7.833678722381592, 7.4523539543151855, 7.091507911682129, 6.504598140716553, 6.30916166305542, 5.1061272621154785], "params": [-2.6138529777526855, 3.5039496421813965, 5.455102920532227]}