{"x": [0, 1, 2, 3, 4, 5], "y": [4.417471408843994, 4.953879356384277, 5.063930034637451, 5.000556945800781, 4.761712551116943, 5.283349990844727], "params": [0.2384192943572998, -0.0018340349197387695, 1.7317571640014648]}