{"x": [0, 1, 2, 3, 4, 5], "y": [5.57382345199585, 4.760608673095703, 3.6950762271881104, 3.240039587020874, 2.1807126998901367, 1.3743574619293213], "params": [-3.7994508743286133, -3.4791314601898193, 8.398931503295898]}