{"x": [0, 1, 2, 3, 4, 5], "y": [3.6480681896209717, 3.221489191055298, 2.476628065109253, 2.306077003479004, 2.1070950031280518, 1.6109472513198853], "params": [-2.22623610496521, -4.771406650543213, 4.074241638183594]}