{"x": [0, 1, 2, 3, 4, 5], "y": [7.869174957275391, 7.443593502044678, 7.079507827758789, 5.831175804138184, 5.514915466308594, 4.921371936798096], "params": [-3.009488821029663, 2.90903377532959, 5.89560604095459]}