{"x": [0, 1, 2, 3, 4, 5], "y": [9.119688034057617, 7.993030548095703, 7.321440696716309, 6.24575138092041, 5.793943405151367, 4.797360897064209], "params": [-4.312067985534668, 3.462109088897705, 8.644654273986816]}