{"x": [0, 1, 2, 3, 4, 5], "y": [5.363807678222656, 4.867939472198486, 4.427976131439209, 3.9778151512145996, 3.183773994445801, 3.5636515617370605], "params": [-2.0926849842071533, -1.6789346933364868, 4.360067367553711]}