{"x": [0, 1, 2, 3, 4, 5], "y": [6.699899196624756, 6.759164810180664, 6.347855567932129, 5.63987922668457, 6.03790807723999, 5.446264266967773], "params": [-1.0289950370788574, 2.1529364585876465, 2.6258010864257812]}