{"x": [0, 1, 2, 3, 4, 5], "y": [5.83693790435791, 5.4166035652160645, 5.820285797119141, 5.666565418243408, 5.551474571228027, 5.464537143707275], "params": [-0.3951670527458191, 1.3466036319732666, 0.8406686782836914]}