{"x": [0, 1, 2, 3, 4, 5], "y": [7.8606157302856445, 15.741193771362305, 8.631954193115234, 15.718121528625488, 8.408191680908203, 15.643766403198242], "params": [0.00683438777923584, 2.472273111343384, 0.6874990463256836, 14.082818031311035, 0.25, 0.0, 15.660900115966797]}