{"x": [0, 1, 2, 3, 4, 5], "y": [6.190338134765625, 13.14663314819336, 5.359273910522461, 12.621521949768066, 5.503359317779541, 11.978504180908203], "params": [-1.205806851387024, -4.169035911560059, 2.4680685997009277, 14.850068092346191, 0.25, 0.0, 15.485864639282227]}