{"x": [0, 1, 2, 3, 4, 5], "y": [7.502378463745117, 11.124673843383789, 5.369098663330078, 8.770008087158203, 3.4146876335144043, 7.03803014755249], "params": [-4.761694431304932, -2.6981468200683594, 8.919756889343262, 8.492327690124512, 0.25, 0.0, 9.16756820678711]}