{"x": [0, 1, 2, 3, 4, 5], "y": [6.3447113037109375, 13.184555053710938, 6.1721954345703125, 13.300470352172852, 6.78829288482666, 14.180359840393066], "params": [0.44144004583358765, 0.8957082033157349, 2.143941879272461, 13.492284774780273, 0.25, 0.0, 14.124799728393555]}