{"x": [0, 1, 2, 3, 4, 5], "y": [4.330066204071045, 8.851326942443848, 4.587628364562988, 9.083074569702148, 4.394701957702637, 9.892127990722656], "params": [0.4931706190109253, -3.1237494945526123, 1.0256619453430176, 9.747170448303223, 0.25, 0.0, 10.633430480957031]}