{"x": [0, 1, 2, 3, 4, 5], "y": [7.485146522521973, 13.92764949798584, 7.874139785766602, 14.813627243041992, 8.068257331848145, 14.440486907958984], "params": [0.7004154324531555, 4.35012149810791, 2.081624984741211, 12.211687088012695, 0.25, 0.0, 13.357891082763672]}