{"x": [0, 1, 2, 3, 4, 5], "y": [4.948477268218994, 7.130443572998047, 4.165925979614258, 7.303701400756836, 4.126955509185791, 7.02296781539917], "params": [-0.8440896272659302, -1.60780668258667, 2.5249438285827637, 6.523248672485352, 0.25, 0.0, 6.770827293395996]}