{"x": [0, 1, 2, 3, 4, 5], "y": [8.262333869934082, 12.950618743896484, 6.941471576690674, 12.323980331420898, 6.1936116218566895, 11.106664657592773], "params": [-1.9837877750396729, 0.10795891284942627, 4.6068878173828125, 11.535048484802246, 0.25, 0.0, 11.695691108703613]}