{"x": [0, 1, 2, 3, 4, 5], "y": [8.504253387451172, 11.129560470581055, 8.040509223937988, 9.946908950805664, 6.821749687194824, 10.148427963256836], "params": [-0.9342235326766968, 4.603779315948486, 1.9003639221191406, 5.163348197937012, 0.25, 0.0, 6.715258598327637]}