{"x": [0, 1, 2, 3, 4, 5], "y": [7.823479652404785, 14.459489822387695, 6.975107669830322, 13.730731964111328, 6.293187618255615, 12.949236869812012], "params": [-1.7540762424468994, 0.9040933847427368, 3.931743621826172, 14.977191925048828, 0.25, 0.0, 15.028244972229004]}