{"x": [0, 1, 2, 3, 4, 5], "y": [6.681232929229736, 12.018019676208496, 4.489727020263672, 10.631096839904785, 3.821749210357666, 8.9307861328125], "params": [-3.169206142425537, -0.9018182754516602, 7.377531051635742, 12.612815856933594, 0.25, 0.0, 14.391851425170898]}