{"x": [0, 1, 2, 3, 4, 5], "y": [7.235257625579834, 14.079668045043945, 7.236242294311523, 13.380314826965332, 7.270002841949463, 13.699935913085938], "params": [0.061734676361083984, 3.4183807373046875, 1.1342182159423828, 11.149360656738281, 0.25, 0.0, 12.938840866088867]}