{"x": [0, 1, 2, 3, 4, 5], "y": [8.920003890991211, 15.51832389831543, 9.326468467712402, 15.15191650390625, 8.934269905090332, 15.559602737426758], "params": [-0.4612942337989807, 4.117580413818359, 0.5491704940795898, 13.006002426147461, 0.25, 0.0, 13.62100601196289]}