{"x": [0, 1, 2, 3, 4, 5], "y": [6.267452239990234, 8.167388916015625, 6.060299873352051, 8.46155071258545, 6.009284496307373, 8.569171905517578], "params": [-0.3951670527458191, 1.3466036319732666, 0.8406686782836914, 5.156554698944092, 0.25, 0.0, 5.729241847991943]}