{"x": [0, 1, 2, 3, 4, 5], "y": [8.781693458557129, 10.350738525390625, 6.966866970062256, 9.172906875610352, 5.578622817993164, 8.400754928588867], "params": [-3.6179723739624023, 0.9263712167739868, 6.793353080749512, 6.463523864746094, 0.25, 0.0, 6.747828483581543]}