{"x": [0, 1, 2, 3, 4, 5], "y": [7.9396867752075195, 15.403655052185059, 8.9558687210083, 15.365224838256836, 8.68223762512207, 16.20030975341797], "params": [0.9511433839797974, 4.37241268157959, 2.5750322341918945, 13.408470153808594, 0.25, 0.0, 13.946211814880371]}