{"x": [0, 1, 2, 3, 4, 5], "y": [8.228449821472168, 11.942850112915039, 7.46258020401001, 10.692505836486816, 6.218305587768555, 10.249881744384766], "params": [-2.023649215698242, 1.9508087635040283, 4.129956245422363, 8.127373695373535, 0.25, 0.0, 9.57822036743164]}