{"x": [0, 1, 2, 3, 4, 5], "y": [8.273809432983398, 13.094009399414062, 6.437718391418457, 11.655925750732422, 4.956465244293213, 9.100337982177734], "params": [-4.690337181091309, -0.3143167495727539, 10.239748001098633, 11.595956802368164, 0.25, 0.0, 12.078909873962402]}