{"x": [0, 1, 2, 3, 4, 5], "y": [7.005798816680908, 12.268585205078125, 6.0295257568359375, 11.280281066894531, 6.711647987365723, 11.417933464050293], "params": [-0.3934192657470703, -0.10314285755157471, 1.5373401641845703, 10.83249282836914, 0.25, 0.0, 11.391950607299805]}