{"x": [0, 1, 2, 3, 4, 5], "y": [7.506907939910889, 13.113910675048828, 8.331870079040527, 14.057008743286133, 9.118682861328125, 14.409957885742188], "params": [1.2973909378051758, 3.808095932006836, 3.1656494140625, 10.927858352661133, 0.25, 0.0, 11.383127212524414]}