{"x": [0, 1, 2, 3, 4, 5], "y": [8.698352813720703, 14.28744888305664, 8.317477226257324, 14.446500778198242, 8.663039207458496, 14.481107711791992], "params": [0.4574638605117798, 4.141597270965576, 0.8605146408081055, 11.928491592407227, 0.25, 0.0, 12.163808822631836]}