{"x": [0, 1, 2, 3, 4, 5], "y": [3.1631641387939453, 6.468620300292969, 4.045103073120117, 6.91883659362793, 4.730320453643799, 7.937558174133301], "params": [1.743929386138916, -2.51387882232666, 4.248546600341797, 5.436337471008301, 0.25, 0.0, 6.270115375518799]}