{"x": [0, 1, 2, 3, 4, 5], "y": [7.5400166511535645, 13.759407043457031, 7.776301383972168, 14.57567310333252, 9.007481575012207, 15.144940376281738], "params": [1.5710036754608154, 4.2801995277404785, 3.2182531356811523, 12.508766174316406, 0.25, 0.0, 12.801071166992188]}