{"x": [0, 1, 2, 3, 4, 5], "y": [9.860597610473633, 16.733858108520508, 9.50979232788086, 15.53424072265625, 8.773731231689453, 15.772567749023438], "params": [-1.352440357208252, 4.456470012664795, 3.480587959289551, 14.069119453430176, 0.25, 0.0, 15.35771656036377]}