{"x": [0, 1, 2, 3, 4, 5], "y": [7.80026912689209, 11.604408264160156, 5.209885597229004, 8.988886833190918, 4.544498920440674, 6.779487609863281], "params": [-4.852808475494385, -1.1815083026885986, 9.54679012298584, 8.191489219665527, 0.25, 0.0, 9.330352783203125]}