{"x": [0, 1, 2, 3, 4, 5], "y": [5.634726047515869, 9.54559326171875, 4.657036781311035, 8.106650352478027, 3.064908027648926, 6.439377307891846], "params": [-3.742033004760742, -2.554378032684326, 6.82893180847168, 7.975860118865967, 0.25, 0.0, 8.984766960144043]}