{"x": [0, 1, 2, 3, 4, 5], "y": [8.304800987243652, 10.440404891967773, 7.48785924911499, 9.343806266784668, 5.127261161804199, 7.477420806884766], "params": [-3.872150421142578, 2.322633743286133, 7.576859474182129, 5.619598388671875, 0.25, 0.0, 6.285037994384766]}