{"x": [0, 1, 2, 3, 4, 5], "y": [8.508654594421387, 13.704269409179688, 6.999400615692139, 12.046276092529297, 5.253953456878662, 10.18290901184082], "params": [-4.0730085372924805, 2.42600679397583, 8.510148048400879, 11.700088500976562, 0.25, 0.0, 11.900202751159668]}