{"x": [0, 1, 2, 3, 4, 5], "y": [4.149548530578613, 8.327448844909668, 3.157425880432129, 6.995871543884277, 2.6939985752105713, 6.134959697723389], "params": [-2.22623610496521, -4.771406650543213, 4.074241638183594, 8.353289604187012, 0.25, 0.0, 9.208959579467773]}