{"x": [0, 1, 2, 3, 4, 5], "y": [8.072553634643555, 13.357664108276367, 7.940319538116455, 13.335981369018555, 6.856678009033203, 11.901947021484375], "params": [-0.845617949962616, 4.553564071655273, 2.3870601654052734, 11.184779167175293, 0.25, 0.0, 11.101889610290527]}