{"x": [0, 1, 2, 3, 4, 5], "y": [9.773858070373535, 14.331729888916016, 7.784052848815918, 12.566913604736328, 6.496138572692871, 11.534797668457031], "params": [-3.809725761413574, 4.785888195037842, 7.789678573608398, 11.242372512817383, 0.25, 0.0, 11.31155776977539]}