{"x": [0, 1, 2, 3, 4, 5], "y": [6.729736328125, 10.01626205444336, 6.305629730224609, 10.665395736694336, 7.083552837371826, 10.600311279296875], "params": [0.24760258197784424, 1.0465067625045776, 0.7908105850219727, 7.952348709106445, 0.25, 0.0, 8.252886772155762]}