{"x": [0, 1, 2, 3, 4, 5], "y": [5.43556547164917, 7.780404090881348, 4.1198835372924805, 7.115501403808594, 4.031241416931152, 5.132861137390137], "params": [-1.89292573928833, -2.701932907104492, 4.278467178344727, 5.385653495788574, 0.25, 0.0, 6.082803249359131]}