{"x": [0, 1, 2, 3, 4, 5], "y": [4.849636554718018, 9.680486679077148, 3.9596030712127686, 9.30456256866455, 3.723963737487793, 8.070906639099121], "params": [-1.8160207271575928, -3.381476402282715, 4.364756107330322, 10.495399475097656, 0.25, 0.0, 11.205083847045898]}