{"x": [0, 1, 2, 3, 4, 5], "y": [7.949319362640381, 13.491722106933594, 6.90553617477417, 13.123712539672852, 5.997883319854736, 12.362905502319336], "params": [-1.8675689697265625, 3.055875778198242, 3.6269283294677734, 12.910002708435059, 0.25, 0.0, 13.60817813873291]}