{"x": [0, 1, 2, 3, 4, 5], "y": [5.0121893882751465, 8.648340225219727, 4.444135665893555, 7.523327350616455, 3.078103542327881, 6.183005332946777], "params": [-2.902357578277588, -4.6082282066345215, 5.031902313232422, 7.858061790466309, 0.25, 0.0, 8.302112579345703]}