{"x": [0, 1, 2, 3, 4, 5], "y": [11.310684204101562, 16.223180770874023, 8.296736717224121, 14.300549507141113, 7.159748554229736, 12.270062446594238], "params": [-4.871687889099121, 3.162451982498169, 10.73336410522461, 12.084114074707031, 0.25, 0.0, 13.206781387329102]}