{"x": [0, 1, 2, 3, 4, 5], "y": [10.242012977600098, 16.271108627319336, 9.29739761352539, 15.405255317687988, 7.856827259063721, 13.760269165039062], "params": [-2.4574830532073975, 3.3069701194763184, 4.9773969650268555, 13.479728698730469, 0.25, 0.0, 14.53661060333252]}