{"x": [0, 1, 2, 3, 4, 5], "y": [2.377501964569092, 9.483922958374023, 2.9910261631011963, 10.36693286895752, 3.548980712890625, 11.248270034790039], "params": [1.567887306213379, -4.352776527404785, 3.143901824951172, 14.649277687072754, 0.25, 0.0, 14.597634315490723]}