{"x": [0, 1, 2, 3, 4, 5], "y": [2.954221725463867, 6.089543342590332, 3.5101795196533203, 7.033812046051025, 3.7332921028137207, 7.639039039611816], "params": [0.8269044756889343, -4.2113566398620605, 2.6147303581237793, 6.958051681518555, 0.25, 0.0, 7.904463768005371]}