{"x": [0, 1, 2, 3, 4, 5], "y": [5.920341491699219, 12.740447998046875, 4.680761337280273, 11.150644302368164, 3.6539859771728516, 9.297877311706543], "params": [-3.451808214187622, -4.574892520904541, 6.613807678222656, 13.075079917907715, 0.25, 0.0, 14.114806175231934]}