{"x": [0, 1, 2, 3, 4, 5], "y": [6.023196697235107, 12.320560455322266, 3.3706068992614746, 10.576803207397461, 1.8292330503463745, 8.148686408996582], "params": [-4.843719482421875, -3.311410427093506, 11.00206470489502, 14.52738094329834, 0.25, 0.0, 15.354619979858398]}