{"x": [0, 1, 2, 3, 4, 5], "y": [8.213458061218262, 13.50117301940918, 6.094285488128662, 11.615829467773438, 4.021640300750732, 9.32169246673584], "params": [-4.452547550201416, -1.8866169452667236, 9.286718368530273, 11.773574829101562, 0.25, 0.0, 12.438996315002441]}