{"x": [0, 1, 2, 3, 4, 5], "y": [4.933966159820557, 9.291546821594238, 4.94661808013916, 9.510169982910156, 4.89638614654541, 10.385052680969238], "params": [-0.06870764493942261, -3.795726776123047, 1.360100269317627, 10.478503227233887, 0.25, 0.0, 11.414450645446777]}