{"x": [0, 1, 2, 3, 4, 5], "y": [6.554325580596924, 11.982112884521484, 7.097907066345215, 12.661300659179688, 6.175624370574951, 12.206623077392578], "params": [-0.2343735694885254, 0.6331300735473633, 1.7692203521728516, 11.806184768676758, 0.25, 0.0, 12.418331146240234]}