{"x": [0, 1, 2, 3, 4, 5], "y": [3.7015767097473145, 7.748574256896973, 3.8659088611602783, 7.486069679260254, 3.763978958129883, 7.599673271179199], "params": [0.06976431608200073, -3.534480333328247, 0.5165448188781738, 7.366635322570801, 0.25, 0.0, 7.869515419006348]}