{"x": [0, 1, 2, 3, 4, 5], "y": [5.4061431884765625, 8.529051780700684, 4.268422603607178, 7.897721290588379, 2.990232229232788, 5.327268123626709], "params": [-3.739319324493408, -3.4660940170288086, 8.193852424621582, 7.6557416915893555, 0.25, 0.0, 8.747434616088867]}