{"x": [0, 1, 2, 3, 4, 5], "y": [6.25239372253418, 9.511377334594727, 5.183318614959717, 8.545356750488281, 4.25799560546875, 6.829879283905029], "params": [-3.025017738342285, -1.7115259170532227, 5.779573440551758, 7.148821830749512, 0.25, 0.0, 7.565185546875]}