{"x": [0, 1, 2, 3, 4, 5], "y": [4.921834468841553, 9.525215148925781, 3.880359649658203, 9.35529899597168, 3.05450177192688, 8.320043563842773], "params": [-2.229175567626953, -4.349898815155029, 4.512310028076172, 11.140915870666504, 0.25, 0.0, 11.74197769165039]}