{"x": [0, 1, 2, 3, 4, 5], "y": [6.700450897216797, 12.838174819946289, 5.979523658752441, 12.565650939941406, 5.076192855834961, 11.26023006439209], "params": [-1.387453556060791, -1.545889973640442, 2.423618793487549, 12.505796432495117, 0.25, 0.0, 13.839801788330078]}