{"x": [0, 1, 2, 3, 4, 5], "y": [8.790964126586914, 15.283615112304688, 6.883655548095703, 13.371169090270996, 5.979833602905273, 12.505044937133789], "params": [-3.919268846511841, 0.3657752275466919, 7.73469877243042, 14.163933753967285, 0.25, 0.0, 15.25282096862793]}