{"x": [0, 1, 2, 3, 4, 5], "y": [2.4044344425201416, 10.107565879821777, 2.2056899070739746, 10.151758193969727, 2.168240547180176, 9.36432933807373], "params": [14.991450309753418, 0.25, 0.0, 15.967035293579102]}