{"x": [0, 1, 2, 3, 4, 5], "y": [0.13538940250873566, 5.759021759033203, -0.42936545610427856, 5.726679801940918, 0.025470193475484848, 5.706313133239746], "params": [11.753082275390625, 0.25, 0.0, 12.376774787902832]}