{"x": [0, 1, 2, 3, 4, 5], "y": [0.8571677207946777, 5.742125034332275, 0.6831814646720886, 5.760810852050781, 0.94078528881073, 6.0948686599731445], "params": [10.574532508850098, 0.25, 0.0, 10.82337474822998]}