{"x": [0, 1, 2, 3, 4, 5], "y": [0.8719541430473328, 6.324159145355225, 0.2890568971633911, 6.266051292419434, 1.1666162014007568, 6.178769588470459], "params": [10.522564888000488, 0.25, 0.0, 12.070204734802246]}