{"x": [0, 1, 2, 3, 4, 5], "y": [0.36776962876319885, 7.507362365722656, 0.2110871970653534, 7.426059722900391, 0.019317224621772766, 7.8642168045043945], "params": [14.69324016571045, 0.25, 0.0, 15.689799308776855]}