{"x": [0, 1, 2, 3, 4, 5], "y": [0.642126739025116, 7.111546993255615, 0.8352301120758057, 6.4570794105529785, 0.831425130367279, 6.9717559814453125], "params": [11.149360656738281, 0.25, 0.0, 12.938840866088867]}