{"x": [0, 1, 2, 3, 4, 5], "y": [1.393768548965454, 4.94639253616333, 0.6527490615844727, 4.978115558624268, 0.7164005041122437, 4.811459064483643], "params": [8.30947494506836, 0.25, 0.0, 8.65073299407959]}