{"x": [0, 1, 2, 3, 4, 5], "y": [0.859856367111206, 6.819458961486816, 0.8058348894119263, 6.845289707183838, 1.349621295928955, 6.8062591552734375], "params": [11.595956802368164, 0.25, 0.0, 12.078909873962402]}