{"x": [0, 1, 2, 3, 4, 5], "y": [0.7255291938781738, 3.5405490398406982, 0.1507491171360016, 3.955040693283081, 0.4234922528266907, 4.102981090545654], "params": [6.958051681518555, 0.25, 0.0, 7.904463768005371]}