{"x": [0, 1, 2, 3, 4, 5], "y": [0.8058820366859436, 5.512115955352783, 0.8488159775733948, 5.53253698348999, 1.1380021572113037, 6.1225972175598145], "params": [9.747170448303223, 0.25, 0.0, 10.633430480957031]}