{"x": [0, 1, 2, 3, 4, 5], "y": [1.105179786682129, 3.19319748878479, 0.7175002694129944, 3.839992046356201, 0.6456711888313293, 3.0915350914001465], "params": [5.025335311889648, 0.25, 0.0, 6.388641834259033]}