{"x": [0, 1, 2, 3, 4, 5], "y": [1.0334078073501587, 3.506067991256714, 0.46466633677482605, 3.394289493560791, 0.7687920928001404, 2.869936943054199], "params": [5.385653495788574, 0.25, 0.0, 6.082803249359131]}