{"x": [0, 1, 2, 3, 4, 5], "y": [1.0960147380828857, 5.497488975524902, 0.8323125839233398, 5.299905300140381, 1.0997188091278076, 4.848628520965576], "params": [8.191489219665527, 0.25, 0.0, 9.330352783203125]}