{"x": [0, 1, 2, 3, 4, 5], "y": [1.3319694995880127, 4.7717766761779785, 1.0505512952804565, 5.176994800567627, 1.443662166595459, 5.002232074737549], "params": [7.952348709106445, 0.25, 0.0, 8.252886772155762]}