{"x": [0, 1, 2, 3, 4, 5], "y": [1.5118855237960815, 5.817516803741455, 1.268936038017273, 5.530200958251953, 1.2337327003479004, 5.507415771484375], "params": [8.492327690124512, 0.25, 0.0, 9.16756820678711]}