{"x": [0, 1, 2, 3, 4, 5], "y": [0.8255980014801025, 4.53872013092041, 0.7734732627868652, 4.556066036224365, 1.3168010711669922, 4.29287052154541], "params": [7.148821830749512, 0.25, 0.0, 7.565185546875]}