{"x": [0, 1, 2, 3, 4, 5], "y": [1.8041107654571533, 7.004584789276123, 1.633697509765625, 7.187482833862305, 1.5721138715744019, 6.9249491691589355], "params": [11.011906623840332, 0.25, 0.0, 11.230737686157227]}