{"x": [0, 1, 2, 3, 4, 5], "y": [0.2856837511062622, 7.098109245300293, 0.3568967878818512, 7.22750186920166, 0.42284339666366577, 7.584500789642334], "params": [14.649277687072754, 0.25, 0.0, 14.597634315490723]}