{"x": [0, 1, 2, 3, 4, 5], "y": [0.23530465364456177, 6.292905330657959, -0.38061070442199707, 6.815315246582031, 0.36675912141799927, 6.173624038696289], "params": [12.612815856933594, 0.25, 0.0, 14.391851425170898]}