{"x": [0, 1, 2, 3, 4, 5], "y": [1.472912311553955, 7.374927043914795, 1.293022632598877, 7.2476067543029785, 1.3202604055404663, 7.36177396774292], "params": [11.928491592407227, 0.25, 0.0, 12.163808822631836]}