{"x": [0, 1, 2, 3, 4, 5], "y": [0.5557724833488464, 3.0839548110961914, 0.5813720226287842, 3.56292462348938, 0.30550387501716614, 3.605525255203247], "params": [6.475329399108887, 0.25, 0.0, 6.600042819976807]}