{"x": [0, 1, 2, 3, 4, 5], "y": [0.5638381242752075, 4.513160705566406, 0.6640325784683228, 3.6361196041107178, 0.3806580603122711, 3.9745066165924072], "params": [7.1784281730651855, 0.25, 0.0, 8.265005111694336]}