{"x": [0, 1, 2, 3, 4, 5], "y": [0.4953647255897522, 6.027861595153809, 0.3951144218444824, 6.117824554443359, 0.11230355501174927, 6.282327175140381], "params": [11.393336296081543, 0.25, 0.0, 12.340046882629395]}