{"x": [0, 1, 2, 3, 4, 5], "y": [0.6386035680770874, 6.544887065887451, 0.061565592885017395, 6.836241722106934, 0.07513318955898285, 6.865654468536377], "params": [12.910002708435059, 0.25, 0.0, 13.60817813873291]}