{"x": [0, 1, 2, 3, 4, 5], "y": [1.059829831123352, 7.839582920074463, 1.1860363483428955, 7.975850582122803, 1.2525867223739624, 8.12222957611084], "params": [13.492284774780273, 0.25, 0.0, 14.124799728393555]}