{"x": [0, 1, 2, 3, 4, 5], "y": [0.36713919043540955, 5.762791156768799, 0.5593123435974121, 5.969681262969971, 0.7046559453010559, 5.770787715911865], "params": [10.495399475097656, 0.25, 0.0, 11.205083847045898]}