{"x": [0, 1, 2, 3, 4, 5], "y": [0.6364412307739258, 6.380499362945557, -0.3875308632850647, 6.495377540588379, 0.1870429515838623, 6.505788326263428], "params": [12.569168090820312, 0.25, 0.0, 13.786638259887695]}