{"x": [0, 1, 2, 3, 4, 5], "y": [0.3493661880493164, 3.484423875808716, 0.5773084759712219, 3.0226690769195557, 0.5166492462158203, 2.9994866847991943], "params": [5.436337471008301, 0.25, 0.0, 6.270115375518799]}