{"x": [0, 1, 2, 3, 4, 5], "y": [1.6069080829620361, 9.06678581237793, 1.5619276762008667, 8.748661994934082, 1.851425051689148, 9.188338279724121], "params": [14.163933753967285, 0.25, 0.0, 15.25282096862793]}