{"x": [0, 1, 2, 3, 4, 5], "y": [1.3543272018432617, 6.843112945556641, 1.3510396480560303, 7.042603015899658, 1.3832776546478271, 7.020967483520508], "params": [10.927858352661133, 0.25, 0.0, 11.383127212524414]}