{"x": [0, 1, 2, 3, 4, 5], "y": [0.24225464463233948, 4.2092180252075195, -0.2552025318145752, 3.51216197013855, -0.017761878669261932, 3.7165138721466064], "params": [7.395331859588623, 0.25, 0.0, 8.928840637207031]}