{"x": [0, 1, 2, 3, 4, 5], "y": [0.9634454250335693, 7.740318298339844, 0.9777774810791016, 7.48749303817749, 0.7849528193473816, 7.496423721313477], "params": [13.579078674316406, 0.25, 0.0, 13.910731315612793]}