{"x": [0, 1, 2, 3, 4, 5], "y": [0.8708878755569458, 4.407566547393799, 1.005806803703308, 4.375825881958008, 0.7324573397636414, 5.086025714874268], "params": [7.522776126861572, 0.25, 0.0, 8.707137107849121]}