{"x": [0, 1, 2, 3, 4, 5], "y": [0.4305140972137451, 2.7507858276367188, 0.24001385271549225, 2.794985294342041, 0.45780977606773376, 3.1046347618103027], "params": [5.156554698944092, 0.25, 0.0, 5.729241847991943]}