{"x": [0, 1, 2, 3, 4, 5], "y": [4.046152591705322, -0.04562116786837578, 4.23067045211792, 0.17607733607292175, 4.0709357261657715, 0.3463646471500397], "params": [8.473566055297852, 0.25, 1.0, 8.552583694458008]}