{"x": [0, 1, 2, 3, 4, 5], "y": [6.524056911468506, 0.385526180267334, 6.4406657218933105, 6.318580150604248, 7.264410018920898, 8.03011417388916], "params": [11.047006607055664, 0.25, 1.0, 12.277061462402344, 4.954580307006836, 1.7878484725952148, 8.839444160461426]}