{"x": [0, 1, 2, 3, 4, 5], "y": [5.392077445983887, 1.0278193950653076, 5.035953521728516, 7.2659125328063965, 8.01221752166748, 8.822376251220703], "params": [8.011296272277832, 0.25, 1.0, 9.187055587768555, 4.396852970123291, 3.1269593238830566, 8.455995559692383]}