{"x": [0, 1, 2, 3, 4, 5], "y": [6.824357032775879, 1.2000044584274292, 6.826359748840332, 1.0141545534133911, 6.8386406898498535, 1.162550449371338], "params": [11.625371932983398, 0.25, 1.0, 11.648972511291504]}