{"x": [0, 1, 2, 3, 4, 5], "y": [6.590489387512207, 0.6527389287948608, 6.8810248374938965, 7.710813045501709, 8.522072792053223, 9.327869415283203], "params": [12.359274864196777, 0.25, 1.0, 12.699357986450195, 3.8442037105560303, 4.884355068206787, 7.742404937744141]}