{"x": [0, 1, 2, 3, 4, 5], "y": [6.543873310089111, 0.614054799079895, 6.725467681884766, 1.3228951692581177, 6.2587571144104, 0.9924240708351135], "params": [10.574734687805176, 0.25, 1.0, 12.22282600402832]}