{"x": [0, 1, 2, 3, 4, 5], "y": [8.797883033752441, 1.8272699117660522, 8.615031242370605, 3.1243412494659424, 4.202373027801514, 4.153407096862793], "params": [13.709510803222656, 0.25, 1.0, 13.9412260055542, 3.9524013996124268, -4.916605472564697, 6.9998016357421875]}