{"x": [0, 1, 2, 3, 4, 5], "y": [4.3454484939575195, 0.7046763896942139, 4.9517621994018555, 0.9991952180862427, 4.552814960479736, 0.8962612152099609], "params": [7.36985445022583, 0.25, 1.0, 8.494171142578125]}