{"x": [0, 1, 2, 3, 4, 5], "y": [7.250621795654297, 1.6833359003067017, 7.194739818572998, 6.406436443328857, 6.6772284507751465, 7.971665382385254], "params": [11.371265411376953, 0.25, 1.0, 12.668519973754883, 4.138845443725586, 1.474299430847168, 8.939371109008789]}