{"x": [0, 1, 2, 3, 4, 5], "y": [4.5649189949035645, 0.04801848530769348, 4.656155109405518, 6.274012088775635, 6.802844047546387, 7.801447868347168], "params": [8.93476676940918, 0.25, 1.0, 10.025242805480957, 3.764416217803955, 1.3763880729675293, 8.425888061523438]}