{"x": [0, 1, 2, 3, 4, 5], "y": [7.885278224945068, 1.4529637098312378, 7.5497727394104, 7.265955924987793, 7.721113204956055, 8.219934463500977], "params": [12.439456939697266, 0.25, 1.0, 12.922981262207031, 3.587702751159668, 3.1244945526123047, 6.868288993835449]}