{"x": [0, 1, 2, 3, 4, 5], "y": [8.505038261413574, 1.5586720705032349, 8.31598949432373, 7.6488447189331055, 8.579275131225586, 9.18215560913086], "params": [13.792940139770508, 0.25, 1.0, 14.300323486328125, 4.107300758361816, 4.522168159484863, 7.594657897949219]}