{"x": [0, 1, 2, 3, 4, 5], "y": [5.11741304397583, 0.5422836542129517, 5.438564777374268, 3.6906585693359375, 4.277270317077637, 4.427312850952148], "params": [9.847672462463379, 0.25, 1.0, 10.156250953674316, 2.1949539184570312, -3.2823610305786133, 4.257231712341309]}