{"x": [0, 1, 2, 3, 4, 5], "y": [5.634983539581299, 0.8906682133674622, 5.225474834442139, 7.232249736785889, 8.269655227661133, 9.445269584655762], "params": [9.435702323913574, 0.25, 1.0, 10.391441345214844, 3.827303409576416, 3.7924790382385254, 9.810542106628418]}