{"x": [0, 1, 2, 3, 4, 5], "y": [3.6069018840789795, 0.4580180048942566, 3.2354912757873535, 0.45891427993774414, 2.8712828159332275, 0.25037840008735657], "params": [5.975150108337402, 0.25, 1.0, 6.713047027587891]}