{"x": [0, 1, 2, 3, 4, 5], "y": [7.0249810218811035, 1.4284874200820923, 6.808688640594482, 1.4520366191864014, 6.497741222381592, 1.4462188482284546], "params": [11.13418960571289, 0.25, 1.0, 11.192987442016602]}