{"x": [0, 1, 2, 3, 4, 5], "y": [8.382424354553223, 1.7014644145965576, 8.47617244720459, 3.454153060913086, 3.9555697441101074, 4.752604961395264], "params": [14.225910186767578, 0.25, 1.0, 14.583905220031738, 3.0274760723114014, -3.180360794067383, 5.416923999786377]}