{"x": [0, 1, 2, 3, 4, 5], "y": [3.7244715690612793, 0.9218696355819702, 3.9398000240325928, 6.5042643547058105, 6.806267738342285, 7.330906391143799], "params": [5.794999599456787, 0.25, 1.0, 6.186306476593018, 3.6805129051208496, 1.9321036338806152, 6.325065612792969]}