{"x": [0, 1, 2, 3, 4, 5], "y": [5.481853485107422, 0.5586445927619934, 5.257515907287598, 0.9308323860168457, 5.1655683517456055, 0.7611473202705383], "params": [9.183542251586914, 0.25, 1.0, 9.846417427062988]}