{"x": [0, 1, 2, 3, 4, 5], "y": [4.6837477684021, 0.8530353307723999, 4.4229536056518555, 0.8149573802947998, 4.90785026550293, 0.7149563431739807], "params": [7.752089500427246, 0.25, 1.0, 8.385787963867188]}