{"x": [0, 1, 2, 3, 4, 5], "y": [5.627348899841309, 0.3373784124851227, 5.700683116912842, 3.7410836219787598, 4.286761283874512, 4.6703362464904785], "params": [10.501968383789062, 0.25, 1.0, 10.84371566772461, 2.7147216796875, -3.272455930709839, 5.180815696716309]}