{"x": [0, 1, 2, 3, 4, 5], "y": [8.163167953491211, 0.4690425395965576, 7.859695911407471, 6.083535671234131, 6.384853839874268, 7.2395758628845215], "params": [14.830581665039062, 0.25, 1.0, 15.388250350952148, 2.411684513092041, 1.6517788171768188, 5.797204971313477]}