{"x": [0, 1, 2, 3, 4, 5], "y": [6.4293365478515625, 1.3242579698562622, 6.050931453704834, 3.4058871269226074, 3.4665236473083496, 4.430237293243408], "params": [9.395537376403809, 0.25, 1.0, 10.852109909057617, 2.967759370803833, -4.290358543395996, 5.43244743347168]}