{"x": [0, 1, 2, 3, 4, 5], "y": [5.530885219573975, 1.4704118967056274, 5.7224812507629395, 4.426120758056641, 5.412276268005371, 6.136571407318115], "params": [9.289484977722168, 0.25, 1.0, 9.624939918518066, 3.8666844367980957, -1.670396327972412, 7.5470871925354]}