{"x": [0, 1, 2, 3, 4, 5], "y": [7.483111381530762, -0.28623732924461365, 7.137875080108643, 0.05949290841817856, 7.03098726272583, 0.3640429377555847], "params": [14.145599365234375, 0.25, 1.0, 15.538697242736816]}