{"x": [0, 1, 2, 3, 4, 5], "y": [3.773463726043701, 0.45427125692367554, 3.404467821121216, 7.7914137840271, 8.285784721374512, 9.222343444824219], "params": [6.014426231384277, 0.25, 1.0, 7.117187023162842, 3.881455421447754, 4.175534248352051, 8.069886207580566]}