{"x": [0, 1, 2, 3, 4, 5], "y": [4.46333122253418, 1.0797778367996216, 4.839925765991211, 0.6254043579101562, 4.528888702392578, 0.7153275012969971], "params": [7.306841850280762, 0.25, 1.0, 8.42904281616211]}