{"x": [0, 1, 2, 3, 4, 5], "y": [5.530885219573975, 1.4704118967056274, 5.7224812507629395, 1.7853413820266724, 6.147721767425537, 1.3352519273757935], "params": [9.289484977722168, 0.25, 1.0, 9.624939918518066]}