{"x": [0, 1, 2, 3, 4, 5], "y": [7.483111381530762, -0.28623732924461365, 7.137875080108643, 7.780123233795166, 7.623570442199707, 9.06191635131836], "params": [14.145599365234375, 0.25, 1.0, 15.538697242736816, 2.6094837188720703, 4.759669780731201, 6.278829574584961]}