{"x": [0, 1, 2, 3, 4, 5], "y": [3.5226123332977295, 0.4451158344745636, 3.466590642929077, 5.243992805480957, 5.989640712738037, 6.314309120178223], "params": [5.805336952209473, 0.25, 1.0, 6.560627460479736, 2.99056077003479, 0.04235565662384033, 5.6197404861450195]}