{"x": [0, 1, 2, 3, 4, 5], "y": [3.6069018840789795, 0.4580180048942566, 3.2354912757873535, 6.8760809898376465, 7.539783954620361, 8.530405044555664], "params": [5.975150108337402, 0.25, 1.0, 6.713047027587891, 2.7338685989379883, 4.290969371795654, 5.203295707702637]}