{"x": [0, 1, 2, 3, 4, 5], "y": [3.8526482582092285, -0.1326364129781723, 3.7162601947784424, -0.13715508580207825, 4.130899429321289, 0.30641621351242065], "params": [7.746865272521973, 0.25, 1.0, 8.53610897064209]}