{"x": [0, 1, 2, 3, 4, 5], "y": [5.447994709014893, 0.6357359290122986, 5.187760829925537, 0.3787601590156555, 4.94431734085083, 0.7023290395736694], "params": [9.4339599609375, 0.25, 1.0, 10.138468742370605]}