{"x": [0, 1, 2, 3, 4, 5], "y": [9.333271980285645, 2.257877826690674, 9.312188148498535, 2.1912763118743896, 9.369621276855469, 1.9916577339172363], "params": [14.511380195617676, 0.25, 1.0, 14.755927085876465]}