{"x": [0, 1, 2, 3, 4, 5], "y": [4.466743469238281, -0.15265293419361115, 4.752974510192871, 0.1149730235338211, 4.364819049835205, -0.08667853474617004], "params": [8.74810791015625, 0.25, 1.0, 9.811254501342773]}