{"x": [0, 1, 2, 3, 4, 5], "y": [7.68604850769043, 0.49662306904792786, 7.5890326499938965, 0.20982372760772705, 7.608994960784912, 0.4640384912490845], "params": [13.919316291809082, 0.25, 1.0, 14.952449798583984]}