{"x": [0, 1, 2, 3, 4, 5], "y": [4.530083656311035, 0.10085717588663101, 4.610251426696777, 3.860626459121704, 4.318578243255615, 5.206115245819092], "params": [9.018206596374512, 0.25, 1.0, 10.050743103027344, 4.103705406188965, -3.990750789642334, 8.675325393676758]}