{"x": [0, 1, 2, 3, 4, 5], "y": [7.250621795654297, 1.6833359003067017, 7.194739818572998, 1.1351792812347412, 7.4694390296936035, 1.3111742734909058], "params": [11.371265411376953, 0.25, 1.0, 12.668519973754883]}