{"x": [0, 1, 2, 3, 4, 5], "y": [3.683519124984741, 0.8438708782196045, 4.127216815948486, 0.4686712622642517, 4.244758129119873, 0.6658574938774109], "params": [6.919735908508301, 0.25, 1.0, 7.552173614501953]}