{"x": [0, 1, 2, 3, 4, 5], "y": [7.408961772918701, 0.16380372643470764, 7.416519641876221, 0.0763574093580246, 7.691970348358154, -0.06316842138767242], "params": [14.167028427124023, 0.25, 1.0, 15.51027774810791]}