{"x": [0, 1, 2, 3, 4, 5], "y": [4.890488624572754, 0.8615251779556274, 5.262740135192871, 0.663284420967102, 5.153433322906494, 0.898797869682312], "params": [7.866942405700684, 0.25, 1.0, 9.198911666870117]}