{"x": [0, 1, 2, 3, 4, 5], "y": [3.3514761924743652, -0.06003493070602417, 3.2270970344543457, 0.427944153547287, 3.3157143592834473, 0.29990848898887634], "params": [5.689703941345215, 0.25, 1.0, 6.823022365570068]}