{"x": [0, 1, 2, 3, 4, 5], "y": [6.176131725311279, 1.1423802375793457, 5.982030391693115, 3.4712352752685547, 4.047551155090332, 4.418435573577881], "params": [9.853824615478516, 0.25, 1.0, 10.264463424682617, 2.059934616088867, -3.261845111846924, 4.073194980621338]}