{"x": [0, 1, 2, 3, 4, 5], "y": [5.966831207275391, 1.2277100086212158, 6.486443042755127, 4.177563667297363, 5.093745708465576, 6.208907127380371], "params": [9.459454536437988, 0.25, 1.0, 10.537688255310059, 4.8061113357543945, -2.214566469192505, 10.067792892456055]}