{"x": [0, 1, 2, 3, 4, 5], "y": [3.7244715690612793, 0.9218696355819702, 3.9398000240325928, 0.9457041621208191, 3.172494649887085, 0.8466467261314392], "params": [5.794999599456787, 0.25, 1.0, 6.186306476593018]}