{"x": [0, 1, 2, 3, 4, 5], "y": [7.039309501647949, 0.9873702526092529, 7.378748416900635, 6.228367805480957, 7.1199631690979, 8.459456443786621], "params": [13.05115795135498, 0.25, 1.0, 12.782756805419922, 4.1878981590271, 1.8196511268615723, 10.44555377960205]}