{"x": [0, 1, 2, 3, 4, 5], "y": [6.953925132751465, 1.9376821517944336, 6.6355180740356445, 1.6340974569320679, 6.5813422203063965, 1.4135267734527588], "params": [10.55108642578125, 0.25, 1.0, 11.08079719543457]}