{"x": [0, 1, 2, 3, 4, 5], "y": [5.310853004455566, 0.2016584724187851, 5.3417840003967285, 3.9452250003814697, 4.721193313598633, 5.888067245483398], "params": [9.581860542297363, 0.25, 1.0, 10.280251502990723, 4.818607807159424, -3.2929234504699707, 10.108935356140137]}