{"x": [0, 1, 2, 3, 4, 5], "y": [7.407291412353516, 1.1133400201797485, 7.228450775146484, 1.1720595359802246, 7.1024580001831055, 0.6905351877212524], "params": [12.300479888916016, 0.25, 1.0, 13.433512687683105]}