{"x": [0, 1, 2, 3, 4, 5], "y": [6.176131725311279, 1.1423802375793457, 5.982030391693115, 1.0439001321792603, 6.1638617515563965, 1.1945126056671143], "params": [9.853824615478516, 0.25, 1.0, 10.264463424682617]}