{"x": [0, 1, 2, 3, 4, 5], "y": [6.019349575042725, 1.3572890758514404, 5.813849449157715, 1.083854079246521, 5.091740131378174, 0.7493674755096436], "params": [9.666494369506836, 0.25, 1.0, 10.53996467590332]}