{"x": [0, 1, 2, 3, 4, 5], "y": [7.039309501647949, 0.9873702526092529, 7.378748416900635, 1.1734671592712402, 7.266489028930664, 1.0667377710342407], "params": [13.05115795135498, 0.25, 1.0, 12.782756805419922]}