{"x": [0, 1, 2, 3, 4, 5], "y": [3.215571880340576, 0.6440404653549194, 4.221872329711914, 5.3864874839782715, 6.346288681030273, 7.1402153968811035], "params": [7.021605968475342, 0.25, 1.0, 8.163755416870117, 4.605091571807861, 0.07856965065002441, 8.866461753845215]}