{"x": [0, 1, 2, 3, 4, 5], "y": [6.290637016296387, 1.0700480937957764, 6.525493621826172, 7.010530471801758, 8.080842018127441, 8.826753616333008], "params": [9.853618621826172, 0.25, 1.0, 11.231942176818848, 4.506515979766846, 3.4929327964782715, 8.638354301452637]}