{"x": [0, 1, 2, 3, 4, 5], "y": [5.591506004333496, 0.19925519824028015, 5.5703816413879395, 7.933947563171387, 8.42716121673584, 9.474355697631836], "params": [11.063424110412598, 0.25, 1.0, 11.261160850524902, 3.362643003463745, 4.996185302734375, 7.72412109375]}