{"x": [0, 1, 2, 3, 4, 5], "y": [4.194852828979492, 0.2691810727119446, 4.8126068115234375, 6.7389116287231445, 7.22538423538208, 7.853069305419922], "params": [8.639148712158203, 0.25, 1.0, 9.086851119995117, 3.038649559020996, 2.949920177459717, 5.15904426574707]}