{"x": [0, 1, 2, 3, 4, 5], "y": [4.9512810707092285, 0.410713255405426, 5.446323394775391, 0.46091416478157043, 5.962862968444824, 0.4872465431690216], "params": [9.82216739654541, 0.25, 1.0, 11.104299545288086]}