{"x": [0, 1, 2, 3, 4, 5], "y": [3.818129301071167, 0.6360180377960205, 4.035356521606445, 0.3825947046279907, 3.610629081726074, 0.8831623196601868], "params": [6.618818759918213, 0.25, 1.0, 7.305523872375488]}