{"x": [0, 1, 2, 3, 4, 5], "y": [7.217871189117432, 0.1374790370464325, 7.5239577293396, 0.272380530834198, 7.525598049163818, 0.3793332278728485], "params": [14.765395164489746, 0.25, 1.0, 14.776238441467285]}