{"x": [0, 1, 2, 3, 4, 5], "y": [7.746860504150391, 0.8872566819190979, 7.6668806076049805, 0.6481415629386902, 7.585867881774902, 0.11818298697471619], "params": [14.310260772705078, 0.25, 1.0, 15.257354736328125]}