{"x": [0, 1, 2, 3, 4, 5], "y": [7.549649715423584, 1.5869240760803223, 7.311962604522705, 1.7436074018478394, 8.023359298706055, 1.534404993057251], "params": [11.888805389404297, 0.25, 1.0, 12.977909088134766]}