{"x": [0, 1, 2, 3, 4, 5], "y": [4.952496528625488, 0.6398975253105164, 4.763223648071289, 0.6678692102432251, 5.487849712371826, 0.7141576409339905], "params": [9.043015480041504, 0.25, 1.0, 9.695904731750488]}