{"x": [0, 1, 2, 3, 4, 5], "y": [7.863216876983643, 1.8204106092453003, 7.6017327308654785, 5.583927631378174, 6.98189640045166, 7.789198398590088], "params": [11.83928108215332, 0.25, 1.0, 12.686676025390625, 4.3418402671813965, 0.18151938915252686, 9.37628173828125]}