{"x": [0, 1, 2, 3, 4, 5], "y": [6.4293365478515625, 1.3242579698562622, 6.050931453704834, 1.003281831741333, 6.0357232093811035, 1.2968320846557617], "params": [9.395537376403809, 0.25, 1.0, 10.852109909057617]}