{"x": [0, 1, 2, 3, 4, 5], "y": [6.506272792816162, 1.786736249923706, 6.657692909240723, 1.8172723054885864, 6.511280536651611, 1.76490318775177], "params": [9.774279594421387, 0.25, 1.0, 9.785579681396484]}