{"x": [0, 1, 2, 3, 4, 5], "y": [7.217871189117432, 0.1374790370464325, 7.5239577293396, 5.17019510269165, 6.135954856872559, 6.837223529815674], "params": [14.765395164489746, 0.25, 1.0, 14.776238441467285, 4.337172508239746, -0.5685436725616455, 8.832082748413086]}