{"x": [0, 1, 2, 3, 4, 5], "y": [6.824357032775879, 1.2000044584274292, 6.826359748840332, 7.370309352874756, 8.480971336364746, 9.9635009765625], "params": [11.625371932983398, 0.25, 1.0, 11.648972511291504, 4.268199920654297, 4.940630912780762, 10.075783729553223]}