{"x": [0, 1, 2, 3, 4, 5], "y": [4.142539024353027, 1.0890264511108398, 3.996511697769165, 0.5927793979644775, 4.153018951416016, 0.9930294752120972], "params": [6.28316593170166, 0.25, 1.0, 7.120479106903076]}