{"x": [0, 1, 2, 3, 4, 5], "y": [9.880143165588379, 2.3228611946105957, 9.857101440429688, 5.665276050567627, 6.502148628234863, 6.638657093048096], "params": [14.48708438873291, 0.25, 1.0, 15.237588882446289, 3.383845329284668, -0.022542476654052734, 6.030671119689941]}