{"x": [0, 1, 2, 3, 4, 5], "y": [5.473297119140625, 0.8942428827285767, 4.780280590057373, 4.181643962860107, 5.072439670562744, 5.922487735748291], "params": [8.560093879699707, 0.25, 1.0, 9.612920761108398, 4.357551097869873, -2.377469062805176, 8.311765670776367]}