{"x": [0, 1, 2, 3, 4, 5], "y": [5.392077445983887, 1.0278193950653076, 5.035953521728516, 1.2682549953460693, 5.165007591247559, 0.7985498905181885], "params": [8.011296272277832, 0.25, 1.0, 9.187055587768555]}