{"x": [0, 1, 2, 3, 4, 5], "y": [7.508594512939453, 0.19237834215164185, 6.947582721710205, 0.3545313775539398, 6.912191390991211, 0.3795969486236572], "params": [13.49077033996582, 0.25, 1.0, 14.632431983947754]}