{"x": [0, 1, 2, 3, 4, 5], "y": [4.6602606773376465, 0.5263301134109497, 5.347445487976074, 4.8465423583984375, 5.614928722381592, 6.417600154876709], "params": [9.765636444091797, 0.25, 1.0, 10.517587661743164, 4.558389663696289, -1.6290849447250366, 8.792398452758789]}