{"x": [0, 1, 2, 3, 4, 5], "y": [6.630058765411377, 1.2917184829711914, 6.65800666809082, 6.8764262199401855, 7.7611541748046875, 8.809479713439941], "params": [10.689193725585938, 0.25, 1.0, 11.405556678771973, 4.30466890335083, 3.553476333618164, 8.760891914367676]}