{"x": [0, 1, 2, 3, 4, 5], "y": [3.5226123332977295, 0.4451158344745636, 3.466590642929077, 0.6335508823394775, 3.7254295349121094, 0.6471619606018066], "params": [5.805336952209473, 0.25, 1.0, 6.560627460479736]}