{"x": [0, 1, 2, 3, 4, 5], "y": [4.041965007781982, 0.2194526046514511, 3.6232681274414062, 0.26823240518569946, 3.9325482845306396, 0.5462026596069336], "params": [7.288361072540283, 0.25, 1.0, 7.64502477645874]}