{"x": [0, 1, 2, 3, 4, 5], "y": [6.726648807525635, 1.3256397247314453, 6.701025485992432, 1.2802473306655884, 6.910401344299316, 1.223487138748169], "params": [10.642329216003418, 0.25, 1.0, 11.373828887939453]}