{"x": [0, 1, 2, 3, 4, 5], "y": [5.627348899841309, 0.3373784124851227, 5.700683116912842, 0.37599605321884155, 5.7592363357543945, 0.6734576225280762], "params": [10.501968383789062, 0.25, 1.0, 10.84371566772461]}