{"x": [0, 1, 2, 3, 4, 5], "y": [5.473297119140625, 0.8942428827285767, 4.780280590057373, 0.7046915292739868, 5.266383647918701, 0.6668367385864258], "params": [8.560093879699707, 0.25, 1.0, 9.612920761108398]}