{"x": [0, 1, 2, 3, 4, 5], "y": [5.092785835266113, 0.7667630910873413, 5.193215370178223, 0.95255446434021, 5.224550247192383, 0.9789729714393616], "params": [7.53848934173584, 0.25, 1.0, 8.915574073791504]}