{"x": [0, 1, 2, 3, 4, 5], "y": [8.024015426635742, 1.7796531915664673, 7.924952507019043, 1.8250923156738281, 8.614009857177734, 1.825857400894165], "params": [12.429835319519043, 0.25, 1.0, 13.668713569641113]}