{"x": [0, 1, 2, 3, 4, 5], "y": [4.480358600616455, -0.06305515766143799, 4.410935878753662, 0.12251828610897064, 4.635478973388672, 0.10138440132141113], "params": [7.916475296020508, 0.25, 1.0, 9.39706802368164]}