{"x": [0, 1, 2, 3, 4, 5], "y": [5.376190185546875, 1.061185598373413, 4.926165580749512, 4.404952526092529, 5.0710906982421875, 5.522574424743652], "params": [8.045487403869629, 0.25, 1.0, 9.017989158630371, 3.1691036224365234, -1.3332384824752808, 5.922663688659668]}