{"x": [0, 1, 2, 3, 4, 5], "y": [7.810911655426025, 1.2565116882324219, 7.813682556152344, 1.5864183902740479, 8.066316604614258, 1.3393365144729614], "params": [13.045356750488281, 0.25, 1.0, 13.619609832763672]}