{"x": [0, 1, 2, 3, 4, 5], "y": [7.536447048187256, 1.009232759475708, 7.582549095153809, 1.0275225639343262, 7.529995918273926, 1.2369163036346436], "params": [12.688421249389648, 0.25, 1.0, 13.14663314819336]}