{"x": [0, 1, 2, 3, 4, 5], "y": [5.982891082763672, 0.9262305498123169, 5.568131923675537, 0.899398148059845, 5.786438465118408, 1.028538703918457], "params": [9.978639602661133, 0.25, 1.0, 10.166985511779785]}