{"x": [0, 1, 2, 3, 4, 5], "y": [7.196041107177734, 1.5903959274291992, 7.567439556121826, 3.3932600021362305, 3.901305675506592, 5.405265808105469], "params": [11.666742324829102, 0.25, 1.0, 12.595059394836426, 4.440999984741211, -4.046711444854736, 9.426656723022461]}