{"x": [0, 1, 2, 3, 4, 5], "y": [6.656558513641357, 1.5455409288406372, 6.404745578765869, 6.201724052429199, 6.643771171569824, 7.2744598388671875], "params": [9.950711250305176, 0.25, 1.0, 10.22203540802002, 3.4828014373779297, 1.3037383556365967, 6.914945125579834]}