{"x": [0, 1, 2, 3, 4, 5], "y": [4.363320827484131, 1.0274263620376587, 5.040676116943359, 2.845345973968506, 3.3400707244873047, 4.252349376678467], "params": [6.839680194854736, 0.25, 1.0, 8.02649974822998, 2.610058069229126, -4.156525135040283, 4.663334846496582]}