{"x": [0, 1, 2, 3, 4, 5], "y": [7.810911655426025, 1.2565116882324219, 7.813682556152344, 7.128419399261475, 8.167645454406738, 8.55418872833252], "params": [13.045356750488281, 0.25, 1.0, 13.619609832763672, 4.331076622009277, 3.379817008972168, 8.00175952911377]}