{"x": [0, 1, 2, 3, 4, 5], "y": [3.215571880340576, 0.6440404653549194, 4.221872329711914, 0.13999485969543457, 3.376241683959961, 0.5003007650375366], "params": [7.021605968475342, 0.25, 1.0, 8.163755416870117]}