{"x": [0, 1, 2, 3, 4, 5], "y": [4.530083656311035, 0.10085717588663101, 4.610251426696777, 0.17613893747329712, 4.880123615264893, -0.14524775743484497], "params": [9.018206596374512, 0.25, 1.0, 10.050743103027344]}