{"x": [0, 1, 2, 3, 4, 5], "y": [8.505038261413574, 1.5586720705032349, 8.31598949432373, 1.6775760650634766, 8.708833694458008, 1.7088358402252197], "params": [13.792940139770508, 0.25, 1.0, 14.300323486328125]}