{"x": [0, 1, 2, 3, 4, 5], "y": [6.1115851402282715, 1.4965887069702148, 5.784101486206055, 0.9392065405845642, 6.462777137756348, 1.337127685546875], "params": [10.408061027526855, 0.25, 1.0, 11.047141075134277]}