{"x": [0, 1, 2, 3, 4, 5], "y": [7.0249810218811035, 1.4284874200820923, 6.808688640594482, 4.928877830505371, 5.089930534362793, 5.731246471405029], "params": [11.13418960571289, 0.25, 1.0, 11.192987442016602, 2.3886144161224365, -0.7164186239242554, 4.583430290222168]}