{"x": [0, 1, 2, 3, 4, 5], "y": [7.536447048187256, 1.009232759475708, 7.582549095153809, 6.747272491455078, 7.827545642852783, 8.203140258789062], "params": [12.688421249389648, 0.25, 1.0, 13.14663314819336, 4.0102949142456055, 3.3827412128448486, 7.470890998840332]}