{"x": [0, 1, 2, 3, 4, 5], "y": [4.703659534454346, 0.28690794110298157, 4.586136817932129, 4.736486434936523, 5.157634735107422, 6.043996810913086], "params": [8.811322212219238, 0.25, 1.0, 9.792771339416504, 4.441379547119141, -2.034435749053955, 8.503070831298828]}