{"x": [0, 1, 2, 3, 4, 5], "y": [5.376190185546875, 1.061185598373413, 4.926165580749512, 1.0691790580749512, 5.426915168762207, 0.917920708656311], "params": [8.045487403869629, 0.25, 1.0, 9.017989158630371]}