{"x": [0, 1, 2, 3, 4, 5], "y": [5.092785835266113, 0.7667630910873413, 5.193215370178223, 7.220344543457031, 7.971378326416016, 8.251643180847168], "params": [7.53848934173584, 0.25, 1.0, 8.915574073791504, 3.310941219329834, 3.2421345710754395, 6.1676836013793945]}