{"x": [0, 1, 2, 3, 4, 5], "y": [4.890488624572754, 0.8615251779556274, 5.262740135192871, 6.7618842124938965, 8.22562313079834, 9.216111183166504], "params": [7.866942405700684, 0.25, 1.0, 9.198911666870117, 4.661018371582031, 3.1047415733337402, 10.448745727539062]}