{"x": [0, 1, 2, 3, 4, 5], "y": [3.7467851638793945, 0.4887843132019043, 3.7139320373535156, 0.4207184314727783, 3.4498884677886963, 1.0964393615722656], "params": [6.163315773010254, 0.25, 1.0, 6.652133464813232]}