{"x": [0, 1, 2, 3, 4, 5], "y": [3.818129301071167, 0.6360180377960205, 4.035356521606445, 5.824121952056885, 6.977075099945068, 7.286833763122559], "params": [6.618818759918213, 0.25, 1.0, 7.305523872375488, 3.2434210777282715, 1.2991714477539062, 6.471390724182129]}