{"x": [0, 1, 2, 3, 4, 5], "y": [6.1024699211120605, 1.1283259391784668, 6.066701412200928, 6.211758136749268, 6.697302341461182, 7.824007511138916], "params": [9.82841682434082, 0.25, 1.0, 10.849552154541016, 4.14567232131958, 1.2841230630874634, 8.254030227661133]}