{"x": [0, 1, 2, 3, 4, 5], "y": [3.982447624206543, 0.534412682056427, 3.7201786041259766, 0.30386078357696533, 3.8637213706970215, 0.9598623514175415], "params": [5.636263847351074, 0.25, 1.0, 7.357173919677734]}