{"x": [0, 1, 2, 3, 4, 5], "y": [5.669242858886719, 0.09860619902610779, 5.529131889343262, 3.7654545307159424, 4.5711445808410645, 5.3801774978637695], "params": [10.724090576171875, 0.25, 1.0, 11.60109806060791, 2.711859703063965, -3.0419349670410156, 6.708034992218018]}