{"x": [0, 1, 2, 3, 4, 5], "y": [6.524056911468506, 0.385526180267334, 6.4406657218933105, 0.5683584213256836, 6.3734259605407715, 0.5833458304405212], "params": [11.047006607055664, 0.25, 1.0, 12.277061462402344]}