{"x": [0, 1, 2, 3, 4, 5], "y": [6.953925132751465, 1.9376821517944336, 6.6355180740356445, 3.2883057594299316, 4.155460834503174, 4.763424396514893], "params": [10.55108642578125, 0.25, 1.0, 11.08079719543457, 3.605902671813965, -4.045576095581055, 6.871775150299072]}