{"x": [0, 1, 2, 3, 4, 5], "y": [5.966831207275391, 1.2277100086212158, 6.486443042755127, 1.47633957862854, 6.435427665710449, 1.2175989151000977], "params": [9.459454536437988, 0.25, 1.0, 10.537688255310059]}