{"x": [0, 1, 2, 3, 4, 5], "y": [5.619367599487305, 0.6438197493553162, 5.019048690795898, 6.641428470611572, 7.525661468505859, 8.422212600708008], "params": [10.092869758605957, 0.25, 1.0, 10.504441261291504, 4.209319114685059, 2.817227840423584, 8.253533363342285]}