{"x": [0, 1, 2, 3, 4, 5], "y": [5.982891082763672, 0.9262305498123169, 5.568131923675537, 4.893088340759277, 5.1109185218811035, 5.5833539962768555], "params": [9.978639602661133, 0.25, 1.0, 10.166985511779785, 2.6681201457977295, -1.0688406229019165, 4.988950252532959]}