{"x": [0, 1, 2, 3, 4, 5], "y": [4.9512810707092285, 0.410713255405426, 5.446323394775391, 5.677667140960693, 6.280036926269531, 8.065794944763184], "params": [9.82216739654541, 0.25, 1.0, 11.104299545288086, 4.537844657897949, 0.34376025199890137, 9.893074035644531]}