{"x": [0, 1, 2, 3, 4, 5], "y": [9.226546287536621, 1.9486194849014282, 8.195987701416016, 5.760435581207275, 7.250727653503418, 7.214831829071045], "params": [13.682567596435547, 0.25, 1.0, 15.241155624389648, 3.8930063247680664, 1.1315977573394775, 6.917018413543701]}