{"x": [0, 1, 2, 3, 4, 5], "y": [6.5780863761901855, 0.7288222312927246, 7.2335205078125, 7.032546520233154, 7.799591064453125, 8.671598434448242], "params": [12.345392227172852, 0.25, 1.0, 13.43726921081543, 4.605630874633789, 2.7061879634857178, 9.858840942382812]}