{"x": [0, 1, 2, 3, 4, 5], "y": [7.200618743896484, 1.0965325832366943, 7.260308265686035, 0.6314435601234436, 7.096026420593262, 0.6600537300109863], "params": [13.485891342163086, 0.25, 1.0, 13.257729530334473]}