{"x": [0, 1, 2, 3, 4, 5], "y": [7.863216876983643, 1.8204106092453003, 7.6017327308654785, 1.5198789834976196, 7.380861282348633, 1.723137617111206], "params": [11.83928108215332, 0.25, 1.0, 12.686676025390625]}