{"x": [0, 1, 2, 3, 4, 5], "y": [6.630058765411377, 1.2917184829711914, 6.65800666809082, 1.320685863494873, 6.807511329650879, 1.1047331094741821], "params": [10.689193725585938, 0.25, 1.0, 11.405556678771973]}