{"x": [0, 1, 2, 3, 4, 5], "y": [4.6892008781433105, -0.260047972202301, 4.534900665283203, -0.0006142109632492065, 4.758577823638916, 0.13511605560779572], "params": [9.175897598266602, 0.25, 1.0, 10.037251472473145]}