{"x": [0, 1, 2, 3, 4, 5], "y": [7.196041107177734, 1.5903959274291992, 7.567439556121826, 1.9453364610671997, 7.736907005310059, 1.4393771886825562], "params": [11.666742324829102, 0.25, 1.0, 12.595059394836426]}