{"x": [0, 1, 2, 3, 4, 5], "y": [6.1115851402282715, 1.4965887069702148, 5.784101486206055, 4.212090492248535, 4.581642150878906, 5.116189956665039], "params": [10.408061027526855, 0.25, 1.0, 11.047141075134277, 2.4126741886138916, -2.0730881690979004, 4.639123916625977]}