{"x": [0, 1, 2, 3, 4, 5], "y": [4.3454484939575195, 0.7046763896942139, 4.9517621994018555, 3.557638645172119, 4.122476577758789, 4.790022850036621], "params": [7.36985445022583, 0.25, 1.0, 8.494171142578125, 3.456448554992676, -3.778282403945923, 6.286737442016602]}