{"x": [0, 1, 2, 3, 4, 5], "y": [7.407291412353516, 1.1133400201797485, 7.228450775146484, 3.2315096855163574, 3.5337748527526855, 4.849553108215332], "params": [12.300479888916016, 0.25, 1.0, 13.433512687683105, 4.619172096252441, -4.966300964355469, 9.362214088439941]}