{"x": [0, 1, 2, 3, 4, 5], "y": [4.703659534454346, 0.28690794110298157, 4.586136817932129, 0.45775675773620605, 5.073668956756592, 0.1772834062576294], "params": [8.811322212219238, 0.25, 1.0, 9.792771339416504]}