{"x": [0, 1, 2, 3, 4, 5], "y": [8.024015426635742, 1.7796531915664673, 7.924952507019043, 6.242579936981201, 7.0382256507873535, 7.7168989181518555], "params": [12.429835319519043, 0.25, 1.0, 13.668713569641113, 4.052255630493164, 1.288529634475708, 8.12028694152832]}