{"x": [0, 1, 2, 3, 4, 5], "y": [4.6892008781433105, -0.260047972202301, 4.534900665283203, 5.138314723968506, 5.672926425933838, 5.782630920410156], "params": [9.175897598266602, 0.25, 1.0, 10.037251472473145, 2.575521469116211, -0.6932991743087769, 5.153181552886963]}