{"x": [0, 1, 2, 3, 4, 5], "y": [5.548385143280029, 0.921013355255127, 5.785303592681885, 0.7134589552879333, 5.490005970001221, 0.7144407033920288], "params": [9.082561492919922, 0.25, 1.0, 10.143689155578613]}