{"x": [0, 1, 2, 3, 4, 5], "y": [3.7467851638793945, 0.4887843132019043, 3.7139320373535156, 5.089133262634277, 5.4542646408081055, 6.198339462280273], "params": [6.163315773010254, 0.25, 1.0, 6.652133464813232, 2.9069862365722656, -0.09912848472595215, 6.0212578773498535]}