{"x": [0, 1, 2, 3, 4, 5], "y": [4.363320827484131, 1.0274263620376587, 5.040676116943359, 1.1518666744232178, 4.6813554763793945, 1.049306869506836], "params": [6.839680194854736, 0.25, 1.0, 8.02649974822998]}