{"x": [0, 1, 2, 3, 4, 5], "y": [4.576584815979004, 0.19804665446281433, 4.746897220611572, 3.267282724380493, 3.7200193405151367, 4.2327470779418945], "params": [8.072210311889648, 0.25, 1.0, 9.097701072692871, 2.0586581230163574, -3.8922882080078125, 4.245392799377441]}