{"x": [0, 1, 2, 3, 4, 5], "y": [6.3422980308532715, 0.09654679894447327, 6.623631954193115, 0.39524057507514954, 6.313455581665039, 0.49443209171295166], "params": [11.961562156677246, 0.25, 1.0, 13.054170608520508]}