{"x": [0, 1, 2, 3, 4, 5], "y": [5.619367599487305, 0.6438197493553162, 5.019048690795898, 0.36714696884155273, 5.48994255065918, 0.6572957038879395], "params": [10.092869758605957, 0.25, 1.0, 10.504441261291504]}