{"x": [0, 1, 2, 3, 4, 5], "y": [6.543873310089111, 0.614054799079895, 6.725467681884766, 5.159369945526123, 5.628438472747803, 6.402242183685303], "params": [10.574734687805176, 0.25, 1.0, 12.22282600402832, 4.1562581062316895, -1.0958892107009888, 8.376965522766113]}