{"x": [0, 1, 2, 3, 4, 5], "y": [7.508594512939453, 0.19237834215164185, 6.947582721710205, 4.432074546813965, 5.524030685424805, 6.527234077453613], "params": [13.49077033996582, 0.25, 1.0, 14.632431983947754, 4.176324367523193, -0.8885467052459717, 7.765174388885498]}