{"x": [0, 1, 2, 3, 4, 5], "y": [4.401663780212402, -0.10384447872638702, 4.380911827087402, 5.367282390594482, 5.875059604644775, 6.592885971069336], "params": [9.004622459411621, 0.25, 1.0, 9.572595596313477, 2.4325599670410156, 0.3045237064361572, 5.523890972137451]}