{"x": [0, 1, 2, 3, 4, 5], "y": [5.548385143280029, 0.921013355255127, 5.785303592681885, 3.1162848472595215, 3.5634188652038574, 4.118666648864746], "params": [9.082561492919922, 0.25, 1.0, 10.143689155578613, 2.4919590950012207, -3.9018547534942627, 4.583580493927002]}