{"x": [0, 1, 2, 3, 4, 5], "y": [6.290637016296387, 1.0700480937957764, 6.525493621826172, 0.909522533416748, 6.162619590759277, 1.3517426252365112], "params": [9.853618621826172, 0.25, 1.0, 11.231942176818848]}