{"x": [0, 1, 2, 3, 4, 5], "y": [4.6837477684021, 0.8530353307723999, 4.4229536056518555, 3.195406675338745, 4.2482733726501465, 4.357435703277588], "params": [7.752089500427246, 0.25, 1.0, 8.385787963867188, 3.4054388999938965, -4.271795272827148, 6.893420219421387]}