{"x": [0, 1, 2, 3, 4, 5], "y": [8.382424354553223, 1.7014644145965576, 8.47617244720459, 1.263169765472412, 8.40470027923584, 1.1842197179794312], "params": [14.225910186767578, 0.25, 1.0, 14.583905220031738]}