{"x": [0, 1, 2, 3, 4, 5], "y": [7.200618743896484, 1.0965325832366943, 7.260308265686035, 6.146480560302734, 6.345033168792725, 7.447652339935303], "params": [13.485891342163086, 0.25, 1.0, 13.257729530334473, 3.434591770172119, 1.084555983543396, 7.7866740226745605]}