{"x": [0, 1, 2, 3, 4, 5], "y": [5.310853004455566, 0.2016584724187851, 5.3417840003967285, 0.3597105145454407, 5.291762351989746, 0.4970089793205261], "params": [9.581860542297363, 0.25, 1.0, 10.280251502990723]}