{"x": [0, 1, 2, 3, 4, 5], "y": [7.746860504150391, 0.8872566819190979, 7.6668806076049805, 7.086557388305664, 7.836337566375732, 8.735507011413574], "params": [14.310260772705078, 0.25, 1.0, 15.257354736328125, 4.750699996948242, 3.257648468017578, 9.157075881958008]}