{"x": [0, 1, 2, 3, 4, 5], "y": [5.591506004333496, 0.19925519824028015, 5.5703816413879395, -0.039074406027793884, 5.2548394203186035, 0.12386104464530945], "params": [11.063424110412598, 0.25, 1.0, 11.261160850524902]}