{"x": [0, 1, 2, 3, 4, 5], "y": [6.3422980308532715, 0.09654679894447327, 6.623631954193115, 7.176003932952881, 7.942086219787598, 8.283747673034668], "params": [11.961562156677246, 0.25, 1.0, 13.054170608520508, 3.937601089477539, 3.6608242988586426, 6.284335136413574]}