{"x": [0, 1, 2, 3, 4, 5], "y": [3.3514761924743652, -0.06003493070602417, 3.2270970344543457, 7.725100040435791, 7.887077808380127, 8.845846176147461], "params": [5.689703941345215, 0.25, 1.0, 6.823022365570068, 3.1787726879119873, 4.543325424194336, 6.90969181060791]}