{"x": [0, 1, 2, 3, 4, 5], "y": [6.726648807525635, 1.3256397247314453, 6.701025485992432, 5.7022705078125, 5.990716457366943, 7.050951957702637], "params": [10.642329216003418, 0.25, 1.0, 11.373828887939453, 3.6529531478881836, 0.29524385929107666, 7.634763240814209]}