{"x": [0, 1, 2, 3, 4, 5], "y": [6.724771976470947, 0.7310771942138672, 6.883732795715332, 0.6361987590789795, 6.821760654449463, 0.9849264025688171], "params": [11.336605072021484, 0.25, 1.0, 12.495067596435547]}