{"x": [0, 1, 2, 3, 4, 5], "y": [6.019349575042725, 1.3572890758514404, 5.813849449157715, 6.833924770355225, 7.607017517089844, 8.205421447753906], "params": [9.666494369506836, 0.25, 1.0, 10.53996467590332, 3.544642925262451, 2.7719717025756836, 7.919645309448242]}