{"x": [0, 1, 2, 3, 4, 5], "y": [4.194852828979492, 0.2691810727119446, 4.8126068115234375, 0.4785955548286438, 4.565179824829102, 0.9741537570953369], "params": [8.639148712158203, 0.25, 1.0, 9.086851119995117]}