{"x": [0, 1, 2, 3, 4, 5], "y": [5.906965732574463, 0.29474738240242004, 5.629263401031494, 5.223145484924316, 5.230507850646973, 6.231684684753418], "params": [11.482341766357422, 0.25, 1.0, 11.70519733428955, 2.0130796432495117, -0.03087162971496582, 4.766300678253174]}