{"x": [0, 1, 2, 3, 4, 5], "y": [6.399409294128418, 0.36633503437042236, 6.3530426025390625, 0.688592791557312, 6.5413665771484375, 0.15902075171470642], "params": [12.579846382141113, 0.25, 1.0, 12.764691352844238]}