{"x": [0, 1, 2, 3, 4, 5], "y": [3.6562318801879883, 0.448619544506073, 3.2270336151123047, 0.6471447944641113, 3.233832597732544, 0.47463059425354004], "params": [5.409811019897461, 0.25, 1.0, 6.415224552154541]}