{"x": [0, 1, 2, 3, 4, 5], "y": [5.906965732574463, 0.29474738240242004, 5.629263401031494, 0.09946595877408981, 5.814676761627197, 0.054367080330848694], "params": [11.482341766357422, 0.25, 1.0, 11.70519733428955]}