{"x": [0, 1, 2, 3, 4, 5], "y": [8.797883033752441, 1.8272699117660522, 8.615031242370605, 1.871853232383728, 8.482468605041504, 2.0360774993896484], "params": [13.709510803222656, 0.25, 1.0, 13.9412260055542]}