{"x": [0, 1, 2, 3, 4, 5], "y": [4.046152591705322, -0.04562116786837578, 4.23067045211792, 4.3937907218933105, 4.405704498291016, 4.685191631317139], "params": [8.473566055297852, 0.25, 1.0, 8.552583694458008, 2.219412326812744, -2.831695556640625, 4.866552352905273]}