{"x": [0, 1, 2, 3, 4, 5], "y": [6.862669944763184, 0.4682543873786926, 7.749700546264648, 6.838395118713379, 7.052746295928955, 8.02857780456543], "params": [13.600553512573242, 0.25, 1.0, 14.562891960144043, 3.2709412574768066, 2.7804641723632812, 6.105982780456543]}