{"x": [0, 1, 2, 3, 4, 5], "y": [6.656558513641357, 1.5455409288406372, 6.404745578765869, 1.6022372245788574, 6.166382789611816, 1.7783043384552002], "params": [9.950711250305176, 0.25, 1.0, 10.22203540802002]}