{"x": [0, 1, 2, 3, 4, 5], "y": [5.481853485107422, 0.5586445927619934, 5.257515907287598, 4.538607597351074, 5.115699291229248, 5.491163730621338], "params": [9.183542251586914, 0.25, 1.0, 9.846417427062988, 3.7067136764526367, -2.1487319469451904, 7.344361305236816]}