{"x": [0, 1, 2, 3, 4, 5], "y": [4.041965007781982, 0.2194526046514511, 3.6232681274414062, 5.064068794250488, 5.206038951873779, 6.2805280685424805], "params": [7.288361072540283, 0.25, 1.0, 7.64502477645874, 2.4246907234191895, -0.12291789054870605, 5.483066558837891]}