{"x": [0, 1, 2, 3, 4, 5], "y": [7.408961772918701, 0.16380372643470764, 7.416519641876221, 4.0869317054748535, 4.635944366455078, 5.7823872566223145], "params": [14.167028427124023, 0.25, 1.0, 15.51027774810791, 2.949740171432495, -1.952778697013855, 6.714827537536621]}