{"x": [0, 1, 2, 3, 4, 5], "y": [9.880143165588379, 2.3228611946105957, 9.857101440429688, 2.551114797592163, 9.753278732299805, 2.2613484859466553], "params": [14.48708438873291, 0.25, 1.0, 15.237588882446289]}