{"x": [0, 1, 2, 3, 4, 5], "y": [5.189313888549805, 0.229253888130188, 4.951831340789795, 8.0897855758667, 8.855509757995605, 10.080246925354004], "params": [10.041242599487305, 0.25, 1.0, 10.90478229522705, 4.484264850616455, 4.905233383178711, 9.457077980041504]}