{"x": [0, 1, 2, 3, 4, 5], "y": [6.862669944763184, 0.4682543873786926, 7.749700546264648, 0.8041607141494751, 7.680941581726074, 0.6992000341415405], "params": [13.600553512573242, 0.25, 1.0, 14.562891960144043]}