{"x": [0, 1, 2, 3, 4, 5], "y": [3.773463726043701, 0.45427125692367554, 3.404467821121216, 0.6195043921470642, 3.888131618499756, 0.32953810691833496], "params": [6.014426231384277, 0.25, 1.0, 7.117187023162842]}