{"x": [0, 1, 2, 3, 4, 5], "y": [5.634983539581299, 0.8906682133674622, 5.225474834442139, 0.5590220093727112, 5.422764301300049, 0.4392627775669098], "params": [9.435702323913574, 0.25, 1.0, 10.391441345214844]}