{"x": [0, 1, 2, 3, 4, 5], "y": [4.6602606773376465, 0.5263301134109497, 5.347445487976074, 0.08865148574113846, 5.204594135284424, 0.2457166165113449], "params": [9.765636444091797, 0.25, 1.0, 10.517587661743164]}