{"x": [0, 1, 2, 3, 4, 5], "y": [6.506272792816162, 1.786736249923706, 6.657692909240723, 3.9745359420776367, 5.062714576721191, 5.920515537261963], "params": [9.774279594421387, 0.25, 1.0, 9.785579681396484, 2.976929187774658, -2.452700614929199, 7.5735626220703125]}