{"x": [0, 1, 2, 3, 4, 5], "y": [6.590489387512207, 0.6527389287948608, 6.8810248374938965, 0.5313456654548645, 6.542377948760986, 0.9019863605499268], "params": [12.359274864196777, 0.25, 1.0, 12.699357986450195]}