{"x": [0, 1, 2, 3, 4, 5], "y": [4.5649189949035645, 0.04801848530769348, 4.656155109405518, 0.3388242721557617, 5.06063985824585, 0.3920416235923767], "params": [8.93476676940918, 0.25, 1.0, 10.025242805480957]}