{"x": [0, 1, 2, 3, 4, 5], "y": [4.923044204711914, 1.2007116079330444, 5.213810920715332, 0.9196475148200989, 4.69602108001709, 0.838349461555481], "params": [8.205681800842285, 0.25, 1.0, 8.750923156738281]}