{"x": [0, 1, 2, 3, 4, 5], "y": [7.68604850769043, 0.49662306904792786, 7.5890326499938965, 6.623909950256348, 7.448690891265869, 8.196989059448242], "params": [13.919316291809082, 0.25, 1.0, 14.952449798583984, 4.8354339599609375, 2.2535526752471924, 8.36312484741211]}