{"x": [0, 1, 2, 3, 4, 5], "y": [5.189313888549805, 0.229253888130188, 4.951831340789795, 0.07471047341823578, 5.474362850189209, 0.02197181060910225], "params": [10.041242599487305, 0.25, 1.0, 10.90478229522705]}