{"x": [0, 1, 2, 3, 4, 5], "y": [5.447994709014893, 0.6357359290122986, 5.187760829925537, 6.239560127258301, 6.820346832275391, 7.579449653625488], "params": [9.4339599609375, 0.25, 1.0, 10.138468742370605, 3.749000072479248, 1.3572871685028076, 7.8311309814453125]}