{"x": [0, 1, 2, 3, 4, 5], "y": [4.576584815979004, 0.19804665446281433, 4.746897220611572, 0.44053366780281067, 4.386526107788086, 0.7752947807312012], "params": [8.072210311889648, 0.25, 1.0, 9.097701072692871]}