{"x": [0, 1, 2, 3, 4, 5], "y": [4.923044204711914, 1.2007116079330444, 5.213810920715332, 4.57726526260376, 5.4050397872924805, 5.506563186645508], "params": [8.205681800842285, 0.25, 1.0, 8.750923156738281, 3.234997510910034, -1.1191368103027344, 6.30661153793335]}