{"x": [0, 1, 2, 3, 4, 5], "y": [4.46333122253418, 1.0797778367996216, 4.839925765991211, 6.604130744934082, 7.967559337615967, 8.748374938964844], "params": [7.306841850280762, 0.25, 1.0, 8.42904281616211, 4.241439342498779, 3.2248239517211914, 8.108423233032227]}