{"x": [0, 1, 2, 3, 4, 5], "y": [7.7531938552856445, 1.4723451137542725, 7.670244216918945, 6.950845241546631, 7.919878005981445, 8.34312915802002], "params": [12.302328109741211, 0.25, 1.0, 13.422994613647461, 2.4660158157348633, 4.19096040725708, 5.5539045333862305]}