{"x": [0, 1, 2, 3, 4, 5], "y": [4.142539024353027, 1.0890264511108398, 3.996511697769165, 5.238439559936523, 5.981886863708496, 6.7265119552612305], "params": [6.28316593170166, 0.25, 1.0, 7.120479106903076, 3.5284416675567627, -0.21094202995300293, 7.385626792907715]}