{"x": [0, 1, 2, 3, 4, 5], "y": [9.333271980285645, 2.257877826690674, 9.312188148498535, 2.6249356269836426, 3.4154953956604004, 3.797886610031128], "params": [14.511380195617676, 0.25, 1.0, 14.755927085876465, 2.3397409915924072, -4.88373327255249, 4.886244773864746]}