{"x": [0, 1, 2, 3, 4, 5], "y": [4.401663780212402, -0.10384447872638702, 4.380911827087402, 0.31288638710975647, 4.682453155517578, 0.1787624955177307], "params": [9.004622459411621, 0.25, 1.0, 9.572595596313477]}