{"x": [0, 1, 2, 3, 4, 5], "y": [3.982447624206543, 0.534412682056427, 3.7201786041259766, 5.919634819030762, 6.051698207855225, 6.1977386474609375], "params": [5.636263847351074, 0.25, 1.0, 7.357173919677734, 2.0590288639068604, 1.4831918478012085, 2.7190303802490234]}