{"x": [0, 1, 2, 3, 4, 5], "y": [3.8526482582092285, -0.1326364129781723, 3.7162601947784424, 4.415228366851807, 5.553348541259766, 6.210820198059082], "params": [7.746865272521973, 0.25, 1.0, 8.53610897064209, 4.047617435455322, -1.554669737815857, 8.181914329528809]}