{"x": [0, 1, 2, 3, 4, 5], "y": [9.226546287536621, 1.9486194849014282, 8.195987701416016, 1.6059684753417969, 8.831073760986328, 2.08171010017395], "params": [13.682567596435547, 0.25, 1.0, 15.241155624389648]}