{"x": [0, 1, 2, 3, 4, 5], "y": [3.297029972076416, 1.0913677215576172, 2.6494569778442383, 0.6630898714065552, 3.315605878829956, 0.8411706686019897], "params": [5.115851402282715, 0.25, 1.0, 5.305031776428223]}