{"x": [0, 1, 2, 3, 4, 5], "y": [4.952496528625488, 0.6398975253105164, 4.763223648071289, 3.13458514213562, 4.154340744018555, 4.561256408691406], "params": [9.043015480041504, 0.25, 1.0, 9.695904731750488, 2.9451370239257812, -3.491103172302246, 5.158048629760742]}