{"x": [0, 1, 2, 3, 4, 5], "y": [8.858780860900879, 1.3587244749069214, 8.89262866973877, 1.898247480392456, 8.887016296386719, 1.7356144189834595], "params": [14.68384075164795, 0.25, 1.0, 15.067808151245117]}