{"x": [0, 1, 2, 3, 4, 5], "y": [5.11741304397583, 0.5422836542129517, 5.438564777374268, 0.6826014518737793, 5.62040901184082, 0.7796419262886047], "params": [9.847672462463379, 0.25, 1.0, 10.156250953674316]}