{"x": [0, 1, 2, 3, 4, 5], "y": [7.885278224945068, 1.4529637098312378, 7.5497727394104, 1.5064808130264282, 7.3197479248046875, 1.4237877130508423], "params": [12.439456939697266, 0.25, 1.0, 12.922981262207031]}