{"x": [0, 1, 2, 3, 4, 5], "y": [8.858780860900879, 1.3587244749069214, 8.89262866973877, 7.201992988586426, 7.6124348640441895, 7.816009521484375], "params": [14.68384075164795, 0.25, 1.0, 15.067808151245117, 2.272386074066162, 3.9014368057250977, 3.937692642211914]}