{"x": [0, 1, 2, 3, 4, 5], "y": [7.549649715423584, 1.5869240760803223, 7.311962604522705, 6.4959306716918945, 7.8718156814575195, 8.470819473266602], "params": [11.888805389404297, 0.25, 1.0, 12.977909088134766, 3.677781820297241, 3.0027823448181152, 8.348237991333008]}