{"x": [0, 1, 2, 3, 4, 5], "y": [4.480358600616455, -0.06305515766143799, 4.410935878753662, 6.662622451782227, 7.37715482711792, 7.886898994445801], "params": [7.916475296020508, 0.25, 1.0, 9.39706802368164, 2.1808018684387207, 2.6422266960144043, 4.933463096618652]}