{"x": [0, 1, 2, 3, 4, 5], "y": [3.297029972076416, 1.0913677215576172, 2.6494569778442383, 7.206986427307129, 7.966678619384766, 8.664205551147461], "params": [5.115851402282715, 0.25, 1.0, 5.305031776428223, 2.8678629398345947, 3.917398452758789, 5.891077041625977]}