{"x": [0, 1, 2, 3, 4, 5], "y": [4.466743469238281, -0.15265293419361115, 4.752974510192871, 5.549218654632568, 6.125085830688477, 6.416269302368164], "params": [8.74810791015625, 0.25, 1.0, 9.811254501342773, 2.7319021224975586, 0.32592058181762695, 4.979510307312012]}