{"x": [0, 1, 2, 3, 4, 5], "y": [3.6562318801879883, 0.448619544506073, 3.2270336151123047, 6.945270538330078, 8.085747718811035, 9.276195526123047], "params": [5.409811019897461, 0.25, 1.0, 6.415224552154541, 3.8076062202453613, 3.595612049102783, 7.940708160400391]}