{"x": [0, 1, 2, 3, 4, 5], "y": [5.669242858886719, 0.09860619902610779, 5.529131889343262, 0.24654671549797058, 5.675673007965088, -0.12487584352493286], "params": [10.724090576171875, 0.25, 1.0, 11.60109806060791]}