{"x": [0, 1, 2, 3, 4, 5], "y": [3.683519124984741, 0.8438708782196045, 4.127216815948486, 7.304746150970459, 7.926248073577881, 7.977641582489014], "params": [6.919735908508301, 0.25, 1.0, 7.552173614501953, 2.7091469764709473, 3.7184829711914062, 4.923741340637207]}