{"x": [0, 1, 2, 3, 4, 5], "y": [8.163167953491211, 0.4690425395965576, 7.859695911407471, 0.5271385312080383, 7.9879631996154785, 0.8276259899139404], "params": [14.830581665039062, 0.25, 1.0, 15.388250350952148]}