{"x": [0, 1, 2, 3, 4, 5], "y": [6.399409294128418, 0.36633503437042236, 6.3530426025390625, 2.7216243743896484, 4.03389310836792, 5.025693416595459], "params": [12.579846382141113, 0.25, 1.0, 12.764691352844238, 4.876398086547852, -4.691953659057617, 9.048243522644043]}