{"x": [0, 1, 2, 3, 4, 5], "y": [6.724771976470947, 0.7310771942138672, 6.883732795715332, 7.252057075500488, 8.15799617767334, 8.97229290008545], "params": [11.336605072021484, 0.25, 1.0, 12.495067596435547, 4.017471790313721, 4.436702728271484, 7.525548934936523]}