{"x": [0, 1, 2, 3, 4, 5], "y": [6.1024699211120605, 1.1283259391784668, 6.066701412200928, 1.0389914512634277, 6.11988639831543, 0.6951103210449219], "params": [9.82841682434082, 0.25, 1.0, 10.849552154541016]}