{"x": [0, 1, 2, 3, 4, 5], "y": [7.7531938552856445, 1.4723451137542725, 7.670244216918945, 1.0416964292526245, 7.486064910888672, 1.340867519378662], "params": [12.302328109741211, 0.25, 1.0, 13.422994613647461]}