{"x": [0, 1, 2, 3, 4, 5], "y": [6.5780863761901855, 0.7288222312927246, 7.2335205078125, 0.5148857235908508, 6.829133033752441, 0.6544266939163208], "params": [12.345392227172852, 0.25, 1.0, 13.43726921081543]}