{"x": [0, 1, 2, 3, 4, 5], "y": [4.5075764656066895, 5.67112922668457, 6.278356075286865, 7.010530471801758, 8.080842018127441, 8.826753616333008], "params": [4.506515979766846, 3.4929327964782715, 8.638354301452637]}