{"x": [0, 1, 2, 3, 4, 5], "y": [2.298696994781494, 2.7471961975097656, 2.983844757080078, 3.6906585693359375, 4.277270317077637, 4.427312850952148], "params": [2.1949539184570312, -3.2823610305786133, 4.257231712341309]}