{"x": [0, 1, 2, 3, 4, 5], "y": [5.718667030334473, 5.824213981628418, 6.710633277893066, 7.206986427307129, 7.966678619384766, 8.664205551147461], "params": [2.8678629398345947, 3.917398452758789, 5.891077041625977]}