{"x": [0, 1, 2, 3, 4, 5], "y": [2.502347230911255, 2.110050678253174, 2.8718814849853516, 3.267282724380493, 3.7200193405151367, 4.2327470779418945], "params": [2.0586581230163574, -3.8922882080078125, 4.245392799377441]}