{"x": [0, 1, 2, 3, 4, 5], "y": [3.5885040760040283, 4.965707302093506, 5.393857955932617, 6.274012088775635, 6.802844047546387, 7.801447868347168], "params": [3.764416217803955, 1.3763880729675293, 8.425888061523438]}