{"x": [0, 1, 2, 3, 4, 5], "y": [4.340973377227783, 5.440399646759033, 5.76127815246582, 6.083535671234131, 6.384853839874268, 7.2395758628845215], "params": [2.411684513092041, 1.6517788171768188, 5.797204971313477]}