{"x": [0, 1, 2, 3, 4, 5], "y": [3.5019800662994385, 4.3905348777771, 5.10397481918335, 6.406436443328857, 6.6772284507751465, 7.971665382385254], "params": [4.138845443725586, 1.474299430847168, 8.939371109008789]}