{"x": [0, 1, 2, 3, 4, 5], "y": [1.9206818342208862, 2.3893253803253174, 2.4058804512023926, 2.845345973968506, 3.3400707244873047, 4.252349376678467], "params": [2.610058069229126, -4.156525135040283, 4.663334846496582]}