{"x": [0, 1, 2, 3, 4, 5], "y": [1.7959818840026855, 1.7140134572982788, 2.6200873851776123, 3.4058871269226074, 3.4665236473083496, 4.430237293243408], "params": [2.967759370803833, -4.290358543395996, 5.43244743347168]}