{"x": [0, 1, 2, 3, 4, 5], "y": [5.456666946411133, 6.52042293548584, 7.394814968109131, 7.710813045501709, 8.522072792053223, 9.327869415283203], "params": [3.8442037105560303, 4.884355068206787, 7.742404937744141]}