{"x": [0, 1, 2, 3, 4, 5], "y": [2.796627998352051, 2.8624181747436523, 3.494959831237793, 4.212090492248535, 4.581642150878906, 5.116189956665039], "params": [2.4126741886138916, -2.0730881690979004, 4.639123916625977]}