{"x": [0, 1, 2, 3, 4, 5], "y": [4.925609111785889, 6.3759026527404785, 6.931301593780518, 7.370309352874756, 8.480971336364746, 9.9635009765625], "params": [4.268199920654297, 4.940630912780762, 10.075783729553223]}