{"x": [0, 1, 2, 3, 4, 5], "y": [0.6919372081756592, 1.7283998727798462, 1.9725492000579834, 3.3932600021362305, 3.901305675506592, 5.405265808105469], "params": [4.440999984741211, -4.046711444854736, 9.426656723022461]}