{"x": [0, 1, 2, 3, 4, 5], "y": [2.251915454864502, 2.550813913345337, 3.2984778881073, 4.3937907218933105, 4.405704498291016, 4.685191631317139], "params": [2.219412326812744, -2.831695556640625, 4.866552352905273]}