{"x": [0, 1, 2, 3, 4, 5], "y": [4.6941633224487305, 5.208776950836182, 5.997927188873291, 6.604130744934082, 7.967559337615967, 8.748374938964844], "params": [4.241439342498779, 3.2248239517211914, 8.108423233032227]}