{"x": [0, 1, 2, 3, 4, 5], "y": [5.385003089904785, 5.305841445922852, 6.452252388000488, 6.945270538330078, 8.085747718811035, 9.276195526123047], "params": [3.8076062202453613, 3.595612049102783, 7.940708160400391]}