{"x": [0, 1, 2, 3, 4, 5], "y": [4.4290337562561035, 5.473167419433594, 6.149511337280273, 6.8764262199401855, 7.7611541748046875, 8.809479713439941], "params": [4.30466890335083, 3.553476333618164, 8.760891914367676]}