{"x": [0, 1, 2, 3, 4, 5], "y": [5.2095184326171875, 5.97853422164917, 6.609171390533447, 7.252057075500488, 8.15799617767334, 8.97229290008545], "params": [4.017471790313721, 4.436702728271484, 7.525548934936523]}