{"x": [0, 1, 2, 3, 4, 5], "y": [3.504438877105713, 3.9051668643951416, 5.060534477233887, 5.243992805480957, 5.989640712738037, 6.314309120178223], "params": [2.99056077003479, 0.04235565662384033, 5.6197404861450195]}