{"x": [0, 1, 2, 3, 4, 5], "y": [3.9917383193969727, 4.944096088409424, 6.178027629852295, 6.7618842124938965, 8.22562313079834, 9.216111183166504], "params": [4.661018371582031, 3.1047415733337402, 10.448745727539062]}