{"x": [0, 1, 2, 3, 4, 5], "y": [4.4676947593688965, 5.585853099822998, 6.180572986602783, 6.747272491455078, 7.827545642852783, 8.203140258789062], "params": [4.0102949142456055, 3.3827412128448486, 7.470890998840332]}