{"x": [0, 1, 2, 3, 4, 5], "y": [4.051138401031494, 4.65089225769043, 5.235053539276123, 5.824121952056885, 6.977075099945068, 7.286833763122559], "params": [3.2434210777282715, 1.2991714477539062, 6.471390724182129]}