{"x": [0, 1, 2, 3, 4, 5], "y": [3.6103920936584473, 4.637521743774414, 5.505802154541016, 6.318580150604248, 7.264410018920898, 8.03011417388916], "params": [4.954580307006836, 1.7878484725952148, 8.839444160461426]}