{"x": [0, 1, 2, 3, 4, 5], "y": [3.623321533203125, 3.7854628562927246, 5.100897789001465, 5.665276050567627, 6.502148628234863, 6.638657093048096], "params": [3.383845329284668, -0.022542476654052734, 6.030671119689941]}