{"x": [0, 1, 2, 3, 4, 5], "y": [5.167801380157471, 5.70635461807251, 6.103762626647949, 7.220344543457031, 7.971378326416016, 8.251643180847168], "params": [3.310941219329834, 3.2421345710754395, 6.1676836013793945]}