{"x": [0, 1, 2, 3, 4, 5], "y": [5.351707935333252, 6.379160404205322, 6.947522163391113, 8.0897855758667, 8.855509757995605, 10.080246925354004], "params": [4.484264850616455, 4.905233383178711, 9.457077980041504]}