{"x": [0, 1, 2, 3, 4, 5], "y": [4.838223457336426, 5.308063983917236, 5.708365440368652, 5.919634819030762, 6.051698207855225, 6.1977386474609375], "params": [2.0590288639068604, 1.4831918478012085, 2.7190303802490234]}