{"x": [0, 1, 2, 3, 4, 5], "y": [3.206040143966675, 3.838289499282837, 4.566792011260986, 5.138314723968506, 5.672926425933838, 5.782630920410156], "params": [2.575521469116211, -0.6932991743087769, 5.153181552886963]}