{"x": [0, 1, 2, 3, 4, 5], "y": [2.0261600017547607, 2.4372358322143555, 3.215665578842163, 3.7654545307159424, 4.5711445808410645, 5.3801774978637695], "params": [2.711859703063965, -3.0419349670410156, 6.708034992218018]}