{"x": [0, 1, 2, 3, 4, 5], "y": [2.213759422302246, 3.328662633895874, 4.050152778625488, 5.159369945526123, 5.628438472747803, 6.402242183685303], "params": [4.1562581062316895, -1.0958892107009888, 8.376965522766113]}