{"x": [0, 1, 2, 3, 4, 5], "y": [1.6466541290283203, 2.112706422805786, 2.4304678440093994, 3.557638645172119, 4.122476577758789, 4.790022850036621], "params": [3.456448554992676, -3.778282403945923, 6.286737442016602]}