{"x": [0, 1, 2, 3, 4, 5], "y": [1.3547642230987549, 1.8413901329040527, 2.1031994819641113, 2.6249356269836426, 3.4154953956604004, 3.797886610031128], "params": [2.3397409915924072, -4.88373327255249, 4.886244773864746]}