{"x": [0, 1, 2, 3, 4, 5], "y": [2.6446468830108643, 3.345331907272339, 4.554239749908447, 4.432074546813965, 5.524030685424805, 6.527234077453613], "params": [4.176324367523193, -0.8885467052459717, 7.765174388885498]}