{"x": [0, 1, 2, 3, 4, 5], "y": [2.1198630332946777, 2.7038543224334717, 4.120357036590576, 4.415228366851807, 5.553348541259766, 6.210820198059082], "params": [4.047617435455322, -1.554669737815857, 8.181914329528809]}