{"x": [0, 1, 2, 3, 4, 5], "y": [2.706984519958496, 3.5766727924346924, 4.559369087219238, 5.3864874839782715, 6.346288681030273, 7.1402153968811035], "params": [4.605091571807861, 0.07856965065002441, 8.866461753845215]}