{"x": [0, 1, 2, 3, 4, 5], "y": [1.7666051387786865, 2.3000240325927734, 3.615122079849243, 4.181643962860107, 5.072439670562744, 5.922487735748291], "params": [4.357551097869873, -2.377469062805176, 8.311765670776367]}