{"x": [0, 1, 2, 3, 4, 5], "y": [3.6969926357269287, 5.030986309051514, 5.4333953857421875, 6.211758136749268, 6.697302341461182, 7.824007511138916], "params": [4.14567232131958, 1.2841230630874634, 8.254030227661133]}