{"x": [0, 1, 2, 3, 4, 5], "y": [0.910725474357605, 1.4649629592895508, 2.319575548171997, 3.195406675338745, 4.2482733726501465, 4.357435703277588], "params": [3.4054388999938965, -4.271795272827148, 6.893420219421387]}