{"x": [0, 1, 2, 3, 4, 5], "y": [0.16844592988491058, 1.1341172456741333, 2.386990785598755, 3.2315096855163574, 3.5337748527526855, 4.849553108215332], "params": [4.619172096252441, -4.966300964355469, 9.362214088439941]}