{"x": [0, 1, 2, 3, 4, 5], "y": [1.8189830780029297, 2.8859357833862305, 3.459712028503418, 4.538607597351074, 5.115699291229248, 5.491163730621338], "params": [3.7067136764526367, -2.1487319469451904, 7.344361305236816]}