{"x": [0, 1, 2, 3, 4, 5], "y": [3.2335703372955322, 4.237203598022461, 4.640038967132568, 5.7022705078125, 5.990716457366943, 7.050951957702637], "params": [3.6529531478881836, 0.29524385929107666, 7.634763240814209]}