{"x": [0, 1, 2, 3, 4, 5], "y": [5.928757190704346, 6.434614181518555, 6.786740303039551, 6.8760809898376465, 7.539783954620361, 8.530405044555664], "params": [2.7338685989379883, 4.290969371795654, 5.203295707702637]}