{"x": [0, 1, 2, 3, 4, 5], "y": [2.353257417678833, 3.614699602127075, 3.9232261180877686, 4.57726526260376, 5.4050397872924805, 5.506563186645508], "params": [3.234997510910034, -1.1191368103027344, 6.30661153793335]}