{"x": [0, 1, 2, 3, 4, 5], "y": [2.044142961502075, 2.524531602859497, 3.5194592475891113, 3.454153060913086, 3.9555697441101074, 4.752604961395264], "params": [3.0274760723114014, -3.180360794067383, 5.416923999786377]}