{"x": [0, 1, 2, 3, 4, 5], "y": [0.5015716552734375, 0.8379954099655151, 2.0650997161865234, 2.7216243743896484, 4.03389310836792, 5.025693416595459], "params": [4.876398086547852, -4.691953659057617, 9.048243522644043]}