{"x": [0, 1, 2, 3, 4, 5], "y": [2.424973487854004, 2.873594284057617, 3.498082160949707, 4.0869317054748535, 4.635944366455078, 5.7823872566223145], "params": [2.949740171432495, -1.952778697013855, 6.714827537536621]}