{"x": [0, 1, 2, 3, 4, 5], "y": [1.3275368213653564, 1.7415519952774048, 2.2849767208099365, 3.2883057594299316, 4.155460834503174, 4.763424396514893], "params": [3.605902671813965, -4.045576095581055, 6.871775150299072]}