{"x": [0, 1, 2, 3, 4, 5], "y": [5.273547172546387, 5.3938446044921875, 6.295661449432373, 6.7389116287231445, 7.22538423538208, 7.853069305419922], "params": [3.038649559020996, 2.949920177459717, 5.15904426574707]}