{"x": [0, 1, 2, 3, 4, 5], "y": [4.1683735847473145, 4.56273078918457, 5.7955193519592285, 6.5042643547058105, 6.806267738342285, 7.330906391143799], "params": [3.6805129051208496, 1.9321036338806152, 6.325065612792969]}