{"x": [0, 1, 2, 3, 4, 5], "y": [3.8309404850006104, 4.430179119110107, 5.387937545776367, 5.367282390594482, 5.875059604644775, 6.592885971069336], "params": [2.4325599670410156, 0.3045237064361572, 5.523890972137451]}