{"x": [0, 1, 2, 3, 4, 5], "y": [3.926514148712158, 4.125930309295654, 5.052299499511719, 5.549218654632568, 6.125085830688477, 6.416269302368164], "params": [2.7319021224975586, 0.32592058181762695, 4.979510307312012]}