{"x": [0, 1, 2, 3, 4, 5], "y": [5.391000270843506, 6.304805755615234, 6.933243274688721, 7.725100040435791, 7.887077808380127, 8.845846176147461], "params": [3.1787726879119873, 4.543325424194336, 6.90969181060791]}