{"x": [0, 1, 2, 3, 4, 5], "y": [2.1337342262268066, 2.4901390075683594, 3.520017623901367, 3.9745359420776367, 5.062714576721191, 5.920515537261963], "params": [2.976929187774658, -2.452700614929199, 7.5735626220703125]}