{"x": [0, 1, 2, 3, 4, 5], "y": [3.088878870010376, 3.5508923530578613, 4.165026664733887, 4.893088340759277, 5.1109185218811035, 5.5833539962768555], "params": [2.6681201457977295, -1.0688406229019165, 4.988950252532959]}