{"x": [0, 1, 2, 3, 4, 5], "y": [3.848534345626831, 4.525469779968262, 4.792777061462402, 5.223145484924316, 5.230507850646973, 6.231684684753418], "params": [2.0130796432495117, -0.03087162971496582, 4.766300678253174]}