{"x": [0, 1, 2, 3, 4, 5], "y": [5.847163200378418, 6.56052827835083, 6.415067195892334, 7.201992988586426, 7.6124348640441895, 7.816009521484375], "params": [2.272386074066162, 3.9014368057250977, 3.937692642211914]}