{"x": [0, 1, 2, 3, 4, 5], "y": [4.295445919036865, 4.988254070281982, 6.242814540863037, 6.641428470611572, 7.525661468505859, 8.422212600708008], "params": [4.209319114685059, 2.817227840423584, 8.253533363342285]}