{"x": [0, 1, 2, 3, 4, 5], "y": [3.4395313262939453, 3.964777946472168, 4.624656677246094, 4.928877830505371, 5.089930534362793, 5.731246471405029], "params": [2.3886144161224365, -0.7164186239242554, 4.583430290222168]}