{"x": [0, 1, 2, 3, 4, 5], "y": [3.033698558807373, 3.838284730911255, 4.880137920379639, 5.238439559936523, 5.981886863708496, 6.7265119552612305], "params": [3.5284416675567627, -0.21094202995300293, 7.385626792907715]}