{"x": [0, 1, 2, 3, 4, 5], "y": [4.296700477600098, 5.568444728851318, 6.532331943511963, 6.4959306716918945, 7.8718156814575195, 8.470819473266602], "params": [3.677781820297241, 3.0027823448181152, 8.348237991333008]}