{"x": [0, 1, 2, 3, 4, 5], "y": [1.7924613952636719, 2.7708287239074707, 3.32783842086792, 4.736486434936523, 5.157634735107422, 6.043996810913086], "params": [4.441379547119141, -2.034435749053955, 8.503070831298828]}