{"x": [0, 1, 2, 3, 4, 5], "y": [3.1877105236053467, 4.0094475746154785, 4.2306671142578125, 5.089133262634277, 5.4542646408081055, 6.198339462280273], "params": [2.9069862365722656, -0.09912848472595215, 6.0212578773498535]}