{"x": [0, 1, 2, 3, 4, 5], "y": [3.5543153285980225, 4.763545989990234, 5.069202423095703, 6.146480560302734, 6.345033168792725, 7.447652339935303], "params": [3.434591770172119, 1.084555983543396, 7.7866740226745605]}