{"x": [0, 1, 2, 3, 4, 5], "y": [5.420167446136475, 5.579596519470215, 6.149243354797363, 6.662622451782227, 7.37715482711792, 7.886898994445801], "params": [2.1808018684387207, 2.6422266960144043, 4.933463096618652]}