{"x": [0, 1, 2, 3, 4, 5], "y": [4.0154266357421875, 5.045276641845703, 5.7500996589660645, 6.623909950256348, 7.448690891265869, 8.196989059448242], "params": [4.8354339599609375, 2.2535526752471924, 8.36312484741211]}