{"x": [0, 1, 2, 3, 4, 5], "y": [2.079928398132324, 2.2459049224853516, 3.421295404434204, 3.7410836219787598, 4.286761283874512, 4.6703362464904785], "params": [2.7147216796875, -3.272455930709839, 5.180815696716309]}