{"x": [0, 1, 2, 3, 4, 5], "y": [5.38482666015625, 5.720630645751953, 6.837439060211182, 7.6488447189331055, 8.579275131225586, 9.18215560913086], "params": [4.107300758361816, 4.522168159484863, 7.594657897949219]}