{"x": [0, 1, 2, 3, 4, 5], "y": [4.539998531341553, 5.649835109710693, 6.6393351554870605, 7.232249736785889, 8.269655227661133, 9.445269584655762], "params": [3.827303409576416, 3.7924790382385254, 9.810542106628418]}