{"x": [0, 1, 2, 3, 4, 5], "y": [5.922501564025879, 6.604639530181885, 7.205392837524414, 7.780123233795166, 7.623570442199707, 9.06191635131836], "params": [2.6094837188720703, 4.759669780731201, 6.278829574584961]}