{"x": [0, 1, 2, 3, 4, 5], "y": [2.363027811050415, 2.7037553787231445, 3.8510754108428955, 4.426120758056641, 5.412276268005371, 6.136571407318115], "params": [3.8666844367980957, -1.670396327972412, 7.5470871925354]}