{"x": [0, 1, 2, 3, 4, 5], "y": [3.538994789123535, 4.465714454650879, 4.973349094390869, 5.064068794250488, 5.206038951873779, 6.2805280685424805], "params": [2.4246907234191895, -0.12291789054870605, 5.483066558837891]}