{"x": [0, 1, 2, 3, 4, 5], "y": [1.8268764019012451, 2.073735237121582, 2.8514835834503174, 3.1162848472595215, 3.5634188652038574, 4.118666648864746], "params": [2.4919590950012207, -3.9018547534942627, 4.583580493927002]}