{"x": [0, 1, 2, 3, 4, 5], "y": [3.742177724838257, 5.048935890197754, 6.0664963722229, 7.032546520233154, 7.799591064453125, 8.671598434448242], "params": [4.605630874633789, 2.7061879634857178, 9.858840942382812]}