{"x": [0, 1, 2, 3, 4, 5], "y": [5.1874003410339355, 5.5800981521606445, 6.84083890914917, 7.7914137840271, 8.285784721374512, 9.222343444824219], "params": [3.881455421447754, 4.175534248352051, 8.069886207580566]}