{"x": [0, 1, 2, 3, 4, 5], "y": [4.15696907043457, 5.3631486892700195, 6.091203689575195, 7.086557388305664, 7.836337566375732, 8.735507011413574], "params": [4.750699996948242, 3.257648468017578, 9.157075881958008]}