{"x": [0, 1, 2, 3, 4, 5], "y": [4.245598793029785, 5.445799827575684, 6.202018737792969, 6.833924770355225, 7.607017517089844, 8.205421447753906], "params": [3.544642925262451, 2.7719717025756836, 7.919645309448242]}