{"x": [0, 1, 2, 3, 4, 5], "y": [4.553308963775635, 5.219662189483643, 6.145124912261963, 7.128419399261475, 8.167645454406738, 8.55418872833252], "params": [4.331076622009277, 3.379817008972168, 8.00175952911377]}