{"x": [0, 1, 2, 3, 4, 5], "y": [5.141580104827881, 5.591017246246338, 6.7630295753479, 7.176003932952881, 7.942086219787598, 8.283747673034668], "params": [3.937601089477539, 3.6608242988586426, 6.284335136413574]}