{"x": [0, 1, 2, 3, 4, 5], "y": [1.1750106811523438, 2.302769660949707, 3.245927333831787, 4.177563667297363, 5.093745708465576, 6.208907127380371], "params": [4.8061113357543945, -2.214566469192505, 10.067792892456055]}