{"x": [0, 1, 2, 3, 4, 5], "y": [3.663884162902832, 4.466818809509277, 5.202287673950195, 6.239560127258301, 6.820346832275391, 7.579449653625488], "params": [3.749000072479248, 1.3572871685028076, 7.8311309814453125]}