{"x": [0, 1, 2, 3, 4, 5], "y": [5.51577091217041, 6.144851207733154, 6.731202602386475, 7.304746150970459, 7.926248073577881, 7.977641582489014], "params": [2.7091469764709473, 3.7184829711914062, 4.923741340637207]}