{"x": [0, 1, 2, 3, 4, 5], "y": [2.0214011669158936, 2.887932777404785, 3.7667205333709717, 4.8465423583984375, 5.614928722381592, 6.417600154876709], "params": [4.558389663696289, -1.6290849447250366, 8.792398452758789]}