{"x": [0, 1, 2, 3, 4, 5], "y": [3.119257688522339, 3.736471652984619, 4.804686546325684, 5.677667140960693, 6.280036926269531, 8.065794944763184], "params": [4.537844657897949, 0.34376025199890137, 9.893074035644531]}