{"x": [0, 1, 2, 3, 4, 5], "y": [2.1454668045043945, 1.9822322130203247, 2.696930170059204, 3.13458514213562, 4.154340744018555, 4.561256408691406], "params": [2.9451370239257812, -3.491103172302246, 5.158048629760742]}