{"x": [0, 1, 2, 3, 4, 5], "y": [3.7922184467315674, 4.451231002807617, 5.094295501708984, 5.760435581207275, 7.250727653503418, 7.214831829071045], "params": [3.8930063247680664, 1.1315977573394775, 6.917018413543701]}