{"x": [0, 1, 2, 3, 4, 5], "y": [4.594378471374512, 4.891617298126221, 5.868144512176514, 7.2659125328063965, 8.01221752166748, 8.822376251220703], "params": [4.396852970123291, 3.1269593238830566, 8.455995559692383]}