{"x": [0, 1, 2, 3, 4, 5], "y": [2.381838083267212, 2.518742084503174, 3.4081778526306152, 3.4712352752685547, 4.047551155090332, 4.418435573577881], "params": [2.059934616088867, -3.261845111846924, 4.073194980621338]}