{"x": [0, 1, 2, 3, 4, 5], "y": [4.975586414337158, 5.57997465133667, 6.362896919250488, 6.838395118713379, 7.052746295928955, 8.02857780456543], "params": [3.2709412574768066, 2.7804641723632812, 6.105982780456543]}