{"x": [0, 1, 2, 3, 4, 5], "y": [3.6567556858062744, 4.67125129699707, 5.3409037590026855, 6.242579936981201, 7.0382256507873535, 7.7168989181518555], "params": [4.052255630493164, 1.288529634475708, 8.12028694152832]}