{"x": [0, 1, 2, 3, 4, 5], "y": [2.42118239402771, 3.84775447845459, 4.537285327911377, 5.17019510269165, 6.135954856872559, 6.837223529815674], "params": [4.337172508239746, -0.5685436725616455, 8.832082748413086]}