{"x": [0, 1, 2, 3, 4, 5], "y": [3.2366795539855957, 4.871912956237793, 5.69047212600708, 6.228367805480957, 7.1199631690979, 8.459456443786621], "params": [4.1878981590271, 1.8196511268615723, 10.44555377960205]}