{"x": [0, 1, 2, 3, 4, 5], "y": [5.612295150756836, 6.3821306228637695, 7.43156099319458, 7.933947563171387, 8.42716121673584, 9.474355697631836], "params": [3.362643003463745, 4.996185302734375, 7.72412109375]}