{"x": [0, 1, 2, 3, 4, 5], "y": [0.7024722099304199, 1.487563133239746, 2.1021783351898193, 3.1243412494659424, 4.202373027801514, 4.153407096862793], "params": [3.9524013996124268, -4.916605472564697, 6.9998016357421875]}