{"x": [0, 1, 2, 3, 4, 5], "y": [4.785789966583252, 5.316213130950928, 5.831820964813232, 7.265955924987793, 7.721113204956055, 8.219934463500977], "params": [3.587702751159668, 3.1244945526123047, 6.868288993835449]}