{"x": [0, 1, 2, 3, 4, 5], "y": [5.566176891326904, 6.573765754699707, 6.741917610168457, 6.950845241546631, 7.919878005981445, 8.34312915802002], "params": [2.4660158157348633, 4.19096040725708, 5.5539045333862305]}