{"x": [0, 1, 2, 3, 4, 5], "y": [0.8335997462272644, 2.0556554794311523, 2.911804676055908, 3.9452250003814697, 4.721193313598633, 5.888067245483398], "params": [4.818607807159424, -3.2929234504699707, 10.108935356140137]}