{"x": [0, 1, 2, 3, 4, 5], "y": [0.8684526085853577, 2.103706121444702, 2.346651077270508, 3.860626459121704, 4.318578243255615, 5.206115245819092], "params": [4.103705406188965, -3.990750789642334, 8.675325393676758]}