{"x": [0, 1, 2, 3, 4, 5], "y": [3.101057291030884, 3.838498830795288, 4.622678279876709, 5.583927631378174, 6.98189640045166, 7.789198398590088], "params": [4.3418402671813965, 0.18151938915252686, 9.37628173828125]}