{"x": [0, 1, 2, 3, 4, 5], "y": [2.5612425804138184, 3.4635565280914307, 3.9176833629608154, 4.404952526092529, 5.0710906982421875, 5.522574424743652], "params": [3.1691036224365234, -1.3332384824752808, 5.922663688659668]}