{"x": [0, 1, 2, 3, 4, 5], "y": [3.8169872760772705, 5.030938625335693, 5.557281017303467, 6.201724052429199, 6.643771171569824, 7.2744598388671875], "params": [3.4828014373779297, 1.3037383556365967, 6.914945125579834]}