{"x": [0, 1, 2, 3, 4, 5], "y": [7.975436687469482, 8.038735389709473, 7.383914947509766, 6.958134651184082, 7.332899570465088, 6.851589679718018], "params": [-1.228100299835205, 4.5057573318481445, 2.37429141998291]}