{"x": [0, 1, 2, 3, 4, 5], "y": [4.4257097244262695, 4.2117438316345215, 4.0195159912109375, 3.6398937702178955, 3.2942731380462646, 3.5707719326019287], "params": [-1.0445195436477661, -2.2942214012145996, 2.2628731727600098]}