{"x": [0, 1, 2, 3, 4, 5], "y": [3.74141526222229, 2.820052146911621, 2.3727407455444336, 2.5442373752593994, 1.8146754503250122, 1.3255553245544434], "params": [-2.095853805541992, -4.958531856536865, 4.831719875335693]}