{"x": [0, 1, 2, 3, 4, 5], "y": [5.526464939117432, 5.1093058586120605, 4.524969100952148, 4.0697407722473145, 3.583338975906372, 3.509493350982666], "params": [-2.1558918952941895, -1.3242238759994507, 4.033943176269531]}