{"x": [0, 1, 2, 3, 4, 5], "y": [7.499032974243164, 7.186473846435547, 6.9170002937316895, 6.65500020980835, 6.228002071380615, 5.951006889343262], "params": [-2.0981407165527344, 3.487813949584961, 3.0960521697998047]}