{"x": [0, 1, 2, 3, 4, 5], "y": [8.05795955657959, 7.7324442863464355, 7.5836920738220215, 7.115902900695801, 6.554045677185059, 6.404993534088135], "params": [-1.5204304456710815, 4.549144744873047, 3.30593204498291]}