{"x": [0, 1, 2, 3, 4, 5], "y": [6.661826133728027, 6.56547212600708, 6.0880560874938965, 5.3404107093811035, 4.865301609039307, 4.566216468811035], "params": [-2.477166175842285, 1.5369588136672974, 4.191219329833984]}