{"x": [0, 1, 2, 3, 4, 5], "y": [4.713900089263916, 3.8125760555267334, 3.0100367069244385, 2.239729881286621, 1.3446463346481323, 0.14000481367111206], "params": [-4.1553730964660645, -4.9079132080078125, 9.147790908813477]}