{"x": [0, 1, 2, 3, 4, 5], "y": [8.62051773071289, 7.998663902282715, 7.466740131378174, 6.920553684234619, 6.579395771026611, 6.272572040557861], "params": [-2.691502809524536, 4.548723220825195, 4.695891380310059]}