{"x": [0, 1, 2, 3, 4, 5], "y": [5.768668174743652, 5.0730814933776855, 4.3727803230285645, 4.061435222625732, 3.0411930084228516, 1.8824383020401], "params": [-4.108078956604004, -1.65865957736969, 7.772459983825684]}