{"x": [0, 1, 2, 3, 4, 5], "y": [4.475622177124023, 4.89206600189209, 3.9688639640808105, 4.369483947753906, 4.044492721557617, 3.9649856090545654], "params": [-1.081593632698059, -1.3865667581558228, 1.8541607856750488]}