{"x": [0, 1, 2, 3, 4, 5], "y": [9.433588981628418, 8.581053733825684, 7.638210296630859, 7.076398849487305, 5.908839225769043, 5.402877330780029], "params": [-3.4140899181365967, 4.562381744384766, 8.061423301696777]}