{"x": [0, 1, 2, 3, 4, 5], "y": [6.892129898071289, 6.446900367736816, 5.6504082679748535, 4.87699031829834, 4.088649749755859, 2.4238758087158203], "params": [-3.9754607677459717, 0.2994304895401001, 8.936508178710938]}