{"x": [0, 1, 2, 3, 4, 5], "y": [6.789689064025879, 6.324947357177734, 5.147977352142334, 4.178425312042236, 3.8260655403137207, 2.9133076667785645], "params": [-4.052981376647949, -0.2357083559036255, 7.752762794494629]}