{"x": [0, 1, 2, 3, 4, 5], "y": [8.320883750915527, 7.42438268661499, 6.601709842681885, 6.194251537322998, 5.295177936553955, 4.458982467651367], "params": [-3.916543483734131, 3.038900375366211, 7.72380256652832]}