{"x": [0, 1, 2, 3, 4, 5], "y": [4.186487197875977, 3.710566759109497, 3.1776785850524902, 3.376488208770752, 2.350299119949341, 2.439542055130005], "params": [-1.8154346942901611, -3.657320737838745, 3.6723761558532715]}