{"x": [0, 1, 2, 3, 4, 5], "y": [5.486656188964844, 5.115196704864502, 4.9121880531311035, 4.856714725494385, 4.4263811111450195, 4.55514669418335], "params": [-0.9185165166854858, -0.17687678337097168, 2.1205501556396484]}