{"x": [0, 1, 2, 3, 4, 5], "y": [5.802385330200195, 5.135754585266113, 5.2972540855407715, 5.884039402008057, 4.8903937339782715, 5.226084232330322], "params": [-0.4069584608078003, 0.9848058223724365, 1.9872913360595703]}