{"x": [0, 1, 2, 3, 4, 5], "y": [6.180592060089111, 6.417308330535889, 6.1620635986328125, 6.505459785461426, 6.493868827819824, 6.239313125610352], "params": [-0.27469635009765625, 2.4585556983947754, 0.6867923736572266]}