{"x": [0, 1, 2, 3, 4, 5], "y": [5.20257043838501, 11.79018783569336, 4.300347805023193, 10.616472244262695, 3.8685989379882812, 10.632119178771973], "params": [-1.6055634021759033, -1.939498782157898, 3.4136862754821777, 13.440125465393066, 0.25, 0.0, 14.904305458068848]}