{"x": [0, 1, 2, 3, 4, 5], "y": [6.375492572784424, 10.588951110839844, 5.199821949005127, 8.625152587890625, 2.8243582248687744, 6.503717422485352], "params": [-4.685383319854736, -1.9978749752044678, 9.430910110473633, 8.393924713134766, 0.25, 0.0, 9.888164520263672]}