{"x": [0, 1, 2, 3, 4, 5], "y": [4.5586771965026855, 5.75705623626709, 4.467089653015137, 4.85567045211792, 3.897561550140381, 4.866631031036377], "params": [-1.3452122211456299, -2.615445137023926, 2.1390366554260254, 2.9248836040496826, 0.25, 0.0, 3.0137619972229004]}