{"x": [0, 1, 2, 3, 4, 5], "y": [6.086415767669678, 5.416059494018555, 4.40950345993042, 3.6263809204101562, 2.567075490951538, 2.6247520446777344], "params": [-4.638023853302002, -2.199195623397827, 7.818948745727539, 0.6327813863754272, 0.25, 0.0, 0.9815295934677124]}