{"x": [0, 1, 2, 3, 4, 5], "y": [5.341581344604492, 10.51710033416748, 4.173217296600342, 11.130615234375, 4.068356513977051, 9.767537117004395], "params": [-1.3832828998565674, -3.7329392433166504, 2.9387550354003906, 12.79068660736084, 0.25, 0.0, 13.762438774108887]}