{"x": [0, 1, 2, 3, 4, 5], "y": [7.843728542327881, 12.574579238891602, 6.824134826660156, 11.70290756225586, 6.475032806396484, 10.37850570678711], "params": [-1.9680589437484741, 1.5669143199920654, 3.736802101135254, 9.76696491241455, 0.25, 0.0, 10.401988983154297]}