{"x": [0, 1, 2, 3, 4, 5], "y": [7.6267170906066895, 13.680595397949219, 7.400640964508057, 13.164112091064453, 6.7996015548706055, 12.491788864135742], "params": [-1.4515095949172974, 4.710058689117432, 2.766720771789551, 11.833765983581543, 0.25, 0.0, 12.664082527160645]}