{"x": [0, 1, 2, 3, 4, 5], "y": [7.221884727478027, 7.325427055358887, 6.065887451171875, 6.580376625061035, 5.930286407470703, 6.302980422973633], "params": [-1.4486048221588135, 1.8062466382980347, 2.8403091430664062, 1.4067389965057373, 0.25, 0.0, 2.0573384761810303]}