{"x": [0, 1, 2, 3, 4, 5], "y": [5.6163506507873535, 7.354317665100098, 4.055915355682373, 6.434974670410156, 2.8873982429504395, 4.182944297790527], "params": [-3.017136573791504, -3.4020848274230957, 7.452770233154297, 5.979297637939453, 0.25, 0.0, 5.919848442077637]}