{"x": [0, 1, 2, 3, 4, 5], "y": [7.9965081214904785, 9.425858497619629, 7.796433448791504, 8.177725791931152, 7.8332672119140625, 7.661712646484375], "params": [-1.228100299835205, 4.5057573318481445, 2.37429141998291, 1.8807631731033325, 0.25, 0.0, 2.7321035861968994]}