{"x": [0, 1, 2, 3, 4, 5], "y": [5.933276176452637, 11.671518325805664, 4.879865646362305, 11.554488182067871, 4.797674179077148, 9.889217376708984], "params": [-1.937732458114624, -2.973726272583008, 3.340890884399414, 12.14754581451416, 0.25, 0.0, 12.382553100585938]}