{"x": [0, 1, 2, 3, 4, 5], "y": [8.713350296020508, 8.48336124420166, 6.682982921600342, 6.228525161743164, 5.058455944061279, 4.3063836097717285], "params": [-4.414150238037109, 2.241692066192627, 9.603063583374023, 0.9023559093475342, 0.25, 0.0, 1.9498264789581299]}