{"x": [0, 1, 2, 3, 4, 5], "y": [6.809715747833252, 11.289549827575684, 5.681125164031982, 10.551300048828125, 4.397455215454102, 8.492902755737305], "params": [-3.4626171588897705, -0.3873854875564575, 6.139389991760254, 10.602530479431152, 0.25, 0.0, 11.050914764404297]}