{"x": [0, 1, 2, 3, 4, 5], "y": [6.55607795715332, 7.428605079650879, 4.3324408531188965, 6.303310394287109, 3.190397262573242, 4.9513349533081055], "params": [-2.84773325920105, -2.3265867233276367, 6.408339023590088, 4.360871315002441, 0.25, 0.0, 5.10942268371582]}