{"x": [0, 1, 2, 3, 4, 5], "y": [4.431375980377197, 6.764471054077148, 3.9627745151519775, 6.048438549041748, 3.2387256622314453, 6.127420902252197], "params": [-1.500417947769165, -3.0525946617126465, 2.571107864379883, 5.298575401306152, 0.25, 0.0, 5.922786235809326]}