{"x": [0, 1, 2, 3, 4, 5], "y": [6.312960147857666, 5.973215103149414, 6.13546085357666, 6.033866882324219, 6.789505481719971, 6.15262508392334], "params": [-0.3386029601097107, 2.5146007537841797, 0.9005670547485352, 0.19948840141296387, 0.25, 0.0, 1.2358570098876953]}