{"x": [0, 1, 2, 3, 4, 5], "y": [10.432002067565918, 14.61638069152832, 8.312353134155273, 13.714573860168457, 6.916568756103516, 12.583773612976074], "params": [-3.6243438720703125, 3.956984281539917, 7.986509323120117, 11.092860221862793, 0.25, 0.0, 12.896167755126953]}