{"x": [0, 1, 2, 3, 4, 5], "y": [8.890381813049316, 8.539690017700195, 6.713691711425781, 6.195545673370361, 5.523392677307129, 5.186612129211426], "params": [-3.9908857345581055, 3.060415267944336, 8.788163185119629, 0.1642388105392456, 0.25, 0.0, 1.5265661478042603]}