{"x": [0, 1, 2, 3, 4, 5], "y": [6.717731952667236, 6.42182731628418, 5.988217830657959, 5.149663925170898, 4.700988292694092, 4.892263889312744], "params": [-2.477166175842285, 1.5369588136672974, 4.191219329833984, 0.3646034002304077, 0.25, 0.0, 1.0335885286331177]}