{"x": [0, 1, 2, 3, 4, 5], "y": [4.888003826141357, 9.456291198730469, 4.263875961303711, 9.674830436706543, 3.590409994125366, 8.82243537902832], "params": [-1.599554419517517, -4.130332946777344, 3.3996124267578125, 10.462458610534668, 0.25, 0.0, 11.811917304992676]}