{"x": [0, 1, 2, 3, 4, 5], "y": [0.12367142736911774, 0.3990709185600281, 0.1397973746061325, 0.6213990449905396, 0.04223544895648956, 0.22127404808998108], "params": [0.7025778293609619, 0.25, 0.0, 1.1583272218704224]}