{"x": [0, 1, 2, 3, 4, 5], "y": [0.1841019093990326, 5.914029598236084, 0.20140141248703003, 6.330135345458984, -0.07976546883583069, 6.640054225921631], "params": [12.273547172546387, 0.25, 0.0, 13.4396390914917]}