{"x": [0, 1, 2, 3, 4, 5], "y": [-0.13756830990314484, 0.5533917546272278, 0.5175116658210754, 0.5726808309555054, -0.35259196162223816, 0.059401918202638626], "params": [0.1801040768623352, 0.25, 0.0, 1.8505456447601318]}