{"x": [0, 1, 2, 3, 4, 5], "y": [1.0746166706085205, 3.8867990970611572, 1.1485087871551514, 3.687763214111328, 1.2406482696533203, 3.580470085144043], "params": [6.063116550445557, 0.25, 0.0, 5.624364852905273]}