{"x": [0, 1, 2, 3, 4, 5], "y": [1.3243876695632935, 8.3735933303833, 1.1265112161636353, 8.015109062194824, 0.9857729077339172, 8.32552719116211], "params": [14.522951126098633, 0.25, 0.0, 14.775640487670898]}