{"x": [0, 1, 2, 3, 4, 5], "y": [-0.19095203280448914, 1.5347999334335327, -0.2280949056148529, 1.751295566558838, -0.12274926155805588, 1.5017842054367065], "params": [3.277125597000122, 0.25, 0.0, 3.9587810039520264]}