{"x": [0, 1, 2, 3, 4, 5], "y": [0.8068099617958069, 1.9559173583984375, 0.5178656578063965, 2.0545670986175537, 0.7195311784744263, 1.8367910385131836], "params": [3.4197182655334473, 0.25, 0.0, 3.0734028816223145]}