{"x": [0, 1, 2, 3, 4, 5], "y": [0.03656792640686035, 1.9927051067352295, 0.6458249092102051, 2.2763593196868896, 0.23535890877246857, 2.51701283454895], "params": [4.757974147796631, 0.25, 0.0, 4.96088981628418]}