{"x": [0, 1, 2, 3, 4, 5], "y": [-0.18413737416267395, 1.7247145175933838, 0.11550473421812057, 1.7231464385986328, 0.030256979167461395, 1.4486011266708374], "params": [2.8894946575164795, 0.25, 0.0, 3.8177037239074707]}