{"x": [0, 1, 2, 3, 4, 5], "y": [0.24871593713760376, 4.570795059204102, 0.30938300490379333, 4.397515296936035, 0.4825434684753418, 4.568188667297363], "params": [8.550153732299805, 0.25, 0.0, 8.644158363342285]}