{"x": [0, 1, 2, 3, 4, 5], "y": [2.5244386196136475, 9.377402305603027, 2.215313673019409, 9.718929290771484, 2.194596290588379, 9.305320739746094], "params": [14.215495109558105, 0.25, 0.0, 15.048666000366211]}