{"x": [0, 1, 2, 3, 4, 5], "y": [4.351558685302734, 1.257417917251587, 4.696368217468262, 1.7089588642120361, 4.575016021728516, 0.9745548963546753], "params": [7.533667087554932, 0.25, 1.0, 7.443626403808594]}