{"x": [0, 1, 2, 3, 4, 5], "y": [3.5093135833740234, 0.8193117380142212, 3.557765007019043, 0.6921444535255432, 3.3815977573394775, 0.825680136680603], "params": [5.45839262008667, 0.25, 1.0, 5.731241226196289]}