{"x": [0, 1, 2, 3, 4, 5], "y": [7.031844615936279, 0.9714768528938293, 7.351346969604492, 1.8602206707000732, 6.8784403800964355, 0.7174715399742126], "params": [12.119434356689453, 0.25, 1.0, 13.26775074005127]}