{"x": [0, 1, 2, 3, 4, 5], "y": [7.633951187133789, 1.2047297954559326, 8.071197509765625, 1.3840559720993042, 7.8837714195251465, 1.3792684078216553], "params": [13.753732681274414, 0.25, 1.0, 13.732934951782227]}