{"x": [0, 1, 2, 3, 4, 5], "y": [4.772921562194824, 0.3431152105331421, 4.679067611694336, 0.7101726531982422, 4.894968032836914, 0.46322962641716003], "params": [9.18838882446289, 0.25, 1.0, 9.103705406188965]}