{"x": [0, 1, 2, 3, 4, 5], "y": [6.100890159606934, 0.770902693271637, 5.676776885986328, 0.38484489917755127, 5.898448467254639, 0.5228514671325684], "params": [10.981783866882324, 0.25, 1.0, 11.432090759277344]}