{"x": [0, 1, 2, 3, 4, 5], "y": [3.4869937896728516, 0.76419997215271, 3.6016035079956055, 0.1710776686668396, 3.4009523391723633, 0.6425949931144714], "params": [5.953430652618408, 0.25, 1.0, 6.861051559448242]}