{"x": [0, 1, 2, 3, 4, 5], "y": [9.050148963928223, 1.3558504581451416, 8.704907417297363, 1.9543542861938477, 9.039813041687012, 1.48080313205719], "params": [14.600220680236816, 0.25, 1.0, 15.38859748840332]}