{"x": [0, 1, 2, 3, 4, 5], "y": [4.828050136566162, 0.05776987224817276, 4.6003217697143555, 0.240971177816391, 4.749569416046143, -0.5816963911056519], "params": [9.114802360534668, 0.25, 1.0, 10.819493293762207]}