{"x": [0, 1, 2, 3, 4, 5], "y": [9.420827865600586, 2.094499111175537, 8.83149242401123, 1.7856899499893188, 9.112232208251953, 1.5266168117523193], "params": [14.152908325195312, 0.25, 1.0, 15.788421630859375]}