{"x": [0, 1, 2, 3, 4, 5], "y": [4.066587448120117, 1.1670607328414917, 4.049417972564697, 0.7106527090072632, 3.8652031421661377, 1.147448182106018], "params": [6.519783973693848, 0.25, 1.0, 6.711869239807129]}