{"x": [0, 1, 2, 3, 4, 5], "y": [7.57082462310791, 1.4756824970245361, 6.791188716888428, 1.130624771118164, 6.87148380279541, 1.4359773397445679], "params": [11.854433059692383, 0.25, 1.0, 12.880399703979492]}