{"x": [0, 1, 2, 3, 4, 5], "y": [7.772541046142578, 1.5450856685638428, 7.966620445251465, 2.15148663520813, 7.982857704162598, 1.6087533235549927], "params": [12.44136905670166, 0.25, 1.0, 12.875543594360352]}