{"x": [0, 1, 2, 3, 4, 5], "y": [6.720025539398193, 1.1104406118392944, 7.076607704162598, 1.043518304824829, 6.294363021850586, 1.6961426734924316], "params": [10.522664070129395, 0.25, 1.0, 12.066179275512695]}