{"x": [0, 1, 2, 3, 4, 5], "y": [5.4771342277526855, 0.21470782160758972, 5.410374641418457, -0.04857891798019409, 5.116118431091309, 0.19096705317497253], "params": [10.491214752197266, 0.25, 1.0, 11.05142593383789]}