{"x": [0, 1, 2, 3, 4, 5], "y": [2.4915666580200195, -0.23765432834625244, 3.1253342628479004, 0.22689759731292725, 1.9763920307159424, -0.21102038025856018], "params": [5.019843578338623, 0.25, 1.0, 6.725976943969727]}