{"x": [0, 1, 2, 3, 4, 5], "y": [4.947731018066406, -0.061311427503824234, 4.858703136444092, 0.2908855378627777, 5.357193470001221, 0.2957272231578827], "params": [10.329042434692383, 0.25, 1.0, 10.83700942993164]}