{"x": [0, 1, 2, 3, 4, 5], "y": [3.8286526203155518, 0.40246468782424927, 3.6928598880767822, -0.0006791353225708008, 3.5920403003692627, 0.3764370083808899], "params": [6.9280524253845215, 0.25, 1.0, 7.658663749694824]}