{"x": [0, 1, 2, 3, 4, 5], "y": [8.262721061706543, 1.2111320495605469, 8.165640830993652, 1.5267555713653564, 8.536392211914062, 1.230328917503357], "params": [13.752206802368164, 0.25, 1.0, 14.650520324707031]}