{"x": [0, 1, 2, 3, 4, 5], "y": [4.8277974128723145, 0.37313807010650635, 4.517413139343262, 0.6615670323371887, 4.964141845703125, 0.42986568808555603], "params": [8.653048515319824, 0.25, 1.0, 9.182007789611816]}