{"x": [0, 1, 2, 3, 4, 5], "y": [6.674388885498047, 0.48591968417167664, 6.656424045562744, 0.13788476586341858, 6.512347221374512, 0.04248318076133728], "params": [12.497710227966309, 0.25, 1.0, 13.263811111450195]}