{"x": [0, 1, 2, 3, 4, 5], "y": [4.077437877655029, 0.3792859613895416, 4.747582912445068, 0.974598228931427, 4.136770248413086, 0.33503982424736023], "params": [7.5391387939453125, 0.25, 1.0, 8.82508659362793]}