{"x": [0, 1, 2, 3, 4, 5], "y": [6.030311107635498, 0.6879900693893433, 6.37075138092041, 0.7244069576263428, 6.205872535705566, 0.8937434554100037], "params": [10.520349502563477, 0.25, 1.0, 11.365522384643555]}