{"x": [0, 1, 2, 3, 4, 5], "y": [5.59080696105957, 0.06659743934869766, 5.712687969207764, 0.04870371147990227, 5.848937511444092, 0.17624077200889587], "params": [11.431385040283203, 0.25, 1.0, 11.600467681884766]}