{"x": [0, 1, 2, 3, 4, 5], "y": [6.399325370788574, 0.5588951110839844, 6.169816493988037, 0.37887632846832275, 6.464961528778076, -0.06000109016895294], "params": [12.174935340881348, 0.25, 1.0, 13.049924850463867]}