{"x": [0, 1, 2, 3, 4, 5], "y": [8.365143775939941, 2.0167038440704346, 8.441450119018555, 1.9816349744796753, 8.416999816894531, 2.0342373847961426], "params": [12.702567100524902, 0.25, 1.0, 12.91963005065918]}