{"x": [0, 1, 2, 3, 4, 5], "y": [5.785290718078613, 1.6462109088897705, 5.963749885559082, 1.4464541673660278, 5.494359016418457, 1.3923081159591675], "params": [8.43657112121582, 0.25, 1.0, 9.14288330078125]}