{"x": [0, 1, 2, 3, 4, 5], "y": [4.876534938812256, 0.6813117265701294, 4.430176258087158, 0.714303731918335, 4.514459609985352, 0.9868931770324707], "params": [6.9442901611328125, 0.25, 1.0, 8.390446662902832]}