{"x": [0, 1, 2, 3, 4, 5], "y": [6.180439472198486, 0.6896641850471497, 6.512285232543945, 0.16462107002735138, 6.98632287979126, 0.23559561371803284], "params": [12.186713218688965, 0.25, 1.0, 13.643404006958008]}