{"x": [0, 1, 2, 3, 4, 5], "y": [4.571761131286621, 0.3598964810371399, 4.429018974304199, 0.15305939316749573, 4.5539655685424805, -0.02459821105003357], "params": [8.710891723632812, 0.25, 1.0, 9.192718505859375]}