{"x": [0, 1, 2, 3, 4, 5], "y": [8.102559089660645, 1.2269103527069092, 8.236983299255371, 0.9629257917404175, 8.160675048828125, 0.7445389032363892], "params": [13.752901077270508, 0.25, 1.0, 14.984889030456543]}