{"x": [0, 1, 2, 3, 4, 5], "y": [5.826276779174805, 0.6929957270622253, 5.950961112976074, 0.7789982557296753, 5.613434314727783, 0.9555984139442444], "params": [10.168740272521973, 0.25, 1.0, 10.515931129455566]}