{"x": [0, 1, 2, 3, 4, 5], "y": [9.408931732177734, 1.4450716972351074, 9.184629440307617, 1.9259731769561768, 9.473333358764648, 1.1925673484802246], "params": [14.817659378051758, 0.25, 1.0, 16.56153106689453]}