{"x": [0, 1, 2, 3, 4, 5], "y": [7.76482629776001, 1.9216493368148804, 8.031854629516602, 1.7770541906356812, 8.174945831298828, 1.6967450380325317], "params": [12.921852111816406, 0.25, 1.0, 12.956401824951172]}