{"x": [0, 1, 2, 3, 4, 5], "y": [8.978450775146484, 1.873028039932251, 8.419000625610352, 2.150721788406372, 8.833727836608887, 1.6290844678878784], "params": [14.031208038330078, 0.25, 1.0, 14.698732376098633]}