{"x": [0, 1, 2, 3, 4, 5], "y": [7.262086868286133, 1.0876104831695557, 7.587540149688721, 1.0815751552581787, 7.898147106170654, 1.1235390901565552], "params": [13.145927429199219, 0.25, 1.0, 13.63314437866211]}