{"x": [0, 1, 2, 3, 4, 5], "y": [5.596127986907959, 5.496546268463135, 5.413751125335693, 4.91343879699707, 4.940923690795898, 4.906401634216309], "params": [-0.6403775215148926, 0.5347543954849243, 1.3794527053833008]}