{"x": [0, 1, 2, 3, 4, 5], "y": [2.7545440196990967, 3.1124322414398193, 3.1209893226623535, 3.7952146530151367, 3.8028717041015625, 4.185837745666504], "params": [1.8917465209960938, -3.066650629043579, 2.8625874519348145]}