{"x": [0, 1, 2, 3, 4, 5], "y": [4.593771457672119, 4.52170467376709, 4.643725872039795, 4.9481587409973145, 5.2955803871154785, 5.613954067230225], "params": [0.706177830696106, -0.20134150981903076, 2.1844987869262695]}