{"x": [0, 1, 2, 3, 4, 5], "y": [3.0805702209472656, 3.0009500980377197, 3.152601718902588, 2.3863775730133057, 2.871534824371338, 2.392103433609009], "params": [-0.296453595161438, -4.068000793457031, 1.5324482917785645]}