{"x": [0, 1, 2, 3, 4, 5], "y": [7.079439640045166, 6.024908542633057, 5.163344383239746, 4.215672016143799, 3.5418336391448975, 2.7896525859832764], "params": [-3.961514472961426, -0.4748135805130005, 8.579574584960938]}