{"x": [0, 1, 2, 3, 4, 5], "y": [5.048923969268799, 4.138011932373047, 3.133732318878174, 2.3841300010681152, 0.8541955351829529, 0.23478829860687256], "params": [-4.7125749588012695, -4.774064064025879, 9.628271102905273]}