{"x": [0, 1, 2, 3, 4, 5], "y": [3.624971389770508, 4.373345851898193, 3.9954047203063965, 3.9465956687927246, 4.109884262084961, 4.431054592132568], "params": [0.0974113941192627, -1.675412654876709, 1.612166404724121]}