{"x": [0, 1, 2, 3, 4, 5], "y": [5.364938735961914, 4.017889976501465, 3.7130165100097656, 3.2968590259552, 2.8676435947418213, 2.649033308029175], "params": [-2.2909884452819824, -2.8531718254089355, 5.4318108558654785]}