{"x": [0, 1, 2, 3, 4, 5], "y": [7.61421537399292, 6.167768955230713, 5.568294525146484, 4.749093532562256, 4.04289436340332, 3.457697868347168], "params": [-3.9074606895446777, 0.6367754936218262, 8.313035011291504]}