{"x": [0, 1, 2, 3, 4, 5], "y": [1.8485469818115234, 1.9859914779663086, 2.6243889331817627, 2.9257776737213135, 2.8784804344177246, 3.3816568851470947], "params": [1.4468019008636475, -4.982823848724365, 3.0662198066711426]}