{"x": [0, 1, 2, 3, 4, 5], "y": [3.1840286254882812, 3.2555670738220215, 2.290829658508301, 2.7027854919433594, 1.925279974937439, 1.6688270568847656], "params": [-0.9899749755859375, -4.914728164672852, 3.1734800338745117]}