{"x": [0, 1, 2, 3, 4, 5], "y": [3.273306131362915, 3.302077531814575, 3.097200393676758, 3.494002103805542, 3.1685574054718018, 3.7084763050079346], "params": [0.08345997333526611, -3.492460250854492, 1.2225518226623535]}