{"x": [0, 1, 2, 3, 4, 5], "y": [4.629493236541748, 3.676765203475952, 3.31467866897583, 3.2122321128845215, 1.8494385480880737, 1.1287384033203125], "params": [-3.1286191940307617, -4.047792434692383, 7.001509666442871]}