{"x": [0, 1, 2, 3, 4, 5], "y": [4.14141321182251, 4.0501179695129395, 3.8672475814819336, 3.6914567947387695, 3.72355055809021, 3.1158294677734375], "params": [-0.6707140803337097, -2.4601340293884277, 2.0511674880981445]}