{"x": [0, 1, 2, 3, 4, 5], "y": [6.090356349945068, 6.2198805809021, 7.00208044052124, 6.680947303771973, 7.302105903625488, 7.071962356567383], "params": [0.9902518391609192, 3.4716665744781494, 2.42349910736084]}