{"x": [0, 1, 2, 3, 4, 5], "y": [6.725586891174316, 6.421868801116943, 6.086637020111084, 6.112685203552246, 5.885064601898193, 5.606937885284424], "params": [-1.5250556468963623, 1.9303184747695923, 2.237298011779785]}