{"x": [0, 1, 2, 3, 4, 5], "y": [7.376499652862549, 7.145468711853027, 6.9686737060546875, 6.670980930328369, 6.086282730102539, 5.94291353225708], "params": [-1.5412137508392334, 3.1570382118225098, 2.8671722412109375]}