{"x": [0, 1, 2, 3, 4, 5], "y": [6.720693588256836, 6.468278408050537, 5.567747116088867, 4.869585990905762, 4.45674467086792, 3.5636563301086426], "params": [-2.942110776901245, 0.649111270904541, 6.314074516296387]}