{"x": [0, 1, 2, 3, 4, 5], "y": [4.018367290496826, 4.077934741973877, 3.536559820175171, 3.2136664390563965, 3.0339770317077637, 2.50884747505188], "params": [-1.968595027923584, -3.268425941467285, 3.138174533843994]}