{"x": [0, 1, 2, 3, 4, 5], "y": [6.548126697540283, 5.088882923126221, 3.943004846572876, 3.608048439025879, 2.6597418785095215, 1.534610629081726], "params": [-4.5337629318237305, -2.0693588256835938, 10.027031898498535]}