{"x": [0, 1, 2, 3, 4, 5], "y": [5.1655964851379395, 5.430933952331543, 5.690020561218262, 5.849455833435059, 5.8082709312438965, 6.267167091369629], "params": [0.7686108350753784, 1.2465041875839233, 2.203141212463379]}