{"x": [0, 1, 2, 3, 4, 5], "y": [4.6292243003845215, 4.261264801025391, 4.075216293334961, 4.192756175994873, 4.658371448516846, 4.614294528961182], "params": [-0.38202589750289917, -1.416671872138977, 1.1663103103637695]}