{"x": [0, 1, 2, 3, 4, 5], "y": [6.471010208129883, 5.986045837402344, 6.0098066329956055, 4.787468910217285, 4.415752410888672, 3.7460572719573975], "params": [-2.579190731048584, 0.01628398895263672, 5.449905872344971]}