{"x": [0, 1, 2, 3, 4, 5], "y": [4.638518333435059, 3.6064178943634033, 3.4974365234375, 3.382894515991211, 2.7648236751556396, 2.561922788619995], "params": [-2.016335964202881, -3.3080644607543945, 4.153191089630127]}