{"x": [0, 1, 2, 3, 4, 5], "y": [2.723522901535034, 3.1138916015625, 3.146554470062256, 3.0610220432281494, 3.0645673274993896, 3.324324131011963], "params": [0.4626575708389282, -3.9795918464660645, 1.2016024589538574]}