{"x": [0, 1, 2, 3, 4, 5], "y": [3.581862449645996, 3.249272584915161, 3.256807565689087, 2.9473659992218018, 2.477041721343994, 2.322840929031372], "params": [-1.0210425853729248, -3.9814109802246094, 2.518043041229248]}