{"x": [0, 1, 2, 3, 4, 5], "y": [7.135756969451904, 6.20097017288208, 5.904052734375, 5.216036319732666, 4.818569660186768, 3.725043773651123], "params": [-3.2674145698547363, 0.873333215713501, 6.8214263916015625]}