{"x": [0, 1, 2, 3, 4, 5], "y": [7.713928699493408, 7.103590488433838, 7.221795082092285, 7.401681423187256, 7.7668023109436035, 7.620030403137207], "params": [-0.0008189082145690918, 4.746502876281738, 1.3264236450195312]}