{"x": [0, 1, 2, 3, 4, 5], "y": [5.782257556915283, 5.6655592918396, 5.5023722648620605, 5.515921115875244, 5.657619953155518, 5.830053806304932], "params": [-0.005143940448760986, 1.4932036399841309, 0.6553630828857422]}