{"x": [0, 1, 2, 3, 4, 5], "y": [3.534594774246216, 3.2696681022644043, 3.005796194076538, 2.164707660675049, 2.071505069732666, 1.9423704147338867], "params": [-2.0865938663482666, -4.455900192260742, 3.184448719024658]}