{"x": [0, 1, 2, 3, 4, 5], "y": [8.16492748260498, 7.0578837394714355, 6.274538040161133, 5.135097980499268, 4.274184703826904, 3.566194772720337], "params": [-4.2209014892578125, 1.5335959196090698, 9.197465896606445]}