{"x": [0, 1, 2, 3, 4, 5], "y": [5.580816268920898, 5.378623962402344, 5.616067886352539, 5.363882064819336, 5.1679887771606445, 4.975404262542725], "params": [-0.8155947327613831, 0.8603358268737793, 1.281327247619629]}