{"x": [0, 1, 2, 3, 4, 5], "y": [5.687465667724609, 6.335984230041504, 5.930545330047607, 6.419198036193848, 6.686977386474609, 6.465663433074951], "params": [0.8559280037879944, 2.668360471725464, 1.9990234375]}