{"x": [0, 1, 2, 3, 4, 5], "y": [5.085128307342529, 4.755395412445068, 5.127589702606201, 4.295289993286133, 4.4806742668151855, 3.94667387008667], "params": [-0.89714115858078, -0.8107286691665649, 2.3618316650390625]}