{"x": [0, 1, 2, 3, 4, 5], "y": [5.33946418762207, 6.208499431610107, 6.341754913330078, 6.8232598304748535, 7.137297630310059, 7.204868793487549], "params": [1.225541353225708, 3.0348408222198486, 3.730809211730957]}