{"x": [0, 1, 2, 3, 4, 5], "y": [8.849345207214355, 8.219805717468262, 7.24079704284668, 6.610065460205078, 5.655315399169922, 4.8808979988098145], "params": [-3.848142385482788, 3.915703296661377, 7.936894416809082]}