{"x": [0, 1, 2, 3, 4, 5], "y": [7.4662580490112305, 6.889283657073975, 6.657264232635498, 6.08559513092041, 5.548408031463623, 5.088883399963379], "params": [-2.12528920173645, 2.851734161376953, 4.754749298095703]}