{"x": [0, 1, 2, 3, 4, 5], "y": [6.699954509735107, 6.422458648681641, 6.070426940917969, 4.954021453857422, 5.334299087524414, 4.282501220703125], "params": [-1.9987225532531738, 0.9137678146362305, 4.834906578063965]}