{"x": [0, 1, 2, 3, 4, 5], "y": [4.475339412689209, 3.6987991333007812, 3.415334939956665, 2.66219425201416, 2.4727885723114014, 1.486810564994812], "params": [-2.7386021614074707, -3.8267123699188232, 5.977057456970215]}