{"x": [0, 1, 2, 3, 4, 5], "y": [6.253191947937012, 6.435503959655762, 6.383625030517578, 6.412071228027344, 5.629319667816162, 6.01416015625], "params": [-0.10233241319656372, 2.4534058570861816, 1.6123685836791992]}