{"x": [0, 1, 2, 3, 4, 5], "y": [4.538917064666748, 4.787094593048096, 5.542882919311523, 5.509505748748779, 5.992824554443359, 6.354549884796143], "params": [1.9363303184509277, 1.1402851343154907, 3.631265640258789]}