{"x": [0, 1, 2, 3, 4, 5], "y": [4.244551181793213, 3.601698875427246, 2.973198413848877, 3.4164586067199707, 2.0661985874176025, 1.9886411428451538], "params": [-2.248624324798584, -4.068316459655762, 4.511819839477539]}