{"x": [0, 1, 2, 3, 4, 5], "y": [6.882937431335449, 5.18751859664917, 4.061760425567627, 2.9943716526031494, 2.343496561050415, 1.7361584901809692], "params": [-4.704744338989258, -2.1238045692443848, 10.293558120727539]}