{"x": [0, 1, 2, 3, 4, 5], "y": [5.246409893035889, 5.299520492553711, 5.416887283325195, 6.07659912109375, 5.89054012298584, 6.189671993255615], "params": [1.1043645143508911, 1.5253621339797974, 1.8865242004394531]}