{"x": [0, 1, 2, 3, 4, 5], "y": [9.863525390625, 8.40988826751709, 7.2366533279418945, 6.81908655166626, 5.54574728012085, 4.86855411529541], "params": [-4.511549472808838, 4.186654090881348, 9.98994255065918]}