{"x": [0, 1, 2, 3, 4, 5], "y": [4.911535263061523, 3.954089879989624, 3.2997655868530273, 2.5972485542297363, 2.008143663406372, 1.5214920043945312], "params": [-3.4697341918945312, -4.1051530838012695, 6.780086517333984]}