{"x": [0, 1, 2, 3, 4, 5], "y": [5.0086894035339355, 3.994565486907959, 3.1561484336853027, 2.4742918014526367, 1.0830183029174805, 0.5549641847610474], "params": [-4.882248401641846, -4.421717643737793, 8.907450675964355]}