{"x": [0, 1, 2, 3, 4, 5], "y": [9.276716232299805, 8.065705299377441, 7.568907737731934, 7.128020763397217, 6.674879550933838, 5.758900165557861], "params": [-3.5943024158477783, 4.70880126953125, 7.035632133483887]}