{"x": [0, 1, 2, 3, 4, 5], "y": [4.608684062957764, 4.170595169067383, 3.3997678756713867, 2.959491729736328, 2.935904026031494, 2.256345510482788], "params": [-2.1624011993408203, -3.33890438079834, 4.704677104949951]}