{"x": [0, 1, 2, 3, 4, 5], "y": [6.9464111328125, 6.261598587036133, 5.688526153564453, 5.390075206756592, 5.0631279945373535, 4.4660749435424805], "params": [-2.355656623840332, 1.1561554670333862, 4.960672378540039]}