{"x": [0, 1, 2, 3, 4, 5], "y": [9.462506294250488, 8.855764389038086, 8.020868301391602, 6.5374555587768555, 5.883858680725098, 5.477352619171143], "params": [-4.667434215545654, 4.6244120597839355, 7.970307350158691]}