{"x": [0, 1, 2, 3, 4, 5], "y": [4.740367889404297, 4.780837059020996, 4.998362064361572, 5.504439353942871, 5.335687160491943, 5.998079776763916], "params": [0.6232161521911621, 0.5912256240844727, 2.5154237747192383]}