{"x": [0, 1, 2, 3, 4, 5], "y": [9.165136337280273, 8.31284236907959, 7.44573450088501, 7.242027282714844, 5.804143905639648, 5.057739734649658], "params": [-3.928252696990967, 4.725618839263916, 8.21479320526123]}