{"x": [0, 1, 2, 3, 4, 5], "y": [12.085711479187012, 4.376380443572998, 11.734158515930176, 3.6909101009368896, 10.189434051513672, 3.21040415763855], "params": [-2.0865938663482666, -4.455900192260742, 3.184448719024658, 14.20714282989502, 0.25, 1.0, 15.24329948425293]}