{"x": [0, 1, 2, 3, 4, 5], "y": [13.36895751953125, 5.574336528778076, 11.52166748046875, 5.296028137207031, 11.92063045501709, 5.136969089508057], "params": [-1.2042300701141357, -2.2242016792297363, 3.6628317832946777, 12.697561264038086, 0.25, 1.0, 13.629916191101074]}