{"x": [0, 1, 2, 3, 4, 5], "y": [15.209132194519043, 7.47273063659668, 13.854166984558105, 6.916831016540527, 13.599519729614258, 5.696403980255127], "params": [-2.355656623840332, 1.1561554670333862, 4.960672378540039, 13.752206802368164, 0.25, 1.0, 14.650520324707031]}