{"x": [0, 1, 2, 3, 4, 5], "y": [7.56312370300293, 4.026495456695557, 8.274694442749023, 4.588789463043213, 8.55959701538086, 5.010427951812744], "params": [0.8865445256233215, -1.819930076599121, 1.554265022277832, 6.420733451843262, 0.25, 1.0, 7.917924880981445]}