{"x": [0, 1, 2, 3, 4, 5], "y": [12.835587501525879, 7.375278949737549, 11.020444869995117, 5.801935195922852, 8.998907089233398, 3.7371397018432617], "params": [-4.634920597076416, 0.3379237651824951, 9.08934497833252, 9.020088195800781, 0.25, 1.0, 9.191439628601074]}