{"x": [0, 1, 2, 3, 4, 5], "y": [11.696206092834473, 7.522863388061523, 10.899269104003906, 6.384012699127197, 9.604264259338379, 4.880092144012451], "params": [-2.618403911590576, 1.6408216953277588, 5.757025718688965, 8.184208869934082, 0.25, 1.0, 8.677824020385742]}