{"x": [0, 1, 2, 3, 4, 5], "y": [10.860204696655273, 3.9405720233917236, 11.545907974243164, 4.817624092102051, 11.593151092529297, 4.106393337249756], "params": [1.171766757965088, -4.027844429016113, 1.946310043334961, 14.730488777160645, 0.25, 1.0, 15.27786636352539]}