{"x": [0, 1, 2, 3, 4, 5], "y": [11.660101890563965, 5.1580023765563965, 11.149675369262695, 5.365338325500488, 9.68604850769043, 3.058906316757202], "params": [-2.8147263526916504, -2.941938638687134, 4.573645114898682, 12.119434356689453, 0.25, 1.0, 13.26775074005127]}