{"x": [0, 1, 2, 3, 4, 5], "y": [10.441915512084961, 7.477298736572266, 11.698448181152344, 8.38990592956543, 11.877121925354004, 8.046517372131348], "params": [0.9902518391609192, 3.4716665744781494, 2.42349910736084, 7.533667087554932, 0.25, 1.0, 7.443626403808594]}