{"x": [0, 1, 2, 3, 4, 5], "y": [13.324734687805176, 5.5101447105407715, 11.505228996276855, 3.943485975265503, 9.263862609863281, 1.4563255310058594], "params": [-4.3255414962768555, -1.7337512969970703, 9.037790298461914, 13.774994850158691, 0.25, 1.0, 14.727579116821289]}