{"x": [0, 1, 2, 3, 4, 5], "y": [10.80681037902832, 6.460051536560059, 11.235272407531738, 7.514950752258301, 11.914466857910156, 7.638263702392578], "params": [1.279784083366394, 3.2689924240112305, 2.458770751953125, 8.653048515319824, 0.25, 1.0, 9.182007789611816]}