{"x": [0, 1, 2, 3, 4, 5], "y": [14.025432586669922, 6.808962345123291, 13.470612525939941, 6.733457088470459, 14.022039413452148, 6.957980155944824], "params": [-0.005143940448760986, 1.4932036399841309, 0.6553630828857422, 14.36911678314209, 0.25, 1.0, 14.47298812866211]}