{"x": [0, 1, 2, 3, 4, 5], "y": [9.46678352355957, 6.883759021759033, 10.021547317504883, 7.513468265533447, 9.734115600585938, 7.600393772125244], "params": [1.0557494163513184, 2.623763084411621, 1.7277088165283203, 5.45839262008667, 0.25, 1.0, 5.731241226196289]}