{"x": [0, 1, 2, 3, 4, 5], "y": [9.801021575927734, 4.9517974853515625, 8.285640716552734, 3.293806552886963, 5.251640796661377, 1.026240348815918], "params": [-4.7125749588012695, -4.774064064025879, 9.628271102905273, 7.812714099884033, 0.25, 1.0, 8.720911979675293]}