{"x": [0, 1, 2, 3, 4, 5], "y": [8.84829044342041, 4.839808464050293, 8.444957733154297, 5.409814834594727, 8.930601119995117, 5.3590850830078125], "params": [-0.38202589750289917, -1.416671872138977, 1.1663103103637695, 6.946091651916504, 0.25, 1.0, 7.582396984100342]}