{"x": [0, 1, 2, 3, 4, 5], "y": [9.814980506896973, 7.027861595153809, 9.377924919128418, 5.645704746246338, 8.935624122619629, 5.049355506896973], "params": [-1.9987225532531738, 0.9137678146362305, 4.834906578063965, 5.772923946380615, 0.25, 1.0, 5.99184513092041]}