{"x": [0, 1, 2, 3, 4, 5], "y": [10.826082229614258, 4.340802192687988, 11.383537292480469, 4.023947715759277, 11.225242614746094, 4.0688629150390625], "params": [0.4626575708389282, -3.9795918464660645, 1.2016024589538574, 13.752901077270508, 0.25, 1.0, 14.984889030456543]}