{"x": [0, 1, 2, 3, 4, 5], "y": [8.971248626708984, 5.284613609313965, 7.774182319641113, 3.92191481590271, 6.1715312004089355, 3.067307710647583], "params": [-3.52754545211792, -1.9189494848251343, 6.119083404541016, 5.953430652618408, 0.25, 1.0, 6.861051559448242]}