{"x": [0, 1, 2, 3, 4, 5], "y": [14.864431381225586, 8.942109107971191, 13.607492446899414, 8.663515090942383, 13.343387603759766, 8.203102111816406], "params": [-1.710087776184082, 4.836338043212891, 2.8639726638793945, 10.393613815307617, 0.25, 1.0, 10.767183303833008]}