{"x": [0, 1, 2, 3, 4, 5], "y": [10.011255264282227, 7.1754655838012695, 9.327262878417969, 6.619484901428223, 9.130155563354492, 6.156601905822754], "params": [-1.4664795398712158, 1.688264012336731, 1.8428115844726562, 5.91762113571167, 0.25, 1.0, 6.375519752502441]}