{"x": [0, 1, 2, 3, 4, 5], "y": [8.402799606323242, 5.275846004486084, 8.292258262634277, 5.899691581726074, 9.007183074951172, 6.31174373626709], "params": [0.706177830696106, -0.20134150981903076, 2.1844987869262695, 6.008727073669434, 0.25, 1.0, 6.222476482391357]}