{"x": [0, 1, 2, 3, 4, 5], "y": [12.617748260498047, 8.614874839782715, 12.204107284545898, 8.048844337463379, 10.296013832092285, 6.018515110015869], "params": [-2.917814016342163, 4.098368167877197, 5.71367073059082, 7.5391387939453125, 0.25, 1.0, 8.82508659362793]}