{"x": [0, 1, 2, 3, 4, 5], "y": [15.057085037231445, 8.717805862426758, 15.545313835144043, 9.386423110961914, 16.341339111328125, 9.501869201660156], "params": [1.1981642246246338, 4.445679664611816, 3.588301658630371, 14.031208038330078, 0.25, 1.0, 14.698732376098633]}