{"x": [0, 1, 2, 3, 4, 5], "y": [12.54197883605957, 7.161360263824463, 11.82211685180664, 7.64265251159668, 12.516371726989746, 7.038333892822266], "params": [-0.0008189082145690918, 4.746502876281738, 1.3264236450195312, 9.114802360534668, 0.25, 1.0, 10.819493293762207]}