{"x": [0, 1, 2, 3, 4, 5], "y": [13.824016571044922, 7.911186218261719, 13.174814224243164, 7.542695999145508, 12.500802993774414, 7.450137615203857], "params": [-0.10233241319656372, 2.4534058570861816, 1.6123685836791992, 11.854433059692383, 0.25, 1.0, 12.880399703979492]}