{"x": [0, 1, 2, 3, 4, 5], "y": [9.724908828735352, 5.338906764984131, 10.04967212677002, 5.044801235198975, 10.841841697692871, 5.935146331787109], "params": [1.8917465209960938, -3.066650629043579, 2.8625874519348145, 11.003453254699707, 0.25, 1.0, 11.578766822814941]}