{"x": [0, 1, 2, 3, 4, 5], "y": [13.380016326904297, 5.8077006340026855, 12.357565879821777, 4.695654392242432, 12.167375564575195, 4.041635036468506], "params": [-2.1624011993408203, -3.33890438079834, 4.704677104949951, 14.320006370544434, 0.25, 1.0, 15.188733100891113]}