{"x": [0, 1, 2, 3, 4, 5], "y": [14.370410919189453, 8.30078125, 13.510147094726562, 7.754133224487305, 12.914608001708984, 6.427725315093994], "params": [-2.45271372795105, 1.4996522665023804, 3.702275276184082, 12.350910186767578, 0.25, 1.0, 12.37911605834961]}