{"x": [0, 1, 2, 3, 4, 5], "y": [12.763813972473145, 8.945935249328613, 11.175564765930176, 6.9470319747924805, 9.598916053771973, 5.970672130584717], "params": [-4.036868572235107, 3.5932934284210205, 7.748004913330078, 6.519783973693848, 0.25, 1.0, 6.711869239807129]}