{"x": [0, 1, 2, 3, 4, 5], "y": [14.644487380981445, 8.548921585083008, 14.350990295410156, 7.540299415588379, 13.35165786743164, 6.26738977432251], "params": [-2.12528920173645, 2.851734161376953, 4.754749298095703, 11.723974227905273, 0.25, 1.0, 13.249485969543457]}