{"x": [0, 1, 2, 3, 4, 5], "y": [11.60962200164795, 5.697723388671875, 11.942832946777344, 6.5964484214782715, 12.885427474975586, 7.009086608886719], "params": [1.4210907220840454, -0.9670388698577881, 2.3416614532470703, 12.123442649841309, 0.25, 1.0, 12.149347305297852]}