{"x": [0, 1, 2, 3, 4, 5], "y": [16.0965576171875, 10.05504035949707, 13.533197402954102, 8.325053215026855, 11.744686126708984, 5.920784950256348], "params": [-4.511549472808838, 4.186654090881348, 9.98994255065918, 9.554930686950684, 0.25, 1.0, 10.488624572753906]}