{"x": [0, 1, 2, 3, 4, 5], "y": [12.993321418762207, 6.414741516113281, 13.467228889465332, 7.728250503540039, 14.121553421020508, 7.34593391418457], "params": [0.872081995010376, 1.4363950490951538, 2.268364906311035, 13.753732681274414, 0.25, 1.0, 13.732934951782227]}