{"x": [0, 1, 2, 3, 4, 5], "y": [10.831167221069336, 4.9933624267578125, 9.409911155700684, 3.9904556274414062, 8.20792007446289, 2.551565170288086], "params": [-3.4697341918945312, -4.1051530838012695, 6.780086517333984, 10.115851402282715, 0.25, 1.0, 10.339406967163086]}