{"x": [0, 1, 2, 3, 4, 5], "y": [15.044419288635254, 7.413750171661377, 13.865813255310059, 7.566875457763672, 14.142702102661133, 7.075796127319336], "params": [-1.5250556468963623, 1.9303184747695923, 2.237298011779785, 13.430174827575684, 0.25, 1.0, 14.653902053833008]}