{"x": [0, 1, 2, 3, 4, 5], "y": [13.547426223754883, 6.247628688812256, 14.867012977600098, 7.513674736022949, 15.007641792297363, 8.438909530639648], "params": [1.9363303184509277, 1.1402851343154907, 3.631265640258789, 14.62565803527832, 0.25, 1.0, 15.727191925048828]}