{"x": [0, 1, 2, 3, 4, 5], "y": [5.888673782348633, 2.5614123344421387, 7.177464485168457, 3.285895824432373, 6.776845932006836, 3.7647078037261963], "params": [1.4468019008636475, -4.982823848724365, 3.0662198066711426, 7.422003269195557, 0.25, 1.0, 8.38591480255127]}