{"x": [0, 1, 2, 3, 4, 5], "y": [15.960622787475586, 7.681758880615234, 13.503180503845215, 6.485421180725098, 12.564558029174805, 4.202183246612549], "params": [-4.39808464050293, 2.2272491455078125, 9.105295181274414, 14.312662124633789, 0.25, 1.0, 14.84847354888916]}