{"x": [0, 1, 2, 3, 4, 5], "y": [12.146171569824219, 8.132762908935547, 11.179231643676758, 7.190103530883789, 11.155574798583984, 6.612841606140137], "params": [-1.357749581336975, 2.8227477073669434, 2.9241132736206055, 7.608952045440674, 0.25, 1.0, 8.504018783569336]}