{"x": [0, 1, 2, 3, 4, 5], "y": [11.142966270446777, 5.944569110870361, 11.644380569458008, 7.053558349609375, 11.933690071105957, 7.377948760986328], "params": [1.71751070022583, -0.21154701709747314, 3.725581645965576, 11.266844749450684, 0.25, 1.0, 11.74979019165039]}