{"x": [0, 1, 2, 3, 4, 5], "y": [12.741243362426758, 7.133450031280518, 11.44334602355957, 6.337517261505127, 10.36465835571289, 4.762150764465332], "params": [-3.2674145698547363, 0.873333215713501, 6.8214263916015625, 9.304624557495117, 0.25, 1.0, 9.346014022827148]}