{"x": [0, 1, 2, 3, 4, 5], "y": [14.844265937805176, 7.946557998657227, 13.195199012756348, 5.9927263259887695, 11.716779708862305, 4.486397743225098], "params": [-3.961514472961426, -0.4748135805130005, 8.579574584960938, 12.921852111816406, 0.25, 1.0, 12.956401824951172]}