{"x": [0, 1, 2, 3, 4, 5], "y": [13.130041122436523, 8.919937133789062, 11.789928436279297, 6.9675068855285645, 9.723201751708984, 5.457912445068359], "params": [-3.848142385482788, 3.915703296661377, 7.936894416809082, 7.28445291519165, 0.25, 1.0, 8.383379936218262]}