{"x": [0, 1, 2, 3, 4, 5], "y": [7.448436737060547, 3.930816650390625, 6.420578479766846, 3.536282777786255, 5.878614902496338, 2.188389301300049], "params": [-0.9899749755859375, -4.914728164672852, 3.1734800338745117, 7.0126776695251465, 0.25, 1.0, 7.489691734313965]}