{"x": [0, 1, 2, 3, 4, 5], "y": [6.911248207092285, 3.4674642086029053, 6.531380653381348, 3.2527427673339844, 6.859715938568115, 4.218949794769287], "params": [0.08345997333526611, -3.492460250854492, 1.2225518226623535, 7.065478324890137, 0.25, 1.0, 7.864835739135742]}