{"x": [0, 1, 2, 3, 4, 5], "y": [11.707257270812988, 5.618747711181641, 10.883962631225586, 4.792737007141113, 10.358438491821289, 4.625696659088135], "params": [-1.719702959060669, -0.9565043449401855, 3.889986038208008, 10.520349502563477, 0.25, 1.0, 11.365522384643555]}