{"x": [0, 1, 2, 3, 4, 5], "y": [14.139446258544922, 6.237380027770996, 13.348041534423828, 5.290194988250732, 12.440237045288086, 5.232830047607422], "params": [-2.016335964202881, -3.3080644607543945, 4.153191089630127, 14.771430969238281, 0.25, 1.0, 15.886609077453613]}