{"x": [0, 1, 2, 3, 4, 5], "y": [3.049528121948242, -0.16938823461532593, 2.5343854427337646, 0.17763972282409668, 2.70987868309021, 0.20564110577106476], "params": [5.093186855316162, 0.25, 1.0, 6.437832832336426]}