{"x": [0, 1, 2, 3, 4, 5], "y": [1.3508117198944092, 0.28132712841033936, 1.5205459594726562, 0.2387060672044754, 1.7991913557052612, 0.4526172876358032], "params": [2.4556562900543213, 0.25, 1.0, 3.1209704875946045]}