{"x": [0, 1, 2, 3, 4, 5], "y": [2.7860798835754395, 0.4526408314704895, 2.3979086875915527, 0.3962770700454712, 2.2534844875335693, 0.4186471104621887], "params": [4.300395488739014, 0.25, 1.0, 4.779605865478516]}