{"x": [0, 1, 2, 3, 4, 5], "y": [2.6268832683563232, 0.8959523439407349, 2.5441319942474365, 0.5669790506362915, 2.6786751747131348, 1.0120651721954346], "params": [3.990165948867798, 0.25, 1.0, 4.223392486572266]}