{"x": [0, 1, 2, 3, 4, 5], "y": [0.46189767122268677, 0.0031604617834091187, 1.0567560195922852, 0.04121889919042587, 0.972987174987793, 0.00942830741405487], "params": [1.0981500148773193, 0.25, 1.0, 2.1071910858154297]}