{"x": [0, 1, 2, 3, 4, 5], "y": [5.461568832397461, 0.9846598505973816, 5.898957252502441, 1.2907110452651978, 5.601470470428467, 1.674625277519226], "params": [8.647272109985352, 0.25, 1.0, 9.828595161437988]}