{"x": [0, 1, 2, 3, 4, 5], "y": [7.506362438201904, 0.9637567400932312, 7.987505912780762, 0.2840404212474823, 7.330593109130859, 0.9678659439086914], "params": [14.124187469482422, 0.25, 1.0, 15.406930923461914]}