{"x": [0, 1, 2, 3, 4, 5], "y": [5.815993309020996, 0.9900096654891968, 6.191212177276611, 1.0888357162475586, 6.017703533172607, 0.9599472880363464], "params": [9.875846862792969, 0.25, 1.0, 10.462530136108398]}