{"x": [0, 1, 2, 3, 4, 5], "y": [4.412549018859863, 1.023052453994751, 4.307718276977539, 0.32121744751930237, 4.279757499694824, 0.4013690948486328], "params": [7.782186508178711, 0.25, 1.0, 8.182662963867188]}