{"x": [0, 1, 2, 3, 4, 5], "y": [2.501507520675659, 3.251086711883545, 4.445679187774658, 5.295909881591797, 6.535763740539551, 7.4178924560546875], "params": [4.83738899230957, -0.12689292430877686, 9.832769393920898]}