{"x": [0, 1, 2, 3, 4, 5], "y": [2.3472518920898438, 2.594968557357788, 2.8732948303222656, 2.752739429473877, 3.3434412479400635, 3.7881956100463867], "params": [1.2567275762557983, -4.098541736602783, 2.881887435913086]}