{"x": [0, 1, 2, 3, 4, 5], "y": [2.3470568656921387, 2.4844439029693604, 2.917759656906128, 2.98038911819458, 3.3453612327575684, 3.27156400680542], "params": [0.8583661913871765, -3.8781089782714844, 1.9966087341308594]}