{"x": [0, 1, 2, 3, 4, 5], "y": [4.3726806640625, 5.282243728637695, 5.422265529632568, 6.334567546844482, 6.902801513671875, 7.546268463134766], "params": [3.6524460315704346, 2.0014266967773438, 6.347175598144531]}