{"x": [0, 1, 2, 3, 4, 5], "y": [4.033959865570068, 3.8039698600769043, 3.87412166595459, 4.456523418426514, 4.019978046417236, 4.777721881866455], "params": [0.8798849582672119, -1.6423046588897705, 1.9475040435791016]}