{"x": [0, 1, 2, 3, 4, 5], "y": [3.8218679428100586, 3.2282350063323975, 4.009284019470215, 3.893739700317383, 3.615712881088257, 3.831012725830078], "params": [0.26659905910491943, -2.1550230979919434, 1.5620980262756348]}