{"x": [0, 1, 2, 3, 4, 5], "y": [4.009592533111572, 3.976775884628296, 4.9240570068359375, 4.797011852264404, 4.767143249511719, 5.0889973640441895], "params": [1.3828144073486328, -0.6107175350189209, 2.224442958831787]}