{"x": [0, 1, 2, 3, 4, 5], "y": [4.59065580368042, 5.139196872711182, 5.834046363830566, 6.989821910858154, 7.59859561920166, 8.598113059997559], "params": [4.1616668701171875, 2.858428478240967, 8.014914512634277]}