{"x": [0, 1, 2, 3, 4, 5], "y": [4.963646411895752, 4.711316108703613, 4.707293510437012, 4.982469081878662, 4.900509834289551, 4.453672885894775], "params": [0.20153522491455078, -0.165063738822937, 1.0575923919677734]}