{"x": [0, 1, 2, 3, 4, 5], "y": [5.74309778213501, 5.935553073883057, 6.036065101623535, 6.4955153465271, 6.514702796936035, 6.803311347961426], "params": [0.7679164409637451, 2.606964588165283, 2.120427131652832]}