{"x": [0, 1, 2, 3, 4, 5], "y": [3.2630646228790283, 3.4504003524780273, 3.3747987747192383, 4.47989559173584, 4.175525188446045, 4.758778095245361], "params": [1.3105326890945435, -1.9523829221725464, 2.991426944732666]}