{"x": [0, 1, 2, 3, 4, 5], "y": [5.291531562805176, 5.147270679473877, 5.174973487854004, 5.383225440979004, 5.862819194793701, 5.916848659515381], "params": [0.990181565284729, 0.7284766435623169, 1.5391559600830078]}