{"x": [0, 1, 2, 3, 4, 5], "y": [5.612837314605713, 6.242244243621826, 6.555272579193115, 7.070141792297363, 7.060400485992432, 7.798856258392334], "params": [2.3551082611083984, 3.3505635261535645, 4.372037887573242]}