{"x": [0, 1, 2, 3, 4, 5], "y": [3.6808319091796875, 5.139138221740723, 5.74127197265625, 6.507962226867676, 7.3958916664123535, 8.44694709777832], "params": [4.905619144439697, 2.207200527191162, 9.532230377197266]}