{"x": [0, 1, 2, 3, 4, 5], "y": [0.7839546203613281, 2.101109027862549, 3.0976009368896484, 3.5830750465393066, 4.438446521759033, 5.3560051918029785], "params": [4.577341556549072, -3.6419856548309326, 9.1441011428833]}