{"x": [0, 1, 2, 3, 4, 5], "y": [5.9338154792785645, 5.975728988647461, 6.391374111175537, 7.196870803833008, 7.441275596618652, 7.944589138031006], "params": [2.285344123840332, 3.844578266143799, 4.021547317504883]}