{"x": [0, 1, 2, 3, 4, 5], "y": [1.7277973890304565, 2.734078884124756, 3.6958696842193604, 4.524433135986328, 5.622783660888672, 6.335509777069092], "params": [4.726963996887207, -1.539219617843628, 9.215424537658691]}