{"x": [0, 1, 2, 3, 4, 5], "y": [3.751664638519287, 3.822784662246704, 4.305151462554932, 4.936557769775391, 5.986193656921387, 6.153266429901123], "params": [2.2875726222991943, 0.09091079235076904, 4.803203582763672]}