{"x": [0, 1, 2, 3, 4, 5], "y": [1.7570717334747314, 2.5647783279418945, 3.670527219772339, 4.507029056549072, 5.2320051193237305, 6.4521636962890625], "params": [4.414405822753906, -1.8722903728485107, 9.39018440246582]}