{"x": [0, 1, 2, 3, 4, 5], "y": [4.752547264099121, 5.4630513191223145, 6.139893531799316, 6.681800842285156, 7.428420066833496, 7.624234676361084], "params": [3.3283722400665283, 2.745957374572754, 5.743374824523926]}