{"x": [0, 1, 2, 3, 4, 5], "y": [5.475255489349365, 5.266783237457275, 5.992349147796631, 5.987606048583984, 5.608770370483398, 5.655791759490967], "params": [0.5968916416168213, 1.1724549531936646, 1.451131820678711]}