{"x": [0, 1, 2, 3, 4, 5], "y": [5.190763473510742, 6.053227424621582, 6.187219142913818, 6.970311641693115, 7.611356258392334, 8.376949310302734], "params": [2.9894611835479736, 3.457777976989746, 6.372371673583984]}