{"x": [0, 1, 2, 3, 4, 5], "y": [1.5550105571746826, 2.435051679611206, 3.312187910079956, 4.083136081695557, 4.561641216278076, 5.630126953125], "params": [3.5895559787750244, -2.8505725860595703, 8.150232315063477]}