{"x": [0, 1, 2, 3, 4, 5], "y": [3.9163050651550293, 4.719213485717773, 4.6023077964782715, 5.151245594024658, 5.544117450714111, 6.536518096923828], "params": [2.2276148796081543, 0.3909790515899658, 5.240426063537598]}