{"x": [0, 1, 2, 3, 4, 5], "y": [3.5426321029663086, 3.47452712059021, 3.5348613262176514, 3.7516698837280273, 3.4890623092651367, 3.880864143371582], "params": [0.5418512225151062, -2.811868190765381, 0.8126740455627441]}