{"x": [0, 1, 2, 3, 4, 5], "y": [5.587869644165039, 6.13611364364624, 6.7521162033081055, 7.588580131530762, 8.309723854064941, 8.525391578674316], "params": [3.3015975952148438, 4.136276721954346, 5.875043869018555]}