{"x": [0, 1, 2, 3, 4, 5], "y": [11.760313034057617, 5.4251580238342285, 12.610893249511719, 5.842761039733887, 12.133164405822754, 5.658298492431641], "params": [0.052475035190582275, -0.7286632061004639, 1.0054407119750977, 12.60420036315918, 0.25, 1.0, 13.9573335647583]}