{"x": [0, 1, 2, 3, 4, 5], "y": [8.579390525817871, 4.22712516784668, 9.0772705078125, 5.0439348220825195, 9.04762077331543, 4.361946105957031], "params": [0.726439356803894, -2.9893903732299805, 0.9233002662658691, 9.381577491760254, 0.25, 1.0, 10.176779747009277]}