{"x": [0, 1, 2, 3, 4, 5], "y": [7.0273213386535645, 7.21368408203125, 7.378239154815674, 6.45667028427124, 6.738841533660889, 6.879768371582031], "params": [0.14968514442443848, 3.5581552982330322, 1.0756874084472656, 0.7681730389595032, 0.25, 1.0, 1.6915779113769531]}