{"x": [0, 1, 2, 3, 4, 5], "y": [9.63298511505127, 6.389768123626709, 10.343658447265625, 6.2667999267578125, 10.393861770629883, 6.727749347686768], "params": [0.22885888814926147, 1.0667133331298828, 1.051565170288086, 6.815328598022461, 0.25, 1.0, 8.277326583862305]}