{"x": [0, 1, 2, 3, 4, 5], "y": [5.072083473205566, 6.1677470207214355, 6.539480686187744, 7.573914527893066, 8.30500316619873, 8.312729835510254], "params": [3.1884052753448486, 3.7432825565338135, 6.968270301818848, 0.1875007152557373, 0.25, 1.0, 1.4241303205490112]}