{"x": [0, 1, 2, 3, 4, 5], "y": [7.259360313415527, 5.843318939208984, 7.851696968078613, 6.124462604522705, 9.289618492126465, 7.698905944824219], "params": [2.1702747344970703, 1.3795393705368042, 4.108728408813477, 3.990165948867798, 0.25, 1.0, 4.223392486572266]}