{"x": [0, 1, 2, 3, 4, 5], "y": [11.72130012512207, 5.525534152984619, 11.26966667175293, 6.285754203796387, 12.076212882995605, 5.634143352508545], "params": [0.20153522491455078, -0.165063738822937, 1.0575923919677734, 11.472187995910645, 0.25, 1.0, 12.722970008850098]}