{"x": [0, 1, 2, 3, 4, 5], "y": [1.56793212890625, 2.2352240085601807, 4.011184215545654, 3.7208499908447266, 5.684241771697998, 5.740031719207764], "params": [4.577341556549072, -3.6419856548309326, 9.1441011428833, 1.5002042055130005, 0.25, 1.0, 2.223360538482666]}