{"x": [0, 1, 2, 3, 4, 5], "y": [13.75985336303711, 8.363580703735352, 13.79550552368164, 8.477543830871582, 14.624979019165039, 9.299966812133789], "params": [1.03554105758667, 4.6957902908325195, 2.9748544692993164, 11.346875190734863, 0.25, 1.0, 11.894628524780273]}