{"x": [0, 1, 2, 3, 4, 5], "y": [11.55617618560791, 4.904134750366211, 12.683045387268066, 5.598310470581055, 13.532407760620117, 6.552536964416504], "params": [2.2627580165863037, -3.091527223587036, 4.193146228790283, 13.981284141540527, 0.25, 1.0, 15.633018493652344]}