{"x": [0, 1, 2, 3, 4, 5], "y": [6.433188438415527, 2.6634111404418945, 8.723206520080566, 4.599543571472168, 10.753752708435059, 6.91369104385376], "params": [4.973750591278076, -3.6043715476989746, 10.673097610473633, 9.875846862792969, 0.25, 1.0, 10.462530136108398]}