{"x": [0, 1, 2, 3, 4, 5], "y": [6.57628870010376, 4.908034324645996, 7.714783191680908, 5.584734916687012, 8.78049087524414, 7.159743309020996], "params": [1.5600738525390625, 0.5730170011520386, 4.48063850402832, 4.144784450531006, 0.25, 1.0, 5.033559322357178]}