{"x": [0, 1, 2, 3, 4, 5], "y": [4.820408344268799, 3.7620973587036133, 4.609006881713867, 4.597507953643799, 5.367963790893555, 4.945499420166016], "params": [0.7779598236083984, -1.8468248844146729, 2.132514476776123, 1.6209421157836914, 0.25, 1.0, 2.578314781188965]}