{"x": [0, 1, 2, 3, 4, 5], "y": [5.085080146789551, 2.7361934185028076, 7.14306640625, 3.712160348892212, 8.0094633102417, 5.454178810119629], "params": [3.313081741333008, -3.9076900482177734, 6.939603805541992, 7.22592830657959, 0.25, 1.0, 7.040847301483154]}