{"x": [0, 1, 2, 3, 4, 5], "y": [8.7162446975708, 4.928700923919678, 10.467403411865234, 6.180578231811523, 10.248405456542969, 6.648481845855713], "params": [2.1445324420928955, -1.1878198385238647, 4.899170875549316, 9.46469783782959, 0.25, 1.0, 10.495903968811035]}