{"x": [0, 1, 2, 3, 4, 5], "y": [12.211202621459961, 5.365507125854492, 13.48747444152832, 6.278102397918701, 14.34205436706543, 6.449840068817139], "params": [1.701561450958252, -0.640760064125061, 3.355942726135254, 14.408148765563965, 0.25, 1.0, 16.505619049072266]}