{"x": [0, 1, 2, 3, 4, 5], "y": [6.133221626281738, 2.4535434246063232, 7.571495532989502, 3.21640682220459, 9.307273864746094, 4.574178695678711], "params": [3.546816825866699, -3.8392062187194824, 6.666445255279541, 8.426629066467285, 0.25, 1.0, 9.470551490783691]}