{"x": [0, 1, 2, 3, 4, 5], "y": [5.267116546630859, 5.000540733337402, 6.122853755950928, 5.389951705932617, 7.343308925628662, 6.989135265350342], "params": [2.2276148796081543, 0.3909790515899658, 5.240426063537598, 2.4556562900543213, 0.25, 1.0, 3.1209704875946045]}