{"x": [0, 1, 2, 3, 4, 5], "y": [0.3078686594963074, 4.148855209350586, 0.9780139923095703, 4.744167327880859, 0.36720138788223267, 4.104608535766602], "params": [7.5391387939453125, 0.25, 0.0, 8.872597694396973]}