{"x": [0, 1, 2, 3, 4, 5], "y": [0.36462634801864624, 3.8664908409118652, 0.22883398830890656, 3.4633469581604004, 0.1280147135257721, 3.8404626846313477], "params": [6.9280524253845215, 0.25, 0.0, 7.476952075958252]}