{"x": [0, 1, 2, 3, 4, 5], "y": [0.17872726917266846, 4.937309741973877, 0.08487369120121002, 5.304366588592529, 0.3007742762565613, 5.057423114776611], "params": [9.18838882446289, 0.25, 0.0, 10.438985824584961]}