{"x": [0, 1, 2, 3, 4, 5], "y": [0.7580693960189819, 4.181588649749756, 0.6234102249145508, 4.3398356437683105, 0.44699665904045105, 4.025900840759277], "params": [7.0126776695251465, 0.25, 0.0, 7.785677909851074]}