{"x": [0, 1, 2, 3, 4, 5], "y": [2.0663487911224365, 6.705204010009766, 1.568129539489746, 6.007241249084473, 1.5173134803771973, 6.36016845703125], "params": [9.857392311096191, 0.25, 0.0, 10.375781059265137]}