{"x": [0, 1, 2, 3, 4, 5], "y": [2.008711814880371, 7.891315460205078, 1.7087783813476562, 7.989442348480225, 1.8790885210037231, 8.305700302124023], "params": [12.697561264038086, 0.25, 0.0, 13.193843841552734]}