{"x": [0, 1, 2, 3, 4, 5], "y": [6.488715648651123, 5.682397365570068, 4.9682135581970215, 4.283009052276611, 3.436797857284546, 2.8588247299194336], "params": [-3.5891060829162598, -0.6029009819030762, 7.259781837463379]}