{"x": [0, 1, 2, 3, 4, 5], "y": [4.201982498168945, 3.707756519317627, 3.2093582153320312, 2.0573742389678955, 1.5372836589813232, 0.9848003387451172], "params": [-3.4142496585845947, -4.902291774749756, 6.434364318847656]}