{"x": [0, 1, 2, 3, 4, 5], "y": [7.573389053344727, 6.6250834465026855, 5.669013500213623, 4.968367576599121, 3.8811802864074707, 2.8026652336120605], "params": [-4.4035162925720215, 0.4401355981826782, 9.541447639465332]}