{"x": [0, 1, 2, 3, 4, 5], "y": [5.071167469024658, 4.740208148956299, 4.803519248962402, 4.989870071411133, 4.941934585571289, 5.024572849273682], "params": [-0.31792521476745605, -0.08802950382232666, 0.6619186401367188]}