{"x": [0, 1, 2, 3, 4, 5], "y": [4.346139430999756, 4.538860321044922, 4.301607131958008, 3.98659610748291, 3.9390835762023926, 3.954123020172119], "params": [-0.2630692720413208, -1.563030481338501, 1.1995534896850586]}