{"x": [0, 1, 2, 3, 4, 5], "y": [3.8557894229888916, 3.4059605598449707, 3.2431418895721436, 2.9454762935638428, 2.9426965713500977, 2.3193798065185547], "params": [-1.6912007331848145, -3.9593780040740967, 3.072819232940674]}