{"x": [0, 1, 2, 3, 4, 5], "y": [3.490844488143921, 3.5414316654205322, 2.9452497959136963, 2.7703797817230225, 2.0671794414520264, 1.6570720672607422], "params": [-2.037184476852417, -4.2828826904296875, 3.76871919631958]}