{"x": [0, 1, 2, 3, 4, 5], "y": [7.356098175048828, 7.390542507171631, 6.517470836639404, 6.646174907684326, 6.37044620513916, 5.659032344818115], "params": [-1.442063808441162, 3.33402681350708, 3.4630203247070312]}