{"x": [0, 1, 2, 3, 4, 5], "y": [6.520098686218262, 5.674546241760254, 5.205316543579102, 5.081851005554199, 4.5928521156311035, 4.077714443206787], "params": [-2.0220823287963867, 0.7283508777618408, 4.884768486022949]}