{"x": [0, 1, 2, 3, 4, 5], "y": [7.918323993682861, 6.924155235290527, 6.785091876983643, 6.227202892303467, 5.0898756980896, 4.726397514343262], "params": [-3.163699150085449, 2.7622671127319336, 6.383852958679199]}