{"x": [0, 1, 2, 3, 4, 5], "y": [4.441514492034912, 3.1401662826538086, 2.91227126121521, 2.2524759769439697, 1.3047642707824707, 0.67646723985672], "params": [-3.5696542263031006, -4.911512851715088, 7.530094623565674]}