{"x": [0, 1, 2, 3, 4, 5], "y": [4.908050060272217, 5.126444339752197, 5.1827874183654785, 4.719442367553711, 4.679611682891846, 4.505854606628418], "params": [-0.39394527673721313, -0.2203679084777832, 1.353865623474121]}