{"x": [0, 1, 2, 3, 4, 5], "y": [3.981821060180664, 4.186859607696533, 4.813900947570801, 4.224701881408691, 4.291839599609375, 4.15347957611084], "params": [-0.6023862957954407, -1.4029890298843384, 1.6641597747802734]}