{"x": [0, 1, 2, 3, 4, 5], "y": [3.292896032333374, 3.112483024597168, 3.3521623611450195, 3.4455437660217285, 2.984572410583496, 3.2411108016967773], "params": [-0.031213462352752686, -3.405949592590332, 0.9219427108764648]}