{"x": [0, 1, 2, 3, 4, 5], "y": [7.593654632568359, 6.660058975219727, 6.052304744720459, 5.975230693817139, 5.158021926879883, 4.69516134262085], "params": [-2.2576143741607666, 1.9508856534957886, 5.7969865798950195]}