{"x": [0, 1, 2, 3, 4, 5], "y": [6.381747245788574, 6.441534042358398, 5.9220404624938965, 6.384154319763184, 6.210771560668945, 6.077820777893066], "params": [-0.49046188592910767, 2.6319408416748047, 1.038987159729004]}