{"x": [0, 1, 2, 3, 4, 5], "y": [6.037865161895752, 5.307241439819336, 4.475745677947998, 3.6686909198760986, 2.386080265045166, 1.3224098682403564], "params": [-4.685383319854736, -1.9978749752044678, 9.430910110473633]}