{"x": [0, 1, 2, 3, 4, 5], "y": [6.116818428039551, 4.955697536468506, 4.342210292816162, 3.4535939693450928, 2.497802972793579, 2.2073440551757812], "params": [-4.638023853302002, -2.199195623397827, 7.818948745727539]}