{"x": [0, 1, 2, 3, 4, 5], "y": [7.203549385070801, 6.813447952270508, 5.702429294586182, 5.723109722137451, 5.337797164916992, 4.418968677520752], "params": [-3.0037922859191895, 1.7397171258926392, 5.569161415100098]}