{"x": [0, 1, 2, 3, 4, 5], "y": [3.7638230323791504, 3.661618947982788, 3.363875150680542, 3.2570595741271973, 2.9514806270599365, 2.345041275024414], "params": [-1.1269164085388184, -3.7363953590393066, 2.8375635147094727]}