{"x": [0, 1, 2, 3, 4, 5], "y": [4.207356929779053, 3.77573823928833, 3.708651542663574, 3.078382730484009, 2.9218029975891113, 2.9420084953308105], "params": [-1.500417947769165, -3.0525946617126465, 2.571107864379883]}