{"x": [0, 1, 2, 3, 4, 5], "y": [6.2613396644592285, 6.571321964263916, 6.455354690551758, 6.354900360107422, 6.143886089324951, 6.177521228790283], "params": [-0.3764396905899048, 2.601869583129883, 0.8548717498779297]}