{"x": [0, 1, 2, 3, 4, 5], "y": [8.805517196655273, 8.23477554321289, 7.663826942443848, 7.021374702453613, 6.024001598358154, 5.02550745010376], "params": [-4.015068531036377, 4.231997489929199, 7.560019493103027]}