{"x": [0, 1, 2, 3, 4, 5], "y": [6.520458221435547, 5.562638282775879, 5.1824235916137695, 4.7365851402282715, 3.9848315715789795, 3.45076322555542], "params": [-3.4626171588897705, -0.3873854875564575, 6.139389991760254]}