{"x": [0, 1, 2, 3, 4, 5], "y": [6.38578987121582, 5.932413101196289, 5.5706892013549805, 5.091846466064453, 4.628710746765137, 4.440577507019043], "params": [-1.8540570735931396, 0.31560540199279785, 3.8904247283935547]}