{"x": [0, 1, 2, 3, 4, 5], "y": [5.505310535430908, 4.480678558349609, 3.0906264781951904, 1.9632176160812378, 1.0740859508514404, 0.29988324642181396], "params": [-4.861473560333252, -4.800097942352295, 10.41085433959961]}