{"x": [0, 1, 2, 3, 4, 5], "y": [8.270014762878418, 6.845706939697266, 6.421083450317383, 5.580345153808594, 5.211399078369141, 4.452792167663574], "params": [-3.390244483947754, 2.181307792663574, 7.6344451904296875]}