{"x": [0, 1, 2, 3, 4, 5], "y": [5.347221374511719, 4.5308074951171875, 4.109813690185547, 3.3439199924468994, 2.96148681640625, 2.47707200050354], "params": [-2.6593587398529053, -2.138874053955078, 5.740298748016357]}