{"x": [0, 1, 2, 3, 4, 5], "y": [8.934362411499023, 8.295660018920898, 6.699639320373535, 6.312497615814209, 5.369568824768066, 4.540280818939209], "params": [-3.9908857345581055, 3.060415267944336, 8.788163185119629]}