{"x": [0, 1, 2, 3, 4, 5], "y": [3.7551515102386475, 3.0221545696258545, 3.3386878967285156, 2.519503355026245, 2.4916720390319824, 2.035698890686035], "params": [-1.6148486137390137, -4.3198466300964355, 3.4389052391052246]}