{"x": [0, 1, 2, 3, 4, 5], "y": [6.586319446563721, 6.594414234161377, 6.044964790344238, 5.956819534301758, 5.302812099456787, 4.72601318359375], "params": [-1.9680589437484741, 1.5669143199920654, 3.736802101135254]}