{"x": [0, 1, 2, 3, 4, 5], "y": [3.0841126441955566, 3.4878883361816406, 3.220832586288452, 3.2778139114379883, 2.8906989097595215, 3.016526699066162], "params": [-0.4048916697502136, -3.720287799835205, 1.1943788528442383]}