{"x": [0, 1, 2, 3, 4, 5], "y": [7.086882591247559, 6.717581272125244, 6.221920013427734, 5.731698036193848, 5.527572154998779, 5.110966682434082], "params": [-1.7848724126815796, 2.216082811355591, 3.951831817626953]}