{"x": [0, 1, 2, 3, 4, 5], "y": [8.443781852722168, 8.497040748596191, 7.537667274475098, 6.6836419105529785, 6.037730693817139, 5.381542205810547], "params": [-3.523263931274414, 4.068214416503906, 6.230997085571289]}