{"x": [0, 1, 2, 3, 4, 5], "y": [5.617220878601074, 8.399236679077148, 4.478846549987793, 7.154449462890625, 3.4800140857696533, 6.261154651641846], "params": [-2.7305212020874023, -3.954747200012207, 6.072150230407715, 6.547698497772217, 0.25, 0.0, 7.5570268630981445]}