{"x": [0, 1, 2, 3, 4, 5], "y": [6.774811744689941, 7.614731788635254, 5.441669940948486, 6.936483383178711, 2.7889113426208496, 4.873053550720215], "params": [-4.183760166168213, -2.3786580562591553, 8.913077354431152, 4.890970706939697, 0.25, 0.0, 5.714725017547607]}