{"x": [0, 1, 2, 3, 4, 5], "y": [5.337210178375244, 5.587569713592529, 4.390758991241455, 4.779472351074219, 3.5994982719421387, 4.8238525390625], "params": [-1.7116961479187012, -1.518341302871704, 2.7212605476379395, 1.2921979427337646, 0.25, 0.0, 2.0059916973114014]}