{"x": [0, 1, 2, 3, 4, 5], "y": [5.724769592285156, 6.897611618041992, 5.021193981170654, 7.1565632820129395, 5.417628765106201, 7.507345199584961], "params": [-0.31792521476745605, -0.08802950382232666, 0.6619186401367188, 3.9092910289764404, 0.25, 0.0, 4.5301947593688965]}