{"x": [0, 1, 2, 3, 4, 5], "y": [4.808737754821777, 9.16026782989502, 3.2939560413360596, 7.643806457519531, 2.6075258255004883, 7.068441867828369], "params": [-3.1970999240875244, -4.374505043029785, 6.618142127990723, 10.398982048034668, 0.25, 0.0, 11.46473217010498]}