{"x": [0, 1, 2, 3, 4, 5], "y": [7.445221900939941, 9.354199409484863, 6.655620098114014, 8.70240592956543, 6.317954063415527, 7.726701736450195], "params": [-1.442063808441162, 3.33402681350708, 3.4630203247070312, 3.6467957496643066, 0.25, 0.0, 4.240323543548584]}