{"x": [0, 1, 2, 3, 4, 5], "y": [7.698943138122559, 14.618896484375, 7.923325061798096, 14.878372192382812, 8.66576099395752, 14.286222457885742], "params": [-0.27469635009765625, 2.4585556983947754, 0.6867923736572266, 12.472697257995605, 0.25, 0.0, 13.709121704101562]}