{"x": [0, 1, 2, 3, 4, 5], "y": [3.4755048751831055, 8.93983268737793, 3.5340845584869385, 8.647043228149414, 3.2234911918640137, 8.672091484069824], "params": [-0.4048916697502136, -3.720287799835205, 1.1943788528442383, 10.89721965789795, 0.25, 0.0, 10.684625625610352]}