{"x": [0, 1, 2, 3, 4, 5], "y": [6.905099391937256, 10.089344024658203, 4.09241247177124, 7.793551445007324, 2.1348695755004883, 5.9840850830078125], "params": [-4.861473560333252, -4.800097942352295, 10.41085433959961, 9.077710151672363, 0.25, 0.0, 9.657094955444336]}