{"x": [0, 1, 2, 3, 4, 5], "y": [10.845322608947754, 16.80178451538086, 8.817023277282715, 15.91318130493164, 7.489774227142334, 13.764303207397461], "params": [-3.916543483734131, 3.038900375366211, 7.72380256652832, 14.215495109558105, 0.25, 0.0, 15.048666000366211]}