{"x": [0, 1, 2, 3, 4, 5], "y": [7.257447719573975, 10.982784271240234, 5.841934680938721, 10.179862976074219, 5.061374187469482, 8.956310272216797], "params": [-2.2576143741607666, 1.9508856534957886, 5.7969865798950195, 8.381709098815918, 0.25, 0.0, 9.317863464355469]}