{"x": [0, 1, 2, 3, 4, 5], "y": [4.052298069000244, 5.67317008972168, 3.4475319385528564, 5.107377052307129, 2.9536080360412598, 4.551495552062988], "params": [-1.2653460502624512, -3.914461135864258, 2.7251710891723633, 3.90315580368042, 0.25, 0.0, 4.2708940505981445]}