{"x": [0, 1, 2, 3, 4, 5], "y": [5.857341289520264, 11.626839637756348, 5.529726982116699, 11.395660400390625, 5.576880931854248, 10.757495880126953], "params": [-0.6072857975959778, -1.5828633308410645, 1.0458545684814453, 11.37067699432373, 0.25, 0.0, 11.88705825805664]}