{"x": [0, 1, 2, 3, 4, 5], "y": [8.015104293823242, 11.535943984985352, 6.187371730804443, 9.97903823852539, 3.9847137928009033, 7.125702857971191], "params": [-4.749398231506348, -0.25364160537719727, 10.172224044799805, 8.69347095489502, 0.25, 0.0, 9.345104217529297]}