{"x": [0, 1, 2, 3, 4, 5], "y": [9.682305335998535, 13.151848793029785, 7.9475932121276855, 11.47391414642334, 6.391382694244385, 9.971065521240234], "params": [-3.4140899181365967, 4.562381744384766, 8.061423301696777, 8.550153732299805, 0.25, 0.0, 8.644158363342285]}