{"x": [0, 1, 2, 3, 4, 5], "y": [6.306404113769531, 11.369150161743164, 5.8026652336120605, 11.054935455322266, 5.667899131774902, 10.660449028015137], "params": [-0.9185165166854858, -0.17687678337097168, 2.1205501556396484, 10.653849601745605, 0.25, 0.0, 10.868412017822266]}