{"x": [0, 1, 2, 3, 4, 5], "y": [7.652155876159668, 8.898758888244629, 6.002279281616211, 7.745539665222168, 5.695245742797852, 6.57856559753418], "params": [-3.0037922859191895, 1.7397171258926392, 5.569161415100098, 3.9350929260253906, 0.25, 0.0, 3.719493865966797]}