{"x": [0, 1, 2, 3, 4, 5], "y": [6.31199312210083, 7.930152893066406, 5.175273895263672, 6.523059368133545, 4.52597713470459, 5.8663740158081055], "params": [-2.2548604011535645, 0.5683934688568115, 4.276710510253906, 3.277125597000122, 0.25, 0.0, 3.9587810039520264]}