{"x": [0, 1, 2, 3, 4, 5], "y": [7.8755998611450195, 6.892403602600098, 7.1273980140686035, 5.924896717071533, 5.267180919647217, 5.551899433135986], "params": [-2.813465118408203, 2.083578109741211, 5.758635520935059, 0.22156298160552979, 0.25, 0.0, 1.4714192152023315]}