{"x": [0, 1, 2, 3, 4, 5], "y": [9.139352798461914, 15.94935417175293, 7.339311599731445, 14.129867553710938, 5.911045074462891, 12.183738708496094], "params": [-3.9754607677459717, 0.2994304895401001, 8.936508178710938, 14.753904342651367, 0.25, 0.0, 16.141918182373047]}