{"x": [0, 1, 2, 3, 4, 5], "y": [4.7762885093688965, 11.332880020141602, 4.088600158691406, 10.530230522155762, 3.878129243850708, 10.133319854736328], "params": [-1.6912007331848145, -3.9593780040740967, 3.072819232940674, 13.559028625488281, 0.25, 0.0, 14.162921905517578]}