{"x": [0, 1, 2, 3, 4, 5], "y": [3.7752015590667725, 5.922649383544922, 3.196208953857422, 4.6983842849731445, 2.2861080169677734, 3.877899408340454], "params": [-2.037184476852417, -4.2828826904296875, 3.76871919631958, 4.405914306640625, 0.25, 0.0, 4.324578285217285]}