{"x": [0, 1, 2, 3, 4, 5], "y": [8.965173721313477, 14.201303482055664, 8.788979530334473, 13.887594223022461, 7.742656707763672, 12.656375885009766], "params": [-2.3161849975585938, 2.598902702331543, 4.566075325012207, 11.776618957519531, 0.25, 0.0, 12.55290699005127]}