{"x": [0, 1, 2, 3, 4, 5], "y": [7.274814128875732, 10.563638687133789, 6.459964275360107, 9.549324989318848, 5.664929389953613, 9.451608657836914], "params": [-1.8540570735931396, 0.31560540199279785, 3.8904247283935547, 7.720998764038086, 0.25, 0.0, 8.244012832641602]}