{"x": [0, 1, 2, 3, 4, 5], "y": [6.755209445953369, 10.67545223236084, 6.409197807312012, 11.06812858581543, 5.519480228424072, 10.58406925201416], "params": [-0.4069584608078003, 0.9848058223724365, 1.9872913360595703, 8.921175003051758, 0.25, 0.0, 9.821222305297852]}