{"x": [0, 1, 2, 3, 4, 5], "y": [5.573880195617676, 10.398656845092773, 4.624467849731445, 8.598257064819336, 2.533707857131958, 6.947174072265625], "params": [-3.4142496585845947, -4.902291774749756, 6.434364318847656, 9.974398612976074, 0.25, 0.0, 11.388951301574707]}