{"x": [0, 1, 2, 3, 4, 5], "y": [6.605551719665527, 8.049661636352539, 5.263482093811035, 5.901571750640869, 3.8563225269317627, 4.361908912658691], "params": [-4.052981376647949, -0.2357083559036255, 7.752762794494629, 2.8894946575164795, 0.25, 0.0, 3.8177037239074707]}