{"x": [0, 1, 2, 3, 4, 5], "y": [8.24202823638916, 9.653970718383789, 6.172629356384277, 7.900332450866699, 4.434264659881592, 5.769041538238525], "params": [-4.820194721221924, 1.526564359664917, 9.236169815063477, 4.338580131530762, 0.25, 0.0, 5.41591739654541]}