{"x": [0, 1, 2, 3, 4, 5], "y": [4.640740871429443, 4.509964466094971, 3.0377395153045654, 3.377730369567871, 1.3174020051956177, 1.6369829177856445], "params": [-3.5696542263031006, -4.911512851715088, 7.530094623565674, 2.0300021171569824, 0.25, 0.0, 2.7143208980560303]}