{"x": [0, 1, 2, 3, 4, 5], "y": [9.304220199584961, 11.056734085083008, 7.884977340698242, 9.77818489074707, 6.885791778564453, 7.789813995361328], "params": [-4.015068531036377, 4.231997489929199, 7.560019493103027, 4.669704437255859, 0.25, 0.0, 5.201616287231445]}