{"x": [0, 1, 2, 3, 4, 5], "y": [7.868861198425293, 9.440218925476074, 7.170968055725098, 8.683058738708496, 5.924109935760498, 7.976263523101807], "params": [-2.339061737060547, 2.419869899749756, 4.827788352966309, 4.220668792724609, 0.25, 0.0, 5.042592525482178]}