{"x": [0, 1, 2, 3, 4, 5], "y": [8.156856536865234, 12.388324737548828, 8.060656547546387, 11.425798416137695, 7.533156394958496, 11.03421401977539], "params": [-0.9527146816253662, 4.786528587341309, 2.4815902709960938, 7.006113052368164, 0.25, 0.0, 7.855090141296387]}