{"x": [0, 1, 2, 3, 4, 5], "y": [5.088749885559082, 6.241388320922852, 3.6748626232147217, 4.004880428314209, 2.6861841678619385, 3.4560132026672363], "params": [-2.807788372039795, -3.4304003715515137, 6.273652076721191, 2.8707799911499023, 0.25, 0.0, 3.2960317134857178]}