{"x": [0, 1, 2, 3, 4, 5], "y": [8.3065824508667, 8.838412284851074, 7.066908359527588, 7.8567047119140625, 5.446757793426514, 6.969804763793945], "params": [-3.390244483947754, 2.181307792663574, 7.6344451904296875, 4.757974147796631, 0.25, 0.0, 4.96088981628418]}