{"x": [0, 1, 2, 3, 4, 5], "y": [4.308224201202393, 4.479379177093506, 4.3374738693237305, 3.7181029319763184, 3.360208749771118, 3.6048901081085205], "params": [-1.0445195436477661, -2.2942214012145996, 2.2628731727600098, 0.4014623165130615, 0.25, 0.0, 0.8708860278129578]}