{"x": [0, 1, 2, 3, 4, 5], "y": [9.711996078491211, 13.08182430267334, 9.11491584777832, 12.506810188293457, 7.2600202560424805, 11.028236389160156], "params": [-3.291365146636963, 4.638128280639648, 6.514545440673828, 8.501364707946777, 0.25, 0.0, 9.379524230957031]}