{"x": [0, 1, 2, 3, 4, 5], "y": [8.81583023071289, 12.013418197631836, 9.001736640930176, 11.110414505004883, 8.608652114868164, 10.690954208374023], "params": [-1.1625683307647705, 4.9295830726623535, 2.0322704315185547, 6.063116550445557, 0.25, 0.0, 5.624364852905273]}