{"x": [0, 1, 2, 3, 4, 5], "y": [7.381879806518555, 10.356828689575195, 6.070858001708984, 10.6861572265625, 5.904363632202148, 9.167061805725098], "params": [-2.0220823287963867, 0.7283508777618408, 4.884768486022949, 8.770313262939453, 0.25, 0.0, 9.4850492477417]}