{"x": [0, 1, 2, 3, 4, 5], "y": [5.680571556091309, 12.91637897491455, 3.7817609310150146, 10.00278091430664, 2.2318193912506104, 8.654657363891602], "params": [-4.655517578125, -2.895042896270752, 8.687932968139648, 14.508703231811523, 0.25, 0.0, 15.671143531799316]}