{"x": [0, 1, 2, 3, 4, 5], "y": [3.8419880867004395, 10.68547248840332, 3.2500529289245605, 10.431396484375, 2.9615397453308105, 9.1643705368042], "params": [-0.7822251319885254, -4.6122260093688965, 2.0959954261779785, 13.687912940979004, 0.25, 0.0, 14.24207878112793]}