{"x": [0, 1, 2, 3, 4, 5], "y": [3.413208246231079, 7.421104907989502, 3.5255868434906006, 7.514155387878418, 2.822937250137329, 7.2077226638793945], "params": [-0.031213462352752686, -3.405949592590332, 0.9219427108764648, 8.218036651611328, 0.25, 0.0, 8.94051456451416]}