{"x": [0, 1, 2, 3, 4, 5], "y": [8.890334129333496, 12.96556282043457, 7.447380542755127, 11.891388893127441, 5.584756374359131, 10.372336387634277], "params": [-3.163699150085449, 2.7622671127319336, 6.383852958679199, 10.022416114807129, 0.25, 0.0, 11.093052864074707]}