{"x": [0, 1, 2, 3, 4, 5], "y": [4.024048805236816, 8.379678726196289, 2.413656711578369, 7.663494110107422, 2.031923770904541, 6.611331939697266], "params": [-2.095853805541992, -4.958531856536865, 4.831719875335693, 10.413501739501953, 0.25, 0.0, 11.037420272827148]}