{"x": [0, 1, 2, 3, 4, 5], "y": [5.943134307861328, 6.293379783630371, 4.76307487487793, 5.156976699829102, 3.249638319015503, 3.8337864875793457], "params": [-2.6593587398529053, -2.138874053955078, 5.740298748016357, 2.2901968955993652, 0.25, 0.0, 3.0498108863830566]}