{"x": [0, 1, 2, 3, 4, 5], "y": [6.387665748596191, 7.160373687744141, 5.742591381072998, 7.3087158203125, 6.03971004486084, 7.318812370300293], "params": [-0.28456956148147583, 1.2384897470474243, 1.8486652374267578, 3.3544769287109375, 0.25, 0.0, 3.848351240158081]}