{"x": [0, 1, 2, 3, 4, 5], "y": [7.530422210693359, 7.888815879821777, 5.739015579223633, 6.3217010498046875, 3.806256055831909, 3.9972457885742188], "params": [-4.4035162925720215, 0.4401355981826782, 9.541447639465332, 2.3804283142089844, 0.25, 0.0, 2.856515645980835]}