{"x": [0, 1, 2, 3, 4, 5], "y": [6.024138450622559, 11.578447341918945, 5.926992416381836, 11.617471694946289, 6.007112503051758, 10.874213218688965], "params": [-1.169787883758545, 2.165855884552002, 1.4395723342895508, 10.504815101623535, 0.25, 0.0, 11.665872573852539]}