{"x": [0, 1, 2, 3, 4, 5], "y": [8.056804656982422, 9.847013473510742, 7.677722454071045, 9.201920509338379, 6.8071088790893555, 8.503557205200195], "params": [-1.5204304456710815, 4.549144744873047, 3.30593204498291, 3.358798027038574, 0.25, 0.0, 4.231449127197266]}