{"x": [0, 1, 2, 3, 4, 5], "y": [5.5150370597839355, 10.217214584350586, 5.075026035308838, 9.880455017089844, 3.5289340019226074, 8.305051803588867], "params": [-2.53989839553833, -1.6413569450378418, 4.5951032638549805, 9.93559741973877, 0.25, 0.0, 10.966592788696289]}