{"x": [0, 1, 2, 3, 4, 5], "y": [3.9473373889923096, 3.7800517082214355, 3.791158676147461, 3.607670783996582, 2.634357452392578, 2.9431698322296143], "params": [-1.1269164085388184, -3.7363953590393066, 2.8375635147094727, 0.5773168802261353, 0.25, 0.0, 1.8305034637451172]}