{"x": [0, 1, 2, 3, 4, 5], "y": [0.20076236128807068, 1.6228975057601929, 0.05683550238609314, 1.4765576124191284, 0.49111127853393555, 1.7048513889312744], "params": [2.8707799911499023, 0.25, 0.0, 3.2960317134857178]}