{"x": [0, 1, 2, 3, 4, 5], "y": [-0.11748535186052322, 0.2676352262496948, 0.31795766949653625, 0.0782092809677124, 0.06593556702136993, 0.03411814570426941], "params": [0.4014623165130615, 0.25, 0.0, 0.8708860278129578]}