{"x": [0, 1, 2, 3, 4, 5], "y": [0.2826334238052368, 5.55962610244751, 0.04091593623161316, 5.119256496429443, 0.2172483503818512, 5.285776615142822], "params": [10.413501739501953, 0.25, 0.0, 11.037420272827148]}