{"x": [0, 1, 2, 3, 4, 5], "y": [-0.042966634035110474, 1.2637323141098022, 0.07000227272510529, 1.3533334732055664, -0.07492431998252869, 1.1945805549621582], "params": [2.3804283142089844, 0.25, 0.0, 2.856515645980835]}