{"x": [0, 1, 2, 3, 4, 5], "y": [-0.08840715885162354, 0.022131524980068207, -0.13558617234230042, -0.02849690616130829, 0.48234230279922485, 0.0508769229054451], "params": [0.19948840141296387, 0.25, 0.0, 1.2358570098876953]}