{"x": [0, 1, 2, 3, 4, 5], "y": [0.5231471061706543, 6.542730331420898, -0.10620881617069244, 6.740590572357178, 0.1653907746076584, 6.719221115112305], "params": [13.273924827575684, 0.25, 0.0, 13.693598747253418]}