{"x": [0, 1, 2, 3, 4, 5], "y": [-0.05661372095346451, 5.316829204559326, -0.04366900026798248, 5.289493083953857, 0.05622091889381409, 5.369353294372559], "params": [10.92645263671875, 0.25, 0.0, 10.851934432983398]}