{"x": [0, 1, 2, 3, 4, 5], "y": [0.5571565628051758, 4.206431865692139, 0.6339758038520813, 4.484701633453369, 0.5608636140823364, 4.064882278442383], "params": [7.006113052368164, 0.25, 0.0, 7.855090141296387]}