{"x": [0, 1, 2, 3, 4, 5], "y": [1.1095014810562134, 6.518287658691406, 0.8337172865867615, 7.157804012298584, 1.2173957824707031, 7.158839225769043], "params": [11.826688766479492, 0.25, 0.0, 12.650243759155273]}