{"x": [0, 1, 2, 3, 4, 5], "y": [0.18146958947181702, 0.3153538703918457, 0.195048525929451, 0.23035123944282532, 0.001377137377858162, 0.7370867729187012], "params": [0.22156298160552979, 0.25, 0.0, 1.4714192152023315]}