{"x": [0, 1, 2, 3, 4, 5], "y": [0.2938958704471588, 2.71317195892334, 0.38082024455070496, 2.3266777992248535, 0.41490861773490906, 2.815192222595215], "params": [4.220668792724609, 0.25, 0.0, 5.042592525482178]}