{"x": [0, 1, 2, 3, 4, 5], "y": [0.8617809414863586, 4.682282447814941, 0.865541398525238, 5.604305744171143, 1.311511516571045, 5.0893473625183105], "params": [8.770313262939453, 0.25, 0.0, 9.4850492477417]}