{"x": [0, 1, 2, 3, 4, 5], "y": [0.5560239553451538, 0.9899471402168274, -0.005862802267074585, 0.7734541296958923, 0.6845803260803223, 1.0228064060211182], "params": [1.4067389965057373, 0.25, 0.0, 2.0573384761810303]}