{"x": [0, 1, 2, 3, 4, 5], "y": [0.08912375569343567, 1.963657021522522, 0.13814932107925415, 2.0562305450439453, -0.05249215289950371, 2.067669630050659], "params": [3.6467957496643066, 0.25, 0.0, 4.240323543548584]}