{"x": [0, 1, 2, 3, 4, 5], "y": [0.10510805249214172, 2.357121229171753, 0.7138224840164185, 2.0570003986358643, 0.42306938767433167, 2.3688559532165527], "params": [3.8489108085632324, 0.25, 0.0, 4.527495861053467]}