{"x": [0, 1, 2, 3, 4, 5], "y": [0.2191232293844223, 2.553096055984497, 0.06582359969615936, 2.656273603439331, 0.4898183345794678, 2.2489452362060547], "params": [4.31102180480957, 0.25, 0.0, 5.1809000968933105]}