{"x": [0, 1, 2, 3, 4, 5], "y": [0.7629466652870178, 6.414427757263184, 1.0420337915420532, 6.8989081382751465, 0.5080608129501343, 6.86503267288208], "params": [11.687992095947266, 0.25, 0.0, 12.781694412231445]}