{"x": [0, 1, 2, 3, 4, 5], "y": [-0.16521820425987244, 5.2050251960754395, -0.1076129823923111, 5.663936614990234, -0.16899967193603516, 5.220577716827393], "params": [10.504815101623535, 0.25, 0.0, 11.665872573852539]}