{"x": [0, 1, 2, 3, 4, 5], "y": [-0.33620700240135193, 4.32272481918335, -0.21037016808986664, 4.204631805419922, -0.09664753824472427, 4.261148929595947], "params": [8.381709098815918, 0.25, 0.0, 9.317863464355469]}