{"x": [0, 1, 2, 3, 4, 5], "y": [0.15711349248886108, 7.3883233070373535, -0.0638292133808136, 6.808349132537842, 0.48443299531936646, 7.2935051918029785], "params": [13.440125465393066, 0.25, 0.0, 14.904305458068848]}