{"x": [0, 1, 2, 3, 4, 5], "y": [0.6000269651412964, 2.0042800903320312, -0.1759527027606964, 2.0558180809020996, 0.4430849254131317, 2.400341749191284], "params": [3.4867215156555176, 0.25, 0.0, 5.152588844299316]}