{"x": [0, 1, 2, 3, 4, 5], "y": [0.2794191837310791, 3.321624755859375, 0.5233376026153564, 3.135161876678467, 0.48096874356269836, 3.0564496517181396], "params": [5.788124084472656, 0.25, 0.0, 6.084411144256592]}