{"x": [0, 1, 2, 3, 4, 5], "y": [0.2794499695301056, 0.6264309287071228, -0.20152954757213593, 0.5339002013206482, 0.29467689990997314, 0.9215543270111084], "params": [0.8945703506469727, 0.25, 0.0, 2.2461676597595215]}