{"x": [0, 1, 2, 3, 4, 5], "y": [1.5223158597946167, 7.7428669929504395, 1.1533572673797607, 7.707091331481934, 1.6014314889907837, 7.59604549407959], "params": [12.515419960021973, 0.25, 0.0, 13.179019927978516]}