{"x": [0, 1, 2, 3, 4, 5], "y": [0.807305634021759, 7.696176052093506, 0.7212285995483398, 7.619377136230469, 0.5751366019248962, 7.177685737609863], "params": [13.687912940979004, 0.25, 0.0, 14.24207878112793]}