{"x": [0, 1, 2, 3, 4, 5], "y": [0.2866368293762207, 2.422083854675293, 0.3863285481929779, 1.8810597658157349, 0.5192726850509644, 2.1484198570251465], "params": [3.90315580368042, 0.25, 0.0, 4.2708940505981445]}