{"x": [0, 1, 2, 3, 4, 5], "y": [0.28925734758377075, 5.726911544799805, 0.49870145320892334, 5.8147149085998535, 0.41262388229370117, 5.042140007019043], "params": [10.602530479431152, 0.25, 0.0, 11.050914764404297]}