{"x": [0, 1, 2, 3, 4, 5], "y": [0.8890243768692017, 4.631225109100342, 0.8892751336097717, 4.4574785232543945, 1.036218523979187, 5.011030673980713], "params": [7.720998764038086, 0.25, 0.0, 8.244012832641602]}