{"x": [0, 1, 2, 3, 4, 5], "y": [1.3997889757156372, 5.608665466308594, 1.0017861127853394, 5.830333709716797, 1.0607836246490479, 5.684201717376709], "params": [9.077710151672363, 0.25, 0.0, 9.657094955444336]}