{"x": [0, 1, 2, 3, 4, 5], "y": [0.49870336055755615, 2.8219587802886963, 0.22115056216716766, 2.756809949874878, 0.8617902994155884, 2.7643067836761475], "params": [4.669704437255859, 0.25, 0.0, 5.201616287231445]}