{"x": [0, 1, 2, 3, 4, 5], "y": [0.645526647567749, 5.046673774719238, 0.03449682891368866, 5.761681079864502, 0.20025651156902313, 5.141595363616943], "params": [10.416776657104492, 0.25, 0.0, 11.454368591308594]}