{"x": [0, 1, 2, 3, 4, 5], "y": [1.2574092149734497, 5.980164527893066, 0.7791697978973389, 5.74608850479126, 1.1722205877304077, 5.652493000030518], "params": [9.76696491241455, 0.25, 0.0, 10.401988983154297]}