{"x": [0, 1, 2, 3, 4, 5], "y": [2.247222900390625, 9.502453804016113, 1.6889033317565918, 9.252877235412598, 1.8223953247070312, 9.759862899780273], "params": [14.753904342651367, 0.25, 0.0, 16.141918182373047]}