{"x": [0, 1, 2, 3, 4, 5], "y": [0.5483123064041138, 4.013761520385742, 0.5529080629348755, 3.538904905319214, 1.0278425216674805, 3.70060658454895], "params": [6.574150562286377, 0.25, 0.0, 6.930898666381836]}