{"x": [0, 1, 2, 3, 4, 5], "y": [0.5959128141403198, 1.7625720500946045, 0.6532609462738037, 1.8130569458007812, 0.28815147280693054, 1.3567144870758057], "params": [2.2901968955993652, 0.25, 0.0, 3.0498108863830566]}