{"x": [0, 1, 2, 3, 4, 5], "y": [1.221366047859192, 6.434551239013672, 0.9183080792427063, 6.843397617340088, 1.086885690689087, 7.366392135620117], "params": [11.092860221862793, 0.25, 0.0, 12.896167755126953]}