{"x": [0, 1, 2, 3, 4, 5], "y": [2.216642141342163, 9.046682357788086, 2.478680372238159, 8.941108703613281, 2.0762956142425537, 8.978949546813965], "params": [13.85936164855957, 0.25, 0.0, 13.940773010253906]}