{"x": [0, 1, 2, 3, 4, 5], "y": [0.8197479248046875, 6.25395393371582, 0.890477180480957, 6.198220252990723, 1.2415177822113037, 6.105302333831787], "params": [10.653849601745605, 0.25, 0.0, 10.868412017822266]}