{"x": [0, 1, 2, 3, 4, 5], "y": [0.6847752332687378, 2.7413995265960693, 0.610893189907074, 3.239279270172119, 0.38219332695007324, 3.239555835723877], "params": [4.890970706939697, 0.25, 0.0, 5.714725017547607]}