{"x": [0, 1, 2, 3, 4, 5], "y": [0.9528241753578186, 5.539697647094727, 1.1119437217712402, 5.184089660644531, 0.6290865540504456, 5.357985019683838], "params": [8.921175003051758, 0.25, 0.0, 9.821222305297852]}