{"x": [0, 1, 2, 3, 4, 5], "y": [6.786869525909424, 0.8324552774429321, 7.011176586151123, 0.7976824045181274, 7.001558303833008, 0.8176247477531433], "params": [11.979496955871582, 0.25, 1.0, 12.42698860168457]}