{"x": [0, 1, 2, 3, 4, 5], "y": [2.808105707168579, 0.3485783338546753, 3.2505486011505127, -0.016152426600456238, 3.003070592880249, -0.05925211310386658], "params": [5.730235576629639, 0.25, 1.0, 6.619601249694824]}