{"x": [0, 1, 2, 3, 4, 5], "y": [3.385084867477417, 0.5338080525398254, 3.4460642337799072, 0.5728702545166016, 4.127429962158203, 0.62583327293396], "params": [6.139902591705322, 0.25, 1.0, 7.187243938446045]}