{"x": [0, 1, 2, 3, 4, 5], "y": [6.70151948928833, 1.4729762077331543, 6.7799577713012695, 0.958305299282074, 6.947604656219482, 0.8829807639122009], "params": [11.560022354125977, 0.25, 1.0, 12.129247665405273]}