{"x": [0, 1, 2, 3, 4, 5], "y": [5.66737699508667, 1.2299977540969849, 5.9841389656066895, 1.2630559206008911, 5.8834404945373535, 1.4665114879608154], "params": [9.585352897644043, 0.25, 1.0, 9.508282661437988]}