{"x": [0, 1, 2, 3, 4, 5], "y": [7.558002948760986, 1.57289457321167, 7.744699954986572, 1.0863769054412842, 7.744900703430176, 1.648781418800354], "params": [12.513786315917969, 0.25, 1.0, 13.317047119140625]}