{"x": [0, 1, 2, 3, 4, 5], "y": [6.536211967468262, 1.0860717296600342, 5.609867572784424, 0.6588131189346313, 6.093282222747803, 0.7530462741851807], "params": [10.858419418334961, 0.25, 1.0, 11.75479793548584]}