{"x": [0, 1, 2, 3, 4, 5], "y": [7.936634063720703, 1.8000731468200684, 8.110851287841797, 1.3335767984390259, 8.486125946044922, 1.4615005254745483], "params": [13.154422760009766, 0.25, 1.0, 14.305098533630371]}