{"x": [0, 1, 2, 3, 4, 5], "y": [9.007683753967285, 1.9930132627487183, 9.20604133605957, 1.6434028148651123, 9.165541648864746, 1.668664574623108], "params": [14.799735069274902, 0.25, 1.0, 15.125276565551758]}