{"x": [0, 1, 2, 3, 4, 5], "y": [3.8652384281158447, 0.4500438868999481, 3.5785586833953857, 0.6930258274078369, 3.720001220703125, 0.37004029750823975], "params": [6.341019630432129, 0.25, 1.0, 6.990396499633789]}