{"x": [0, 1, 2, 3, 4, 5], "y": [8.651725769042969, 1.5361659526824951, 8.26687240600586, 2.1730756759643555, 8.793617248535156, 1.683207392692566], "params": [13.166816711425781, 0.25, 1.0, 14.514902114868164]}