{"x": [0, 1, 2, 3, 4, 5], "y": [6.379940509796143, 1.0114942789077759, 6.307642936706543, 1.174886703491211, 6.940046310424805, 1.392857313156128], "params": [11.137734413146973, 0.25, 1.0, 11.857104301452637]}