{"x": [0, 1, 2, 3, 4, 5], "y": [7.131884574890137, 1.6142354011535645, 7.288991451263428, 1.0005931854248047, 7.523170471191406, 1.025124430656433], "params": [11.572033882141113, 0.25, 1.0, 13.045154571533203]}