{"x": [0, 1, 2, 3, 4, 5], "y": [4.109403133392334, 0.9494255185127258, 4.662904739379883, 1.3601877689361572, 3.9926917552948, 0.9903433918952942], "params": [6.258936882019043, 0.25, 1.0, 7.4269585609436035]}