{"x": [0, 1, 2, 3, 4, 5], "y": [6.1343207359313965, 0.4522247612476349, 6.107372283935547, 0.37558045983314514, 6.048586368560791, 0.5014246702194214], "params": [11.593406677246094, 0.25, 1.0, 11.517480850219727]}