{"x": [0, 1, 2, 3, 4, 5], "y": [5.176281452178955, 0.9278802871704102, 5.331367492675781, 0.9586926698684692, 5.349475383758545, 0.817205011844635], "params": [8.93136215209961, 0.25, 1.0, 9.06454086303711]}