{"x": [0, 1, 2, 3, 4, 5], "y": [5.9583916664123535, 0.8077237010002136, 6.287128448486328, 0.7781332731246948, 6.299831867218018, 0.7819278240203857], "params": [10.319511413574219, 0.25, 1.0, 11.043396949768066]}