{"x": [0, 1, 2, 3, 4, 5], "y": [7.321587085723877, 1.7266457080841064, 6.959377765655518, 1.2904261350631714, 7.533761024475098, 1.5152662992477417], "params": [11.153614044189453, 0.25, 1.0, 12.486669540405273]}