{"x": [0, 1, 2, 3, 4, 5], "y": [5.760830402374268, 0.38324594497680664, 5.648263454437256, 0.5788261294364929, 5.515336513519287, 0.8273290991783142], "params": [9.879439353942871, 0.25, 1.0, 10.755168914794922]}