{"x": [0, 1, 2, 3, 4, 5], "y": [7.16403341293335, 1.0474939346313477, 6.755359172821045, 0.763774037361145, 7.023048400878906, 1.1017887592315674], "params": [12.350297927856445, 0.25, 1.0, 12.800518989562988]}