{"x": [0, 1, 2, 3, 4, 5], "y": [4.288963794708252, 0.9161527156829834, 4.544528961181641, 1.1647437810897827, 4.87893009185791, 1.3541786670684814], "params": [7.1199774742126465, 0.25, 1.0, 7.9255547523498535]}