{"x": [0, 1, 2, 3, 4, 5], "y": [7.929195880889893, 1.7457239627838135, 8.712949752807617, 1.8698627948760986, 8.125761985778809, 1.69086754322052], "params": [13.2518892288208, 0.25, 1.0, 14.044164657592773]}