{"x": [0, 1, 2, 3, 4, 5], "y": [4.9523491859436035, 0.3415292203426361, 4.8544416427612305, 0.0015061795711517334, 4.825967311859131, 0.2275814414024353], "params": [9.266070365905762, 0.25, 1.0, 9.90168571472168]}