{"x": [0, 1, 2, 3, 4, 5], "y": [6.681930065155029, 1.0309940576553345, 6.525786876678467, 0.807806134223938, 7.080153942108154, 0.9557716846466064], "params": [11.801902770996094, 0.25, 1.0, 12.544695854187012]}