{"x": [0, 1, 2, 3, 4, 5], "y": [2.720797300338745, -0.2362782210111618, 3.0676193237304688, 0.4087863266468048, 2.817518711090088, 0.04812481999397278], "params": [5.718907356262207, 0.25, 1.0, 6.607795238494873]}