{"x": [0, 1, 2, 3, 4, 5], "y": [3.953355073928833, -0.367567777633667, 3.919923782348633, 0.09955641627311707, 3.5995187759399414, 0.46816444396972656], "params": [7.145424842834473, 0.25, 1.0, 8.641845703125]}