{"x": [0, 1, 2, 3, 4, 5], "y": [4.258565902709961, 0.48974889516830444, 4.813909530639648, 0.6686667799949646, 4.829438209533691, 0.5439755916595459], "params": [8.806912422180176, 0.25, 1.0, 8.679378509521484]}