{"x": [0, 1, 2, 3, 4, 5], "y": [5.37800931930542, 4.874443531036377, 4.038295269012451, 3.746458053588867, 2.8404154777526855, 1.9948737621307373], "params": [-3.4236879348754883, -2.2870450019836426, 6.766271114349365]}