{"x": [0, 1, 2, 3, 4, 5], "y": [6.228950500488281, 5.507562160491943, 5.542184352874756, 5.759155750274658, 6.086940765380859, 5.588350296020508], "params": [-0.09862196445465088, 1.4513534307479858, 1.4427766799926758]}