{"x": [0, 1, 2, 3, 4, 5], "y": [5.250444412231445, 4.917848110198975, 4.995197296142578, 4.523876190185547, 3.7760422229766846, 3.490570545196533], "params": [-1.655186653137207, -0.664215087890625, 3.519747734069824]}