{"x": [0, 1, 2, 3, 4, 5], "y": [4.801868438720703, 4.141921520233154, 3.6595494747161865, 2.912302255630493, 2.1458001136779785, 1.466931939125061], "params": [-3.5913028717041016, -3.7911243438720703, 6.669873237609863]}