{"x": [0, 1, 2, 3, 4, 5], "y": [8.99487018585205, 7.807037830352783, 7.223076343536377, 6.284293174743652, 5.509530067443848, 5.25291633605957], "params": [-3.640310287475586, 3.845332145690918, 7.483907699584961]}