{"x": [0, 1, 2, 3, 4, 5], "y": [7.8989691734313965, 7.034837245941162, 6.9926228523254395, 6.189487457275391, 5.598677635192871, 4.688400745391846], "params": [-2.842921257019043, 2.8052191734313965, 6.421136856079102]}