{"x": [0, 1, 2, 3, 4, 5], "y": [7.280246257781982, 7.291651725769043, 7.68523645401001, 7.059717178344727, 7.010317802429199, 7.067981243133545], "params": [-0.6743414998054504, 4.677628993988037, 1.349837303161621]}