{"x": [0, 1, 2, 3, 4, 5], "y": [2.78686261177063, 3.088672637939453, 3.686222553253174, 3.628938913345337, 4.028174877166748, 4.418104648590088], "params": [1.8399767875671387, -2.805656909942627, 3.262484073638916]}