{"x": [0, 1, 2, 3, 4, 5], "y": [7.1144914627075195, 6.257415294647217, 6.17088508605957, 4.959771156311035, 4.320302486419678, 3.811046838760376], "params": [-3.359520196914673, 1.2899088859558105, 6.606889247894287]}