{"x": [0, 1, 2, 3, 4, 5], "y": [5.78117036819458, 5.648716926574707, 5.159978866577148, 4.628796100616455, 4.004143714904785, 3.1417150497436523], "params": [-2.7770040035247803, -0.46420514583587646, 5.2789106369018555]}