{"x": [0, 1, 2, 3, 4, 5], "y": [8.716676712036133, 8.255916595458984, 7.289708137512207, 5.828944683074951, 4.739661693572998, 4.123974800109863], "params": [-4.7158708572387695, 3.130547523498535, 9.185403823852539]}