{"x": [0, 1, 2, 3, 4, 5], "y": [4.8618340492248535, 4.475316524505615, 5.337504863739014, 5.449357032775879, 5.376687049865723, 5.842606067657471], "params": [1.4255492687225342, 0.5535352230072021, 2.734579086303711]}