{"x": [0, 1, 2, 3, 4, 5], "y": [5.543114185333252, 4.889754295349121, 4.8439130783081055, 4.739283084869385, 4.225296497344971, 4.0452656745910645], "params": [-1.2616245746612549, -0.6824672222137451, 2.995697021484375]}