{"x": [0, 1, 2, 3, 4, 5], "y": [3.6685895919799805, 3.357717275619507, 3.071871042251587, 2.48986554145813, 1.9242632389068604, 1.4105360507965088], "params": [-2.844555139541626, -4.788265228271484, 4.516107082366943]}