{"x": [0, 1, 2, 3, 4, 5], "y": [6.786649703979492, 6.435028076171875, 7.057915687561035, 7.613414287567139, 7.30775785446167, 7.980457305908203], "params": [1.2938551902770996, 4.399470329284668, 3.0908584594726562]}