{"x": [0, 1, 2, 3, 4, 5], "y": [5.930564880371094, 4.937007904052734, 4.264780521392822, 4.015472412109375, 2.890209436416626, 2.3625662326812744], "params": [-3.8014841079711914, -1.8617451190948486, 7.135997295379639]}