{"x": [0, 1, 2, 3, 4, 5], "y": [3.287630558013916, 3.520406723022461, 3.5300803184509277, 3.2925946712493896, 3.444657564163208, 3.6423161029815674], "params": [-0.01076197624206543, -3.164891004562378, 0.7093710899353027]}