{"x": [0, 1, 2, 3, 4, 5], "y": [3.155679225921631, 3.0738182067871094, 2.52264142036438, 2.3075342178344727, 2.0349245071411133, 1.6673465967178345], "params": [-1.180661916732788, -4.763696670532227, 2.9766652584075928]}