{"x": [0, 1, 2, 3, 4, 5], "y": [3.8078479766845703, 3.541313886642456, 3.7498130798339844, 3.3027026653289795, 2.865257501602173, 2.932110071182251], "params": [-1.3897913694381714, -3.597702980041504, 1.885180950164795]}