{"x": [0, 1, 2, 3, 4, 5], "y": [8.127723693847656, 7.600125789642334, 6.981855392456055, 5.782796859741211, 5.143732070922852, 5.1127424240112305], "params": [-3.914332151412964, 2.9425501823425293, 6.029962539672852]}