{"x": [0, 1, 2, 3, 4, 5], "y": [8.022120475769043, 7.961669445037842, 6.989902496337891, 6.005568504333496, 5.346587181091309, 4.663844108581543], "params": [-3.5925049781799316, 3.117208480834961, 6.716552734375]}