{"x": [0, 1, 2, 3, 4, 5], "y": [7.160319805145264, 7.434285640716553, 7.510140895843506, 7.338811874389648, 7.51732873916626, 6.96492862701416], "params": [0.007206141948699951, 4.555690765380859, 1.1048002243041992]}