{"x": [0, 1, 2, 3, 4, 5], "y": [5.726560115814209, 5.76225471496582, 6.608299732208252, 5.9353861808776855, 6.448845863342285, 6.610785961151123], "params": [0.6511565446853638, 2.2520697116851807, 1.7684516906738281]}