{"x": [0, 1, 2, 3, 4, 5], "y": [7.82730770111084, 7.04443359375, 6.251662731170654, 5.556450366973877, 4.726254940032959, 4.131626129150391], "params": [-3.7083306312561035, 1.7353630065917969, 7.391363143920898]}