{"x": [0, 1, 2, 3, 4, 5], "y": [6.668111801147461, 5.782284736633301, 5.117758274078369, 3.946834087371826, 3.3886866569519043, 2.93548846244812], "params": [-3.480565071105957, -0.3044027090072632, 7.465246677398682]}