{"x": [0, 1, 2, 3, 4, 5], "y": [8.243995666503906, 7.658514022827148, 6.86772346496582, 6.551976203918457, 6.216163635253906, 5.032913684844971], "params": [-3.167665958404541, 3.406059741973877, 6.422163963317871]}