{"x": [0, 1, 2, 3, 4, 5], "y": [4.811722755432129, 4.566784858703613, 3.732041835784912, 2.859630823135376, 1.6132705211639404, 0.9242289066314697], "params": [-4.3204827308654785, -3.607912540435791, 7.774987697601318]}