{"x": [0, 1, 2, 3, 4, 5], "y": [9.194957733154297, 7.8805389404296875, 7.08209228515625, 6.504749774932861, 5.946527004241943, 4.200606822967529], "params": [-4.543916702270508, 3.705738067626953, 9.988701820373535]}