{"x": [0, 1, 2, 3, 4, 5], "y": [5.579958915710449, 5.009599685668945, 4.6443376541137695, 4.48128604888916, 4.646640777587891, 4.221538066864014], "params": [-0.9399913549423218, -0.4448854923248291, 2.716841697692871]}