{"x": [0, 1, 2, 3, 4, 5], "y": [6.279829502105713, 6.856440544128418, 6.62021541595459, 7.007309913635254, 6.875057697296143, 7.162893772125244], "params": [0.6065497994422913, 3.5004234313964844, 1.7661285400390625]}