{"x": [0, 1, 2, 3, 4, 5], "y": [5.347859859466553, 5.281406879425049, 5.3658270835876465, 5.067690849304199, 5.091874122619629, 4.884711265563965], "params": [-0.582226574420929, 0.514979362487793, 0.9622316360473633]}