{"x": [0, 1, 2, 3, 4, 5], "y": [6.753828048706055, 7.034401893615723, 6.715060710906982, 6.841639995574951, 6.450793743133545, 6.438416004180908], "params": [-0.5946680307388306, 3.3194808959960938, 1.191971778869629]}