{"x": [0, 1, 2, 3, 4, 5], "y": [7.435813903808594, 6.258659839630127, 5.837087631225586, 5.068964958190918, 4.466665744781494, 3.014293670654297], "params": [-3.454395055770874, 0.36538779735565186, 8.843040466308594]}