{"x": [0, 1, 2, 3, 4, 5], "y": [3.844261884689331, 4.3419671058654785, 4.381836891174316, 4.75753116607666, 5.001736164093018, 5.38104248046875], "params": [1.8788682222366333, -0.8973515033721924, 3.073561191558838]}