{"x": [0, 1, 2, 3, 4, 5], "y": [7.106343746185303, 6.5904693603515625, 5.004467487335205, 5.232734203338623, 4.257605075836182, 3.8035025596618652], "params": [-3.288015365600586, 0.2605491876602173, 6.605682373046875]}