{"x": [0, 1, 2, 3, 4, 5], "y": [6.3002519607543945, 5.863341808319092, 5.499316215515137, 5.653336524963379, 5.2398600578308105, 4.7285590171813965], "params": [-1.5815030336380005, 1.69150710105896, 3.143385887145996]}