{"x": [0, 1, 2, 3, 4, 5], "y": [7.1984100341796875, 6.610789775848389, 6.545674800872803, 5.8155670166015625, 6.005491256713867, 4.65470552444458], "params": [-2.6245968341827393, 2.419949769973755, 5.087409019470215]}