{"x": [0, 1, 2, 3, 4, 5], "y": [8.185733795166016, 7.539768695831299, 6.60009765625, 6.158705711364746, 5.187765121459961, 4.172682285308838], "params": [-4.183133125305176, 2.6512508392333984, 8.026103019714355]}