{"x": [0, 1, 2, 3, 4, 5], "y": [7.016446590423584, 6.296766757965088, 6.394949436187744, 5.619959831237793, 5.394373416900635, 5.506558418273926], "params": [-1.5915436744689941, 1.9756507873535156, 3.2441463470458984]}