{"x": [0, 1, 2, 3, 4, 5], "y": [5.841072082519531, 5.603370666503906, 5.869650840759277, 5.722185134887695, 5.9392409324646, 5.439257621765137], "params": [0.05815774202346802, 1.7452424764633179, 0.9999666213989258]}