{"x": [0, 1, 2, 3, 4, 5], "y": [6.093071937561035, 5.6877312660217285, 4.796628475189209, 4.453140735626221, 4.0872883796691895, 3.6349759101867676], "params": [-3.060734510421753, -0.04599630832672119, 4.916192054748535]}