{"x": [0, 1, 2, 3, 4, 5], "y": [2.0095512866973877, 2.3276703357696533, 2.7650418281555176, 2.5497450828552246, 3.657766819000244, 3.3924448490142822], "params": [1.7024643421173096, -4.3973259925842285, 3.296431064605713]}