{"x": [0, 1, 2, 3, 4, 5], "y": [6.223413944244385, 5.290096282958984, 4.449477672576904, 3.190269947052002, 2.7564656734466553, 1.7345415353775024], "params": [-4.359426498413086, -1.8044424057006836, 8.977745056152344]}