{"x": [0, 1, 2, 3, 4, 5], "y": [3.376991033554077, 3.6732423305511475, 3.599045991897583, 3.5581412315368652, 3.980551242828369, 3.457326889038086], "params": [0.42994946241378784, -2.6150636672973633, 1.207120418548584]}