{"x": [0, 1, 2, 3, 4, 5], "y": [3.5494384765625, 3.9110608100891113, 4.168469429016113, 4.682486534118652, 4.8551836013793945, 5.13010835647583], "params": [1.7766649723052979, -1.2538135051727295, 3.16133975982666]}