{"x": [0, 1, 2, 3, 4, 5], "y": [7.171746730804443, 6.342609882354736, 5.3419952392578125, 4.3905110359191895, 3.5031607151031494, 2.664909839630127], "params": [-4.79012393951416, -0.15072762966156006, 9.013673782348633]}