{"x": [0, 1, 2, 3, 4, 5], "y": [4.838605880737305, 5.498772144317627, 5.871264457702637, 6.081048488616943, 6.311601638793945, 6.844374179840088], "params": [1.55875825881958, 1.9205063581466675, 4.011536598205566]}