{"x": [0, 1, 2, 3, 4, 5], "y": [4.781332969665527, 4.331699848175049, 3.395599126815796, 2.892407178878784, 1.9448109865188599, 1.480985164642334], "params": [-3.4332761764526367, -3.818411350250244, 6.600695610046387]}