{"x": [0, 1, 2, 3, 4, 5], "y": [4.904262542724609, 4.527906894683838, 4.209425926208496, 4.087055206298828, 3.350355625152588, 2.6577188968658447], "params": [-1.873795747756958, -1.956987977027893, 4.493087291717529]}