{"x": [0, 1, 2, 3, 4, 5], "y": [3.4821746349334717, 3.3682663440704346, 2.736785888671875, 2.980318546295166, 2.9758224487304688, 2.398932933807373], "params": [-1.0769340991973877, -4.172703742980957, 2.1664834022521973]}