{"x": [0, 1, 2, 3, 4, 5], "y": [7.343697547912598, 7.110545635223389, 7.362783908843994, 6.670215606689453, 5.9266462326049805, 5.117678165435791], "params": [-2.209789752960205, 3.023503303527832, 4.490211486816406]}