{"x": [0, 1, 2, 3, 4, 5], "y": [7.958529949188232, 6.966423034667969, 6.362508296966553, 5.730276107788086, 5.680897235870361, 5.093135356903076], "params": [-3.055403709411621, 2.646047592163086, 5.7307891845703125]}