{"x": [0, 1, 2, 3, 4, 5], "y": [7.60186243057251, 7.370023727416992, 6.995830059051514, 6.707855224609375, 6.214634418487549, 5.9448065757751465], "params": [-1.6417593955993652, 3.859272003173828, 3.3141117095947266]}