{"x": [0, 1, 2, 3, 4, 5], "y": [6.993114471435547, 6.843053817749023, 5.450472354888916, 5.001865863800049, 3.9900097846984863, 3.189276695251465], "params": [-4.139949798583984, 0.4971963167190552, 7.607675552368164]}