{"x": [0, 1, 2, 3, 4, 5], "y": [6.328339576721191, 6.135395526885986, 6.011329650878906, 5.500539302825928, 5.221883296966553, 4.362464904785156], "params": [-1.7394672632217407, 1.2092703580856323, 3.9317493438720703]}