{"x": [0, 1, 2, 3, 4, 5], "y": [2.804231882095337, 3.0327022075653076, 3.792611598968506, 3.5127947330474854, 3.7373244762420654, 4.04208517074585], "params": [1.484481692314148, -3.2319374084472656, 2.4757065773010254]}