{"x": [0, 1, 2, 3, 4, 5], "y": [6.934864521026611, 6.790556907653809, 6.366778373718262, 6.3175482749938965, 6.426886558532715, 5.717272758483887], "params": [-1.2867165803909302, 3.4086804389953613, 2.435183525085449]}