{"x": [0, 1, 2, 3, 4, 5], "y": [1.9998865127563477, 2.5540847778320312, 2.659801959991455, 3.381596088409424, 3.3571577072143555, 4.030820846557617], "params": [1.3529466390609741, -4.070000171661377, 4.061868667602539]}