{"x": [0, 1, 2, 3, 4, 5], "y": [5.20269775390625, 4.1598310470581055, 3.1417176723480225, 2.5077197551727295, 2.104614019393921, 1.016083836555481], "params": [-3.6612348556518555, -4.063169479370117, 8.373228073120117]}