{"x": [0, 1, 2, 3, 4, 5], "y": [3.1427979469299316, 3.8874990940093994, 4.206051349639893, 4.557820796966553, 4.42272424697876, 4.872504711151123], "params": [1.9295299053192139, -1.767072081565857, 3.459413528442383]}