{"x": [0, 1, 2, 3, 4, 5], "y": [4.134565830230713, 3.5690994262695312, 3.4450271129608154, 3.0382955074310303, 2.7921390533447266, 2.584901809692383], "params": [-1.6704378128051758, -3.3839547634124756, 3.09932804107666]}