{"x": [0, 1, 2, 3, 4, 5], "y": [3.367823362350464, 3.4778082370758057, 2.898787498474121, 2.3162033557891846, 2.1843976974487305, 1.8450043201446533], "params": [-2.1749699115753174, -4.570093154907227, 3.2656078338623047]}