{"x": [0, 1, 2, 3, 4, 5], "y": [6.590662479400635, 6.882150650024414, 7.30493688583374, 7.1643571853637695, 7.742785453796387, 8.101767539978027], "params": [1.0451979637145996, 4.380353927612305, 3.022210121154785]}