{"x": [0, 1, 2, 3, 4, 5], "y": [7.82432222366333, 7.35902214050293, 7.290457725524902, 7.228351593017578, 7.0990071296691895, 7.118686199188232], "params": [-0.6732892394065857, 4.62734317779541, 1.4506301879882812]}