{"x": [0, 1, 2, 3, 4, 5], "y": [6.615137100219727, 6.623083591461182, 7.114490032196045, 6.761646270751953, 6.854836940765381, 7.299652099609375], "params": [0.2385319471359253, 3.772676467895508, 1.3690299987792969]}