{"x": [0, 1, 2, 3, 4, 5], "y": [6.556519985198975, 6.687943458557129, 7.138528347015381, 6.934622287750244, 7.213382720947266, 7.5742011070251465], "params": [1.1046098470687866, 3.802536725997925, 2.0353622436523438]}