{"x": [0, 1, 2, 3, 4, 5], "y": [7.281496524810791, 7.070976734161377, 6.880011558532715, 5.612829208374023, 5.380329608917236, 4.828045845031738], "params": [-2.7899744510650635, 2.5544703006744385, 4.9069013595581055]}