{"x": [0, 1, 2, 3, 4, 5], "y": [2.1521148681640625, 2.7088563442230225, 2.916090965270996, 3.2751455307006836, 3.6367621421813965, 4.285177707672119], "params": [1.9695966243743896, -3.7540392875671387, 4.266125679016113]}