{"x": [0, 1, 2, 3, 4, 5], "y": [5.246383190155029, 4.8093414306640625, 4.235867023468018, 3.8326027393341064, 3.056901693344116, 2.3676745891571045], "params": [-2.834038734436035, -2.333916425704956, 5.75741720199585]}