{"x": [0, 1, 2, 3, 4, 5], "y": [7.130796432495117, 6.563082218170166, 5.888159275054932, 5.531392574310303, 5.36638879776001, 4.435887813568115], "params": [-2.5092074871063232, 1.4738059043884277, 5.389817237854004]}