{"x": [0, 1, 2, 3, 4, 5], "y": [7.057131767272949, 6.91151237487793, 7.0368804931640625, 7.124298572540283, 7.041302680969238, 7.172348976135254], "params": [0.09826380014419556, 4.221504211425781, 0.5216732025146484]}