{"x": [0, 1, 2, 3, 4, 5], "y": [3.047621011734009, 3.4748642444610596, 2.781573534011841, 3.586543321609497, 3.6027121543884277, 3.177028179168701], "params": [0.2693900465965271, -3.3981494903564453, 1.6422772407531738]}