{"x": [0, 1, 2, 3, 4, 5], "y": [9.371634483337402, 7.627843856811523, 7.6637797355651855, 6.467634201049805, 5.5157151222229, 4.996747016906738], "params": [-4.021641254425049, 3.848771572113037, 8.749774932861328]}