{"x": [0, 1, 2, 3, 4, 5], "y": [4.704854965209961, 3.946899890899658, 3.2868528366088867, 2.418607234954834, 1.7664835453033447, 1.3561956882476807], "params": [-2.9433975219726562, -4.1896491050720215, 6.6973185539245605]}