{"x": [0, 1, 2, 3, 4, 5], "y": [7.111666202545166, 6.511139869689941, 5.887444972991943, 5.864644527435303, 5.246921539306641, 4.823178768157959], "params": [-2.545649766921997, 1.7400473356246948, 4.576974868774414]}