{"x": [0, 1, 2, 3, 4, 5], "y": [7.914566993713379, 7.3776326179504395, 5.725621223449707, 5.265700340270996, 4.237152099609375, 3.29487943649292], "params": [-4.870163440704346, 1.234511137008667, 9.239375114440918]}