{"x": [0, 1, 2, 3, 4, 5], "y": [6.386684417724609, 6.1356964111328125, 5.831981182098389, 5.742356777191162, 5.308230400085449, 4.76927375793457], "params": [-1.4878376722335815, 1.1795729398727417, 3.234821319580078]}