{"x": [0, 1, 2, 3, 4, 5], "y": [8.088838577270508, 8.210086822509766, 7.677959442138672, 7.309942245483398, 6.629815578460693, 6.643691539764404], "params": [-1.317821741104126, 4.725704193115234, 3.1605424880981445]}