{"x": [0, 1, 2, 3, 4, 5], "y": [3.360994338989258, 2.822089195251465, 2.6682615280151367, 2.5845448970794678, 2.8525238037109375, 2.4776570796966553], "params": [-1.0505421161651611, -4.287213325500488, 1.766674518585205]}