{"x": [0, 1, 2, 3, 4, 5], "y": [9.563423156738281, 8.467728614807129, 7.279091835021973, 6.874632835388184, 6.460134983062744, 5.638704299926758], "params": [-3.6028008460998535, 4.584290504455566, 7.849437713623047]}