{"x": [0, 1, 2, 3, 4, 5], "y": [6.879258155822754, 5.50685977935791, 4.839206695556641, 3.363776683807373, 2.250460386276245, 1.9912184476852417], "params": [-4.680948257446289, -1.6742533445358276, 9.776079177856445]}