{"x": [0, 1, 2, 3, 4, 5], "y": [5.435189723968506, 5.55664587020874, 5.970325469970703, 5.95449161529541, 6.872372627258301, 6.894686222076416], "params": [1.6884816884994507, 2.1587629318237305, 2.9189929962158203]}