{"x": [0, 1, 2, 3, 4, 5], "y": [3.793980598449707, 3.7866427898406982, 3.9720916748046875, 4.680333614349365, 4.965123653411865, 4.998349666595459], "params": [1.183316946029663, -1.6401779651641846, 2.4234137535095215]}