{"x": [0, 1, 2, 3, 4, 5], "y": [4.650249481201172, 4.245016574859619, 3.296382427215576, 2.9954090118408203, 2.5100483894348145, 2.0113890171051025], "params": [-2.7064499855041504, -3.2091922760009766, 5.277720928192139]}