{"x": [0, 1, 2, 3, 4, 5], "y": [4.252305030822754, 3.7886106967926025, 3.171637773513794, 2.620436668395996, 2.224815607070923, 1.1290773153305054], "params": [-2.9018354415893555, -4.403573036193848, 6.246455192565918]}