{"x": [0, 1, 2, 3, 4, 5], "y": [1.975006103515625, 1.7146077156066895, 2.6467339992523193, 2.6404097080230713, 2.970916271209717, 2.6146340370178223], "params": [1.560013771057129, -4.998815536499023, 2.5126171112060547]}