{"x": [0, 1, 2, 3, 4, 5], "y": [8.228555679321289, 7.453198432922363, 6.4288811683654785, 5.354384422302246, 4.4424333572387695, 3.4138286113739014], "params": [-4.216850280761719, 2.0446510314941406, 9.629453659057617]}