{"x": [0, 1, 2, 3, 4, 5], "y": [6.728301048278809, 7.1982269287109375, 7.220556735992432, 7.271534442901611, 7.715827465057373, 7.829345226287842], "params": [0.9590891599655151, 4.7333855628967285, 2.2020883560180664]}