{"x": [0, 1, 2, 3, 4, 5], "y": [6.7417521476745605, 6.982845306396484, 6.1145148277282715, 6.002718925476074, 5.817688465118408, 5.396529674530029], "params": [-1.5585243701934814, 1.9200217723846436, 3.17263126373291]}