{"x": [0, 1, 2, 3, 4, 5], "y": [4.722189426422119, 4.685530662536621, 4.622072696685791, 4.486517429351807, 4.65691614151001, 4.590516090393066], "params": [0.020102381706237793, -1.0683262348175049, 0.471343994140625]}