{"x": [0, 1, 2, 3, 4, 5], "y": [6.66748046875, 5.787764549255371, 5.156883716583252, 3.99826979637146, 3.4734983444213867, 2.2609596252441406], "params": [-4.318117141723633, -0.17425060272216797, 8.813041687011719]}