{"x": [0, 1, 2, 3, 4, 5], "y": [4.064054489135742, 4.040783882141113, 3.4256985187530518, 3.0939059257507324, 2.141151189804077, 2.048325538635254], "params": [-2.4585094451904297, -3.631577491760254, 4.031457901000977]}