{"x": [0, 1, 2, 3, 4, 5], "y": [4.562771320343018, 4.920391082763672, 4.538458824157715, 4.8044328689575195, 4.816728115081787, 5.541449069976807], "params": [1.0963494777679443, -0.36973118782043457, 2.0059804916381836]}