{"x": [0, 1, 2, 3, 4, 5], "y": [6.196014404296875, 6.033031463623047, 6.500857353210449, 6.788637638092041, 6.490858554840088, 6.9003005027771], "params": [0.7309088706970215, 3.091247081756592, 1.7345380783081055]}