{"x": [0, 1, 2, 3, 4, 5], "y": [5.6684346199035645, 5.570706367492676, 6.056881427764893, 6.677149772644043, 6.807302474975586, 6.577147006988525], "params": [0.8729740381240845, 2.564816951751709, 2.4731922149658203]}