{"x": [0, 1, 2, 3, 4, 5], "y": [7.770915985107422, 7.153900146484375, 6.538809776306152, 6.582303047180176, 5.537093639373779, 5.397356986999512], "params": [-2.341391086578369, 2.8986024856567383, 4.74711799621582]}