{"x": [0, 1, 2, 3, 4, 5], "y": [4.098477840423584, 4.063292980194092, 3.854741334915161, 3.9175994396209717, 3.9665732383728027, 4.31745719909668], "params": [0.23632729053497314, -1.9486016035079956, 0.9254317283630371]}