{"x": [0, 1, 2, 3, 4, 5], "y": [8.771651268005371, 8.080538749694824, 7.1565351486206055, 6.297365665435791, 5.188303470611572, 3.8959786891937256], "params": [-4.719766616821289, 3.1694083213806152, 9.751344680786133]}