{"x": [0, 1, 2, 3, 4, 5], "y": [8.022120475769043, 7.961669445037842, 6.989902496337891, 0.958305299282074, 6.947604656219482, 0.8829807639122009], "params": [-3.5925049781799316, 3.117208480834961, 6.716552734375, 11.560022354125977, 0.25, 1.0, 12.129247665405273]}