{"x": [0, 1, 2, 3, 4, 5], "y": [1.9998865127563477, 2.5540847778320312, 2.659801959991455, 0.37558045983314514, 6.048586368560791, 0.5014246702194214], "params": [1.3529466390609741, -4.070000171661377, 4.061868667602539, 11.593406677246094, 0.25, 1.0, 11.517480850219727]}