{"x": [0, 1, 2, 3, 4, 5], "y": [5.726560115814209, 5.76225471496582, 6.608299732208252, 0.761956512928009, 6.599310398101807, 0.4751211404800415], "params": [0.6511565446853638, 2.2520697116851807, 1.7684516906738281, 11.056432723999023, 0.25, 1.0, 12.24837875366211]}