{"x": [0, 1, 2, 3, 4, 5], "y": [9.371634483337402, 7.627843856811523, 7.6637797355651855, -0.016152426600456238, 3.003070592880249, -0.05925211310386658], "params": [-4.021641254425049, 3.848771572113037, 8.749774932861328, 5.730235576629639, 0.25, 1.0, 6.619601249694824]}