{"x": [0, 1, 2, 3, 4, 5], "y": [8.185733795166016, 7.539768695831299, 6.60009765625, 0.6815235018730164, 6.492426872253418, 0.6978535056114197], "params": [-4.183133125305176, 2.6512508392333984, 8.026103019714355, 11.748934745788574, 0.25, 1.0, 12.081101417541504]}