{"x": [0, 1, 2, 3, 4, 5], "y": [2.0095512866973877, 2.3276703357696533, 2.7650418281555176, 0.6688312888145447, 5.396432876586914, 0.6117953658103943], "params": [1.7024643421173096, -4.3973259925842285, 3.296431064605713, 9.688246726989746, 0.25, 1.0, 10.124086380004883]}