{"x": [0, 1, 2, 3, 4, 5], "y": [4.064054489135742, 4.040783882141113, 3.4256985187530518, 1.1107085943222046, 8.027517318725586, 0.9192332029342651], "params": [-2.4585094451904297, -3.631577491760254, 4.031457901000977, 13.996801376342773, 0.25, 1.0, 14.992443084716797]}