{"x": [0, 1, 2, 3, 4, 5], "y": [6.786649703979492, 6.435028076171875, 7.057915687561035, -0.23915643990039825, 5.333010196685791, -0.19513501226902008], "params": [1.2938551902770996, 4.399470329284668, 3.0908584594726562, 10.042326927185059, 0.25, 1.0, 11.21536922454834]}