{"x": [0, 1, 2, 3, 4, 5], "y": [4.722189426422119, 4.685530662536621, 4.622072696685791, -0.01696145161986351, 6.157236576080322, 0.11256404221057892], "params": [0.020102381706237793, -1.0683262348175049, 0.471343994140625, 11.627617835998535, 0.25, 1.0, 12.510136604309082]}