{"x": [0, 1, 2, 3, 4, 5], "y": [7.914566993713379, 7.3776326179504395, 5.725621223449707, 0.7503632307052612, 7.711097240447998, 0.5755936503410339], "params": [-4.870163440704346, 1.234511137008667, 9.239375114440918, 14.123677253723145, 0.25, 1.0, 14.447639465332031]}