{"x": [0, 1, 2, 3, 4, 5], "y": [7.343697547912598, 7.110545635223389, 7.362783908843994, 0.9132949709892273, 6.120265960693359, 0.9681239128112793], "params": [-2.209789752960205, 3.023503303527832, 4.490211486816406, 11.08932113647461, 0.25, 1.0, 11.125033378601074]}