{"x": [0, 1, 2, 3, 4, 5], "y": [3.4821746349334717, 3.3682663440704346, 2.736785888671875, 1.3601877689361572, 3.9926917552948, 0.9903433918952942], "params": [-1.0769340991973877, -4.172703742980957, 2.1664834022521973, 6.258936882019043, 0.25, 1.0, 7.4269585609436035]}