{"x": [0, 1, 2, 3, 4, 5], "y": [7.958529949188232, 6.966423034667969, 6.362508296966553, 0.6930258274078369, 3.720001220703125, 0.37004029750823975], "params": [-3.055403709411621, 2.646047592163086, 5.7307891845703125, 6.341019630432129, 0.25, 1.0, 6.990396499633789]}