{"x": [0, 1, 2, 3, 4, 5], "y": [5.246383190155029, 4.8093414306640625, 4.235867023468018, 1.8232516050338745, 9.028976440429688, 1.881833553314209], "params": [-2.834038734436035, -2.333916425704956, 5.75741720199585, 13.81869888305664, 0.25, 1.0, 15.387760162353516]}