{"x": [0, 1, 2, 3, 4, 5], "y": [3.155679225921631, 3.0738182067871094, 2.52264142036438, 1.2436503171920776, 6.836038112640381, 1.5257952213287354], "params": [-1.180661916732788, -4.763696670532227, 2.9766652584075928, 10.794991493225098, 0.25, 1.0, 11.285049438476562]}