{"x": [0, 1, 2, 3, 4, 5], "y": [6.753828048706055, 7.034401893615723, 6.715060710906982, 0.4676874279975891, 4.588561534881592, -0.20700237154960632], "params": [-0.5946680307388306, 3.3194808959960938, 1.191971778869629, 7.890048980712891, 0.25, 1.0, 9.7200345993042]}