{"x": [0, 1, 2, 3, 4, 5], "y": [3.793980598449707, 3.7866427898406982, 3.9720916748046875, 1.3335767984390259, 8.486125946044922, 1.4615005254745483], "params": [1.183316946029663, -1.6401779651641846, 2.4234137535095215, 13.154422760009766, 0.25, 1.0, 14.305098533630371]}