{"x": [0, 1, 2, 3, 4, 5], "y": [2.804231882095337, 3.0327022075653076, 3.792611598968506, 1.7361220121383667, 9.343803405761719, 1.6833946704864502], "params": [1.484481692314148, -3.2319374084472656, 2.4757065773010254, 14.333783149719238, 0.25, 1.0, 15.320817947387695]}