{"x": [0, 1, 2, 3, 4, 5], "y": [8.716676712036133, 8.255916595458984, 7.289708137512207, 0.09955641627311707, 3.5995187759399414, 0.46816444396972656], "params": [-4.7158708572387695, 3.130547523498535, 9.185403823852539, 7.145424842834473, 0.25, 1.0, 8.641845703125]}