{"x": [0, 1, 2, 3, 4, 5], "y": [5.347859859466553, 5.281406879425049, 5.3658270835876465, 0.6657348275184631, 4.006389141082764, 0.39828798174858093], "params": [-0.582226574420929, 0.514979362487793, 0.9622316360473633, 7.01082706451416, 0.25, 1.0, 7.476259708404541]}