{"x": [0, 1, 2, 3, 4, 5], "y": [8.088838577270508, 8.210086822509766, 7.677959442138672, 0.6686667799949646, 4.829438209533691, 0.5439755916595459], "params": [-1.317821741104126, 4.725704193115234, 3.1605424880981445, 8.806912422180176, 0.25, 1.0, 8.679378509521484]}