{"x": [0, 1, 2, 3, 4, 5], "y": [6.093071937561035, 5.6877312660217285, 4.796628475189209, 2.1730756759643555, 8.793617248535156, 1.683207392692566], "params": [-3.060734510421753, -0.04599630832672119, 4.916192054748535, 13.166816711425781, 0.25, 1.0, 14.514902114868164]}