{"x": [0, 1, 2, 3, 4, 5], "y": [7.770915985107422, 7.153900146484375, 6.538809776306152, 0.5728702545166016, 4.127429962158203, 0.62583327293396], "params": [-2.341391086578369, 2.8986024856567383, 4.74711799621582, 6.139902591705322, 0.25, 1.0, 7.187243938446045]}