{"x": [0, 1, 2, 3, 4, 5], "y": [7.8989691734313965, 7.034837245941162, 6.9926228523254395, 1.7690191268920898, 6.936680793762207, 1.5623642206192017], "params": [-2.842921257019043, 2.8052191734313965, 6.421136856079102, 10.792560577392578, 0.25, 1.0, 11.291887283325195]}