{"x": [0, 1, 2, 3, 4, 5], "y": [6.455138206481934, 6.29243803024292, 6.181254863739014, 1.0005931854248047, 7.523170471191406, 1.025124430656433], "params": [0.4568880796432495, 2.5988106727600098, 0.766815185546875, 11.572033882141113, 0.25, 1.0, 13.045154571533203]}