{"x": [0, 1, 2, 3, 4, 5], "y": [4.099374294281006, 3.67338228225708, 4.450660228729248, -0.07405292242765427, 4.361117362976074, 0.18369662761688232], "params": [1.1322786808013916, -1.3454711437225342, 2.7960824966430664, 8.834181785583496, 0.25, 1.0, 9.747794151306152]}