{"x": [0, 1, 2, 3, 4, 5], "y": [6.993114471435547, 6.843053817749023, 5.450472354888916, 2.0269293785095215, 6.847597122192383, 2.290674924850464], "params": [-4.139949798583984, 0.4971963167190552, 7.607675552368164, 10.519619941711426, 0.25, 1.0, 10.971808433532715]}