{"x": [0, 1, 2, 3, 4, 5], "y": [4.562771320343018, 4.920391082763672, 4.538458824157715, 0.9586926698684692, 5.349475383758545, 0.817205011844635], "params": [1.0963494777679443, -0.36973118782043457, 2.0059804916381836, 8.93136215209961, 0.25, 1.0, 9.06454086303711]}