{"x": [0, 1, 2, 3, 4, 5], "y": [7.057131767272949, 6.91151237487793, 7.0368804931640625, 0.36483034491539, 3.8663148880004883, 0.03185585141181946], "params": [0.09826380014419556, 4.221504211425781, 0.5216732025146484, 6.864278793334961, 0.25, 1.0, 8.337875366210938]}