{"x": [0, 1, 2, 3, 4, 5], "y": [3.844261884689331, 4.3419671058654785, 4.381836891174316, 1.2111316919326782, 6.5058441162109375, 0.6412013173103333], "params": [1.8788682222366333, -0.8973515033721924, 3.073561191558838, 11.490184783935547, 0.25, 1.0, 11.72928524017334]}