{"x": [0, 1, 2, 3, 4, 5], "y": [3.360994338989258, 2.822089195251465, 2.6682615280151367, 0.0825212299823761, 2.8806169033050537, -0.13218887150287628], "params": [-1.0505421161651611, -4.287213325500488, 1.766674518585205, 5.596317291259766, 0.25, 1.0, 7.001581192016602]}