{"x": [0, 1, 2, 3, 4, 5], "y": [5.78117036819458, 5.648716926574707, 5.159978866577148, 1.6585814952850342, 6.797218322753906, 1.6998451948165894], "params": [-2.7770040035247803, -0.46420514583587646, 5.2789106369018555, 9.69240665435791, 0.25, 1.0, 10.678967475891113]}