{"x": [0, 1, 2, 3, 4, 5], "y": [5.579958915710449, 5.009599685668945, 4.6443376541137695, 1.2630559206008911, 5.8834404945373535, 1.4665114879608154], "params": [-0.9399913549423218, -0.4448854923248291, 2.716841697692871, 9.585352897644043, 0.25, 1.0, 9.508282661437988]}