{"x": [0, 1, 2, 3, 4, 5], "y": [6.615137100219727, 6.623083591461182, 7.114490032196045, 1.0702241659164429, 7.661534786224365, 1.0184855461120605], "params": [0.2385319471359253, 3.772676467895508, 1.3690299987792969, 13.278040885925293, 0.25, 1.0, 13.612037658691406]}