{"x": [0, 1, 2, 3, 4, 5], "y": [1.975006103515625, 1.7146077156066895, 2.6467339992523193, 1.1647437810897827, 4.87893009185791, 1.3541786670684814], "params": [1.560013771057129, -4.998815536499023, 2.5126171112060547, 7.1199774742126465, 0.25, 1.0, 7.9255547523498535]}