{"x": [0, 1, 2, 3, 4, 5], "y": [4.838605880737305, 5.498772144317627, 5.871264457702637, -0.058940500020980835, 5.38499641418457, 0.2723637819290161], "params": [1.55875825881958, 1.9205063581466675, 4.011536598205566, 9.655445098876953, 0.25, 1.0, 10.887873649597168]}