{"x": [0, 1, 2, 3, 4, 5], "y": [6.879258155822754, 5.50685977935791, 4.839206695556641, 1.198920726776123, 8.072771072387695, 1.713917851448059], "params": [-4.680948257446289, -1.6742533445358276, 9.776079177856445, 13.132101058959961, 0.25, 1.0, 13.747700691223145]}