{"x": [0, 1, 2, 3, 4, 5], "y": [6.228950500488281, 5.507562160491943, 5.542184352874756, 1.52707040309906, 5.709474086761475, 1.4459072351455688], "params": [-0.09862196445465088, 1.4513534307479858, 1.4427766799926758, 8.98049545288086, 0.25, 1.0, 9.479260444641113]}