{"x": [0, 1, 2, 3, 4, 5], "y": [7.60186243057251, 7.370023727416992, 6.995830059051514, 1.3524153232574463, 7.637049198150635, 0.8221617937088013], "params": [-1.6417593955993652, 3.859272003173828, 3.3141117095947266, 13.01122760772705, 0.25, 1.0, 14.320444107055664]}