{"x": [0, 1, 2, 3, 4, 5], "y": [6.66748046875, 5.787764549255371, 5.156883716583252, 0.3144906461238861, 3.9822566509246826, 0.26409876346588135], "params": [-4.318117141723633, -0.17425060272216797, 8.813041687011719, 6.619472980499268, 0.25, 1.0, 7.750012397766113]}