{"x": [0, 1, 2, 3, 4, 5], "y": [6.196014404296875, 6.033031463623047, 6.500857353210449, 1.463890552520752, 6.728647708892822, 1.2496436834335327], "params": [0.7309088706970215, 3.091247081756592, 1.7345380783081055, 10.950429916381836, 0.25, 1.0, 11.590864181518555]}