{"x": [0, 1, 2, 3, 4, 5], "y": [6.328339576721191, 6.135395526885986, 6.011329650878906, 0.654090404510498, 5.82435417175293, 0.9498468041419983], "params": [-1.7394672632217407, 1.2092703580856323, 3.9317493438720703, 10.119832992553711, 0.25, 1.0, 11.193632125854492]}