{"x": [0, 1, 2, 3, 4, 5], "y": [9.194957733154297, 7.8805389404296875, 7.08209228515625, 0.5775222778320312, 3.6349918842315674, 0.4441491961479187], "params": [-4.543916702270508, 3.705738067626953, 9.988701820373535, 7.117368698120117, 0.25, 1.0, 7.15892219543457]}