{"x": [0, 1, 2, 3, 4, 5], "y": [3.367823362350464, 3.4778082370758057, 2.898787498474121, 0.6024739742279053, 4.271981716156006, 0.6936456561088562], "params": [-2.1749699115753174, -4.570093154907227, 3.2656078338623047, 7.323723793029785, 0.25, 1.0, 8.209126472473145]}