{"x": [0, 1, 2, 3, 4, 5], "y": [8.771651268005371, 8.080538749694824, 7.1565351486206055, 0.1754097193479538, 3.368342638015747, 0.16724535822868347], "params": [-4.719766616821289, 3.1694083213806152, 9.751344680786133, 5.682262897491455, 0.25, 1.0, 6.402194499969482]}