{"x": [0, 1, 2, 3, 4, 5], "y": [2.78686261177063, 3.088672637939453, 3.686222553253174, 1.47415030002594, 5.35712194442749, 1.101893424987793], "params": [1.8399767875671387, -2.805656909942627, 3.262484073638916, 8.860806465148926, 0.25, 1.0, 9.703468322753906]}