{"x": [0, 1, 2, 3, 4, 5], "y": [4.252305030822754, 3.7886106967926025, 3.171637773513794, 1.174886703491211, 6.940046310424805, 1.392857313156128], "params": [-2.9018354415893555, -4.403573036193848, 6.246455192565918, 11.137734413146973, 0.25, 1.0, 11.857104301452637]}