{"x": [0, 1, 2, 3, 4, 5], "y": [5.435189723968506, 5.55664587020874, 5.970325469970703, 1.0863769054412842, 7.744900703430176, 1.648781418800354], "params": [1.6884816884994507, 2.1587629318237305, 2.9189929962158203, 12.513786315917969, 0.25, 1.0, 13.317047119140625]}