{"x": [0, 1, 2, 3, 4, 5], "y": [3.8078479766845703, 3.541313886642456, 3.7498130798339844, 1.3019148111343384, 8.735754013061523, 0.7741299867630005], "params": [-1.3897913694381714, -3.597702980041504, 1.885180950164795, 14.79963207244873, 0.25, 1.0, 16.177593231201172]}