{"x": [0, 1, 2, 3, 4, 5], "y": [5.250444412231445, 4.917848110198975, 4.995197296142578, 0.7781332731246948, 6.299831867218018, 0.7819278240203857], "params": [-1.655186653137207, -0.664215087890625, 3.519747734069824, 10.319511413574219, 0.25, 1.0, 11.043396949768066]}