{"x": [0, 1, 2, 3, 4, 5], "y": [4.098477840423584, 4.063292980194092, 3.854741334915161, 0.8714773654937744, 2.8788368701934814, 0.20811986923217773], "params": [0.23632729053497314, -1.9486016035079956, 0.9254317283630371, 5.426895618438721, 0.25, 1.0, 6.041163921356201]}