{"x": [0, 1, 2, 3, 4, 5], "y": [6.386684417724609, 6.1356964111328125, 5.831981182098389, 0.7976824045181274, 7.001558303833008, 0.8176247477531433], "params": [-1.4878376722335815, 1.1795729398727417, 3.234821319580078, 11.979496955871582, 0.25, 1.0, 12.42698860168457]}