{"x": [0, 1, 2, 3, 4, 5], "y": [6.934864521026611, 6.790556907653809, 6.366778373718262, 1.250929594039917, 7.0553460121154785, 0.8590483069419861], "params": [-1.2867165803909302, 3.4086804389953613, 2.435183525085449, 11.560803413391113, 0.25, 1.0, 12.392595291137695]}