{"x": [0, 1, 2, 3, 4, 5], "y": [7.106343746185303, 6.5904693603515625, 5.004467487335205, 0.763774037361145, 7.023048400878906, 1.1017887592315674], "params": [-3.288015365600586, 0.2605491876602173, 6.605682373046875, 12.350297927856445, 0.25, 1.0, 12.800518989562988]}