{"x": [0, 1, 2, 3, 4, 5], "y": [3.047621011734009, 3.4748642444610596, 2.781573534011841, 0.4153481721878052, 3.2245469093322754, 0.40254104137420654], "params": [0.2693900465965271, -3.3981494903564453, 1.6422772407531738, 5.929531097412109, 0.25, 1.0, 6.091019153594971]}