{"x": [0, 1, 2, 3, 4, 5], "y": [4.801868438720703, 4.141921520233154, 3.6595494747161865, 1.2684364318847656, 5.0731892585754395, 1.0999538898468018], "params": [-3.5913028717041016, -3.7911243438720703, 6.669873237609863, 8.20656681060791, 0.25, 1.0, 9.673566818237305]}