{"x": [0, 1, 2, 3, 4, 5], "y": [4.904262542724609, 4.527906894683838, 4.209425926208496, 1.2895175218582153, 8.516670227050781, 1.476606011390686], "params": [-1.873795747756958, -1.956987977027893, 4.493087291717529, 14.347770690917969, 0.25, 1.0, 14.935016632080078]}