{"x": [0, 1, 2, 3, 4, 5], "y": [7.281496524810791, 7.070976734161377, 6.880011558532715, 0.5819671154022217, 4.790286540985107, 0.31557807326316833], "params": [-2.7899744510650635, 2.5544703006744385, 4.9069013595581055, 9.358931541442871, 0.25, 1.0, 8.949417114257812]}