{"x": [0, 1, 2, 3, 4, 5], "y": [4.781332969665527, 4.331699848175049, 3.395599126815796, 0.6454256176948547, 2.941331386566162, 0.13937167823314667], "params": [-3.4332761764526367, -3.818411350250244, 6.600695610046387, 5.908796787261963, 0.25, 1.0, 6.572150230407715]}