{"x": [0, 1, 2, 3, 4, 5], "y": [7.435813903808594, 6.258659839630127, 5.837087631225586, 0.10700619220733643, 4.046442031860352, 0.21597333252429962], "params": [-3.454395055770874, 0.36538779735565186, 8.843040466308594, 6.866095542907715, 0.25, 1.0, 7.878871917724609]}