{"x": [0, 1, 2, 3, 4, 5], "y": [9.563423156738281, 8.467728614807129, 7.279091835021973, 0.46749186515808105, 7.192301273345947, 0.6327193379402161], "params": [-3.6028008460998535, 4.584290504455566, 7.849437713623047, 13.874300003051758, 0.25, 1.0, 14.364765167236328]}