{"x": [0, 1, 2, 3, 4, 5], "y": [3.1427979469299316, 3.8874990940093994, 4.206051349639893, 0.3134852945804596, 3.1607511043548584, -0.157682403922081], "params": [1.9295299053192139, -1.767072081565857, 3.459413528442383, 5.824079513549805, 0.25, 1.0, 6.835716724395752]}