{"x": [0, 1, 2, 3, 4, 5], "y": [7.82432222366333, 7.35902214050293, 7.290457725524902, 1.0413234233856201, 4.950666427612305, 1.1252719163894653], "params": [-0.6732892394065857, 4.62734317779541, 1.4506301879882812, 7.2799201011657715, 0.25, 1.0, 7.991698265075684]}