{"x": [0, 1, 2, 3, 4, 5], "y": [7.111666202545166, 6.511139869689941, 5.887444972991943, 2.1461286544799805, 8.461770057678223, 2.0311837196350098], "params": [-2.545649766921997, 1.7400473356246948, 4.576974868774414, 12.411272048950195, 0.25, 1.0, 12.927912712097168]}