{"x": [0, 1, 2, 3, 4, 5], "y": [8.127723693847656, 7.600125789642334, 6.981855392456055, 0.6588131189346313, 6.093282222747803, 0.7530462741851807], "params": [-3.914332151412964, 2.9425501823425293, 6.029962539672852, 10.858419418334961, 0.25, 1.0, 11.75479793548584]}