{"x": [0, 1, 2, 3, 4, 5], "y": [5.841072082519531, 5.603370666503906, 5.869650840759277, 1.2356232404708862, 8.048612594604492, 1.3794479370117188], "params": [0.05815774202346802, 1.7452424764633179, 0.9999666213989258, 13.987109184265137, 0.25, 1.0, 15.060919761657715]}