{"x": [0, 1, 2, 3, 4, 5], "y": [4.704854965209961, 3.946899890899658, 3.2868528366088867, 1.4673817157745361, 7.601726055145264, 1.5885275602340698], "params": [-2.9433975219726562, -4.1896491050720215, 6.6973185539245605, 12.076716423034668, 0.25, 1.0, 12.892881393432617]}