{"x": [0, 1, 2, 3, 4, 5], "y": [6.556519985198975, 6.687943458557129, 7.138528347015381, 0.7679620385169983, 4.415180206298828, 0.8634613752365112], "params": [1.1046098470687866, 3.802536725997925, 2.0353622436523438, 7.2841796875, 0.25, 1.0, 7.696776390075684]}