{"x": [0, 1, 2, 3, 4, 5], "y": [6.279829502105713, 6.856440544128418, 6.62021541595459, 0.24141278862953186, 7.828200817108154, 0.3884497880935669], "params": [0.6065497994422913, 3.5004234313964844, 1.7661285400390625, 14.283581733703613, 0.25, 1.0, 15.502156257629395]}