{"x": [0, 1, 2, 3, 4, 5], "y": [2.1521148681640625, 2.7088563442230225, 2.916090965270996, 0.8778257369995117, 4.002172470092773, 0.7069535851478577], "params": [1.9695966243743896, -3.7540392875671387, 4.266125679016113, 6.648072719573975, 0.25, 1.0, 6.590437889099121]}