{"x": [0, 1, 2, 3, 4, 5], "y": [7.82730770111084, 7.04443359375, 6.251662731170654, 0.17023536562919617, 7.638708114624023, 0.26982244849205017], "params": [-3.7083306312561035, 1.7353630065917969, 7.391363143920898, 14.471463203430176, 0.25, 1.0, 15.347671508789062]}