{"x": [0, 1, 2, 3, 4, 5], "y": [6.223413944244385, 5.290096282958984, 4.449477672576904, 0.4125833809375763, 3.432716131210327, 0.6815975904464722], "params": [-4.359426498413086, -1.8044424057006836, 8.977745056152344, 6.128091335296631, 0.25, 1.0, 6.232841491699219]}