{"x": [0, 1, 2, 3, 4, 5], "y": [3.287630558013916, 3.520406723022461, 3.5300803184509277, 1.6434028148651123, 9.165541648864746, 1.668664574623108], "params": [-0.01076197624206543, -3.164891004562378, 0.7093710899353027, 14.799735069274902, 0.25, 1.0, 15.125276565551758]}