{"x": [0, 1, 2, 3, 4, 5], "y": [3.376991033554077, 3.6732423305511475, 3.599045991897583, 0.05936688184738159, 6.026434421539307, 0.1278546303510666], "params": [0.42994946241378784, -2.6150636672973633, 1.207120418548584, 11.643449783325195, 0.25, 1.0, 12.592960357666016]}