{"x": [0, 1, 2, 3, 4, 5], "y": [3.6685895919799805, 3.357717275619507, 3.071871042251587, 0.5788261294364929, 5.515336513519287, 0.8273290991783142], "params": [-2.844555139541626, -4.788265228271484, 4.516107082366943, 9.879439353942871, 0.25, 1.0, 10.755168914794922]}