{"x": [0, 1, 2, 3, 4, 5], "y": [4.650249481201172, 4.245016574859619, 3.296382427215576, 0.640643835067749, 5.773835182189941, 0.8451154232025146], "params": [-2.7064499855041504, -3.2091922760009766, 5.277720928192139, 10.26319408416748, 0.25, 1.0, 10.878628730773926]}