{"x": [0, 1, 2, 3, 4, 5], "y": [5.37800931930542, 4.874443531036377, 4.038295269012451, 2.238363027572632, 8.460219383239746, 2.085798740386963], "params": [-3.4236879348754883, -2.2870450019836426, 6.766271114349365, 13.173192977905273, 0.25, 1.0, 13.35862922668457]}