{"x": [0, 1, 2, 3, 4, 5], "y": [7.171746730804443, 6.342609882354736, 5.3419952392578125, 0.5092032551765442, 6.744976043701172, 0.5905961394309998], "params": [-4.79012393951416, -0.15072762966156006, 9.013673782348633, 12.101460456848145, 0.25, 1.0, 12.982620239257812]}