{"x": [0, 1, 2, 3, 4, 5], "y": [8.99487018585205, 7.807037830352783, 7.223076343536377, 1.3281058073043823, 5.608036041259766, 1.5218677520751953], "params": [-3.640310287475586, 3.845332145690918, 7.483907699584961, 8.328771591186523, 0.25, 1.0, 8.559860229492188]}