{"x": [0, 1, 2, 3, 4, 5], "y": [4.811722755432129, 4.566784858703613, 3.732041835784912, 0.675586998462677, 3.866948366165161, 1.1838809251785278], "params": [-4.3204827308654785, -3.607912540435791, 7.774987697601318, 6.228633880615234, 0.25, 1.0, 7.099234104156494]}