{"x": [0, 1, 2, 3, 4, 5], "y": [5.6684346199035645, 5.570706367492676, 6.056881427764893, 1.084484338760376, 4.690707683563232, 1.1469841003417969], "params": [0.8729740381240845, 2.564816951751709, 2.4731922149658203, 7.093550682067871, 0.25, 1.0, 8.735912322998047]}