{"x": [0, 1, 2, 3, 4, 5], "y": [6.668111801147461, 5.782284736633301, 5.117758274078369, 0.4018315374851227, 5.918300628662109, 1.0701524019241333], "params": [-3.480565071105957, -0.3044027090072632, 7.465246677398682, 10.068822860717773, 0.25, 1.0, 11.128251075744629]}