{"x": [0, 1, 2, 3, 4, 5], "y": [6.590662479400635, 6.882150650024414, 7.30493688583374, 0.9857839345932007, 5.746800422668457, 0.8041250109672546], "params": [1.0451979637145996, 4.380353927612305, 3.022210121154785, 9.89448356628418, 0.25, 1.0, 10.045025825500488]}