{"x": [0, 1, 2, 3, 4, 5], "y": [5.543114185333252, 4.889754295349121, 4.8439130783081055, 1.442614197731018, 4.60781717300415, 1.0380195379257202], "params": [-1.2616245746612549, -0.6824672222137451, 2.995697021484375, 7.106352806091309, 0.25, 1.0, 7.139595031738281]}