{"x": [0, 1, 2, 3, 4, 5], "y": [8.228555679321289, 7.453198432922363, 6.4288811683654785, 1.0283321142196655, 8.061342239379883, 0.8990891575813293], "params": [-4.216850280761719, 2.0446510314941406, 9.629453659057617, 13.58104133605957, 0.25, 1.0, 14.481653213500977]}