{"x": [0, 1, 2, 3, 4, 5], "y": [7.1144914627075195, 6.257415294647217, 6.17088508605957, 0.4087863266468048, 2.817518711090088, 0.04812481999397278], "params": [-3.359520196914673, 1.2899088859558105, 6.606889247894287, 5.718907356262207, 0.25, 1.0, 6.607795238494873]}