{"x": [0, 1, 2, 3, 4, 5], "y": [3.5494384765625, 3.9110608100891113, 4.168469429016113, 1.2142637968063354, 5.770620822906494, 1.0873093605041504], "params": [1.7766649723052979, -1.2538135051727295, 3.16133975982666, 9.235891342163086, 0.25, 1.0, 9.869026184082031]}