{"x": [0, 1, 2, 3, 4, 5], "y": [6.7417521476745605, 6.982845306396484, 6.1145148277282715, 1.5952208042144775, 6.71877908706665, 1.6484111547470093], "params": [-1.5585243701934814, 1.9200217723846436, 3.17263126373291, 10.627811431884766, 0.25, 1.0, 11.083654403686523]}