{"x": [0, 1, 2, 3, 4, 5], "y": [8.243995666503906, 7.658514022827148, 6.86772346496582, 0.4649809002876282, 4.517185211181641, 0.48362988233566284], "params": [-3.167665958404541, 3.406059741973877, 6.422163963317871, 8.473503112792969, 0.25, 1.0, 8.692092895507812]}