{"x": [0, 1, 2, 3, 4, 5], "y": [7.160319805145264, 7.434285640716553, 7.510140895843506, 1.8698627948760986, 8.125761985778809, 1.69086754322052], "params": [0.007206141948699951, 4.555690765380859, 1.1048002243041992, 13.2518892288208, 0.25, 1.0, 14.044164657592773]}