{"x": [0, 1, 2, 3, 4, 5], "y": [5.20269775390625, 4.1598310470581055, 3.1417176723480225, 0.7887812852859497, 3.540686845779419, 0.781849205493927], "params": [-3.6612348556518555, -4.063169479370117, 8.373228073120117, 5.501763343811035, 0.25, 1.0, 5.955813884735107]}