{"x": [0, 1, 2, 3, 4, 5], "y": [5.930564880371094, 4.937007904052734, 4.264780521392822, 0.0015061795711517334, 4.825967311859131, 0.2275814414024353], "params": [-3.8014841079711914, -1.8617451190948486, 7.135997295379639, 9.266070365905762, 0.25, 1.0, 9.90168571472168]}