{"x": [0, 1, 2, 3, 4, 5], "y": [6.3002519607543945, 5.863341808319092, 5.499316215515137, 1.2904261350631714, 7.533761024475098, 1.5152662992477417], "params": [-1.5815030336380005, 1.69150710105896, 3.143385887145996, 11.153614044189453, 0.25, 1.0, 12.486669540405273]}