{"x": [0, 1, 2, 3, 4, 5], "y": [6.728301048278809, 7.1982269287109375, 7.220556735992432, 0.9362674355506897, 4.30772590637207, 1.1835527420043945], "params": [0.9590891599655151, 4.7333855628967285, 2.2020883560180664, 6.879687786102295, 0.25, 1.0, 7.680099964141846]}