{"x": [0, 1, 2, 3, 4, 5], "y": [4.8618340492248535, 4.475316524505615, 5.337504863739014, 0.807806134223938, 7.080153942108154, 0.9557716846466064], "params": [1.4255492687225342, 0.5535352230072021, 2.734579086303711, 11.801902770996094, 0.25, 1.0, 12.544695854187012]}