{"x": [0, 1, 2, 3, 4, 5], "y": [7.280246257781982, 7.291651725769043, 7.68523645401001, 0.08420512080192566, 3.4085259437561035, 0.4432218372821808], "params": [-0.6743414998054504, 4.677628993988037, 1.349837303161621, 6.489748477935791, 0.25, 1.0, 8.055618286132812]}