{"x": [0, 1, 2, 3, 4, 5], "y": [7.1984100341796875, 6.610789775848389, 6.545674800872803, 0.5707789063453674, 7.995120525360107, 0.37984275817871094], "params": [-2.6245968341827393, 2.419949769973755, 5.087409019470215, 14.900259017944336, 0.25, 1.0, 15.230555534362793]}