{"x": [0, 1, 2, 3, 4, 5], "y": [7.016446590423584, 6.296766757965088, 6.394949436187744, 0.10151112824678421, 3.376821994781494, -0.18076752126216888], "params": [-1.5915436744689941, 1.9756507873535156, 3.2441463470458984, 6.040797233581543, 0.25, 1.0, 7.115179061889648]}