{"x": [0, 1, 2, 3, 4, 5], "y": [7.130796432495117, 6.563082218170166, 5.888159275054932, 1.4292559623718262, 5.8389692306518555, 1.2922611236572266], "params": [-2.5092074871063232, 1.4738059043884277, 5.389817237854004, 8.708720207214355, 0.25, 1.0, 9.451148986816406]}