{"x": [0, 1, 2, 3, 4, 5], "y": [4.134565830230713, 3.5690994262695312, 3.4450271129608154, 1.0507583618164062, 4.812519550323486, 0.6619963645935059], "params": [-1.6704378128051758, -3.3839547634124756, 3.09932804107666, 9.206067085266113, 0.25, 1.0, 10.677728652954102]}