{"x": [0, 1, 2, 3, 4, 5], "y": [3.485990285873413, 0.3069804906845093, 3.565659523010254, 4.940544605255127, 5.176962852478027, 5.295681476593018], "params": [6.788722991943359, 0.25, 1.0, 7.597080707550049, 1.5494364500045776, -0.7331365346908569, 2.457810401916504]}