{"x": [0, 1, 2, 3, 4, 5], "y": [4.743797302246094, 0.30463317036628723, 5.067549705505371, 0.4356197714805603, 4.624326705932617, 0.5418388247489929], "params": [8.64608097076416, 0.25, 1.0, 9.525833129882812]}