{"x": [0, 1, 2, 3, 4, 5], "y": [5.6573405265808105, 0.3562530279159546, 5.597763538360596, 2.5036849975585938, 1.699451208114624, 1.8649744987487793], "params": [9.80975341796875, 0.25, 1.0, 11.150582313537598, -1.6730989217758179, -4.937331199645996, 2.992992877960205]}