{"x": [0, 1, 2, 3, 4, 5], "y": [6.077996253967285, 1.4102451801300049, 5.874020099639893, 5.546194076538086, 4.602311134338379, 3.302027702331543], "params": [9.436321258544922, 0.25, 1.0, 9.893502235412598, -4.884919166564941, 1.7140799760818481, 9.581583023071289]}