{"x": [0, 1, 2, 3, 4, 5], "y": [4.743797302246094, 0.30463317036628723, 5.067549705505371, 3.2124247550964355, 2.2884695529937744, 2.3410098552703857], "params": [8.64608097076416, 0.25, 1.0, 9.525833129882812, -2.398414134979248, -4.144472122192383, 3.9554696083068848]}