{"x": [0, 1, 2, 3, 4, 5], "y": [3.1932666301727295, 0.43061718344688416, 3.422830581665039, 2.1384668350219727, 1.2880842685699463, 0.5567930936813354], "params": [6.1617655754089355, 0.25, 1.0, 6.161652565002441, -4.970860481262207, -4.51722526550293, 8.87238597869873]}