{"x": [0, 1, 2, 3, 4, 5], "y": [6.755646705627441, 0.3705931305885315, 7.0286865234375, 6.981388568878174, 6.982324123382568, 7.328843593597412], "params": [12.607791900634766, 0.25, 1.0, 13.448126792907715, 1.7683570384979248, 3.3046908378601074, 3.710481643676758]}