{"x": [0, 1, 2, 3, 4, 5], "y": [7.914882183074951, 1.3974180221557617, 7.859090805053711, 1.438188910484314, 7.923121452331543, 1.703759789466858], "params": [12.264966011047363, 0.25, 1.0, 13.051406860351562]}