{"x": [0, 1, 2, 3, 4, 5], "y": [6.090386867523193, 1.0785220861434937, 5.6992621421813965, 1.0664225816726685, 6.37841272354126, 1.2735614776611328], "params": [10.409561157226562, 0.25, 1.0, 10.623980522155762]}