{"x": [0, 1, 2, 3, 4, 5], "y": [4.3104023933410645, -0.1526177078485489, 4.169528007507324, -0.042048677802085876, 4.422647953033447, 0.03204503282904625], "params": [8.577025413513184, 0.25, 1.0, 9.150531768798828]}