{"x": [0, 1, 2, 3, 4, 5], "y": [7.9502034187316895, 2.1219067573547363, 8.039008140563965, 1.8678061962127686, 7.940474033355713, 1.6491479873657227], "params": [12.526534080505371, 0.25, 1.0, 12.779720306396484]}