{"x": [0, 1, 2, 3, 4, 5], "y": [3.576266050338745, 0.5434067845344543, 3.5741465091705322, 3.0746591091156006, 2.0338997840881348, 0.6384220123291016], "params": [5.258096694946289, 0.25, 1.0, 6.065718650817871, -4.383336544036865, -3.999917984008789, 8.961156845092773]}