{"x": [0, 1, 2, 3, 4, 5], "y": [4.3854498863220215, -0.011450082063674927, 4.477139472961426, 0.4840305745601654, 4.250638961791992, 0.2578458786010742], "params": [7.684542655944824, 0.25, 1.0, 8.977179527282715]}