{"x": [0, 1, 2, 3, 4, 5], "y": [3.979825019836426, 0.1643204391002655, 4.004295825958252, 4.716938495635986, 3.6784849166870117, 3.862513542175293], "params": [6.980749130249023, 0.25, 1.0, 7.679950714111328, -2.522005081176758, -0.5785524845123291, 4.9885406494140625]}