{"x": [0, 1, 2, 3, 4, 5], "y": [5.0770673751831055, 0.09445054084062576, 4.6764936447143555, 0.17780952155590057, 4.720640182495117, 0.0854799896478653], "params": [9.571332931518555, 0.25, 1.0, 9.983174324035645]}