{"x": [0, 1, 2, 3, 4, 5], "y": [6.764399528503418, 0.9286491870880127, 6.536253929138184, 1.005628228187561, 6.911594390869141, 0.6805234551429749], "params": [11.411508560180664, 0.25, 1.0, 12.462141990661621]}