{"x": [0, 1, 2, 3, 4, 5], "y": [8.050777435302734, 0.6188437938690186, 7.9095563888549805, 0.4146193265914917, 7.879677772521973, 0.9194146394729614], "params": [14.553889274597168, 0.25, 1.0, 15.272315979003906]}