{"x": [0, 1, 2, 3, 4, 5], "y": [4.585897445678711, 0.8963505029678345, 4.282978057861328, 0.7020665407180786, 4.410157203674316, 1.0960547924041748], "params": [6.864823818206787, 0.25, 1.0, 7.767662048339844]}