{"x": [0, 1, 2, 3, 4, 5], "y": [5.172050952911377, 0.8922065496444702, 4.835546493530273, 0.5442731380462646, 4.943450450897217, 0.3717978000640869], "params": [7.693329811096191, 0.25, 1.0, 9.600505828857422]}