{"x": [0, 1, 2, 3, 4, 5], "y": [5.940942287445068, 1.272871732711792, 5.880424499511719, 5.127862930297852, 5.032539367675781, 5.274234294891357], "params": [9.406561851501465, 0.25, 1.0, 10.949823379516602, 0.9727731347084045, -0.5929809808731079, 1.9015741348266602]}