{"x": [0, 1, 2, 3, 4, 5], "y": [3.485990285873413, 0.3069804906845093, 3.565659523010254, -0.028132081031799316, 3.566831350326538, -0.23170894384384155], "params": [6.788722991943359, 0.25, 1.0, 7.597080707550049]}