{"x": [0, 1, 2, 3, 4, 5], "y": [5.288683891296387, 0.4792715311050415, 4.854212760925293, 5.6262712478637695, 5.859225749969482, 6.765900135040283], "params": [10.042335510253906, 0.25, 1.0, 10.96929931640625, -0.29848259687423706, 2.3844635486602783, 2.2792577743530273]}