{"x": [0, 1, 2, 3, 4, 5], "y": [8.607376098632812, 1.1878043413162231, 9.052117347717285, 5.834175109863281, 6.454213619232178, 6.247680187225342], "params": [14.97384262084961, 0.25, 1.0, 15.728626251220703, 1.6018099784851074, 1.5000784397125244, 3.0540103912353516]}