{"x": [0, 1, 2, 3, 4, 5], "y": [8.607376098632812, 1.1878043413162231, 9.052117347717285, 1.3044703006744385, 8.839394569396973, 1.3483089208602905], "params": [14.97384262084961, 0.25, 1.0, 15.728626251220703]}