{"x": [0, 1, 2, 3, 4, 5], "y": [6.873912334442139, 0.6495984196662903, 6.947552680969238, 2.266585350036621, 2.035733699798584, 1.8365249633789062], "params": [12.570804595947266, 0.25, 1.0, 12.602912902832031, -1.8282568454742432, -4.733166694641113, 3.338320732116699]}