{"x": [0, 1, 2, 3, 4, 5], "y": [4.293829441070557, 0.43972575664520264, 4.0770087242126465, 0.5401571989059448, 4.342947959899902, 0.5651323795318604], "params": [8.060275077819824, 0.25, 1.0, 7.80644416809082]}