{"x": [0, 1, 2, 3, 4, 5], "y": [8.176403045654297, 1.4344574213027954, 7.640269756317139, 3.1834657192230225, 2.4685685634613037, 1.9599426984786987], "params": [13.634727478027344, 0.25, 1.0, 13.5764799118042, -1.3139288425445557, -4.55608606338501, 2.9747660160064697]}