{"x": [0, 1, 2, 3, 4, 5], "y": [6.069104194641113, 0.6772042512893677, 5.678786754608154, 0.059623390436172485, 6.1596503257751465, 0.11731144040822983], "params": [11.724465370178223, 0.25, 1.0, 12.200054168701172]}