{"x": [0, 1, 2, 3, 4, 5], "y": [3.7970778942108154, 0.5285094976425171, 3.627220392227173, 2.4886176586151123, 2.6913747787475586, 2.8592875003814697], "params": [5.816515922546387, 0.25, 1.0, 6.537137031555176, 0.2778686285018921, -4.7974653244018555, 1.0314855575561523]}