{"x": [0, 1, 2, 3, 4, 5], "y": [8.017690658569336, 1.7898515462875366, 8.311225891113281, 2.332226514816284, 1.7581955194473267, 1.0402851104736328], "params": [13.340120315551758, 0.25, 1.0, 13.977313995361328, -3.3419735431671143, -4.534628391265869, 7.778733253479004]}