{"x": [0, 1, 2, 3, 4, 5], "y": [6.714021682739258, 0.21158549189567566, 6.903655052185059, -0.09286370873451233, 6.8040571212768555, 0.013077080249786377], "params": [13.150643348693848, 0.25, 1.0, 13.993037223815918]}