{"x": [0, 1, 2, 3, 4, 5], "y": [6.385672092437744, 0.8795259594917297, 6.063304424285889, 1.6235074996948242, 6.071688652038574, 1.7437137365341187], "params": [9.34427547454834, 0.25, 1.0, 11.01229190826416]}