{"x": [0, 1, 2, 3, 4, 5], "y": [6.814105987548828, 1.4134714603424072, 6.600870132446289, 1.8295869827270508, 6.672380447387695, 1.1447123289108276], "params": [10.44174575805664, 0.25, 1.0, 11.338787078857422]}