{"x": [0, 1, 2, 3, 4, 5], "y": [6.617358207702637, 1.351073980331421, 6.710138320922852, 4.831190586090088, 3.933682918548584, 3.8325321674346924], "params": [10.609721183776855, 0.25, 1.0, 10.938655853271484, -3.0605058670043945, 0.21798670291900635, 5.591074466705322]}