{"x": [0, 1, 2, 3, 4, 5], "y": [3.5243101119995117, 0.5209513902664185, 3.5358779430389404, 0.3410230875015259, 2.990149974822998, 0.5037883520126343], "params": [5.828234672546387, 0.25, 1.0, 6.38970947265625]}