{"x": [0, 1, 2, 3, 4, 5], "y": [6.556122779846191, 0.22486981749534607, 6.7034711837768555, 5.6552019119262695, 5.420613765716553, 5.121520519256592], "params": [12.193653106689453, 0.25, 1.0, 13.684822082519531, -2.182811737060547, 2.5152409076690674, 4.173220634460449]}