{"x": [0, 1, 2, 3, 4, 5], "y": [8.176403045654297, 1.4344574213027954, 7.640269756317139, 1.7833343744277954, 7.65199089050293, 1.3881629705429077], "params": [13.634727478027344, 0.25, 1.0, 13.5764799118042]}