{"x": [0, 1, 2, 3, 4, 5], "y": [5.940942287445068, 1.272871732711792, 5.880424499511719, 0.952993631362915, 6.427905082702637, 1.0620074272155762], "params": [9.406561851501465, 0.25, 1.0, 10.949823379516602]}