{"x": [0, 1, 2, 3, 4, 5], "y": [7.589048862457275, 1.312756896018982, 7.394578456878662, 3.147810935974121, 3.605107069015503, 3.8797693252563477], "params": [12.50460433959961, 0.25, 1.0, 13.604695320129395, 1.8760156631469727, -4.2621846199035645, 3.3890633583068848]}