{"x": [0, 1, 2, 3, 4, 5], "y": [7.48756742477417, 0.8911974430084229, 7.092593193054199, 4.503298759460449, 3.181637763977051, 2.9390788078308105], "params": [11.402929306030273, 0.25, 1.0, 13.192739486694336, -3.5045576095581055, -0.6715482473373413, 7.153393745422363]}