{"x": [0, 1, 2, 3, 4, 5], "y": [3.5243101119995117, 0.5209513902664185, 3.5358779430389404, 3.35693097114563, 2.9635353088378906, 2.5053794384002686], "params": [5.828234672546387, 0.25, 1.0, 6.38970947265625, -2.2263522148132324, -2.3282055854797363, 5.642638683319092]}