{"x": [0, 1, 2, 3, 4, 5], "y": [3.5667595863342285, 1.1850489377975464, 2.9645705223083496, 5.018192768096924, 4.263617515563965, 3.2387611865997314], "params": [5.453598499298096, 0.25, 1.0, 5.9118547439575195, -2.7596583366394043, -0.03574788570404053, 6.3834147453308105]}