{"x": [0, 1, 2, 3, 4, 5], "y": [3.641655683517456, 0.24366378784179688, 3.426642417907715, 0.45505428314208984, 3.6409294605255127, -0.037304893136024475], "params": [6.751255035400391, 0.25, 1.0, 7.357921123504639]}