{"x": [0, 1, 2, 3, 4, 5], "y": [5.041173934936523, 0.8544033765792847, 4.6075568199157715, 1.0055861473083496, 4.452572822570801, 1.1046303510665894], "params": [7.874356269836426, 0.25, 1.0, 8.373540878295898]}