{"x": [0, 1, 2, 3, 4, 5], "y": [4.877902984619141, 1.0795533657073975, 4.544030666351318, 3.406188726425171, 2.920872211456299, 2.87261700630188], "params": [7.566504001617432, 0.25, 1.0, 8.01902961730957, -1.563976764678955, -2.9100310802459717, 2.909776210784912]}