{"x": [0, 1, 2, 3, 4, 5], "y": [6.617358207702637, 1.351073980331421, 6.710138320922852, 1.2408106327056885, 6.510763168334961, 1.415566325187683], "params": [10.609721183776855, 0.25, 1.0, 10.938655853271484]}