{"x": [0, 1, 2, 3, 4, 5], "y": [5.6573405265808105, 0.3562530279159546, 5.597763538360596, 0.08204959332942963, 5.059208869934082, 0.5841428637504578], "params": [9.80975341796875, 0.25, 1.0, 11.150582313537598]}