{"x": [0, 1, 2, 3, 4, 5], "y": [7.479438781738281, 1.9405595064163208, 7.363872051239014, 7.430627346038818, 7.571948051452637, 7.564924240112305], "params": [11.371580123901367, 0.25, 1.0, 11.297019004821777, 0.7925649881362915, 4.377809047698975, 1.1910486221313477]}