{"x": [0, 1, 2, 3, 4, 5], "y": [4.877902984619141, 1.0795533657073975, 4.544030666351318, 1.2053953409194946, 5.089068412780762, 1.2552318572998047], "params": [7.566504001617432, 0.25, 1.0, 8.01902961730957]}