{"x": [0, 1, 2, 3, 4, 5], "y": [9.372446060180664, 2.1602442264556885, 8.887887954711914, 1.3600659370422363, 9.362525939941406, 1.63994300365448], "params": [14.259340286254883, 0.25, 1.0, 16.024761199951172]}