{"x": [0, 1, 2, 3, 4, 5], "y": [4.057530403137207, -0.16177058219909668, 4.174747467041016, 2.6369659900665283, 1.4151537418365479, 0.8287352919578552], "params": [7.774940490722656, 0.25, 1.0, 8.673036575317383, -4.40662956237793, -3.8876123428344727, 9.332611083984375]}