{"x": [0, 1, 2, 3, 4, 5], "y": [4.686298370361328, 0.6968022584915161, 4.604661464691162, 4.961344242095947, 4.398204326629639, 3.7441611289978027], "params": [8.269118309020996, 0.25, 1.0, 8.496247291564941, -3.7853503227233887, 0.9562176465988159, 7.115084648132324]}