{"x": [0, 1, 2, 3, 4, 5], "y": [3.804133892059326, 0.13897138833999634, 3.3853302001953125, 0.72706139087677, 3.696554183959961, 0.37081024050712585], "params": [6.271345138549805, 0.25, 1.0, 7.330325126647949]}