{"x": [0, 1, 2, 3, 4, 5], "y": [5.618843078613281, 0.728752076625824, 5.004998683929443, 2.0350613594055176, 1.6260508298873901, 1.2171871662139893], "params": [9.986899375915527, 0.25, 1.0, 11.26166820526123, -3.5335988998413086, -4.6480278968811035, 6.593237400054932]}