{"x": [0, 1, 2, 3, 4, 5], "y": [5.910207748413086, 0.07896143198013306, 5.715144157409668, 3.2288899421691895, 2.8867695331573486, 3.0601344108581543], "params": [10.766268730163574, 0.25, 1.0, 11.694053649902344, -1.6661207675933838, -2.9115753173828125, 3.2842774391174316]}