{"x": [0, 1, 2, 3, 4, 5], "y": [7.387101173400879, 1.8172715902328491, 7.322082042694092, 4.654819965362549, 3.7945826053619385, 3.219949960708618], "params": [11.256914138793945, 0.25, 1.0, 12.527938842773438, -3.18273663520813, 0.2472442388534546, 6.549688816070557]}