{"x": [0, 1, 2, 3, 4, 5], "y": [8.605517387390137, 2.1160340309143066, 8.699139595031738, 2.8482584953308105, 2.6143064498901367, 3.3412833213806152], "params": [13.225295066833496, 0.25, 1.0, 13.974142074584961, 0.28337568044662476, -4.1464924812316895, 1.453953742980957]}