{"x": [0, 1, 2, 3, 4, 5], "y": [2.8748953342437744, 0.4684123396873474, 3.0503931045532227, -0.013014480471611023, 3.6607227325439453, 0.2345203459262848], "params": [6.1653242111206055, 0.25, 1.0, 7.347474575042725]}