{"x": [0, 1, 2, 3, 4, 5], "y": [4.3854498863220215, -0.011450082063674927, 4.477139472961426, 6.887969017028809, 6.559779167175293, 6.1377854347229], "params": [7.684542655944824, 0.25, 1.0, 8.977179527282715, -1.8167941570281982, 3.8962297439575195, 3.553502082824707]}