{"x": [0, 1, 2, 3, 4, 5], "y": [4.074814319610596, 0.5170531868934631, 4.601879119873047, 5.033694744110107, 4.77755069732666, 4.946631908416748], "params": [7.693148612976074, 0.25, 1.0, 8.169651985168457, -0.47412288188934326, 0.03681004047393799, 0.5714015960693359]}