{"x": [0, 1, 2, 3, 4, 5], "y": [7.105921268463135, 0.2670649290084839, 6.8638739585876465, 0.27832484245300293, 6.651177406311035, 0.34017515182495117], "params": [12.606453895568848, 0.25, 1.0, 13.677712440490723]}