{"x": [0, 1, 2, 3, 4, 5], "y": [7.680733680725098, 0.41434723138809204, 7.348567962646484, 0.4829963147640228, 7.412855625152588, 0.70169997215271], "params": [13.4976806640625, 0.25, 1.0, 14.5327730178833]}