{"x": [0, 1, 2, 3, 4, 5], "y": [6.385672092437744, 0.8795259594917297, 6.063304424285889, 3.298105478286743, 2.4383692741394043, 2.0305402278900146], "params": [9.34427547454834, 0.25, 1.0, 11.01229190826416, -3.607090950012207, -2.0117640495300293, 6.988180637359619]}