{"x": [0, 1, 2, 3, 4, 5], "y": [3.576266050338745, 0.5434067845344543, 3.5741465091705322, 0.8458951711654663, 3.356235980987549, 0.8902085423469543], "params": [5.258096694946289, 0.25, 1.0, 6.065718650817871]}