{"x": [0, 1, 2, 3, 4, 5], "y": [7.203614234924316, 0.5915201306343079, 7.147060394287109, 3.163632869720459, 2.505136013031006, 1.416545033454895], "params": [13.599563598632812, 0.25, 1.0, 13.974183082580566, -3.6284377574920654, -2.851912498474121, 8.085736274719238]}