{"x": [0, 1, 2, 3, 4, 5], "y": [6.102416515350342, 0.4318181872367859, 5.857189178466797, 0.15446113049983978, 5.814910411834717, 0.473666787147522], "params": [11.433554649353027, 0.25, 1.0, 11.89591121673584]}