{"x": [0, 1, 2, 3, 4, 5], "y": [7.955211639404297, 0.9625524878501892, 7.995367050170898, 0.8902276754379272, 8.290129661560059, 0.5582025051116943], "params": [14.310173034667969, 0.25, 1.0, 15.46385383605957]}