{"x": [0, 1, 2, 3, 4, 5], "y": [3.979825019836426, 0.1643204391002655, 4.004295825958252, 0.3835042715072632, 3.733548164367676, 0.5257954597473145], "params": [6.980749130249023, 0.25, 1.0, 7.679950714111328]}