{"x": [0, 1, 2, 3, 4, 5], "y": [5.618843078613281, 0.728752076625824, 5.004998683929443, -0.0028359293937683105, 5.627998352050781, 0.0124397873878479], "params": [9.986899375915527, 0.25, 1.0, 11.26166820526123]}