{"x": [0, 1, 2, 3, 4, 5], "y": [7.914882183074951, 1.3974180221557617, 7.859090805053711, 3.5224742889404297, 3.702537775039673, 3.03326416015625], "params": [12.264966011047363, 0.25, 1.0, 13.051406860351562, -1.358264446258545, -2.5539255142211914, 2.5859270095825195]}