{"x": [0, 1, 2, 3, 4, 5], "y": [5.0595574378967285, 0.6650576591491699, 5.365906238555908, 0.2838548421859741, 5.76824951171875, 0.3750424385070801], "params": [9.69131851196289, 0.25, 1.0, 10.968789100646973]}