{"x": [0, 1, 2, 3, 4, 5], "y": [6.985162258148193, 1.6568317413330078, 6.558991432189941, 7.38629674911499, 6.0605621337890625, 5.829817295074463], "params": [10.042458534240723, 0.25, 1.0, 11.186173439025879, -2.7652416229248047, 4.483354091644287, 6.20949649810791]}