{"x": [0, 1, 2, 3, 4, 5], "y": [4.709070682525635, 0.24731524288654327, 5.1044087409973145, 3.053373336791992, 2.0553789138793945, 1.8200899362564087], "params": [8.314435958862305, 0.25, 1.0, 9.989692687988281, -1.9531512260437012, -4.41146183013916, 3.870638132095337]}