{"x": [0, 1, 2, 3, 4, 5], "y": [3.7195115089416504, 0.37794017791748047, 3.513622522354126, 0.05646929144859314, 3.8479394912719727, 0.8463037014007568], "params": [5.949092864990234, 0.25, 1.0, 7.582940578460693]}