{"x": [0, 1, 2, 3, 4, 5], "y": [8.657318115234375, 1.068870186805725, 8.586289405822754, 1.4406065940856934, 8.546842575073242, 1.5087909698486328], "params": [14.336615562438965, 0.25, 1.0, 15.176896095275879]}