{"x": [0, 1, 2, 3, 4, 5], "y": [7.0107293128967285, 1.5446157455444336, 6.8560004234313965, 1.7181013822555542, 6.97049617767334, 1.5975066423416138], "params": [10.325313568115234, 0.25, 1.0, 10.93222713470459]}