{"x": [0, 1, 2, 3, 4, 5], "y": [5.389070987701416, 1.4887452125549316, 5.349346160888672, 1.436960220336914, 5.370271682739258, 1.1766313314437866], "params": [8.479228019714355, 0.25, 1.0, 8.42487907409668]}