{"x": [0, 1, 2, 3, 4, 5], "y": [4.81240177154541, 1.5647263526916504, 4.753008842468262, 5.675267219543457, 4.594156265258789, 3.8235092163085938], "params": [7.802068710327148, 0.25, 1.0, 8.484330177307129, -3.5597028732299805, 2.0209617614746094, 7.855195045471191]}