{"x": [0, 1, 2, 3, 4, 5], "y": [4.933084487915039, 0.34867531061172485, 4.362288475036621, 4.743411540985107, 4.036627769470215, 3.1793415546417236], "params": [8.774822235107422, 0.25, 1.0, 9.28579330444336, -3.6836659908294678, 0.24892747402191162, 6.850870609283447]}