{"x": [0, 1, 2, 3, 4, 5], "y": [6.385957717895508, 0.28878629207611084, 6.35113525390625, 6.441685199737549, 6.390839576721191, 5.504939079284668], "params": [12.650373458862305, 0.25, 1.0, 12.709242820739746, -2.9001660346984863, 4.3685808181762695, 6.001932144165039]}