{"x": [0, 1, 2, 3, 4, 5], "y": [7.9502034187316895, 2.1219067573547363, 8.039008140563965, 7.408885478973389, 6.430603504180908, 7.028425216674805], "params": [12.526534080505371, 0.25, 1.0, 12.779720306396484, 0.4153488278388977, 3.5145740509033203, 1.956563949584961]}