{"x": [0, 1, 2, 3, 4, 5], "y": [5.0864362716674805, 1.3194994926452637, 5.336921691894531, 1.3223077058792114, 4.88083028793335, 1.0766254663467407], "params": [7.9711432456970215, 0.25, 1.0, 8.52059268951416]}