{"x": [0, 1, 2, 3, 4, 5], "y": [4.057530403137207, -0.16177058219909668, 4.174747467041016, 0.3962882459163666, 4.089781284332275, 0.15690571069717407], "params": [7.774940490722656, 0.25, 1.0, 8.673036575317383]}