{"x": [0, 1, 2, 3, 4, 5], "y": [5.665933132171631, 1.2601234912872314, 5.4160847663879395, 3.348715305328369, 2.968897819519043, 2.2894656658172607], "params": [9.420681953430176, 0.25, 1.0, 10.790184020996094, -4.040121555328369, -1.7271262407302856, 8.56559944152832]}