{"x": [0, 1, 2, 3, 4, 5], "y": [4.560359001159668, 0.7859594821929932, 3.9108922481536865, 4.335325241088867, 3.776909828186035, 3.168583631515503], "params": [8.134928703308105, 0.25, 1.0, 8.685556411743164, -2.702018976211548, -0.5136013031005859, 5.760434627532959]}