{"x": [0, 1, 2, 3, 4, 5], "y": [6.556122779846191, 0.22486981749534607, 6.7034711837768555, 0.6605400443077087, 7.0672807693481445, 0.33470943570137024], "params": [12.193653106689453, 0.25, 1.0, 13.684822082519531]}