{"x": [0, 1, 2, 3, 4, 5], "y": [5.633181571960449, 0.8934534788131714, 5.74810266494751, 1.245365858078003, 5.840256690979004, 0.8674464225769043], "params": [9.674291610717773, 0.25, 1.0, 9.9456205368042]}