{"x": [0, 1, 2, 3, 4, 5], "y": [7.849459648132324, 1.7433322668075562, 7.800046920776367, 7.085521697998047, 6.363100051879883, 5.676230430603027], "params": [11.950401306152344, 0.25, 1.0, 12.37948989868164, -3.2268664836883545, 4.604570388793945, 6.622150421142578]}