{"x": [0, 1, 2, 3, 4, 5], "y": [8.236104011535645, 1.5506300926208496, 8.270663261413574, 1.792622447013855, 8.040964126586914, 1.8680163621902466], "params": [12.177774429321289, 0.25, 1.0, 13.44006633758545]}