{"x": [0, 1, 2, 3, 4, 5], "y": [7.673322677612305, 2.0347795486450195, 7.931307792663574, 7.041672229766846, 6.9143805503845215, 6.977436065673828], "params": [12.548974990844727, 0.25, 1.0, 13.077864646911621, 0.6128633618354797, 3.2650673389434814, 1.679396629333496]}