{"x": [0, 1, 2, 3, 4, 5], "y": [5.300173282623291, 1.025197148323059, 5.334113121032715, 6.745760917663574, 6.114933013916016, 5.275559425354004], "params": [8.673632621765137, 0.25, 1.0, 8.61783218383789, -3.5112826824188232, 4.409205436706543, 7.650247573852539]}