{"x": [0, 1, 2, 3, 4, 5], "y": [7.654747486114502, 1.4332081079483032, 7.519994735717773, 4.205329895019531, 3.612962245941162, 2.9149961471557617], "params": [12.096046447753906, 0.25, 1.0, 12.503946304321289, -3.834601879119873, -0.05189836025238037, 6.980344772338867]}