{"x": [0, 1, 2, 3, 4, 5], "y": [3.021958589553833, -0.2835139036178589, 2.74340558052063, 4.91328239440918, 4.2764973640441895, 3.445096254348755], "params": [5.545773983001709, 0.25, 1.0, 6.610944747924805, -3.682370901107788, 0.3770822286605835, 7.232823848724365]}