{"x": [0, 1, 2, 3, 4, 5], "y": [6.764399528503418, 0.9286491870880127, 6.536253929138184, 6.923374652862549, 6.6433329582214355, 5.897223472595215], "params": [11.411508560180664, 0.25, 1.0, 12.462141990661621, -2.6888279914855957, 3.7950360774993896, 4.993740081787109]}