{"x": [0, 1, 2, 3, 4, 5], "y": [3.820951461791992, 0.9713460803031921, 4.572622299194336, 0.9696332812309265, 3.92297101020813, 1.1052403450012207], "params": [6.261166572570801, 0.25, 1.0, 7.205977916717529]}