{"x": [0, 1, 2, 3, 4, 5], "y": [7.849459648132324, 1.7433322668075562, 7.800046920776367, 1.8588008880615234, 7.864880561828613, 1.6751353740692139], "params": [11.950401306152344, 0.25, 1.0, 12.37948989868164]}