{"x": [0, 1, 2, 3, 4, 5], "y": [7.673322677612305, 2.0347795486450195, 7.931307792663574, 1.8244962692260742, 8.184189796447754, 1.645257592201233], "params": [12.548974990844727, 0.25, 1.0, 13.077864646911621]}