{"x": [0, 1, 2, 3, 4, 5], "y": [5.053273677825928, 1.0466806888580322, 4.926714897155762, 7.2952680587768555, 7.209901809692383, 7.488581657409668], "params": [7.49442195892334, 0.25, 1.0, 8.263947486877441, 1.2669800519943237, 4.007973670959473, 1.917353630065918]}