{"x": [0, 1, 2, 3, 4, 5], "y": [7.680733680725098, 0.41434723138809204, 7.348567962646484, 2.718498945236206, 2.504991292953491, 2.509921073913574], "params": [13.4976806640625, 0.25, 1.0, 14.5327730178833, -0.095070481300354, -4.785702705383301, 1.0156445503234863]}