{"x": [0, 1, 2, 3, 4, 5], "y": [7.526912689208984, 1.83033287525177, 7.304887771606445, 1.278479814529419, 7.0754265785217285, 1.868274450302124], "params": [10.928993225097656, 0.25, 1.0, 12.496866226196289]}