{"x": [0, 1, 2, 3, 4, 5], "y": [5.0770673751831055, 0.09445054084062576, 4.6764936447143555, 2.223041534423828, 2.67496395111084, 2.349323272705078], "params": [9.571332931518555, 0.25, 1.0, 9.983174324035645, -1.427911400794983, -4.570451259613037, 1.6103339195251465]}