{"x": [0, 1, 2, 3, 4, 5], "y": [5.395450115203857, 0.6720640659332275, 6.19794225692749, 0.4036184251308441, 5.913998603820801, 0.7602528929710388], "params": [11.011590003967285, 0.25, 1.0, 11.588647842407227]}