{"x": [0, 1, 2, 3, 4, 5], "y": [5.80474328994751, 0.30246880650520325, 5.668984889984131, 4.564274311065674, 3.2161865234375, 2.330711841583252], "params": [10.799232482910156, 0.25, 1.0, 11.73687744140625, -4.004246711730957, -0.9486985206604004, 8.217415809631348]}