{"x": [0, 1, 2, 3, 4, 5], "y": [3.5339150428771973, 0.10561808943748474, 2.9589192867279053, 4.562252998352051, 4.975970268249512, 5.099886894226074], "params": [5.7102556228637695, 0.25, 1.0, 6.856594085693359, 0.8609297871589661, -0.5561709403991699, 2.4365992546081543]}