{"x": [0, 1, 2, 3, 4, 5], "y": [4.293829441070557, 0.43972575664520264, 4.0770087242126465, 7.44840145111084, 7.547512054443359, 7.385547637939453], "params": [8.060275077819824, 0.25, 1.0, 7.80644416809082, 0.8016811013221741, 4.604702949523926, 1.6897602081298828]}