{"x": [0, 1, 2, 3, 4, 5], "y": [6.755646705627441, 0.3705931305885315, 7.0286865234375, 0.3388575315475464, 7.062921047210693, 0.677358090877533], "params": [12.607791900634766, 0.25, 1.0, 13.448126792907715]}