{"x": [0, 1, 2, 3, 4, 5], "y": [4.773804187774658, 0.4820227324962616, 4.470800399780273, 2.6628267765045166, 1.8718130588531494, 1.060120940208435], "params": [7.958765983581543, 0.25, 1.0, 8.583562850952148, -3.332007884979248, -4.304920196533203, 6.454471588134766]}