{"x": [0, 1, 2, 3, 4, 5], "y": [6.814105987548828, 1.4134714603424072, 6.600870132446289, 6.0011186599731445, 6.143923282623291, 6.209071636199951], "params": [10.44174575805664, 0.25, 1.0, 11.338787078857422, 0.8246852159500122, 1.9378095865249634, 1.5070180892944336]}