{"x": [0, 1, 2, 3, 4, 5], "y": [9.29284954071045, 1.9034042358398438, 8.911376953125, 1.8244720697402954, 9.268875122070312, 1.8682814836502075], "params": [14.903441429138184, 0.25, 1.0, 14.936755180358887]}