{"x": [0, 1, 2, 3, 4, 5], "y": [3.7970778942108154, 0.5285094976425171, 3.627220392227173, 0.8120483756065369, 3.761977195739746, 1.127079725265503], "params": [5.816515922546387, 0.25, 1.0, 6.537137031555176]}