{"x": [0, 1, 2, 3, 4, 5], "y": [8.236104011535645, 1.5506300926208496, 8.270663261413574, 7.279648303985596, 6.495934009552002, 6.230528831481934], "params": [12.177774429321289, 0.25, 1.0, 13.44006633758545, -1.9280877113342285, 4.475471496582031, 3.453627586364746]}