{"x": [0, 1, 2, 3, 4, 5], "y": [3.021958589553833, -0.2835139036178589, 2.74340558052063, 0.1840086579322815, 2.7912356853485107, 0.3007834553718567], "params": [5.545773983001709, 0.25, 1.0, 6.610944747924805]}