{"x": [0, 1, 2, 3, 4, 5], "y": [7.585165023803711, 0.7120318412780762, 7.605775356292725, 5.391976356506348, 5.488924026489258, 5.9679179191589355], "params": [13.814164161682129, 0.25, 1.0, 13.787487030029297, 0.17967087030410767, 0.95267653465271, 1.4094619750976562]}