{"x": [0, 1, 2, 3, 4, 5], "y": [7.654747486114502, 1.4332081079483032, 7.519994735717773, 1.4027745723724365, 7.376650333404541, 1.4284435510635376], "params": [12.096046447753906, 0.25, 1.0, 12.503946304321289]}