{"x": [0, 1, 2, 3, 4, 5], "y": [3.556746244430542, 0.84276282787323, 2.99945330619812, 0.6355853080749512, 3.5686964988708496, 0.6822644472122192], "params": [5.429128646850586, 0.25, 1.0, 5.866222381591797]}