{"x": [0, 1, 2, 3, 4, 5], "y": [4.9743428230285645, 0.9065213203430176, 5.263401985168457, 1.2287064790725708, 4.388823509216309, 1.157099962234497], "params": [7.365551948547363, 0.25, 1.0, 8.713761329650879]}