{"x": [0, 1, 2, 3, 4, 5], "y": [3.5667595863342285, 1.1850489377975464, 2.9645705223083496, 0.6108322739601135, 3.1281678676605225, 0.6532443761825562], "params": [5.453598499298096, 0.25, 1.0, 5.9118547439575195]}