{"x": [0, 1, 2, 3, 4, 5], "y": [8.69571590423584, 1.1676750183105469, 9.26988410949707, 1.7843434810638428, 8.71737003326416, 1.4808810949325562], "params": [14.945466041564941, 0.25, 1.0, 16.204418182373047]}