{"x": [0, 1, 2, 3, 4, 5], "y": [5.172050952911377, 0.8922065496444702, 4.835546493530273, 7.548757076263428, 7.425014495849609, 7.1973652839660645], "params": [7.693329811096191, 0.25, 1.0, 9.600505828857422, 0.35292208194732666, 4.152061939239502, 1.4262800216674805]}