{"x": [0, 1, 2, 3, 4, 5], "y": [4.773804187774658, 0.4820227324962616, 4.470800399780273, 0.5367019176483154, 4.263695240020752, 0.6631512641906738], "params": [7.958765983581543, 0.25, 1.0, 8.583562850952148]}