{"x": [0, 1, 2, 3, 4, 5], "y": [6.346528053283691, 0.7748854756355286, 6.2403998374938965, 6.143089294433594, 5.008456707000732, 4.709740161895752], "params": [11.156105041503906, 0.25, 1.0, 11.86956787109375, -2.534541368484497, 2.3112094402313232, 4.857338905334473]}