{"x": [0, 1, 2, 3, 4, 5], "y": [5.192541122436523, 0.2971394658088684, 4.7494587898254395, 0.1549164056777954, 4.607376575469971, 0.3405498266220093], "params": [9.28797721862793, 0.25, 1.0, 10.075249671936035]}