{"x": [0, 1, 2, 3, 4, 5], "y": [6.077996253967285, 1.4102451801300049, 5.874020099639893, 1.319064736366272, 6.265815734863281, 1.519656777381897], "params": [9.436321258544922, 0.25, 1.0, 9.893502235412598]}