{"x": [0, 1, 2, 3, 4, 5], "y": [4.198293209075928, 0.2695320248603821, 4.341503143310547, 5.4886250495910645, 5.310667514801025, 6.039912700653076], "params": [7.526826858520508, 0.25, 1.0, 8.143941879272461, 0.9954509735107422, 0.4438638687133789, 2.5805749893188477]}