{"x": [0, 1, 2, 3, 4, 5], "y": [9.372446060180664, 2.1602442264556885, 8.887887954711914, 6.148210525512695, 6.220947742462158, 5.2526397705078125], "params": [14.259340286254883, 0.25, 1.0, 16.024761199951172, -2.2604856491088867, 3.316324234008789, 5.52808952331543]}