{"x": [0, 1, 2, 3, 4, 5], "y": [8.050777435302734, 0.6188437938690186, 7.9095563888549805, 2.411829948425293, 1.731217622756958, 0.6994008421897888], "params": [14.553889274597168, 0.25, 1.0, 15.272315979003906, -4.26429557800293, -4.060563087463379, 8.615195274353027]}