{"x": [0, 1, 2, 3, 4, 5], "y": [4.198293209075928, 0.2695320248603821, 4.341503143310547, 0.39002013206481934, 4.23176383972168, 0.7976548671722412], "params": [7.526826858520508, 0.25, 1.0, 8.143941879272461]}