{"x": [0, 1, 2, 3, 4, 5], "y": [5.395450115203857, 0.6720640659332275, 6.19794225692749, 3.222642183303833, 2.6113460063934326, 1.920007348060608], "params": [11.011590003967285, 0.25, 1.0, 11.588647842407227, -2.154038190841675, -3.7141263484954834, 5.198957443237305]}