{"x": [0, 1, 2, 3, 4, 5], "y": [3.641655683517456, 0.24366378784179688, 3.426642417907715, 3.172311305999756, 2.658328056335449, 1.5169581174850464], "params": [6.751255035400391, 0.25, 1.0, 7.357921123504639, -4.400827407836914, -2.5026960372924805, 8.174471855163574]}