{"x": [0, 1, 2, 3, 4, 5], "y": [3.7195115089416504, 0.37794017791748047, 3.513622522354126, 3.391629219055176, 2.4937617778778076, 3.0049102306365967], "params": [5.949092864990234, 0.25, 1.0, 7.582940578460693, -0.11370491981506348, -4.292774200439453, 1.7957348823547363]}