{"x": [0, 1, 2, 3, 4, 5], "y": [8.287768363952637, 1.7959082126617432, 8.648810386657715, 4.573482036590576, 4.331067085266113, 3.5679540634155273], "params": [13.012455940246582, 0.25, 1.0, 13.826677322387695, -0.7278966307640076, -1.0031646490097046, 2.8834228515625]}