{"x": [0, 1, 2, 3, 4, 5], "y": [7.585165023803711, 0.7120318412780762, 7.605775356292725, 1.465444803237915, 7.436537742614746, 0.892220139503479], "params": [13.814164161682129, 0.25, 1.0, 13.787487030029297]}