{"x": [0, 1, 2, 3, 4, 5], "y": [6.873912334442139, 0.6495984196662903, 6.947552680969238, 0.7914978265762329, 6.732145309448242, 0.6460960507392883], "params": [12.570804595947266, 0.25, 1.0, 12.602912902832031]}