{"x": [0, 1, 2, 3, 4, 5], "y": [6.243725776672363, 1.7866500616073608, 6.580790996551514, 0.9476052522659302, 6.6531829833984375, 1.5479239225387573], "params": [10.038982391357422, 0.25, 1.0, 11.411155700683594]}