{"x": [0, 1, 2, 3, 4, 5], "y": [6.385957717895508, 0.28878629207611084, 6.35113525390625, 0.4915786385536194, 6.456328868865967, 0.10170736908912659], "params": [12.650373458862305, 0.25, 1.0, 12.709242820739746]}