{"x": [0, 1, 2, 3, 4, 5], "y": [7.689635753631592, 1.1369011402130127, 8.190549850463867, 1.4793000221252441, 7.930395126342773, 1.5753037929534912], "params": [13.20274543762207, 0.25, 1.0, 14.107297897338867]}