{"x": [0, 1, 2, 3, 4, 5], "y": [9.385374069213867, 2.150074005126953, 9.421685218811035, 7.300330638885498, 6.5274434089660645, 5.548380374908447], "params": [14.293655395507812, 0.25, 1.0, 15.80560302734375, -3.848644733428955, 4.673651695251465, 7.747672080993652]}