{"x": [0, 1, 2, 3, 4, 5], "y": [3.804133892059326, 0.13897138833999634, 3.3853302001953125, 3.633204221725464, 3.017591953277588, 1.709187626838684], "params": [6.271345138549805, 0.25, 1.0, 7.330325126647949, -4.50529146194458, -1.6903644800186157, 9.538944244384766]}