{"x": [0, 1, 2, 3, 4, 5], "y": [5.389070987701416, 1.4887452125549316, 5.349346160888672, 7.020069599151611, 6.557614803314209, 6.720036506652832], "params": [8.479228019714355, 0.25, 1.0, 8.42487907409668, -1.4362380504608154, 4.130281925201416, 2.928647041320801]}