{"x": [0, 1, 2, 3, 4, 5], "y": [4.126014232635498, -0.061089228838682175, 4.537745952606201, -0.08322559297084808, 4.199942588806152, 0.24502123892307281], "params": [8.348492622375488, 0.25, 1.0, 9.241943359375]}