{"x": [0, 1, 2, 3, 4, 5], "y": [7.589048862457275, 1.312756896018982, 7.394578456878662, 0.8805140256881714, 7.004525661468506, 0.7867013216018677], "params": [12.50460433959961, 0.25, 1.0, 13.604695320129395]}