{"x": [0, 1, 2, 3, 4, 5], "y": [6.090386867523193, 1.0785220861434937, 5.6992621421813965, 6.539325714111328, 6.590240478515625, 6.818573474884033], "params": [10.409561157226562, 0.25, 1.0, 10.623980522155762, -0.31128454208374023, 4.158576011657715, 1.6827754974365234]}