{"x": [0, 1, 2, 3, 4, 5], "y": [5.053273677825928, 1.0466806888580322, 4.926714897155762, 0.9213001132011414, 4.671732425689697, 1.0939213037490845], "params": [7.49442195892334, 0.25, 1.0, 8.263947486877441]}