{"x": [0, 1, 2, 3, 4, 5], "y": [5.041173934936523, 0.8544033765792847, 4.6075568199157715, 2.7062065601348877, 2.044351100921631, 1.6455857753753662], "params": [7.874356269836426, 0.25, 1.0, 8.373540878295898, -3.644629716873169, -3.2900655269622803, 7.238365650177002]}