{"x": [0, 1, 2, 3, 4, 5], "y": [8.657318115234375, 1.068870186805725, 8.586289405822754, 5.5492753982543945, 5.43991756439209, 5.971736907958984], "params": [14.336615562438965, 0.25, 1.0, 15.176896095275879, 0.5607188940048218, 0.9948575496673584, 1.573176383972168]}