{"x": [0, 1, 2, 3, 4, 5], "y": [4.686298370361328, 0.6968022584915161, 4.604661464691162, 0.4587681293487549, 4.673739433288574, 0.4381747841835022], "params": [8.269118309020996, 0.25, 1.0, 8.496247291564941]}