{"x": [0, 1, 2, 3, 4, 5], "y": [7.105921268463135, 0.2670649290084839, 6.8638739585876465, 5.113450050354004, 4.960038185119629, 4.555800914764404], "params": [12.606453895568848, 0.25, 1.0, 13.677712440490723, -2.3712103366851807, 1.2672805786132812, 4.959641456604004]}