{"x": [0, 1, 2, 3, 4, 5], "y": [7.387101173400879, 1.8172715902328491, 7.322082042694092, 1.581126093864441, 6.948025226593018, 1.1231316328048706], "params": [11.256914138793945, 0.25, 1.0, 12.527938842773438]}