{"x": [0, 1, 2, 3, 4, 5], "y": [3.820951461791992, 0.9713460803031921, 4.572622299194336, 3.8845772743225098, 3.5808663368225098, 3.272097587585449], "params": [6.261166572570801, 0.25, 1.0, 7.205977916717529, -1.9248549938201904, -1.3900375366210938, 3.8686647415161133]}