{"x": [0, 1, 2, 3, 4, 5], "y": [5.665933132171631, 1.2601234912872314, 5.4160847663879395, 0.5543354749679565, 5.949427604675293, 0.8720895051956177], "params": [9.420681953430176, 0.25, 1.0, 10.790184020996094]}