{"x": [0, 1, 2, 3, 4, 5], "y": [7.0107293128967285, 1.5446157455444336, 6.8560004234313965, 7.407995700836182, 8.111644744873047, 7.797595977783203], "params": [10.325313568115234, 0.25, 1.0, 10.93222713470459, 1.5195879936218262, 4.206254959106445, 4.092209815979004]}