{"x": [0, 1, 2, 3, 4, 5], "y": [6.069104194641113, 0.6772042512893677, 5.678786754608154, 4.313157081604004, 4.064245700836182, 3.5144853591918945], "params": [11.724465370178223, 0.25, 1.0, 12.200054168701172, -1.2103593349456787, -1.4489591121673584, 3.1209936141967773]}