{"x": [0, 1, 2, 3, 4, 5], "y": [4.709070682525635, 0.24731524288654327, 5.1044087409973145, 0.390409380197525, 4.765225410461426, 0.10956236720085144], "params": [8.314435958862305, 0.25, 1.0, 9.989692687988281]}