{"x": [0, 1, 2, 3, 4, 5], "y": [6.243725776672363, 1.7866500616073608, 6.580790996551514, 4.477952480316162, 3.9091432094573975, 3.0480289459228516], "params": [10.038982391357422, 0.25, 1.0, 11.411155700683594, -3.645620822906494, 0.016747713088989258, 7.607545852661133]}