{"x": [0, 1, 2, 3, 4, 5], "y": [5.910207748413086, 0.07896143198013306, 5.715144157409668, 0.06318098306655884, 5.553051948547363, 0.31118497252464294], "params": [10.766268730163574, 0.25, 1.0, 11.694053649902344]}