{"x": [0, 1, 2, 3, 4, 5], "y": [8.605517387390137, 2.1160340309143066, 8.699139595031738, 1.7944786548614502, 8.781549453735352, 2.071560859680176], "params": [13.225295066833496, 0.25, 1.0, 13.974142074584961]}