{"x": [0, 1, 2, 3, 4, 5], "y": [7.955211639404297, 0.9625524878501892, 7.995367050170898, 4.643442153930664, 3.364361047744751, 2.9259378910064697], "params": [14.310173034667969, 0.25, 1.0, 15.46385383605957, -4.405672073364258, 0.24996042251586914, 9.190916061401367]}