{"x": [0, 1, 2, 3, 4, 5], "y": [6.346528053283691, 0.7748854756355286, 6.2403998374938965, 0.9919652938842773, 6.394792556762695, 0.4600086510181427], "params": [11.156105041503906, 0.25, 1.0, 11.86956787109375]}