{"x": [0, 1, 2, 3, 4, 5], "y": [3.556746244430542, 0.84276282787323, 2.99945330619812, 6.559931755065918, 5.893227577209473, 5.517537593841553], "params": [5.429128646850586, 0.25, 1.0, 5.866222381591797, -3.335819721221924, 3.613095760345459, 6.135586738586426]}