{"x": [0, 1, 2, 3, 4, 5], "y": [9.29284954071045, 1.9034042358398438, 8.911376953125, 4.168391704559326, 4.229701042175293, 4.375950813293457], "params": [14.903441429138184, 0.25, 1.0, 14.936755180358887, -1.779567003250122, 0.19706487655639648, 3.709444046020508]}