{"x": [0, 1, 2, 3, 4, 5], "y": [7.203614234924316, 0.5915201306343079, 7.147060394287109, 0.37522265315055847, 7.362314224243164, 1.0794627666473389], "params": [13.599563598632812, 0.25, 1.0, 13.974183082580566]}