{"x": [0, 1, 2, 3, 4, 5], "y": [5.384456157684326, 0.943352222442627, 4.935765743255615, 3.1792895793914795, 2.014089345932007, 1.3805643320083618], "params": [8.460436820983887, 0.25, 1.0, 9.304447174072266, -4.048249244689941, -2.8209991455078125, 8.701150894165039]}