{"x": [0, 1, 2, 3, 4, 5], "y": [5.192541122436523, 0.2971394658088684, 4.7494587898254395, 3.63624906539917, 4.363854885101318, 4.5345869064331055], "params": [9.28797721862793, 0.25, 1.0, 10.075249671936035, 1.9953078031539917, -2.737560749053955, 3.1410903930664062]}