{"x": [0, 1, 2, 3, 4, 5], "y": [6.5328593254089355, 0.15625903010368347, 6.379070281982422, 0.09294584393501282, 6.468467712402344, 0.6056396961212158], "params": [12.258111000061035, 0.25, 1.0, 12.879826545715332]}