{"x": [0, 1, 2, 3, 4, 5], "y": [3.1932666301727295, 0.43061718344688416, 3.422830581665039, 0.44606250524520874, 3.4958529472351074, 0.41502654552459717], "params": [6.1617655754089355, 0.25, 1.0, 6.161652565002441]}