{"x": [0, 1, 2, 3, 4, 5], "y": [3.5339150428771973, 0.10561808943748474, 2.9589192867279053, 0.5811491012573242, 3.352059841156006, 0.394697904586792], "params": [5.7102556228637695, 0.25, 1.0, 6.856594085693359]}