{"x": [0, 1, 2, 3, 4, 5], "y": [5.288683891296387, 0.4792715311050415, 4.854212760925293, 0.0531570166349411, 5.446896553039551, -0.037752941250801086], "params": [10.042335510253906, 0.25, 1.0, 10.96929931640625]}