{"x": [0, 1, 2, 3, 4, 5], "y": [4.585897445678711, 0.8963505029678345, 4.282978057861328, 6.548222541809082, 6.588011264801025, 6.790675163269043], "params": [6.864823818206787, 0.25, 1.0, 7.767662048339844, 0.9791914224624634, 3.0358963012695312, 1.3262100219726562]}