{"x": [0, 1, 2, 3, 4, 5], "y": [5.547212600708008, 1.2767690420150757, 5.517975807189941, 5.609457492828369, 4.314332008361816, 3.9474034309387207], "params": [9.088174819946289, 0.25, 1.0, 10.059886932373047, -4.6262311935424805, 1.3383245468139648, 7.302987098693848]}