{"x": [0, 1, 2, 3, 4, 5], "y": [4.81240177154541, 1.5647263526916504, 4.753008842468262, 1.3002794981002808, 5.342803478240967, 1.1006383895874023], "params": [7.802068710327148, 0.25, 1.0, 8.484330177307129]}