{"x": [0, 1, 2, 3, 4, 5], "y": [5.0864362716674805, 1.3194994926452637, 5.336921691894531, 2.9426369667053223, 3.2028775215148926, 3.759993314743042], "params": [7.9711432456970215, 0.25, 1.0, 8.52059268951416, 1.3444743156433105, -4.773740768432617, 3.9318017959594727]}