{"x": [0, 1, 2, 3, 4, 5], "y": [9.385374069213867, 2.150074005126953, 9.421685218811035, 1.5188838243484497, 8.829673767089844, 1.8994359970092773], "params": [14.293655395507812, 0.25, 1.0, 15.80560302734375]}