{"x": [0, 1, 2, 3, 4, 5], "y": [5.547212600708008, 1.2767690420150757, 5.517975807189941, 0.8964836001396179, 5.811132907867432, 0.7811896800994873], "params": [9.088174819946289, 0.25, 1.0, 10.059886932373047]}