{"x": [0, 1, 2, 3, 4, 5], "y": [8.287768363952637, 1.7959082126617432, 8.648810386657715, 2.0209219455718994, 8.709246635437012, 2.1668050289154053], "params": [13.012455940246582, 0.25, 1.0, 13.826677322387695]}