{"x": [0, 1, 2, 3, 4, 5], "y": [2.8748953342437744, 0.4684123396873474, 3.0503931045532227, 2.9384663105010986, 2.597261905670166, 2.741964817047119], "params": [6.1653242111206055, 0.25, 1.0, 7.347474575042725, -1.7589311599731445, -3.057183027267456, 3.383547782897949]}