{"x": [0, 1, 2, 3, 4, 5], "y": [8.69571590423584, 1.1676750183105469, 9.26988410949707, 5.965410232543945, 5.464666366577148, 4.271035194396973], "params": [14.945466041564941, 0.25, 1.0, 16.204418182373047, -4.5705060958862305, 3.268846273422241, 9.021505355834961]}