{"x": [0, 1, 2, 3, 4, 5], "y": [5.384456157684326, 0.943352222442627, 4.935765743255615, 0.9606712460517883, 5.315091609954834, 0.7322325706481934], "params": [8.460436820983887, 0.25, 1.0, 9.304447174072266]}