{"x": [0, 1, 2, 3, 4, 5], "y": [4.933084487915039, 0.34867531061172485, 4.362288475036621, 0.2901877164840698, 4.758419990539551, 0.7402164936065674], "params": [8.774822235107422, 0.25, 1.0, 9.28579330444336]}