{"x": [0, 1, 2, 3, 4, 5], "y": [4.560359001159668, 0.7859594821929932, 3.9108922481536865, 0.8347238898277283, 4.843372344970703, 0.5005940794944763], "params": [8.134928703308105, 0.25, 1.0, 8.685556411743164]}