{"x": [0, 1, 2, 3, 4, 5], "y": [5.300173282623291, 1.025197148323059, 5.334113121032715, 1.1789523363113403, 5.271228790283203, 1.2756550312042236], "params": [8.673632621765137, 0.25, 1.0, 8.61783218383789]}