{"x": [0, 1, 2, 3, 4, 5], "y": [5.80474328994751, 0.30246880650520325, 5.668984889984131, 0.2504473328590393, 5.725368022918701, -0.06369560956954956], "params": [10.799232482910156, 0.25, 1.0, 11.73687744140625]}