{"x": [0, 1, 2, 3, 4, 5], "y": [5.799363613128662, 1.1384246349334717, 5.8772873878479, 4.166467666625977, 2.8643758296966553, 2.831813097000122], "params": [9.414676666259766, 0.25, 1.0, 10.118597030639648, -3.719278573989868, -1.4649087190628052, 6.375014781951904]}