{"x": [0, 1, 2, 3, 4, 5], "y": [7.689635753631592, 1.1369011402130127, 8.190549850463867, 4.69173526763916, 4.2833662033081055, 4.270522594451904], "params": [13.20274543762207, 0.25, 1.0, 14.107297897338867, -2.6488959789276123, 0.2645188570022583, 3.9789838790893555]}