{"x": [0, 1, 2, 3, 4, 5], "y": [7.48756742477417, 0.8911974430084229, 7.092593193054199, 1.2911765575408936, 6.848756313323975, 1.710115671157837], "params": [11.402929306030273, 0.25, 1.0, 13.192739486694336]}