{"x": [0, 1, 2, 3, 4, 5], "y": [4.3104023933410645, -0.1526177078485489, 4.169528007507324, 5.170745849609375, 4.784357070922852, 3.623398780822754], "params": [8.577025413513184, 0.25, 1.0, 9.150531768798828, -3.048642635345459, 0.507391095161438, 7.114981651306152]}