{"x": [0, 1, 2, 3, 4, 5], "y": [6.985162258148193, 1.6568317413330078, 6.558991432189941, 1.4452747106552124, 6.746607303619385, 1.392075538635254], "params": [10.042458534240723, 0.25, 1.0, 11.186173439025879]}