{"x": [0, 1, 2, 3, 4, 5], "y": [5.633181571960449, 0.8934534788131714, 5.74810266494751, 7.174055576324463, 7.091212272644043, 7.915889739990234], "params": [9.674291610717773, 0.25, 1.0, 9.9456205368042, 1.3339438438415527, 3.9081268310546875, 3.239788055419922]}