{"x": [0, 1, 2, 3, 4, 5], "y": [8.017690658569336, 1.7898515462875366, 8.311225891113281, 1.3225688934326172, 7.885641574859619, 1.5525914430618286], "params": [13.340120315551758, 0.25, 1.0, 13.977313995361328]}