{"x": [0, 1, 2, 3, 4, 5], "y": [3.2993712425231934, 0.07229001820087433, 3.1413612365722656, 6.676666736602783, 5.9864583015441895, 5.6256818771362305], "params": [5.758610248565674, 0.25, 1.0, 6.544326305389404, -3.09162974357605, 3.8840203285217285, 5.729883193969727]}