{"x": [0, 1, 2, 3, 4, 5], "y": [4.9743428230285645, 0.9065213203430176, 5.263401985168457, 6.843811988830566, 5.721657752990723, 5.753649711608887], "params": [7.365551948547363, 0.25, 1.0, 8.713761329650879, -3.8131227493286133, 4.705381870269775, 7.522733688354492]}