{"x": [0, 1, 2, 3, 4, 5], "y": [5.799363613128662, 1.1384246349334717, 5.8772873878479, 0.8783943057060242, 5.711277484893799, 0.8179886341094971], "params": [9.414676666259766, 0.25, 1.0, 10.118597030639648]}