{"x": [0, 1, 2, 3, 4, 5], "y": [4.126014232635498, -0.061089228838682175, 4.537745952606201, 5.220510005950928, 4.868658065795898, 3.909724235534668], "params": [8.348492622375488, 0.25, 1.0, 9.241943359375, -3.414767265319824, 1.7270231246948242, 6.913825988769531]}