{"x": [0, 1, 2, 3, 4, 5], "y": [3.2993712425231934, 0.07229001820087433, 3.1413612365722656, 0.25728175044059753, 3.310976505279541, 0.03881341964006424], "params": [5.758610248565674, 0.25, 1.0, 6.544326305389404]}