{"x": [0, 1, 2, 3, 4, 5], "y": [6.714021682739258, 0.21158549189567566, 6.903655052185059, 6.4917802810668945, 5.753811836242676, 4.898172378540039], "params": [13.150643348693848, 0.25, 1.0, 13.993037223815918, -4.104796409606934, 3.7203211784362793, 7.936208724975586]}