{"x": [0, 1, 2, 3, 4, 5], "y": [7.479438781738281, 1.9405595064163208, 7.363872051239014, 1.8309292793273926, 7.280773639678955, 1.8388015031814575], "params": [11.371580123901367, 0.25, 1.0, 11.297019004821777]}