{"x": [0, 1, 2, 3, 4, 5], "y": [5.0595574378967285, 0.6650576591491699, 5.365906238555908, 3.7065882682800293, 3.039449453353882, 2.6759378910064697], "params": [9.69131851196289, 0.25, 1.0, 10.968789100646973, -2.865586996078491, -2.25285005569458, 4.7523417472839355]}