{"x": [0, 1, 2, 3, 4, 5], "y": [4.074814319610596, 0.5170531868934631, 4.601879119873047, 0.7077917456626892, 4.099730491638184, 0.9278160929679871], "params": [7.693148612976074, 0.25, 1.0, 8.169651985168457]}