{"x": [0, 1, 2, 3, 4, 5], "y": [6.5328593254089355, 0.15625903010368347, 6.379070281982422, 7.2622599601745605, 6.947231292724609, 7.06238317489624], "params": [12.258111000061035, 0.25, 1.0, 12.879826545715332, 0.2041073441505432, 4.121755599975586, 0.6300573348999023]}