{"x": [0, 1, 2, 3, 4, 5], "y": [2.877073049545288, 2.908101797103882, 2.8435449600219727, 3.391629219055176, 2.4937617778778076, 3.0049102306365967], "params": [-0.11370491981506348, -4.292774200439453, 1.7957348823547363]}