{"x": [0, 1, 2, 3, 4, 5], "y": [5.006998538970947, 4.276765823364258, 3.3862996101379395, 2.411829948425293, 1.731217622756958, 0.6994008421897888], "params": [-4.26429557800293, -4.060563087463379, 8.615195274353027]}