{"x": [0, 1, 2, 3, 4, 5], "y": [5.288679122924805, 5.1851487159729, 5.483006000518799, 5.5492753982543945, 5.43991756439209, 5.971736907958984], "params": [0.5607188940048218, 0.9948575496673584, 1.573176383972168]}