{"x": [0, 1, 2, 3, 4, 5], "y": [4.884355545043945, 5.037790298461914, 4.752089500427246, 5.033694744110107, 4.77755069732666, 4.946631908416748], "params": [-0.47412288188934326, 0.03681004047393799, 0.5714015960693359]}