{"x": [0, 1, 2, 3, 4, 5], "y": [7.035621643066406, 6.485475063323975, 5.863245964050293, 5.113450050354004, 4.960038185119629, 4.555800914764404], "params": [-2.3712103366851807, 1.2672805786132812, 4.959641456604004]}