{"x": [0, 1, 2, 3, 4, 5], "y": [4.513805866241455, 3.861548662185669, 2.9664180278778076, 2.0350613594055176, 1.6260508298873901, 1.2171871662139893], "params": [-3.5335988998413086, -4.6480278968811035, 6.593237400054932]}