{"x": [0, 1, 2, 3, 4, 5], "y": [8.02193832397461, 7.861788272857666, 6.955526828765869, 7.020069599151611, 6.557614803314209, 6.720036506652832], "params": [-1.4362380504608154, 4.130281925201416, 2.928647041320801]}