{"x": [0, 1, 2, 3, 4, 5], "y": [4.327505111694336, 3.71134352684021, 4.079989433288574, 3.406188726425171, 2.920872211456299, 2.87261700630188], "params": [-1.563976764678955, -2.9100310802459717, 2.909776210784912]}