{"x": [0, 1, 2, 3, 4, 5], "y": [7.138409614562988, 6.68088960647583, 6.903195858001709, 6.143089294433594, 5.008456707000732, 4.709740161895752], "params": [-2.534541368484497, 2.3112094402313232, 4.857338905334473]}