{"x": [0, 1, 2, 3, 4, 5], "y": [6.172755241394043, 5.917655944824219, 5.162379741668701, 4.716938495635986, 3.6784849166870117, 3.862513542175293], "params": [-2.522005081176758, -0.5785524845123291, 4.9885406494140625]}