{"x": [0, 1, 2, 3, 4, 5], "y": [7.0615081787109375, 6.344420909881592, 5.3283257484436035, 4.91328239440918, 4.2764973640441895, 3.445096254348755], "params": [-3.682370901107788, 0.3770822286605835, 7.232823848724365]}