{"x": [0, 1, 2, 3, 4, 5], "y": [7.914536476135254, 7.565016269683838, 7.225634574890137, 6.887969017028809, 6.559779167175293, 6.1377854347229], "params": [-1.8167941570281982, 3.8962297439575195, 3.553502082824707]}