{"x": [0, 1, 2, 3, 4, 5], "y": [6.572265625, 5.395419120788574, 4.605226516723633, 3.348715305328369, 2.968897819519043, 2.2894656658172607], "params": [-4.040121555328369, -1.7271262407302856, 8.56559944152832]}