{"x": [0, 1, 2, 3, 4, 5], "y": [4.749625205993652, 5.277784824371338, 4.999370574951172, 5.4886250495910645, 5.310667514801025, 6.039912700653076], "params": [0.9954509735107422, 0.4438638687133789, 2.5805749893188477]}