{"x": [0, 1, 2, 3, 4, 5], "y": [2.1852376461029053, 2.2187817096710205, 2.8568849563598633, 3.147810935974121, 3.605107069015503, 3.8797693252563477], "params": [1.8760156631469727, -4.2621846199035645, 3.3890633583068848]}