{"x": [0, 1, 2, 3, 4, 5], "y": [6.702631950378418, 6.854278564453125, 7.470696926116943, 7.44840145111084, 7.547512054443359, 7.385547637939453], "params": [0.8016811013221741, 4.604702949523926, 1.6897602081298828]}