{"x": [0, 1, 2, 3, 4, 5], "y": [8.585330963134766, 7.920689582824707, 7.132599830627441, 6.559931755065918, 5.893227577209473, 5.517537593841553], "params": [-3.335819721221924, 3.613095760345459, 6.135586738586426]}