{"x": [0, 1, 2, 3, 4, 5], "y": [9.483024597167969, 8.511069297790527, 7.67307710647583, 6.843811988830566, 5.721657752990723, 5.753649711608887], "params": [-3.8131227493286133, 4.705381870269775, 7.522733688354492]}