{"x": [0, 1, 2, 3, 4, 5], "y": [8.490623474121094, 7.811607360839844, 7.088488578796387, 6.676666736602783, 5.9864583015441895, 5.6256818771362305], "params": [-3.09162974357605, 3.8840203285217285, 5.729883193969727]}