{"x": [0, 1, 2, 3, 4, 5], "y": [6.511340141296387, 6.2931318283081055, 6.122706413269043, 5.6262712478637695, 5.859225749969482, 6.765900135040283], "params": [-0.29848259687423706, 2.3844635486602783, 2.2792577743530273]}