{"x": [0, 1, 2, 3, 4, 5], "y": [5.009665489196777, 4.545729637145996, 4.090263843536377, 4.573482036590576, 4.331067085266113, 3.5679540634155273], "params": [-0.7278966307640076, -1.0031646490097046, 2.8834228515625]}