{"x": [0, 1, 2, 3, 4, 5], "y": [6.260014533996582, 5.424808979034424, 5.553769588470459, 4.69173526763916, 4.2833662033081055, 4.270522594451904], "params": [-2.6488959789276123, 0.2645188570022583, 3.9789838790893555]}