{"x": [0, 1, 2, 3, 4, 5], "y": [8.866276741027832, 8.05330753326416, 7.435835838317871, 6.4917802810668945, 5.753811836242676, 4.898172378540039], "params": [-4.104796409606934, 3.7203211784362793, 7.936208724975586]}