{"x": [0, 1, 2, 3, 4, 5], "y": [5.264768600463867, 4.585774898529053, 3.9995975494384766, 2.7062065601348877, 2.044351100921631, 1.6455857753753662], "params": [-3.644629716873169, -3.2900655269622803, 7.238365650177002]}