{"x": [0, 1, 2, 3, 4, 5], "y": [2.638981342315674, 2.740394353866577, 3.0128135681152344, 2.718498945236206, 2.504991292953491, 2.509921073913574], "params": [-0.095070481300354, -4.785702705383301, 1.0156445503234863]}