{"x": [0, 1, 2, 3, 4, 5], "y": [2.6290016174316406, 2.88263201713562, 2.8856592178344727, 2.8482584953308105, 2.6143064498901367, 3.3412833213806152], "params": [0.28337568044662476, -4.1464924812316895, 1.453953742980957]}