{"x": [0, 1, 2, 3, 4, 5], "y": [8.781787872314453, 8.013566970825195, 6.96664571762085, 5.965410232543945, 5.464666366577148, 4.271035194396973], "params": [-4.5705060958862305, 3.268846273422241, 9.021505355834961]}