{"x": [0, 1, 2, 3, 4, 5], "y": [5.119000434875488, 4.109273910522461, 3.9209790229797363, 3.0746591091156006, 2.0338997840881348, 0.6384220123291016], "params": [-4.383336544036865, -3.999917984008789, 8.961156845092773]}