{"x": [0, 1, 2, 3, 4, 5], "y": [6.325998783111572, 6.405168533325195, 5.265298366546631, 4.205329895019531, 3.612962245941162, 2.9149961471557617], "params": [-3.834601879119873, -0.05189836025238037, 6.980344772338867]}