{"x": [0, 1, 2, 3, 4, 5], "y": [2.8424453735351562, 3.0282084941864014, 2.9331130981445312, 2.223041534423828, 2.67496395111084, 2.349323272705078], "params": [-1.427911400794983, -4.570451259613037, 1.6103339195251465]}