{"x": [0, 1, 2, 3, 4, 5], "y": [4.266204357147217, 3.5213217735290527, 3.313693046569824, 3.2124247550964355, 2.2884695529937744, 2.3410098552703857], "params": [-2.398414134979248, -4.144472122192383, 3.9554696083068848]}