{"x": [0, 1, 2, 3, 4, 5], "y": [8.092819213867188, 7.5336594581604, 6.4575724601745605, 5.546194076538086, 4.602311134338379, 3.302027702331543], "params": [-4.884919166564941, 1.7140799760818481, 9.581583023071289]}