{"x": [0, 1, 2, 3, 4, 5], "y": [7.301703453063965, 6.495447635650635, 5.970701217651367, 4.961344242095947, 4.398204326629639, 3.7441611289978027], "params": [-3.7853503227233887, 0.9562176465988159, 7.115084648132324]}