{"x": [0, 1, 2, 3, 4, 5], "y": [4.287356853485107, 4.007317066192627, 3.853971004486084, 2.6628267765045166, 1.8718130588531494, 1.060120940208435], "params": [-3.332007884979248, -4.304920196533203, 6.454471588134766]}