{"x": [0, 1, 2, 3, 4, 5], "y": [6.295995712280273, 6.677766799926758, 6.86894416809082, 7.174055576324463, 7.091212272644043, 7.915889739990234], "params": [1.3339438438415527, 3.9081268310546875, 3.239788055419922]}