{"x": [0, 1, 2, 3, 4, 5], "y": [7.2211785316467285, 7.140960693359375, 6.976423740386963, 7.430627346038818, 7.571948051452637, 7.564924240112305], "params": [0.7925649881362915, 4.377809047698975, 1.1910486221313477]}