{"x": [0, 1, 2, 3, 4, 5], "y": [6.6280694007873535, 5.941046714782715, 5.447939395904541, 4.831190586090088, 3.933682918548584, 3.8325321674346924], "params": [-3.0605058670043945, 0.21798670291900635, 5.591074466705322]}