{"x": [0, 1, 2, 3, 4, 5], "y": [5.455562591552734, 5.726457118988037, 5.687955856323242, 6.0011186599731445, 6.143923282623291, 6.209071636199951], "params": [0.8246852159500122, 1.9378095865249634, 1.5070180892944336]}