{"x": [0, 1, 2, 3, 4, 5], "y": [7.208130836486816, 7.1152729988098145, 6.522858619689941, 5.6552019119262695, 5.420613765716553, 5.121520519256592], "params": [-2.182811737060547, 2.5152409076690674, 4.173220634460449]}