{"x": [0, 1, 2, 3, 4, 5], "y": [2.9640417098999023, 3.1119160652160645, 3.535480260848999, 3.63624906539917, 4.363854885101318, 4.5345869064331055], "params": [1.9953078031539917, -2.737560749053955, 3.1410903930664062]}