{"x": [0, 1, 2, 3, 4, 5], "y": [1.7940924167633057, 2.159027099609375, 2.363452672958374, 2.9426369667053223, 3.2028775215148926, 3.759993314743042], "params": [1.3444743156433105, -4.773740768432617, 3.9318017959594727]}