{"x": [0, 1, 2, 3, 4, 5], "y": [6.604776859283447, 6.365591526031494, 5.6448822021484375, 4.743411540985107, 4.036627769470215, 3.1793415546417236], "params": [-3.6836659908294678, 0.24892747402191162, 6.850870609283447]}