{"x": [0, 1, 2, 3, 4, 5], "y": [6.065539836883545, 6.741196632385254, 6.542551517486572, 7.407995700836182, 8.111644744873047, 7.797595977783203], "params": [1.5195879936218262, 4.206254959106445, 4.092209815979004]}