{"x": [0, 1, 2, 3, 4, 5], "y": [3.755409002304077, 3.27001690864563, 3.3124048709869385, 3.053373336791992, 2.0553789138793945, 1.8200899362564087], "params": [-1.9531512260437012, -4.41146183013916, 3.870638132095337]}