{"x": [0, 1, 2, 3, 4, 5], "y": [6.515775680541992, 5.864974498748779, 4.855844497680664, 4.503298759460449, 3.181637763977051, 2.9390788078308105], "params": [-3.5045576095581055, -0.6715482473373413, 7.153393745422363]}