{"x": [0, 1, 2, 3, 4, 5], "y": [6.048800945281982, 5.84837532043457, 4.7953667640686035, 4.335325241088867, 3.776909828186035, 3.168583631515503], "params": [-2.702018976211548, -0.5136013031005859, 5.760434627532959]}