{"x": [0, 1, 2, 3, 4, 5], "y": [8.39409351348877, 7.6040496826171875, 7.149647235870361, 6.923374652862549, 6.6433329582214355, 5.897223472595215], "params": [-2.6888279914855957, 3.7950360774993896, 4.993740081787109]}