{"x": [0, 1, 2, 3, 4, 5], "y": [5.524630546569824, 5.351859092712402, 4.093899726867676, 3.298105478286743, 2.4383692741394043, 2.0305402278900146], "params": [-3.607090950012207, -2.0117640495300293, 6.988180637359619]}