{"x": [0, 1, 2, 3, 4, 5], "y": [6.4947943687438965, 6.044226169586182, 5.592182159423828, 4.654819965362549, 3.7945826053619385, 3.219949960708618], "params": [-3.18273663520813, 0.2472442388534546, 6.549688816070557]}