{"x": [0, 1, 2, 3, 4, 5], "y": [7.5988969802856445, 6.9815545082092285, 5.80160665512085, 5.609457492828369, 4.314332008361816, 3.9474034309387207], "params": [-4.6262311935424805, 1.3383245468139648, 7.302987098693848]}