{"x": [0, 1, 2, 3, 4, 5], "y": [4.929651737213135, 3.9585678577423096, 3.247753143310547, 2.332226514816284, 1.7581955194473267, 1.0402851104736328], "params": [-3.3419735431671143, -4.534628391265869, 7.778733253479004]}