{"x": [0, 1, 2, 3, 4, 5], "y": [5.206429958343506, 5.033116817474365, 4.525029182434082, 3.8845772743225098, 3.5808663368225098, 3.272097587585449], "params": [-1.9248549938201904, -1.3900375366210938, 3.8686647415161133]}