{"x": [0, 1, 2, 3, 4, 5], "y": [4.226403713226318, 4.32622766494751, 3.9125516414642334, 3.5224742889404297, 3.702537775039673, 3.03326416015625], "params": [-1.358264446258545, -2.5539255142211914, 2.5859270095825195]}