{"x": [0, 1, 2, 3, 4, 5], "y": [6.019320487976074, 5.318545818328857, 4.658770561218262, 4.166467666625977, 2.8643758296966553, 2.831813097000122], "params": [-3.719278573989868, -1.4649087190628052, 6.375014781951904]}