{"x": [0, 1, 2, 3, 4, 5], "y": [3.4473257064819336, 3.042478084564209, 3.082570791244507, 3.1834657192230225, 2.4685685634613037, 1.9599426984786987], "params": [-1.3139288425445557, -4.55608606338501, 2.9747660160064697]}