{"x": [0, 1, 2, 3, 4, 5], "y": [5.473602771759033, 6.170196056365967, 6.567645072937012, 6.981388568878174, 6.982324123382568, 7.328843593597412], "params": [1.7683570384979248, 3.3046908378601074, 3.710481643676758]}