{"x": [0, 1, 2, 3, 4, 5], "y": [8.987305641174316, 7.961812496185303, 7.4340128898620605, 7.085521697998047, 6.363100051879883, 5.676230430603027], "params": [-3.2268664836883545, 4.604570388793945, 6.622150421142578]}