{"x": [0, 1, 2, 3, 4, 5], "y": [8.934565544128418, 8.125605583190918, 7.5675048828125, 7.38629674911499, 6.0605621337890625, 5.829817295074463], "params": [-2.7652416229248047, 4.483354091644287, 6.20949649810791]}