{"x": [0, 1, 2, 3, 4, 5], "y": [9.100683212280273, 8.129331588745117, 7.489805698394775, 6.745760917663574, 6.114933013916016, 5.275559425354004], "params": [-3.5112826824188232, 4.409205436706543, 7.650247573852539]}