{"x": [0, 1, 2, 3, 4, 5], "y": [5.459413051605225, 4.575326919555664, 3.7828903198242188, 3.163632869720459, 2.505136013031006, 1.416545033454895], "params": [-3.6284377574920654, -2.851912498474121, 8.085736274719238]}