{"x": [0, 1, 2, 3, 4, 5], "y": [8.505905151367188, 7.915733814239502, 7.509258270263672, 6.441685199737549, 6.390839576721191, 5.504939079284668], "params": [-2.9001660346984863, 4.3685808181762695, 6.001932144165039]}