{"x": [0, 1, 2, 3, 4, 5], "y": [4.99298620223999, 4.185139179229736, 3.1454901695251465, 2.1384668350219727, 1.2880842685699463, 0.5567930936813354], "params": [-4.970860481262207, -4.51722526550293, 8.87238597869873]}