{"x": [0, 1, 2, 3, 4, 5], "y": [4.927208423614502, 5.488925457000732, 5.959290504455566, 5.834175109863281, 6.454213619232178, 6.247680187225342], "params": [1.6018099784851074, 1.5000784397125244, 3.0540103912353516]}