{"x": [0, 1, 2, 3, 4, 5], "y": [4.066776275634766, 4.320779800415039, 4.613000869750977, 4.940544605255127, 5.176962852478027, 5.295681476593018], "params": [1.5494364500045776, -0.7331365346908569, 2.457810401916504]}