{"x": [0, 1, 2, 3, 4, 5], "y": [2.6122491359710693, 2.793731451034546, 3.0043604373931885, 2.4886176586151123, 2.6913747787475586, 2.8592875003814697], "params": [0.2778686285018921, -4.7974653244018555, 1.0314855575561523]}