{"x": [0, 1, 2, 3, 4, 5], "y": [5.3266987800598145, 4.90093469619751, 4.118506908416748, 3.35693097114563, 2.9635353088378906, 2.5053794384002686], "params": [-2.2263522148132324, -2.3282055854797363, 5.642638683319092]}