{"x": [0, 1, 2, 3, 4, 5], "y": [6.22816276550293, 6.491012096405029, 6.201973915100098, 7.041672229766846, 6.9143805503845215, 6.977436065673828], "params": [0.6128633618354797, 3.2650673389434814, 1.679396629333496]}