{"x": [0, 1, 2, 3, 4, 5], "y": [5.4950408935546875, 4.388270854949951, 3.528700590133667, 2.6369659900665283, 1.4151537418365479, 0.8287352919578552], "params": [-4.40662956237793, -3.8876123428344727, 9.332611083984375]}