{"x": [0, 1, 2, 3, 4, 5], "y": [3.505685329437256, 3.464076280593872, 2.5100326538085938, 2.266585350036621, 2.035733699798584, 1.8365249633789062], "params": [-1.8282568454742432, -4.733166694641113, 3.338320732116699]}