{"x": [0, 1, 2, 3, 4, 5], "y": [4.289035797119141, 3.9922304153442383, 3.578047275543213, 2.9384663105010986, 2.597261905670166, 2.741964817047119], "params": [-1.7589311599731445, -3.057183027267456, 3.383547782897949]}