{"x": [0, 1, 2, 3, 4, 5], "y": [6.7659711837768555, 6.639256000518799, 6.7008748054504395, 7.408885478973389, 6.430603504180908, 7.028425216674805], "params": [0.4153488278388977, 3.5145740509033203, 1.956563949584961]}