{"x": [0, 1, 2, 3, 4, 5], "y": [6.478659629821777, 5.585014343261719, 5.031242847442627, 3.633204221725464, 3.017591953277588, 1.709187626838684], "params": [-4.50529146194458, -1.6903644800186157, 9.538944244384766]}