{"x": [0, 1, 2, 3, 4, 5], "y": [4.416886806488037, 4.323447227478027, 5.017527103424072, 5.127862930297852, 5.032539367675781, 5.274234294891357], "params": [0.9727731347084045, -0.5929809808731079, 1.9015741348266602]}