{"x": [0, 1, 2, 3, 4, 5], "y": [4.5289082527160645, 3.8009586334228516, 3.332427740097046, 3.2288899421691895, 2.8867695331573486, 3.0601344108581543], "params": [-1.6661207675933838, -2.9115753173828125, 3.2842774391174316]}