{"x": [0, 1, 2, 3, 4, 5], "y": [6.02311372756958, 5.779371738433838, 4.9972639083862305, 4.168391704559326, 4.229701042175293, 4.375950813293457], "params": [-1.779567003250122, 0.19706487655639648, 3.709444046020508]}