{"x": [0, 1, 2, 3, 4, 5], "y": [3.1959476470947266, 2.648677349090576, 2.8266727924346924, 2.5036849975585938, 1.699451208114624, 1.8649744987487793], "params": [-1.6730989217758179, -4.937331199645996, 2.992992877960205]}