{"x": [0, 1, 2, 3, 4, 5], "y": [6.225451946258545, 6.127570152282715, 6.32664680480957, 6.548222541809082, 6.588011264801025, 6.790675163269043], "params": [0.9791914224624634, 3.0358963012695312, 1.3262100219726562]}