{"x": [0, 1, 2, 3, 4, 5], "y": [7.957342624664307, 7.534194469451904, 7.523826599121094, 7.279648303985596, 6.495934009552002, 6.230528831481934], "params": [-1.9280877113342285, 4.475471496582031, 3.453627586364746]}