{"x": [0, 1, 2, 3, 4, 5], "y": [8.016684532165527, 7.143405914306641, 6.889395236968994, 6.148210525512695, 6.220947742462158, 5.2526397705078125], "params": [-2.2604856491088867, 3.316324234008789, 5.52808952331543]}