{"x": [0, 1, 2, 3, 4, 5], "y": [4.519485950469971, 3.889054775238037, 3.3561575412750244, 3.222642183303833, 2.6113460063934326, 1.920007348060608], "params": [-2.154038190841675, -3.7141263484954834, 5.198957443237305]}