{"x": [0, 1, 2, 3, 4, 5], "y": [6.529904842376709, 6.835093975067139, 6.785991191864014, 7.2952680587768555, 7.209901809692383, 7.488581657409668], "params": [1.2669800519943237, 4.007973670959473, 1.917353630065918]}