{"x": [0, 1, 2, 3, 4, 5], "y": [2.1018998622894287, 2.157325506210327, 2.5830612182617188, 2.859076976776123, 3.3811964988708496, 2.8832926750183105], "params": [0.8287619948387146, -4.845666885375977, 2.558593273162842]}