{"x": [0, 1, 2, 3, 4, 5], "y": [7.18088960647583, 6.070330619812012, 5.758523941040039, 5.170745849609375, 4.784357070922852, 3.623398780822754], "params": [-3.048642635345459, 0.507391095161438, 7.114981651306152]}