{"x": [0, 1, 2, 3, 4, 5], "y": [5.604194164276123, 4.890953540802002, 4.318279266357422, 3.172311305999756, 2.658328056335449, 1.5169581174850464], "params": [-4.400827407836914, -2.5026960372924805, 8.174471855163574]}