{"x": [0, 1, 2, 3, 4, 5], "y": [6.308151721954346, 5.658419609069824, 5.177873134613037, 4.283356189727783, 3.6169466972351074, 2.4914026260375977], "params": [-3.477243185043335, -0.8185166120529175, 7.633498191833496]}