{"x": [0, 1, 2, 3, 4, 5], "y": [6.430468559265137, 5.850063323974609, 5.29959774017334, 5.018192768096924, 4.263617515563965, 3.2387611865997314], "params": [-2.7596583366394043, -0.03574788570404053, 6.3834147453308105]}