{"x": [0, 1, 2, 3, 4, 5], "y": [3.881587266921997, 4.137777328491211, 4.637211322784424, 4.562252998352051, 4.975970268249512, 5.099886894226074], "params": [0.8609297871589661, -0.5561709403991699, 2.4365992546081543]}