{"x": [0, 1, 2, 3, 4, 5], "y": [7.015360355377197, 6.965530872344971, 7.148262977600098, 7.2622599601745605, 6.947231292724609, 7.06238317489624], "params": [0.2041073441505432, 4.121755599975586, 0.6300573348999023]}