{"x": [0, 1, 2, 3, 4, 5], "y": [6.439419746398926, 5.379998683929443, 5.11537504196167, 4.564274311065674, 3.2161865234375, 2.330711841583252], "params": [-4.004246711730957, -0.9486985206604004, 8.217415809631348]}