{"x": [0, 1, 2, 3, 4, 5], "y": [9.422216415405273, 8.878151893615723, 7.842437267303467, 7.300330638885498, 6.5274434089660645, 5.548380374908447], "params": [-3.848644733428955, 4.673651695251465, 7.747672080993652]}