{"x": [0, 1, 2, 3, 4, 5], "y": [6.851801872253418, 5.766584873199463, 5.119243621826172, 4.477952480316162, 3.9091432094573975, 3.0480289459228516], "params": [-3.645620822906494, 0.016747713088989258, 7.607545852661133]}