{"x": [0, 1, 2, 3, 4, 5], "y": [6.894495010375977, 6.8356170654296875, 7.0216898918151855, 7.548757076263428, 7.425014495849609, 7.1973652839660645], "params": [0.35292208194732666, 4.152061939239502, 1.4262800216674805]}