{"x": [0, 1, 2, 3, 4, 5], "y": [5.263186931610107, 5.538325786590576, 5.32575798034668, 5.391976356506348, 5.488924026489258, 5.9679179191589355], "params": [0.17967087030410767, 0.95267653465271, 1.4094619750976562]}