{"x": [0, 1, 2, 3, 4, 5], "y": [5.0521087646484375, 4.129773139953613, 4.122475624084473, 3.7065882682800293, 3.039449453353882, 2.6759378910064697], "params": [-2.865586996078491, -2.25285005569458, 4.7523417472839355]}