{"x": [0, 1, 2, 3, 4, 5], "y": [7.521396160125732, 6.407325744628906, 5.526157855987549, 4.643442153930664, 3.364361047744751, 2.9259378910064697], "params": [-4.405672073364258, 0.24996042251586914, 9.190916061401367]}