{"x": [0, 1, 2, 3, 4, 5], "y": [5.731139659881592, 5.307450294494629, 3.843946933746338, 3.1792895793914795, 2.014089345932007, 1.3805643320083618], "params": [-4.048249244689941, -2.8209991455078125, 8.701150894165039]}