{"x": [0, 1, 2, 3, 4, 5], "y": [7.7511067390441895, 6.8112711906433105, 6.182288646697998, 5.675267219543457, 4.594156265258789, 3.8235092163085938], "params": [-3.5597028732299805, 2.0209617614746094, 7.855195045471191]}