{"x": [0, 1, 2, 3, 4, 5], "y": [7.366637229919434, 6.614243507385254, 5.99444055557251, 5.220510005950928, 4.868658065795898, 3.909724235534668], "params": [-3.414767265319824, 1.7270231246948242, 6.913825988769531]}