{"x": [0, 1, 2, 3, 4, 5], "y": [7.078840255737305, 7.06613826751709, 7.38071346282959, 6.539325714111328, 6.590240478515625, 6.818573474884033], "params": [-0.31128454208374023, 4.158576011657715, 1.6827754974365234]}