{"x": [0, 1, 2, 3, 4, 5], "y": [1.7658864259719849, -0.147801473736763, 1.6428195238113403, -0.13081122934818268, 1.7469892501831055, 0.25850436091423035], "params": [3.0237390995025635, 0.25, 1.0, 3.827375888824463]}