{"x": [0, 1, 2, 3, 4, 5], "y": [5.667846202850342, 0.9196724891662598, 5.611876010894775, 0.9252135753631592, 5.808717250823975, 0.30689844489097595], "params": [9.622041702270508, 0.25, 1.0, 11.003637313842773]}