{"x": [0, 1, 2, 3, 4, 5], "y": [5.907309532165527, 0.5690428614616394, 6.062411785125732, 0.5584542751312256, 5.929839134216309, 0.5894951224327087], "params": [10.464829444885254, 0.25, 1.0, 11.007915496826172]}