{"x": [0, 1, 2, 3, 4, 5], "y": [4.769965171813965, 0.1577540934085846, 4.4454827308654785, 0.24513354897499084, 4.610795021057129, 0.03468947112560272], "params": [8.426629066467285, 0.25, 1.0, 9.470551490783691]}