{"x": [0, 1, 2, 3, 4, 5], "y": [5.279433250427246, 0.9940992593765259, 5.755660057067871, 1.5989817380905151, 5.429553985595703, 0.6672700643539429], "params": [9.381577491760254, 0.25, 1.0, 10.176779747009277]}