{"x": [0, 1, 2, 3, 4, 5], "y": [5.348270416259766, 1.443018913269043, 5.384853839874268, 1.7666265964508057, 5.595129013061523, 1.1977696418762207], "params": [8.150005340576172, 0.25, 1.0, 8.794718742370605]}