{"x": [0, 1, 2, 3, 4, 5], "y": [0.20327091217041016, 0.02214933931827545, 0.05618182569742203, 0.3117256760597229, 0.22738413512706757, 0.3293709456920624], "params": [0.2752867341041565, 0.25, 1.0, 0.6144431829452515]}