{"x": [0, 1, 2, 3, 4, 5], "y": [4.010479927062988, 0.6544708609580994, 3.854541778564453, 0.8833677172660828, 3.943631887435913, 1.2227654457092285], "params": [5.63497257232666, 0.25, 1.0, 6.712018013000488]}