{"x": [0, 1, 2, 3, 4, 5], "y": [6.147824764251709, 0.8967299461364746, 6.9192304611206055, 0.5106284618377686, 6.417019844055176, 0.9917299747467041], "params": [12.032733917236328, 0.25, 1.0, 12.817203521728516]}