{"x": [0, 1, 2, 3, 4, 5], "y": [4.560020446777344, 0.6526985168457031, 4.722437381744385, 0.2842482328414917, 4.37299108505249, 1.1308432817459106], "params": [7.449240207672119, 0.25, 1.0, 8.876378059387207]}