{"x": [0, 1, 2, 3, 4, 5], "y": [2.817006826400757, 0.868945837020874, 2.438898801803589, 0.3246706426143646, 2.7722060680389404, 0.6616647839546204], "params": [4.21109676361084, 0.25, 1.0, 4.984672546386719]}