{"x": [0, 1, 2, 3, 4, 5], "y": [9.215184211730957, 1.9898079633712769, 9.534039497375488, 1.7346420288085938, 9.425032615661621, 2.2991673946380615], "params": [14.36776065826416, 0.25, 1.0, 15.598794937133789]}