{"x": [0, 1, 2, 3, 4, 5], "y": [0.20284081995487213, 0.11087384074926376, 0.5355246663093567, 0.01916290819644928, 0.34920236468315125, -0.2081051617860794], "params": [0.23457974195480347, 0.25, 1.0, 1.4872596263885498]}