{"x": [0, 1, 2, 3, 4, 5], "y": [6.491784572601318, 0.46126648783683777, 5.933740139007568, 0.6646387577056885, 6.078484058380127, 0.5577784776687622], "params": [11.103944778442383, 0.25, 1.0, 12.061036109924316]}