{"x": [0, 1, 2, 3, 4, 5], "y": [1.7313907146453857, 0.353013813495636, 1.488145351409912, 0.40843725204467773, 2.1971542835235596, 0.41840246319770813], "params": [2.8439855575561523, 0.25, 1.0, 3.6882810592651367]}