{"x": [0, 1, 2, 3, 4, 5], "y": [4.564209461212158, 0.7952099442481995, 4.78291654586792, 0.9010087847709656, 4.933873176574707, 1.1456388235092163], "params": [6.815328598022461, 0.25, 1.0, 8.277326583862305]}