{"x": [0, 1, 2, 3, 4, 5], "y": [4.055598258972168, 0.7125158309936523, 3.9086790084838867, 1.142960786819458, 4.004173755645752, 0.7492340207099915], "params": [5.975157737731934, 0.25, 1.0, 6.686164855957031]}