{"x": [0, 1, 2, 3, 4, 5], "y": [7.429518699645996, 1.829268217086792, 6.841559410095215, 1.9781346321105957, 7.284481048583984, 2.041663408279419], "params": [11.324853897094727, 0.25, 1.0, 11.20050048828125]}