{"x": [0, 1, 2, 3, 4, 5], "y": [2.4006872177124023, 0.18143543601036072, 2.481698989868164, 0.41653040051460266, 2.6982150077819824, 0.743822455406189], "params": [4.144784450531006, 0.25, 1.0, 5.033559322357178]}