{"x": [0, 1, 2, 3, 4, 5], "y": [5.673131942749023, 0.5416020750999451, 5.306487560272217, 0.20977982878684998, 5.41048526763916, 0.6810402870178223], "params": [9.644109725952148, 0.25, 1.0, 10.926704406738281]}