{"x": [0, 1, 2, 3, 4, 5], "y": [4.601613521575928, 1.0594874620437622, 4.355114936828613, 0.7401504516601562, 3.7860023975372314, 0.6779807806015015], "params": [6.4767632484436035, 0.25, 1.0, 7.847265243530273]}