{"x": [0, 1, 2, 3, 4, 5], "y": [2.653891086578369, 0.23500946164131165, 2.530545949935913, 0.3383985161781311, 2.3233556747436523, 0.4665406346321106], "params": [4.5197224617004395, 0.25, 1.0, 4.83776330947876]}