{"x": [0, 1, 2, 3, 4, 5], "y": [6.919933319091797, 1.4089553356170654, 6.747559547424316, 1.1890894174575806, 6.52305793762207, 1.0428309440612793], "params": [11.007325172424316, 0.25, 1.0, 11.754204750061035]}