{"x": [0, 1, 2, 3, 4, 5], "y": [4.106709003448486, 0.7087462544441223, 3.554562568664551, 0.33661919832229614, 3.693002700805664, 0.42530786991119385], "params": [7.007363319396973, 0.25, 1.0, 7.54017972946167]}