{"x": [0, 1, 2, 3, 4, 5], "y": [7.488131999969482, 0.8633548617362976, 7.099695682525635, 1.035780429840088, 7.310423851013184, 0.6699392199516296], "params": [12.873710632324219, 0.25, 1.0, 13.636385917663574]}