{"x": [0, 1, 2, 3, 4, 5], "y": [6.967740058898926, 1.247742772102356, 6.844489574432373, 1.0484163761138916, 6.7817912101745605, 1.0204260349273682], "params": [11.346875190734863, 0.25, 1.0, 11.894628524780273]}