{"x": [0, 1, 2, 3, 4, 5], "y": [6.655017375946045, 1.522053837776184, 6.807804584503174, 1.1161595582962036, 6.984407901763916, 1.3725614547729492], "params": [11.049050331115723, 0.25, 1.0, 11.736496925354004]}