{"x": [0, 1, 2, 3, 4, 5], "y": [7.38378381729126, 0.8925517797470093, 7.757716178894043, 1.059645414352417, 7.352998733520508, 0.7790495753288269], "params": [12.60420036315918, 0.25, 1.0, 13.9573335647583]}