{"x": [0, 1, 2, 3, 4, 5], "y": [6.28946590423584, 0.2551846206188202, 5.892140865325928, 0.15685290098190308, 6.179667949676514, 0.4503941535949707], "params": [11.97438907623291, 0.25, 1.0, 12.265226364135742]}