{"x": [0, 1, 2, 3, 4, 5], "y": [0.8258152604103088, 0.21612116694450378, 0.9560229778289795, -0.24898971617221832, 1.237740159034729, 0.08238493651151657], "params": [1.7167675495147705, 0.25, 1.0, 2.9734597206115723]}