{"x": [0, 1, 2, 3, 4, 5], "y": [2.022986888885498, 0.015604451298713684, 2.114436626434326, 0.13325463235378265, 2.3452696800231934, 0.09976869821548462], "params": [4.2144269943237305, 0.25, 1.0, 4.659330368041992]}