{"x": [0, 1, 2, 3, 4, 5], "y": [2.5998218059539795, 0.08854149281978607, 3.0768301486968994, 0.254742294549942, 2.4497311115264893, 0.1224248856306076], "params": [5.366095542907715, 0.25, 1.0, 5.976577281951904]}