{"x": [0, 1, 2, 3, 4, 5], "y": [1.0688128471374512, 0.02614031732082367, 0.880914032459259, 0.5345972180366516, 0.8883302211761475, 0.5500676035881042], "params": [1.8397047519683838, 0.25, 1.0, 2.0853450298309326]}