{"x": [0, 1, 2, 3, 4, 5], "y": [5.30385684967041, -0.17600399255752563, 5.608445644378662, 0.3044975996017456, 5.404877185821533, 0.46374285221099854], "params": [10.378544807434082, 0.25, 1.0, 11.568899154663086]}