{"x": [0, 1, 2, 3, 4, 5], "y": [4.894367694854736, -0.09023141860961914, 4.533770561218262, 0.031996652483940125, 5.105358600616455, -0.12116970121860504], "params": [9.416555404663086, 0.25, 1.0, 10.453056335449219]}