{"x": [0, 1, 2, 3, 4, 5], "y": [7.8890299797058105, 1.3080209493637085, 7.530529022216797, 1.5670371055603027, 7.691952228546143, 1.3964216709136963], "params": [12.74715805053711, 0.25, 1.0, 13.162017822265625]}