{"x": [0, 1, 2, 3, 4, 5], "y": [5.909992218017578, 1.3393217325210571, 5.808034420013428, 1.3066484928131104, 6.078244209289551, 1.400076150894165], "params": [9.319742202758789, 0.25, 1.0, 9.543191909790039]}