{"x": [0, 1, 2, 3, 4, 5], "y": [0.8135977983474731, 0.0393928661942482, 0.38698887825012207, -0.010725133121013641, 0.7332218885421753, -0.161729633808136], "params": [0.9532284736633301, 0.25, 1.0, 1.9506548643112183]}