{"x": [0, 1, 2, 3, 4, 5], "y": [4.3196330070495605, 0.18166711926460266, 4.422243118286133, -0.1357896476984024, 4.357825756072998, 0.23174411058425903], "params": [8.43117618560791, 0.25, 1.0, 9.116065979003906]}