{"x": [0, 1, 2, 3, 4, 5], "y": [3.864640712738037, 4.391165733337402, 4.666438102722168, 5.001283168792725, 5.807681083679199, 6.146054744720459], "params": [1.901106834411621, 0.2650630474090576, 4.562828063964844]}