{"x": [0, 1, 2, 3, 4, 5], "y": [1.2229036092758179, 1.836936354637146, 2.8482117652893066, 3.213714838027954, 4.263864994049072, 5.373048782348633], "params": [4.045982837677002, -3.565598726272583, 8.30029010772705]}