{"x": [0, 1, 2, 3, 4, 5], "y": [2.568842649459839, 3.0799334049224854, 3.918030261993408, 5.275400161743164, 6.128647327423096, 7.365472793579102], "params": [4.9324951171875, -0.8280462026596069, 9.593259811401367]}