{"x": [0, 1, 2, 3, 4, 5], "y": [1.2727842330932617, 2.0989701747894287, 3.0644171237945557, 3.153934955596924, 4.058060169219971, 4.742586135864258], "params": [3.313081741333008, -3.9076900482177734, 6.939603805541992]}