{"x": [0, 1, 2, 3, 4, 5], "y": [4.012818336486816, 3.7789037227630615, 4.141228199005127, 4.3848395347595215, 5.147027015686035, 4.772834300994873], "params": [0.9831154346466064, -1.2706154584884644, 2.7362465858459473]}