{"x": [0, 1, 2, 3, 4, 5], "y": [4.4888129234313965, 5.27643346786499, 6.452385902404785, 7.5138044357299805, 8.472631454467773, 9.225625038146973], "params": [4.735846996307373, 3.873684883117676, 9.473624229431152]}