{"x": [0, 1, 2, 3, 4, 5], "y": [3.4814178943634033, 3.8022725582122803, 4.0526604652404785, 4.814223289489746, 5.762600421905518, 5.64762544631958], "params": [2.507253885269165, -0.7352292537689209, 4.5623650550842285]}