{"x": [0, 1, 2, 3, 4, 5], "y": [2.0820257663726807, 2.64302659034729, 2.9363901615142822, 3.5634448528289795, 3.965425491333008, 4.622796058654785], "params": [2.684014320373535, -3.4385509490966797, 5.081540584564209]}