{"x": [0, 1, 2, 3, 4, 5], "y": [3.299957513809204, 3.2330257892608643, 3.321610927581787, 3.444952964782715, 3.6180665493011475, 3.694675922393799], "params": [0.726439356803894, -2.9893903732299805, 0.9233002662658691]}