{"x": [0, 1, 2, 3, 4, 5], "y": [6.217138290405273, 6.392337799072266, 6.765152931213379, 6.545192718505859, 7.182242393493652, 7.401294708251953], "params": [1.722517967224121, 3.421628952026367, 2.3683128356933594]}