{"x": [0, 1, 2, 3, 4, 5], "y": [5.699035167694092, 5.66473388671875, 6.301142692565918, 6.242875576019287, 6.108987331390381, 6.797873497009277], "params": [1.384284496307373, 2.29425311088562, 2.2662792205810547]}