{"x": [0, 1, 2, 3, 4, 5], "y": [1.3632562160491943, 2.2957892417907715, 3.1260128021240234, 2.971273183822632, 4.696478843688965, 4.539489269256592], "params": [3.546816825866699, -3.8392062187194824, 6.666445255279541]}