{"x": [0, 1, 2, 3, 4, 5], "y": [2.078814744949341, 2.4939708709716797, 2.7396883964538574, 2.485914945602417, 2.7726144790649414, 3.530801773071289], "params": [0.8565035462379456, -4.540461540222168, 2.9039740562438965]}