{"x": [0, 1, 2, 3, 4, 5], "y": [4.079156398773193, 4.221405982971191, 5.045376300811768, 5.799260139465332, 6.345290184020996, 6.860570907592773], "params": [3.3989577293395996, 0.5497795343399048, 5.56282901763916]}