{"x": [0, 1, 2, 3, 4, 5], "y": [5.464386463165283, 6.477107048034668, 7.150677680969238, 7.786319255828857, 8.75356674194336, 8.858942985534668], "params": [3.5284266471862793, 4.74144983291626, 6.7891130447387695]}