{"x": [0, 1, 2, 3, 4, 5], "y": [2.9903740882873535, 3.6742184162139893, 4.958368301391602, 5.693235397338867, 6.488056182861328, 7.741974830627441], "params": [4.226776123046875, 0.4462265968322754, 9.503201484680176]}