{"x": [0, 1, 2, 3, 4, 5], "y": [3.1139495372772217, 3.173190116882324, 3.594947338104248, 4.1065826416015625, 3.834120512008667, 3.714728832244873], "params": [0.8044573664665222, -3.091326951980591, 1.9852662086486816]}