{"x": [0, 1, 2, 3, 4, 5], "y": [4.48716926574707, 6.0057172775268555, 6.569777488708496, 7.693325996398926, 8.516914367675781, 9.204411506652832], "params": [4.953845500946045, 4.08965539932251, 9.434484481811523]}