{"x": [0, 1, 2, 3, 4, 5], "y": [5.073140621185303, 5.700227737426758, 6.404090881347656, 7.3792948722839355, 8.106537818908691, 8.557275772094727], "params": [3.1884052753448486, 3.7432825565338135, 6.968270301818848]}