{"x": [0, 1, 2, 3, 4, 5], "y": [5.893937110900879, 6.57692289352417, 6.7204790115356445, 7.782559394836426, 8.292920112609863, 8.888833999633789], "params": [3.103424072265625, 4.392663955688477, 5.98979377746582]}