{"x": [0, 1, 2, 3, 4, 5], "y": [5.220128536224365, 5.6684393882751465, 5.6745805740356445, 6.28617000579834, 6.575396537780762, 7.069589138031006], "params": [1.5221190452575684, 2.325045585632324, 3.6989212036132812]}