{"x": [0, 1, 2, 3, 4, 5], "y": [7.1761040687561035, 7.297235488891602, 7.005748271942139, 7.331532955169678, 7.545707702636719, 7.848024845123291], "params": [0.6410723924636841, 4.645423889160156, 1.6845531463623047]}