{"x": [0, 1, 2, 3, 4, 5], "y": [3.3166143894195557, 3.777545928955078, 3.852433919906616, 3.686931848526001, 4.328699588775635, 4.351218223571777], "params": [0.653093159198761, -2.055058002471924, 2.0692076683044434]}