{"x": [0, 1, 2, 3, 4, 5], "y": [5.7031450271606445, 5.932517051696777, 6.089414596557617, 6.352479934692383, 5.922897815704346, 5.906856536865234], "params": [0.5568927526473999, 2.034615993499756, 1.2986698150634766]}