{"x": [0, 1, 2, 3, 4, 5], "y": [5.029036998748779, 5.667773723602295, 6.268560409545898, 6.589543342590332, 6.6678314208984375, 7.481171131134033], "params": [2.4032397270202637, 2.1837167739868164, 4.904268264770508]}