{"x": [0, 1, 2, 3, 4, 5], "y": [1.2846531867980957, 1.9105885028839111, 2.9975881576538086, 2.8485453128814697, 3.1248538494110107, 3.3956995010375977], "params": [1.4354079961776733, -4.770474910736084, 4.222092628479004]}