{"x": [0, 1, 2, 3, 4, 5], "y": [3.000732421875, 3.763917922973633, 4.054668426513672, 4.8691182136535645, 5.002053260803223, 5.450317859649658], "params": [2.1445324420928955, -1.1878198385238647, 4.899170875549316]}