{"x": [0, 1, 2, 3, 4, 5], "y": [5.068775653839111, 5.594558238983154, 5.560742378234863, 5.365791320800781, 5.459988117218018, 5.582110404968262], "params": [0.22885888814926147, 1.0667133331298828, 1.051565170288086]}