{"x": [0, 1, 2, 3, 4, 5], "y": [3.2035281658172607, 3.947688102722168, 4.767286777496338, 5.6341047286987305, 6.873671054840088, 7.456711769104004], "params": [4.240766525268555, 0.4524087905883789, 8.506366729736328]}