{"x": [0, 1, 2, 3, 4, 5], "y": [3.857476234436035, 3.996241569519043, 4.4842753410339355, 4.605398178100586, 5.344437599182129, 5.431969165802002], "params": [1.320732831954956, -0.6866180896759033, 3.1489858627319336]}