{"x": [0, 1, 2, 3, 4, 5], "y": [3.1290714740753174, 3.6756680011749268, 3.7176105976104736, 4.002655506134033, 4.579981803894043, 4.387617588043213], "params": [1.3678393363952637, -2.464358329772949, 2.901820659637451]}