{"x": [0, 1, 2, 3, 4, 5], "y": [2.933652877807617, 3.8238046169281006, 3.7606420516967773, 4.027353286743164, 4.0629754066467285, 3.834951162338257], "params": [1.0233149528503418, -2.3128347396850586, 2.2586450576782227]}