{"x": [0, 1, 2, 3, 4, 5], "y": [1.6497552394866943, 1.871069312095642, 1.966581106185913, 3.096236228942871, 3.014139413833618, 3.756545066833496], "params": [1.9720816612243652, -4.904282569885254, 4.2135796546936035]}