{"x": [0, 1, 2, 3, 4, 5], "y": [1.8638148307800293, 2.075519323348999, 3.299852132797241, 4.06231689453125, 4.354245185852051, 5.063337802886963], "params": [3.144700527191162, -3.019512176513672, 6.399045944213867]}