{"x": [0, 1, 2, 3, 4, 5], "y": [2.724285840988159, 2.5634212493896484, 2.7171761989593506, 3.0469858646392822, 2.868842840194702, 3.0982046127319336], "params": [0.4162678122520447, -4.471523761749268, 1.0695667266845703]}