{"x": [0, 1, 2, 3, 4, 5], "y": [5.063508987426758, 5.783504962921143, 6.769576072692871, 7.887601375579834, 9.11520004272461, 9.768763542175293], "params": [4.936193943023682, 4.927644729614258, 9.41050910949707]}