{"x": [0, 1, 2, 3, 4, 5], "y": [8.8010835647583, 6.8508830070495605, 10.109576225280762, 8.052824020385742, 11.662558555603027, 9.068938255310059], "params": [3.3015975952148438, 4.136276721954346, 5.875043869018555, 5.880523204803467, 0.25, 1.0, 5.786431789398193]}