{"x": [0, 1, 2, 3, 4, 5], "y": [5.423399448394775, 5.69058895111084, 5.730762481689453, 6.597895622253418, 6.802780628204346, 7.398960113525391], "params": [1.5221190452575684, 2.325045585632324, 3.6989212036132812, 0.2752867341041565, 0.25, 1.0, 0.6144431829452515]}