{"x": [0, 1, 2, 3, 4, 5], "y": [4.232898235321045, 3.604100465774536, 5.93382453918457, 5.704347133636475, 8.732917785644531, 7.836295127868652], "params": [4.83738899230957, -0.12689292430877686, 9.832769393920898, 2.8439855575561523, 0.25, 1.0, 3.6882810592651367]}