{"x": [0, 1, 2, 3, 4, 5], "y": [11.327972412109375, 6.41889762878418, 12.6380615234375, 7.897382736206055, 14.14205551147461, 9.221292495727539], "params": [3.6524460315704346, 2.0014266967773438, 6.347175598144531, 11.402019500732422, 0.25, 1.0, 12.205199241638184]}