{"x": [0, 1, 2, 3, 4, 5], "y": [7.46903133392334, 5.78471565246582, 7.732234001159668, 6.221668720245361, 7.669887065887451, 6.165360927581787], "params": [0.5568927526473999, 2.034615993499756, 1.2986698150634766, 3.0237390995025635, 0.25, 1.0, 3.827375888824463]}