{"x": [0, 1, 2, 3, 4, 5], "y": [11.890922546386719, 6.832283020019531, 12.95529556274414, 7.006143569946289, 12.931722640991211, 7.795041084289551], "params": [0.7679164409637451, 2.606964588165283, 2.120427131652832, 12.032733917236328, 0.25, 1.0, 12.817203521728516]}