{"x": [0, 1, 2, 3, 4, 5], "y": [8.011632919311523, 5.494435787200928, 7.970073699951172, 5.311563014984131, 8.43631362915039, 5.129934310913086], "params": [0.3479418158531189, -0.9493833780288696, 0.4137735366821289, 5.639762878417969, 0.25, 1.0, 6.421845436096191]}