{"x": [0, 1, 2, 3, 4, 5], "y": [7.815116882324219, 6.120414733886719, 8.66646957397461, 6.985820293426514, 8.921316146850586, 7.899818420410156], "params": [2.4032397270202637, 2.1837167739868164, 4.904268264770508, 4.300395488739014, 0.25, 1.0, 4.779605865478516]}