{"x": [0, 1, 2, 3, 4, 5], "y": [9.965442657470703, 6.143466949462891, 9.894169807434082, 6.1495771408081055, 10.205114364624023, 5.9904584884643555], "params": [0.2788206934928894, 1.528272032737732, 0.6226406097412109, 8.20352554321289, 0.25, 1.0, 8.801300048828125]}