{"x": [0, 1, 2, 3, 4, 5], "y": [8.76302719116211, 6.117522239685059, 9.99443531036377, 7.565168380737305, 11.372052192687988, 8.847000122070312], "params": [3.3283722400665283, 2.745957374572754, 5.743374824523926, 5.63497257232666, 0.25, 1.0, 6.712018013000488]}