{"x": [0, 1, 2, 3, 4, 5], "y": [8.846504211425781, 2.9374570846557617, 10.2553129196167, 5.021463394165039, 11.480423927307129, 6.000864505767822], "params": [3.144700527191162, -3.019512176513672, 6.399045944213867, 12.0072021484375, 0.25, 1.0, 12.528482437133789]}