{"x": [0, 1, 2, 3, 4, 5], "y": [10.419893264770508, 5.503486633300781, 11.799927711486816, 7.671370029449463, 13.772537231445312, 9.783638000488281], "params": [4.226776123046875, 0.4462265968322754, 9.503201484680176, 11.324853897094727, 0.25, 1.0, 11.20050048828125]}