{"x": [0, 1, 2, 3, 4, 5], "y": [10.86925220489502, 3.4211297035217285, 10.93009090423584, 4.306840896606445, 10.95118236541748, 4.127228736877441], "params": [0.4162678122520447, -4.471523761749268, 1.0695667266845703, 14.171794891357422, 0.25, 1.0, 14.71041202545166]}