{"x": [0, 1, 2, 3, 4, 5], "y": [3.902780532836914, 3.48347806930542, 4.927908420562744, 5.981752872467041, 6.658419609069824, 6.66736364364624], "params": [3.4449055194854736, -0.474088191986084, 6.566657066345215, 1.8397047519683838, 0.25, 1.0, 2.0853450298309326]}