{"x": [0, 1, 2, 3, 4, 5], "y": [7.752287864685059, 4.159046173095703, 8.459268569946289, 4.391609191894531, 8.809187889099121, 4.335196018218994], "params": [1.0233149528503418, -2.3128347396850586, 2.2586450576782227, 9.238306045532227, 0.25, 1.0, 8.966787338256836]}