{"x": [0, 1, 2, 3, 4, 5], "y": [11.946548461914062, 6.6693243980407715, 11.982778549194336, 6.499384880065918, 12.847227096557617, 7.28941011428833], "params": [0.990181565284729, 0.7284766435623169, 1.5391559600830078, 11.049050331115723, 0.25, 1.0, 11.736496925354004]}