{"x": [0, 1, 2, 3, 4, 5], "y": [1.5379314422607422, 1.5222303867340088, 3.3594822883605957, 3.3310587406158447, 5.765489101409912, 5.252535820007324], "params": [4.57930850982666, -3.8482606410980225, 8.916069030761719, 1.7167675495147705, 0.25, 1.0, 2.9734597206115723]}