{"x": [0, 1, 2, 3, 4, 5], "y": [4.101801872253418, 2.509575366973877, 4.854125022888184, 2.6191694736480713, 5.117884159088135, 3.630570411682129], "params": [0.8565035462379456, -4.540461540222168, 2.9039740562438965, 4.2144269943237305, 0.25, 1.0, 4.659330368041992]}