{"x": [0, 1, 2, 3, 4, 5], "y": [7.112176418304443, 6.673101425170898, 8.753108978271484, 7.933128833770752, 10.335920333862305, 8.306171417236328], "params": [3.5284266471862793, 4.74144983291626, 6.7891130447387695, 2.8646109104156494, 0.25, 1.0, 4.401123523712158]}