{"x": [0, 1, 2, 3, 4, 5], "y": [8.742313385009766, 4.621908664703369, 10.044475555419922, 5.545538902282715, 10.196991920471191, 6.5958662033081055], "params": [2.529968023300171, -1.9626402854919434, 4.519342422485352, 9.183091163635254, 0.25, 1.0, 9.495477676391602]}