{"x": [0, 1, 2, 3, 4, 5], "y": [7.87663459777832, 4.430244445800781, 8.574871063232422, 3.971179962158203, 8.701690673828125, 5.482061386108398], "params": [0.653093159198761, -2.055058002471924, 2.0692076683044434, 7.449240207672119, 0.25, 1.0, 8.876378059387207]}