{"x": [0, 1, 2, 3, 4, 5], "y": [6.993891716003418, 4.054897785186768, 7.6855010986328125, 5.646907806396484, 9.798280715942383, 7.542214870452881], "params": [4.256460189819336, -0.546678900718689, 8.459449768066406, 7.007363319396973, 0.25, 1.0, 7.54017972946167]}