{"x": [0, 1, 2, 3, 4, 5], "y": [2.4002633094787598, 2.686211347579956, 3.9852957725524902, 4.604700088500977, 5.4816155433654785, 5.890695571899414], "params": [4.141331672668457, -2.1512413024902344, 7.796146392822266, 0.6391328573226929, 0.25, 1.0, 1.7396997213363647]}