{"x": [0, 1, 2, 3, 4, 5], "y": [9.348678588867188, 6.058810710906982, 11.353147506713867, 7.433176040649414, 13.204608917236328, 8.75384521484375], "params": [4.905619144439697, 2.207200527191162, 9.532230377197266, 9.622041702270508, 0.25, 1.0, 11.003637313842773]}