{"x": [0, 1, 2, 3, 4, 5], "y": [8.766855239868164, 5.457355976104736, 11.372982025146484, 7.532299995422363, 13.375885009765625, 9.663503646850586], "params": [4.735846996307373, 3.873684883117676, 9.473624229431152, 9.368268013000488, 0.25, 1.0, 9.80420207977295]}