{"x": [0, 1, 2, 3, 4, 5], "y": [7.559747695922852, 3.210391044616699, 7.774615287780762, 4.402884483337402, 9.09238338470459, 5.156620979309082], "params": [1.9720816612243652, -4.904282569885254, 4.2135796546936035, 9.319742202758789, 0.25, 1.0, 9.543191909790039]}