{"x": [0, 1, 2, 3, 4, 5], "y": [9.195365905761719, 4.264793395996094, 10.251204490661621, 5.832561016082764, 11.19171142578125, 6.805017948150635], "params": [3.1438276767730713, -0.16435563564300537, 5.6606526374816895, 10.525314331054688, 0.25, 1.0, 10.763931274414062]}