{"x": [0, 1, 2, 3, 4, 5], "y": [13.224777221679688, 5.966583728790283, 14.458096504211426, 6.531653881072998, 14.19217586517334, 7.388164520263672], "params": [1.3828144073486328, -0.6107175350189209, 2.224442958831787, 14.36776065826416, 0.25, 1.0, 15.598794937133789]}