{"x": [0, 1, 2, 3, 4, 5], "y": [7.5435791015625, 5.904548645019531, 8.432920455932617, 7.0428948402404785, 9.249765396118164, 7.752196311950684], "params": [2.3551082611083984, 3.3505635261535645, 4.372037887573242, 3.3353018760681152, 0.25, 1.0, 5.054122447967529]}