{"x": [0, 1, 2, 3, 4, 5], "y": [6.607505798339844, 2.3692939281463623, 6.531390190124512, 3.9863951206207275, 7.895147800445557, 3.882272243499756], "params": [1.4105496406555176, -4.510563850402832, 2.821810245513916, 8.533329963684082, 0.25, 1.0, 9.422990798950195]}