{"x": [0, 1, 2, 3, 4, 5], "y": [6.82916259765625, 3.795480728149414, 7.878617286682129, 5.317330837249756, 9.223976135253906, 7.089521408081055], "params": [4.554898262023926, -1.8285250663757324, 8.367982864379883, 6.4767632484436035, 0.25, 1.0, 7.847265243530273]}