{"x": [0, 1, 2, 3, 4, 5], "y": [2.5988054275512695, 2.389700412750244, 3.0031721591949463, 2.708770990371704, 3.4741568565368652, 3.159956693649292], "params": [0.8583661913871765, -3.8781089782714844, 1.9966087341308594, 0.758289098739624, 0.25, 1.0, 1.0467333793640137]}