{"x": [0, 1, 2, 3, 4, 5], "y": [5.968588829040527, 2.553287982940674, 8.179542541503906, 3.585813283920288, 8.150688171386719, 5.740535259246826], "params": [2.6399106979370117, -2.4068613052368164, 5.557343006134033, 7.138986110687256, 0.25, 1.0, 8.960770606994629]}