{"x": [0, 1, 2, 3, 4, 5], "y": [7.688966751098633, 6.715085029602051, 8.742477416992188, 7.742983341217041, 10.91879653930664, 9.6602201461792], "params": [4.604663848876953, 3.9770383834838867, 8.253190040588379, 4.21109676361084, 0.25, 1.0, 4.984672546386719]}