{"x": [0, 1, 2, 3, 4, 5], "y": [12.557364463806152, 5.436731338500977, 12.714679718017578, 6.543386459350586, 13.955934524536133, 6.624048709869385], "params": [0.9831154346466064, -1.2706154584884644, 2.7362465858459473, 14.006803512573242, 0.25, 1.0, 14.302160263061523]}