{"x": [0, 1, 2, 3, 4, 5], "y": [7.031703948974609, 4.395838737487793, 7.787161350250244, 4.686671257019043, 9.763522148132324, 6.706808567047119], "params": [3.1711411476135254, -1.533159613609314, 7.542195796966553, 7.095503330230713, 0.25, 1.0, 8.239114761352539]}