{"x": [0, 1, 2, 3, 4, 5], "y": [6.3514862060546875, 3.9113261699676514, 7.38198184967041, 5.191299915313721, 8.435924530029297, 6.275691509246826], "params": [2.2875726222991943, 0.09091079235076904, 4.803203582763672, 5.366095542907715, 0.25, 1.0, 5.976577281951904]}