{"x": [0, 1, 2, 3, 4, 5], "y": [3.097261905670166, 3.201277494430542, 5.160284996032715, 5.1678290367126465, 6.866334915161133, 6.5056233406066895], "params": [4.726963996887207, -1.539219617843628, 9.215424537658691, 2.0541491508483887, 0.25, 1.0, 2.5886032581329346]}