{"x": [0, 1, 2, 3, 4, 5], "y": [5.61060905456543, 3.1475675106048584, 7.220867156982422, 5.226097106933594, 8.565814971923828, 6.379361152648926], "params": [3.5895559787750244, -2.8505725860595703, 8.150232315063477, 5.975157737731934, 0.25, 1.0, 6.686164855957031]}