{"x": [0, 1, 2, 3, 4, 5], "y": [6.395343780517578, 4.310576438903809, 7.761658668518066, 4.668364524841309, 8.902878761291504, 5.344305992126465], "params": [1.8886131048202515, -2.6126742362976074, 4.828280448913574, 6.42591667175293, 0.25, 1.0, 7.727780342102051]}