{"x": [0, 1, 2, 3, 4, 5], "y": [13.47822380065918, 7.946192264556885, 14.4281005859375, 8.92984676361084, 15.806766510009766, 10.339546203613281], "params": [3.103424072265625, 4.392663955688477, 5.98979377746582, 12.417576789855957, 0.25, 1.0, 13.1206693649292]}