{"x": [0, 1, 2, 3, 4, 5], "y": [9.589519500732422, 4.456682205200195, 9.846052169799805, 5.137517929077148, 10.758321762084961, 5.5000081062316895], "params": [1.6956558227539062, -1.1588537693023682, 2.456606388092041, 10.464829444885254, 0.25, 1.0, 11.007915496826172]}