{"x": [0, 1, 2, 3, 4, 5], "y": [7.479040145874023, 3.5691163539886475, 8.087372779846191, 4.674224376678467, 9.055963516235352, 5.22585391998291], "params": [2.684014320373535, -3.4385509490966797, 5.081540584564209, 8.689963340759277, 0.25, 1.0, 9.587911605834961]}