{"x": [0, 1, 2, 3, 4, 5], "y": [7.640183925628662, 4.969808578491211, 8.36843204498291, 7.167461395263672, 10.30847454071045, 8.803753852844238], "params": [4.1616668701171875, 2.858428478240967, 8.014914512634277, 5.093186855316162, 0.25, 1.0, 6.437832832336426]}