{"x": [0, 1, 2, 3, 4, 5], "y": [12.298440933227539, 5.7376203536987305, 13.035274505615234, 5.931072235107422, 14.484029769897461, 7.371158599853516], "params": [1.901106834411621, 0.2650630474090576, 4.562828063964844, 14.985532760620117, 0.25, 1.0, 15.493119239807129]}