{"x": [0, 1, 2, 3, 4, 5], "y": [5.271845817565918, 4.243077278137207, 6.129249572753906, 4.6529083251953125, 6.043828964233398, 4.240443229675293], "params": [0.8044573664665222, -3.091326951980591, 1.9852662086486816, 3.6693003177642822, 0.25, 1.0, 4.017176151275635]}