{"x": [0, 1, 2, 3, 4, 5], "y": [4.9480061531066895, 2.644420623779297, 5.42567253112793, 2.879828929901123, 5.213494300842285, 4.204770565032959], "params": [0.5794385075569153, -4.325315952301025, 2.8882293701171875, 4.5197224617004395, 0.25, 1.0, 4.83776330947876]}