{"x": [0, 1, 2, 3, 4, 5], "y": [3.320096492767334, 3.244744300842285, 3.8012170791625977, 4.29620885848999, 4.897358417510986, 4.1791486740112305], "params": [1.3678393363952637, -2.464358329772949, 2.901820659637451, 0.23961156606674194, 0.25, 1.0, 1.4966003894805908]}