{"x": [0, 1, 2, 3, 4, 5], "y": [5.380789756774902, 6.097679138183594, 7.659562110900879, 7.584545135498047, 9.465222358703613, 9.1173734664917], "params": [4.953845500946045, 4.08965539932251, 9.434484481811523, 1.865691900253296, 0.25, 1.0, 2.3971304893493652]}