{"x": [0, 1, 2, 3, 4, 5], "y": [4.017126083374023, 3.9870810508728027, 5.154275894165039, 5.623379707336426, 7.606893062591553, 7.294981956481934], "params": [4.240766525268555, 0.4524087905883789, 8.506366729736328, 0.9532284736633301, 0.25, 1.0, 1.9506548643112183]}