{"x": [0, 1, 2, 3, 4, 5], "y": [5.165771484375, 3.39142107963562, 5.257354736328125, 4.0985517501831055, 4.832674026489258, 4.010623455047607], "params": [0.26659905910491943, -2.1550230979919434, 1.5620980262756348, 2.5600881576538086, 0.25, 1.0, 2.3614349365234375]}