{"x": [0, 1, 2, 3, 4, 5], "y": [8.156381607055664, 0.6259217262268066, 7.969836711883545, 1.2356232404708862, 8.048612594604492, 1.3794479370117188], "params": [13.987109184265137, 0.25, 1.0, 15.060919761657715]}