{"x": [0, 1, 2, 3, 4, 5], "y": [4.4755964279174805, 1.1398718357086182, 4.545094013214111, 1.442614197731018, 4.60781717300415, 1.0380195379257202], "params": [7.106352806091309, 0.25, 1.0, 7.139595031738281]}