{"x": [0, 1, 2, 3, 4, 5], "y": [3.759756088256836, 1.3470851182937622, 3.3851616382598877, 0.7887812852859497, 3.540686845779419, 0.781849205493927], "params": [5.501763343811035, 0.25, 1.0, 5.955813884735107]}