{"x": [0, 1, 2, 3, 4, 5], "y": [3.260175943374634, 0.020726248621940613, 3.1842594146728516, 0.3134852945804596, 3.1607511043548584, -0.157682403922081], "params": [5.824079513549805, 0.25, 1.0, 6.835716724395752]}