{"x": [0, 1, 2, 3, 4, 5], "y": [7.097814559936523, 1.5559872388839722, 6.818910121917725, 1.5952208042144775, 6.71877908706665, 1.6484111547470093], "params": [10.627811431884766, 0.25, 1.0, 11.083654403686523]}