{"x": [0, 1, 2, 3, 4, 5], "y": [4.385578155517578, 0.5770061016082764, 4.417056083679199, 0.9362674355506897, 4.30772590637207, 1.1835527420043945], "params": [6.879687786102295, 0.25, 1.0, 7.680099964141846]}