{"x": [0, 1, 2, 3, 4, 5], "y": [5.070971965789795, 0.049065373837947845, 5.368528366088867, -0.23915643990039825, 5.333010196685791, -0.19513501226902008], "params": [10.042326927185059, 0.25, 1.0, 11.21536922454834]}