{"x": [0, 1, 2, 3, 4, 5], "y": [3.316934585571289, -0.1838560402393341, 3.210272789001465, 0.0825212299823761, 2.8806169033050537, -0.13218887150287628], "params": [5.596317291259766, 0.25, 1.0, 7.001581192016602]}