{"x": [0, 1, 2, 3, 4, 5], "y": [7.4964280128479, 0.8788608312606812, 7.992490768432617, 0.24141278862953186, 7.828200817108154, 0.3884497880935669], "params": [14.283581733703613, 0.25, 1.0, 15.502156257629395]}