{"x": [0, 1, 2, 3, 4, 5], "y": [3.8527908325195312, 0.2733297049999237, 3.6232213973999023, 0.5775222778320312, 3.6349918842315674, 0.4441491961479187], "params": [7.117368698120117, 0.25, 1.0, 7.15892219543457]}