{"x": [0, 1, 2, 3, 4, 5], "y": [6.091427803039551, 0.4518762230873108, 6.235754013061523, 0.6815235018730164, 6.492426872253418, 0.6978535056114197], "params": [11.748934745788574, 0.25, 1.0, 12.081101417541504]}