{"x": [0, 1, 2, 3, 4, 5], "y": [4.155514717102051, 1.0917093753814697, 4.811027526855469, 0.4649809002876282, 4.517185211181641, 0.48362988233566284], "params": [8.473503112792969, 0.25, 1.0, 8.692092895507812]}