{"x": [0, 1, 2, 3, 4, 5], "y": [4.5014214515686035, 0.24857421219348907, 4.65301513671875, 0.4676874279975891, 4.588561534881592, -0.20700237154960632], "params": [7.890048980712891, 0.25, 1.0, 9.7200345993042]}