{"x": [0, 1, 2, 3, 4, 5], "y": [6.33366584777832, 0.05599448084831238, 6.352474689483643, 0.05936688184738159, 6.026434421539307, 0.1278546303510666], "params": [11.643449783325195, 0.25, 1.0, 12.592960357666016]}