{"x": [0, 1, 2, 3, 4, 5], "y": [8.472663879394531, 1.3182061910629272, 8.862926483154297, 1.3019148111343384, 8.735754013061523, 0.7741299867630005], "params": [14.79963207244873, 0.25, 1.0, 16.177593231201172]}