{"x": [0, 1, 2, 3, 4, 5], "y": [3.274527072906494, 0.16974270343780518, 3.4254467487335205, 0.6454256176948547, 2.941331386566162, 0.13937167823314667], "params": [5.908796787261963, 0.25, 1.0, 6.572150230407715]}