{"x": [0, 1, 2, 3, 4, 5], "y": [7.886728763580322, 0.5957317352294922, 7.5437846183776855, 0.5707789063453674, 7.995120525360107, 0.37984275817871094], "params": [14.900259017944336, 0.25, 1.0, 15.230555534362793]}