{"x": [0, 1, 2, 3, 4, 5], "y": [4.4428391456604, -0.43105795979499817, 4.323670387268066, -0.07405292242765427, 4.361117362976074, 0.18369662761688232], "params": [8.834181785583496, 0.25, 1.0, 9.747794151306152]}