{"x": [0, 1, 2, 3, 4, 5], "y": [6.34818696975708, 0.954193115234375, 6.368729114532471, 1.2111316919326782, 6.5058441162109375, 0.6412013173103333], "params": [11.490184783935547, 0.25, 1.0, 11.72928524017334]}