{"x": [0, 1, 2, 3, 4, 5], "y": [8.141838073730469, 1.3350963592529297, 8.300063133239746, 1.8232516050338745, 9.028976440429688, 1.881833553314209], "params": [13.81869888305664, 0.25, 1.0, 15.387760162353516]}