{"x": [0, 1, 2, 3, 4, 5], "y": [7.783176898956299, 0.8205153942108154, 7.752379894256592, 1.0283321142196655, 8.061342239379883, 0.8990891575813293], "params": [13.58104133605957, 0.25, 1.0, 14.481653213500977]}