{"x": [0, 1, 2, 3, 4, 5], "y": [5.588291645050049, 1.1532647609710693, 5.878839015960693, 1.4292559623718262, 5.8389692306518555, 1.2922611236572266], "params": [8.708720207214355, 0.25, 1.0, 9.451148986816406]}