{"x": [0, 1, 2, 3, 4, 5], "y": [6.000860691070557, 1.2897639274597168, 5.055485248565674, 1.0507583618164062, 4.812519550323486, 0.6619963645935059], "params": [9.206067085266113, 0.25, 1.0, 10.677728652954102]}