{"x": [0, 1, 2, 3, 4, 5], "y": [7.502838134765625, 1.155285120010376, 7.214590549468994, 1.4673817157745361, 7.601726055145264, 1.5885275602340698], "params": [12.076716423034668, 0.25, 1.0, 12.892881393432617]}