{"x": [0, 1, 2, 3, 4, 5], "y": [4.08475923538208, 1.0547938346862793, 4.136417865753174, 0.6657348275184631, 4.006389141082764, 0.39828798174858093], "params": [7.01082706451416, 0.25, 1.0, 7.476259708404541]}