{"x": [0, 1, 2, 3, 4, 5], "y": [5.124673843383789, 0.41208523511886597, 4.916934967041016, -0.058940500020980835, 5.38499641418457, 0.2723637819290161], "params": [9.655445098876953, 0.25, 1.0, 10.887873649597168]}