{"x": [0, 1, 2, 3, 4, 5], "y": [3.9249751567840576, 0.5361047983169556, 3.799954414367676, 0.10700619220733643, 4.046442031860352, 0.21597333252429962], "params": [6.866095542907715, 0.25, 1.0, 7.878871917724609]}