{"x": [0, 1, 2, 3, 4, 5], "y": [7.087579250335693, 1.601675033569336, 7.000128746032715, 2.0269293785095215, 6.847597122192383, 2.290674924850464], "params": [10.519619941711426, 0.25, 1.0, 10.971808433532715]}