{"x": [0, 1, 2, 3, 4, 5], "y": [6.886175155639648, 1.4261754751205444, 6.762943267822266, 1.2436503171920776, 6.836038112640381, 1.5257952213287354], "params": [10.794991493225098, 0.25, 1.0, 11.285049438476562]}