{"x": [0, 1, 2, 3, 4, 5], "y": [4.139104843139648, 0.7963610887527466, 3.8298702239990234, 0.3144906461238861, 3.9822566509246826, 0.26409876346588135], "params": [6.619472980499268, 0.25, 1.0, 7.750012397766113]}