{"x": [0, 1, 2, 3, 4, 5], "y": [3.9767796993255615, 0.42067816853523254, 4.200793743133545, 0.36483034491539, 3.8663148880004883, 0.03185585141181946], "params": [6.864278793334961, 0.25, 1.0, 8.337875366210938]}