{"x": [0, 1, 2, 3, 4, 5], "y": [3.1953258514404297, 0.32602620124816895, 3.0227253437042236, 0.10151112824678421, 3.376821994781494, -0.18076752126216888], "params": [6.040797233581543, 0.25, 1.0, 7.115179061889648]}