{"x": [0, 1, 2, 3, 4, 5], "y": [3.236091375350952, 0.19058190286159515, 3.1999239921569824, 0.4153481721878052, 3.2245469093322754, 0.40254104137420654], "params": [5.929531097412109, 0.25, 1.0, 6.091019153594971]}