{"x": [0, 1, 2, 3, 4, 5], "y": [7.982383728027344, 1.4494298696517944, 7.7060651779174805, 1.3524153232574463, 7.637049198150635, 0.8221617937088013], "params": [13.01122760772705, 0.25, 1.0, 14.320444107055664]}