{"x": [0, 1, 2, 3, 4, 5], "y": [4.464836120605469, 0.9548172354698181, 4.358682632446289, 1.0413234233856201, 4.950666427612305, 1.1252719163894653], "params": [7.2799201011657715, 0.25, 1.0, 7.991698265075684]}