{"x": [0, 1, 2, 3, 4, 5], "y": [4.613173484802246, 0.362955778837204, 4.737575054168701, 0.5819671154022217, 4.790286540985107, 0.31557807326316833], "params": [9.358931541442871, 0.25, 1.0, 8.949417114257812]}