{"x": [0, 1, 2, 3, 4, 5], "y": [8.481754302978516, 1.465258002281189, 8.757025718688965, 1.2895175218582153, 8.516670227050781, 1.476606011390686], "params": [14.347770690917969, 0.25, 1.0, 14.935016632080078]}