{"x": [0, 1, 2, 3, 4, 5], "y": [5.720066070556641, -0.09783192723989487, 6.015779972076416, -0.01696145161986351, 6.157236576080322, 0.11256404221057892], "params": [11.627617835998535, 0.25, 1.0, 12.510136604309082]}