{"x": [0, 1, 2, 3, 4, 5], "y": [8.675957679748535, 1.996642827987671, 8.146181106567383, 2.238363027572632, 8.460219383239746, 2.085798740386963], "params": [13.173192977905273, 0.25, 1.0, 13.35862922668457]}