{"x": [0, 1, 2, 3, 4, 5], "y": [6.3500518798828125, 0.856447160243988, 6.41896390914917, 0.9132949709892273, 6.120265960693359, 0.9681239128112793], "params": [11.08932113647461, 0.25, 1.0, 11.125033378601074]}