{"x": [0, 1, 2, 3, 4, 5], "y": [5.869072437286377, 0.4297581911087036, 5.545127868652344, 0.640643835067749, 5.773835182189941, 0.8451154232025146], "params": [10.26319408416748, 0.25, 1.0, 10.878628730773926]}