{"x": [0, 1, 2, 3, 4, 5], "y": [4.725697994232178, 0.38159847259521484, 5.218381881713867, 1.2684364318847656, 5.0731892585754395, 1.0999538898468018], "params": [8.20656681060791, 0.25, 1.0, 9.673566818237305]}