{"x": [0, 1, 2, 3, 4, 5], "y": [8.065451622009277, 1.5517185926437378, 8.013792991638184, 1.198920726776123, 8.072771072387695, 1.713917851448059], "params": [13.132101058959961, 0.25, 1.0, 13.747700691223145]}