{"x": [0, 1, 2, 3, 4, 5], "y": [5.01527738571167, 5.304622173309326, 6.415884494781494, 6.766225814819336, 7.328892707824707, 7.572092533111572], "params": [2.92446231842041, 2.8052191734313965, 5.113630294799805]}