{"x": [0, 1, 2, 3, 4, 5], "y": [5.297856330871582, 6.204625129699707, 6.6059441566467285, 6.51270866394043, 6.790953636169434, 7.542795181274414], "params": [2.121769666671753, 3.130547523498535, 4.489877700805664]}