{"x": [0, 1, 2, 3, 4, 5], "y": [5.016148567199707, 5.933193206787109, 7.232417106628418, 7.512536525726318, 8.368776321411133, 9.33207893371582], "params": [3.853853702545166, 4.677628993988037, 8.631860733032227]}