{"x": [0, 1, 2, 3, 4, 5], "y": [4.129344463348389, 4.247798442840576, 5.122262954711914, 6.179076671600342, 7.346704483032227, 7.687956809997559], "params": [4.100590705871582, 1.4513534307479858, 7.11722469329834]}