{"x": [0, 1, 2, 3, 4, 5], "y": [2.7061052322387695, 3.391244888305664, 4.486329555511475, 5.03274393081665, 5.302645683288574, 6.034909725189209], "params": [3.4334914684295654, -0.664215087890625, 6.657608985900879]}