{"x": [0, 1, 2, 3, 4, 5], "y": [3.1112217903137207, 3.4306185245513916, 4.357534408569336, 5.225661754608154, 5.684432029724121, 6.477158546447754], "params": [3.602160930633545, -0.6824672222137451, 6.731873512268066]}