{"x": [0, 1, 2, 3, 4, 5], "y": [1.2131270170211792, 2.275704860687256, 3.115180015563965, 3.7074954509735107, 4.689359664916992, 5.7168192863464355], "params": [4.13824462890625, -3.164891004562378, 9.007384300231934]}