{"x": [0, 1, 2, 3, 4, 5], "y": [5.090950012207031, 6.192663669586182, 7.096266746520996, 7.752686023712158, 8.758951187133789, 9.03429889678955], "params": [4.1459455490112305, 4.555690765380859, 7.886697769165039]}