{"x": [0, 1, 2, 3, 4, 5], "y": [0.7844310998916626, 1.6272221803665161, 2.495039224624634, 3.066697359085083, 3.6547584533691406, 4.294694423675537], "params": [2.923762083053589, -4.788265228271484, 7.020526885986328]}