{"x": [0, 1, 2, 3, 4, 5], "y": [4.924262046813965, 6.102953910827637, 6.370330810546875, 6.625140190124512, 7.205302715301514, 7.761702537536621], "params": [2.6032121181488037, 3.117208480834961, 5.6748809814453125]}