{"x": [0, 1, 2, 3, 4, 5], "y": [5.267518997192383, 5.872628211975098, 6.272428512573242, 7.147271156311035, 8.002049446105957, 8.00938892364502], "params": [2.7852859497070312, 3.406059741973877, 5.483739852905273]}