{"x": [0, 1, 2, 3, 4, 5], "y": [3.8411765098571777, 4.631024360656738, 6.231223106384277, 6.31246280670166, 7.580076217651367, 8.496170043945312], "params": [4.421924114227295, 2.2520697116851807, 9.30998706817627]}