{"x": [0, 1, 2, 3, 4, 5], "y": [4.377415657043457, 4.423620700836182, 5.22540807723999, 5.680644512176514, 6.301705360412598, 6.072692394256592], "params": [2.6624021530151367, 0.36538779735565186, 3.8485794067382812]}