{"x": [0, 1, 2, 3, 4, 5], "y": [5.825267314910889, 5.858725547790527, 6.408154487609863, 7.178687572479248, 7.968340873718262, 7.5702972412109375], "params": [2.1954641342163086, 3.705738067626953, 4.286147117614746]}