{"x": [0, 1, 2, 3, 4, 5], "y": [3.239961624145508, 3.6056013107299805, 4.176338195800781, 4.949285507202148, 6.050639629364014, 6.561535835266113], "params": [3.7400035858154297, -0.4448854923248291, 6.643148422241211]}