{"x": [0, 1, 2, 3, 4, 5], "y": [3.7769651412963867, 4.349369525909424, 4.994658946990967, 6.157994270324707, 6.7538323402404785, 7.251845359802246], "params": [3.4650702476501465, 1.69150710105896, 6.949760437011719]}