{"x": [0, 1, 2, 3, 4, 5], "y": [3.1471481323242188, 3.9201765060424805, 4.207443714141846, 5.042325496673584, 5.854842662811279, 6.580900192260742], "params": [2.831113815307617, -0.04599630832672119, 6.867504119873047]}