{"x": [0, 1, 2, 3, 4, 5], "y": [4.095482349395752, 4.783952236175537, 4.4022955894470215, 5.834906578063965, 6.064122200012207, 6.814363956451416], "params": [2.7337076663970947, 0.2605491876602173, 5.437763214111328]}