{"x": [0, 1, 2, 3, 4, 5], "y": [4.490291595458984, 4.781073570251465, 5.889718055725098, 6.1251912117004395, 6.910066604614258, 8.032712936401367], "params": [3.4607670307159424, 1.9756507873535156, 7.084842681884766]}