{"x": [0, 1, 2, 3, 4, 5], "y": [2.309652805328369, 3.421201467514038, 4.074914932250977, 5.064453125, 5.922502040863037, 6.915651321411133], "params": [4.948086261749268, -0.8973515033721924, 9.211997032165527]}