{"x": [0, 1, 2, 3, 4, 5], "y": [4.377097129821777, 4.918001651763916, 5.981411933898926, 6.379829406738281, 7.69827938079834, 7.476018905639648], "params": [3.0180299282073975, 2.419949769973755, 6.642364501953125]}