{"x": [0, 1, 2, 3, 4, 5], "y": [0.42454129457473755, 1.3766642808914185, 2.4480397701263428, 2.8667471408843994, 4.608773231506348, 4.977455139160156], "params": [4.8724846839904785, -4.3973259925842285, 9.105827331542969]}