{"x": [0, 1, 2, 3, 4, 5], "y": [1.103050708770752, 1.9407918453216553, 2.2609610557556152, 3.456143379211426, 4.403297424316406, 4.778056621551514], "params": [3.681313991546631, -4.172703742980957, 7.350011825561523]}