{"x": [0, 1, 2, 3, 4, 5], "y": [1.9856284856796265, 2.9727749824523926, 3.8557071685791016, 4.995248317718506, 5.7934699058532715, 6.693918228149414], "params": [4.904284954071045, -1.2538135051727295, 9.416579246520996]}