{"x": [0, 1, 2, 3, 4, 5], "y": [3.731710910797119, 4.278588771820068, 4.653988361358643, 5.078517913818359, 5.567182540893555, 6.104945182800293], "params": [2.089946985244751, -0.15072762966156006, 4.746468544006348]}