{"x": [0, 1, 2, 3, 4, 5], "y": [3.7388429641723633, 4.890490531921387, 4.799618244171143, 5.652719974517822, 5.942572593688965, 6.443548202514648], "params": [2.3685929775238037, 0.4971963167190552, 5.40941047668457]}