{"x": [0, 1, 2, 3, 4, 5], "y": [2.297463893890381, 2.963827133178711, 3.688066244125366, 4.608414649963379, 4.914434909820557, 5.264517784118652], "params": [3.339801788330078, -1.956987977027893, 5.934107780456543]}