{"x": [0, 1, 2, 3, 4, 5], "y": [3.2125368118286133, 4.523130416870117, 5.546050548553467, 6.406262397766113, 7.287243366241455, 8.470443725585938], "params": [4.810896396636963, 1.9205063581466675, 10.515813827514648]}