{"x": [0, 1, 2, 3, 4, 5], "y": [1.728968620300293, 2.5002808570861816, 2.785125970840454, 3.502880096435547, 3.7762298583984375, 4.533349990844727], "params": [2.6714529991149902, -3.818411350250244, 5.608762741088867]}