{"x": [0, 1, 2, 3, 4, 5], "y": [0.31501391530036926, 1.5431615114212036, 2.3228275775909424, 3.7185704708099365, 4.368081092834473, 5.71569299697876], "params": [4.722691535949707, -4.070000171661377, 10.801358222961426]}