{"x": [0, 1, 2, 3, 4, 5], "y": [5.560525417327881, 6.000743865966797, 6.837698459625244, 7.681110858917236, 8.45728588104248, 9.382482528686523], "params": [3.854304552078247, 4.62734317779541, 7.643914222717285]}