{"x": [0, 1, 2, 3, 4, 5], "y": [0.6749750375747681, 1.8620989322662354, 2.360218048095703, 2.8547728061676025, 3.800107002258301, 4.537853240966797], "params": [3.2107272148132324, -4.570093154907227, 7.725756645202637]}