{"x": [0, 1, 2, 3, 4, 5], "y": [2.085202217102051, 2.2893335819244385, 2.518218517303467, 3.131218910217285, 3.975111484527588, 4.133579254150391], "params": [2.573756456375122, -4.063169479370117, 4.09675407409668]}