{"x": [0, 1, 2, 3, 4, 5], "y": [4.611860752105713, 5.421117305755615, 6.713834762573242, 7.162301540374756, 8.056803703308105, 9.302928924560547], "params": [4.2450852394104, 3.772676467895508, 9.382136344909668]}