{"x": [0, 1, 2, 3, 4, 5], "y": [1.6226636171340942, 2.9754183292388916, 3.902024507522583, 4.861847877502441, 5.334805011749268, 6.39263916015625], "params": [4.969798564910889, -1.767072081565857, 9.53995132446289]}