{"x": [0, 1, 2, 3, 4, 5], "y": [6.151165008544922, 5.695562362670898, 7.019685745239258, 7.111728191375732, 7.447996616363525, 8.217216491699219], "params": [2.4192967414855957, 3.848771572113037, 5.043308258056641]}