{"x": [0, 1, 2, 3, 4, 5], "y": [4.412932872772217, 5.3498382568359375, 6.306298732757568, 6.18654203414917, 7.101468086242676, 7.696609973907471], "params": [2.9471538066864014, 2.5544703006744385, 6.567354202270508]}