{"x": [0, 1, 2, 3, 4, 5], "y": [4.800693988800049, 5.634448051452637, 6.787363052368164, 7.285787582397461, 8.266878128051758, 9.330026626586914], "params": [4.6162614822387695, 3.802536725997925, 9.05866527557373]}