{"x": [0, 1, 2, 3, 4, 5], "y": [2.365229368209839, 3.080648899078369, 3.6596364974975586, 4.4088335037231445, 4.7855939865112305, 5.248828887939453], "params": [2.928269147872925, -2.333916425704956, 5.7671990394592285]}