{"x": [0, 1, 2, 3, 4, 5], "y": [4.451663017272949, 5.299890041351318, 5.033040523529053, 5.958280563354492, 6.314894199371338, 6.75778341293335], "params": [2.0556442737579346, 1.234511137008667, 4.612240791320801]}