{"x": [0, 1, 2, 3, 4, 5], "y": [0.6434282660484314, 1.8036441802978516, 2.614353656768799, 3.576882839202881, 4.5419745445251465, 5.793864727020264], "params": [4.986969947814941, -3.7540392875671387, 10.300872802734375]}