{"x": [0, 1, 2, 3, 4, 5], "y": [4.342451572418213, 4.890075206756592, 5.330490589141846, 6.089061260223389, 7.039395332336426, 7.2242326736450195], "params": [3.0674824714660645, 1.4738059043884277, 5.763562202453613]}