{"x": [0, 1, 2, 3, 4, 5], "y": [1.0531610250473022, 2.2781882286071777, 2.3826816082000732, 3.9854352474212646, 4.7993879318237305, 5.171488285064697], "params": [4.258309841156006, -3.3981494903564453, 8.236654281616211]}