{"x": [0, 1, 2, 3, 4, 5], "y": [3.846184492111206, 4.603242874145508, 5.652524471282959, 6.272292613983154, 7.825776100158691, 8.483691215515137], "params": [4.86649227142334, 2.1587629318237305, 9.275012969970703]}