{"x": [0, 1, 2, 3, 4, 5], "y": [2.060642719268799, 2.7466399669647217, 3.6254241466522217, 5.02700138092041, 6.005126953125, 6.731688022613525], "params": [4.649992942810059, -1.6401779651641846, 9.342090606689453]}