{"x": [0, 1, 2, 3, 4, 5], "y": [4.952312469482422, 5.487452507019043, 5.773632526397705, 6.0096330642700195, 6.40817928314209, 6.690072059631348], "params": [2.3356356620788574, 2.0446510314941406, 3.4755191802978516]}