{"x": [0, 1, 2, 3, 4, 5], "y": [3.8901593685150146, 4.637781620025635, 5.332676410675049, 6.241661548614502, 6.806145668029785, 7.265799045562744], "params": [3.5052123069763184, 1.1795729398727417, 6.751279354095459]}