{"x": [0, 1, 2, 3, 4, 5], "y": [5.640889644622803, 6.741317272186279, 7.1883697509765625, 7.799531936645508, 8.09858512878418, 9.09164047241211], "params": [3.5780763626098633, 4.725704193115234, 6.901501655578613]}