{"x": [0, 1, 2, 3, 4, 5], "y": [3.8464274406433105, 4.47750186920166, 5.692479610443115, 7.041550636291504, 7.900506973266602, 8.399154663085938], "params": [4.516988754272461, 2.564816951751709, 9.105454444885254]}