{"x": [0, 1, 2, 3, 4, 5], "y": [4.930898189544678, 6.119784832000732, 6.861076354980469, 7.631015300750732, 8.794269561767578, 9.626749038696289], "params": [4.553895473480225, 4.7333855628967285, 9.391701698303223]}