{"x": [0, 1, 2, 3, 4, 5], "y": [4.333416938781738, 4.915472507476807, 6.128337860107422, 7.161157131195068, 7.60841703414917, 8.762898445129395], "params": [4.456103801727295, 3.091247081756592, 8.858963012695312]}