{"x": [0, 1, 2, 3, 4, 5], "y": [11.010551452636719, 6.031679153442383, 12.18252944946289, 7.493550777435303, 13.640157699584961, 8.137145042419434], "params": [2.350085735321045, 2.6512508392333984, 5.040337562561035, 11.748934745788574, 0.25, 1.0, 12.081101417541504]}