{"x": [0, 1, 2, 3, 4, 5], "y": [13.043743133544922, 7.295152187347412, 14.193794250488281, 8.568370819091797, 15.375985145568848, 9.307472229003906], "params": [3.4392459392547607, 3.859272003173828, 6.847902297973633, 13.01122760772705, 0.25, 1.0, 14.320444107055664]}