{"x": [0, 1, 2, 3, 4, 5], "y": [9.013916015625, 5.938175678253174, 10.919809341430664, 7.757594108581543, 12.3841552734375, 8.472746849060059], "params": [3.8879995346069336, 3.3194808959960938, 8.33450984954834, 7.890048980712891, 0.25, 1.0, 9.7200345993042]}