{"x": [0, 1, 2, 3, 4, 5], "y": [10.990951538085938, 6.345314979553223, 13.241188049316406, 8.124070167541504, 13.668590545654297, 8.788599014282227], "params": [3.1958043575286865, 3.023503303527832, 6.359149932861328, 11.08932113647461, 0.25, 1.0, 11.125033378601074]}