{"x": [0, 1, 2, 3, 4, 5], "y": [11.798873901367188, 5.456342697143555, 12.474315643310547, 7.2154011726379395, 14.648460388183594, 8.264107704162598], "params": [2.831113815307617, -0.04599630832672119, 6.867504119873047, 13.166816711425781, 0.25, 1.0, 14.514902114868164]}