{"x": [0, 1, 2, 3, 4, 5], "y": [5.212453842163086, 2.8902173042297363, 6.923865795135498, 4.816330909729004, 8.395989418029785, 5.768400192260742], "params": [3.681313991546631, -4.172703742980957, 7.350011825561523, 6.258936882019043, 0.25, 1.0, 7.4269585609436035]}