{"x": [0, 1, 2, 3, 4, 5], "y": [9.251211166381836, 5.837057113647461, 10.525867462158203, 6.612265110015869, 10.390472412109375, 8.01095962524414], "params": [2.121769666671753, 3.130547523498535, 4.489877700805664, 7.145424842834473, 0.25, 1.0, 8.641845703125]}