{"x": [0, 1, 2, 3, 4, 5], "y": [11.167573928833008, 6.253228187561035, 12.465400695800781, 8.056290626525879, 14.945670127868652, 9.015382766723633], "params": [3.591407299041748, 3.4086804389953613, 7.321063995361328, 11.560803413391113, 0.25, 1.0, 12.392595291137695]}