{"x": [0, 1, 2, 3, 4, 5], "y": [5.003495693206787, 2.6700234413146973, 6.210572719573975, 4.148305892944336, 6.7175612449646, 4.672721862792969], "params": [2.6714529991149902, -3.818411350250244, 5.608762741088867, 5.908796787261963, 0.25, 1.0, 6.572150230407715]}