{"x": [0, 1, 2, 3, 4, 5], "y": [6.449334621429443, 1.9953862428665161, 8.43019962310791, 4.094151020050049, 10.416667938232422, 6.217117786407471], "params": [4.722691535949707, -4.070000171661377, 10.801358222961426, 11.593406677246094, 0.25, 1.0, 11.517480850219727]}