{"x": [0, 1, 2, 3, 4, 5], "y": [7.762071132659912, 2.5600852966308594, 9.561803817749023, 4.007225036621094, 11.17613697052002, 5.533767223358154], "params": [4.327121257781982, -2.6150636672973633, 7.955014228820801, 11.643449783325195, 0.25, 1.0, 12.592960357666016]}