{"x": [0, 1, 2, 3, 4, 5], "y": [9.678058624267578, 6.132055282592773, 10.031375885009766, 7.756209850311279, 11.60333251953125, 8.014446258544922], "params": [2.1954641342163086, 3.705738067626953, 4.286147117614746, 7.117368698120117, 0.25, 1.0, 7.15892219543457]}