{"x": [0, 1, 2, 3, 4, 5], "y": [13.020145416259766, 7.938387870788574, 15.809216499328613, 9.622549057006836, 16.88471221923828, 10.725166320800781], "params": [4.1459455490112305, 4.555690765380859, 7.886697769165039, 13.2518892288208, 0.25, 1.0, 14.044164657592773]}