{"x": [0, 1, 2, 3, 4, 5], "y": [8.921798706054688, 6.567109107971191, 11.344430923461914, 7.596741676330566, 11.777301788330078, 9.775300979614258], "params": [3.853853702545166, 4.677628993988037, 8.631860733032227, 6.489748477935791, 0.25, 1.0, 8.055618286132812]}