{"x": [0, 1, 2, 3, 4, 5], "y": [9.879634857177734, 4.507833003997803, 11.530466079711914, 6.589988708496094, 13.455318450927734, 8.462507247924805], "params": [4.753807067871094, 0.5535352230072021, 8.618060111999512, 11.801902770996094, 0.25, 1.0, 12.544695854187012]}