{"x": [0, 1, 2, 3, 4, 5], "y": [7.586730003356934, 3.3296451568603516, 7.9907732009887695, 4.598793029785156, 9.13387680053711, 5.795594692230225], "params": [3.426955223083496, -3.3839547634124756, 7.095458030700684, 9.206067085266113, 0.25, 1.0, 10.677728652954102]}