{"x": [0, 1, 2, 3, 4, 5], "y": [9.423033714294434, 6.964337348937988, 11.083456039428711, 7.612252235412598, 12.519234657287598, 8.493019104003906], "params": [2.7852859497070312, 3.406059741973877, 5.483739852905273, 8.473503112792969, 0.25, 1.0, 8.692092895507812]}