{"x": [0, 1, 2, 3, 4, 5], "y": [9.92945671081543, 5.338716983795166, 12.532636642456055, 7.0744194984436035, 14.179386138916016, 8.971291542053223], "params": [4.421924114227295, 2.2520697116851807, 9.30998706817627, 11.056432723999023, 0.25, 1.0, 12.24837875366211]}