{"x": [0, 1, 2, 3, 4, 5], "y": [12.211204528808594, 5.8356122970581055, 12.508909225463867, 6.708643913269043, 14.025991439819336, 7.333376884460449], "params": [2.0556442737579346, 1.234511137008667, 4.612240791320801, 14.123677253723145, 0.25, 1.0, 14.447639465332031]}