{"x": [0, 1, 2, 3, 4, 5], "y": [7.72534704208374, 3.3839964866638184, 8.48770809173584, 4.648491859436035, 9.610716819763184, 5.747714519500732], "params": [2.5136497020721436, -1.8617451190948486, 5.494270324707031, 9.266070365905762, 0.25, 1.0, 9.90168571472168]}