{"x": [0, 1, 2, 3, 4, 5], "y": [12.263826370239258, 5.513733386993408, 13.525196075439453, 6.950608253479004, 15.693399429321289, 7.855861663818359], "params": [3.0180299282073975, 2.419949769973755, 6.642364501953125, 14.900259017944336, 0.25, 1.0, 15.230555534362793]}