{"x": [0, 1, 2, 3, 4, 5], "y": [11.646133422851562, 6.74213981628418, 13.08206844329834, 7.492527008056641, 15.174867630004883, 9.32088565826416], "params": [4.3386664390563965, 2.5988106727600098, 7.563023567199707, 11.572033882141113, 0.25, 1.0, 13.045154571533203]}