{"x": [0, 1, 2, 3, 4, 5], "y": [8.302391052246094, 4.959725379943848, 9.025362014770508, 5.7876505851745605, 10.34814739227295, 6.288665771484375], "params": [2.6624021530151367, 0.36538779735565186, 3.8485794067382812, 6.866095542907715, 0.25, 1.0, 7.878871917724609]}