{"x": [0, 1, 2, 3, 4, 5], "y": [12.146026611328125, 5.7043046951293945, 13.46954345703125, 6.352875709533691, 14.243534088134766, 7.532400131225586], "params": [2.553572654724121, 1.7353630065917969, 5.132442474365234, 14.471463203430176, 0.25, 1.0, 15.347671508789062]}