{"x": [0, 1, 2, 3, 4, 5], "y": [8.958078384399414, 4.9681596755981445, 10.470541000366211, 4.961841106414795, 11.146512985229492, 7.071516513824463], "params": [2.651186466217041, -0.3044027090072632, 4.798256874084473, 10.068822860717773, 0.25, 1.0, 11.128251075744629]}