{"x": [0, 1, 2, 3, 4, 5], "y": [4.430393218994141, 2.5177810192108154, 6.554574966430664, 4.454708576202393, 8.544147491455078, 6.500818252563477], "params": [4.986969947814941, -3.7540392875671387, 10.300872802734375, 6.648072719573975, 0.25, 1.0, 6.590437889099121]}