{"x": [0, 1, 2, 3, 4, 5], "y": [4.865420341491699, 2.254849910736084, 6.857532501220703, 3.457246780395508, 8.072088241577148, 5.231498718261719], "params": [3.2107272148132324, -4.570093154907227, 7.725756645202637, 7.323723793029785, 0.25, 1.0, 8.209126472473145]}