{"x": [0, 1, 2, 3, 4, 5], "y": [10.259263038635254, 4.532254695892334, 11.102252006530762, 5.587721347808838, 12.312158584594727, 6.6955413818359375], "params": [2.089946985244751, -0.15072762966156006, 4.746468544006348, 12.101460456848145, 0.25, 1.0, 12.982620239257812]}