{"x": [0, 1, 2, 3, 4, 5], "y": [9.316476821899414, 6.69679069519043, 11.278132438659668, 8.567282676696777, 13.101995468139648, 10.810301780700684], "params": [4.553895473480225, 4.7333855628967285, 9.391701698303223, 6.879687786102295, 0.25, 1.0, 7.680099964141846]}