{"x": [0, 1, 2, 3, 4, 5], "y": [11.098552703857422, 6.076015472412109, 11.954036712646484, 7.448420524597168, 14.287593841552734, 8.767111778259277], "params": [3.4650702476501465, 1.69150710105896, 6.949760437011719, 11.153614044189453, 0.25, 1.0, 12.486669540405273]}