{"x": [0, 1, 2, 3, 4, 5], "y": [7.685617446899414, 5.107099533081055, 8.912443161010742, 6.2267022132873535, 10.286888122558594, 7.851945400238037], "params": [3.4607670307159424, 1.9756507873535156, 7.084842681884766, 6.040797233581543, 0.25, 1.0, 7.115179061889648]}