{"x": [0, 1, 2, 3, 4, 5], "y": [12.588571548461914, 6.8296990394592285, 13.577030181884766, 8.570524215698242, 15.387945175170898, 9.653120040893555], "params": [3.0518643856048584, 1.7400473356246948, 6.618053436279297, 12.411272048950195, 0.25, 1.0, 12.927912712097168]}