{"x": [0, 1, 2, 3, 4, 5], "y": [8.15865707397461, 6.514648914337158, 9.514586448669434, 7.15676212310791, 10.608606338500977, 7.483157634735107], "params": [2.1201000213623047, 3.1694083213806152, 3.928389549255371, 5.682262897491455, 0.25, 1.0, 6.402194499969482]}