{"x": [0, 1, 2, 3, 4, 5], "y": [6.545261383056641, 2.010468006134033, 8.143302917480469, 3.6455235481262207, 9.170095443725586, 5.122023582458496], "params": [2.923762083053589, -4.788265228271484, 7.020526885986328, 9.879439353942871, 0.25, 1.0, 10.755168914794922]}