{"x": [0, 1, 2, 3, 4, 5], "y": [6.430050849914551, 2.665011405944824, 8.258428573608398, 4.800241470336914, 9.077498435974121, 5.664401054382324], "params": [2.603727340698242, -3.7911243438720703, 5.720187664031982, 8.20656681060791, 0.25, 1.0, 9.673566818237305]}