{"x": [0, 1, 2, 3, 4, 5], "y": [7.9808669090271, 4.793359756469727, 9.5181884765625, 6.114762306213379, 11.221115112304688, 8.116840362548828], "params": [4.6127214431762695, -0.36973118782043457, 8.990099906921387, 8.93136215209961, 0.25, 1.0, 9.06454086303711]}