{"x": [0, 1, 2, 3, 4, 5], "y": [9.997276306152344, 4.546712875366211, 11.736275672912598, 6.3605780601501465, 14.491252899169922, 8.193188667297363], "params": [4.649992942810059, -1.6401779651641846, 9.342090606689453, 13.154422760009766, 0.25, 1.0, 14.305098533630371]}