{"x": [0, 1, 2, 3, 4, 5], "y": [6.132856845855713, 3.6162045001983643, 7.019559860229492, 4.266249179840088, 8.179369926452637, 5.733118057250977], "params": [2.274531602859497, -1.8044424057006836, 4.290170669555664, 6.128091335296631, 0.25, 1.0, 6.232841491699219]}