{"x": [0, 1, 2, 3, 4, 5], "y": [9.426691055297852, 3.326890468597412, 11.286380767822266, 4.7593865394592285, 11.832984924316406, 5.741418838500977], "params": [3.089210271835327, -3.631577491760254, 7.063982009887695, 13.996801376342773, 0.25, 1.0, 14.992443084716797]}