{"x": [0, 1, 2, 3, 4, 5], "y": [6.803997039794922, 4.202362060546875, 8.632246017456055, 5.974815845489502, 8.956596374511719, 6.890462875366211], "params": [2.7030627727508545, 1.2899088859558105, 5.518276214599609, 5.718907356262207, 0.25, 1.0, 6.607795238494873]}