{"x": [0, 1, 2, 3, 4, 5], "y": [11.254966735839844, 6.223832130432129, 13.17341423034668, 8.62504768371582, 14.337064743041992, 10.012541770935059], "params": [4.456103801727295, 3.091247081756592, 8.858963012695312, 10.950429916381836, 0.25, 1.0, 11.590864181518555]}