{"x": [0, 1, 2, 3, 4, 5], "y": [13.988787651062012, 6.951030731201172, 14.123549461364746, 7.962285041809082, 15.512916564941406, 9.372223854064941], "params": [2.598799705505371, 4.584290504455566, 4.553763389587402, 13.874300003051758, 0.25, 1.0, 14.364765167236328]}