{"x": [0, 1, 2, 3, 4, 5], "y": [8.907339096069336, 4.835598945617676, 10.160476684570312, 6.21234130859375, 11.934080123901367, 8.028047561645508], "params": [3.7400035858154297, -0.4448854923248291, 6.643148422241211, 9.585352897644043, 0.25, 1.0, 9.508282661437988]}