{"x": [0, 1, 2, 3, 4, 5], "y": [8.664497375488281, 4.198968410491943, 10.773458480834961, 5.810877323150635, 11.60247802734375, 6.816837310791016], "params": [3.4334914684295654, -0.664215087890625, 6.657608985900879, 10.319511413574219, 0.25, 1.0, 11.043396949768066]}