{"x": [0, 1, 2, 3, 4, 5], "y": [8.337210655212402, 4.935215473175049, 10.46298599243164, 6.3473219871521, 12.672239303588867, 8.742807388305664], "params": [4.810896396636963, 1.9205063581466675, 10.515813827514648, 9.655445098876953, 0.25, 1.0, 10.887873649597168]}