{"x": [0, 1, 2, 3, 4, 5], "y": [4.306345462799072, 1.215282917022705, 5.404217720031738, 3.1413826942443848, 7.15609073638916, 4.7170515060424805], "params": [3.692624807357788, -4.287213325500488, 7.719658851623535, 5.596317291259766, 0.25, 1.0, 7.001581192016602]}