{"x": [0, 1, 2, 3, 4, 5], "y": [12.409972190856934, 6.413209915161133, 14.174633979797363, 8.232525825500488, 15.718338012695312, 10.321414947509766], "params": [4.2450852394104, 3.772676467895508, 9.382136344909668, 13.278040885925293, 0.25, 1.0, 13.612037658691406]}