{"x": [0, 1, 2, 3, 4, 5], "y": [7.50140905380249, 4.601019859313965, 8.32571792602539, 4.9737958908081055, 9.438860893249512, 5.830234527587891], "params": [2.2922356128692627, -0.17425060272216797, 4.407663345336914, 6.619472980499268, 0.25, 1.0, 7.750012397766113]}