{"x": [0, 1, 2, 3, 4, 5], "y": [10.025362014770508, 6.95556116104126, 11.196380615234375, 8.722434043884277, 13.407952308654785, 10.5077543258667], "params": [3.854304552078247, 4.62734317779541, 7.643914222717285, 7.2799201011657715, 0.25, 1.0, 7.991698265075684]}