{"x": [0, 1, 2, 3, 4, 5], "y": [8.879366874694824, 5.6498260498046875, 9.352187156677246, 7.012182235717773, 11.167539596557617, 8.407576560974121], "params": [2.8333983421325684, 2.646047592163086, 6.046815872192383, 6.341019630432129, 0.25, 1.0, 6.990396499633789]}