{"x": [0, 1, 2, 3, 4, 5], "y": [-0.08753511309623718, 7.5887627601623535, 0.029132351279258728, 7.589775085449219, 0.18056070804595947, 7.538986682891846], "params": [14.52738094329834, 0.25, 0.0, 15.354619979858398]}