{"x": [0, 1, 2, 3, 4, 5], "y": [0.7442592978477478, 3.78031325340271, 0.8138426542282104, 3.574693202972412, 0.9432164430618286, 4.064220428466797], "params": [5.9847211837768555, 0.25, 0.0, 6.639922142028809]}