{"x": [0, 1, 2, 3, 4, 5], "y": [1.0733487606048584, 8.000843048095703, 1.2994199991226196, 8.250842094421387, 1.1644508838653564, 7.609069347381592], "params": [13.177203178405762, 0.25, 0.0, 14.354986190795898]}