{"x": [0, 1, 2, 3, 4, 5], "y": [0.6328101754188538, 5.254574298858643, 0.9911914467811584, 4.851467132568359, 0.9203635454177856, 5.005637168884277], "params": [7.999885559082031, 0.25, 0.0, 9.243528366088867]}