{"x": [0, 1, 2, 3, 4, 5], "y": [1.8128331899642944, 6.673740863800049, 1.6487617492675781, 6.697632789611816, 1.9164416790008545, 7.355987071990967], "params": [10.478503227233887, 0.25, 0.0, 11.414450645446777]}