{"x": [0, 1, 2, 3, 4, 5], "y": [0.9943738579750061, 3.72832989692688, 0.49185216426849365, 4.393003463745117, 0.4888204038143158, 3.40433669090271], "params": [6.5438313484191895, 0.25, 0.0, 7.808366298675537]}