{"x": [0, 1, 2, 3, 4, 5], "y": [1.1695321798324585, 6.458528518676758, 0.9820976257324219, 6.4294023513793945, 1.0266491174697876, 7.02063512802124], "params": [11.010659217834473, 0.25, 0.0, 12.077075004577637]}