{"x": [0, 1, 2, 3, 4, 5], "y": [0.2559058964252472, 6.759410858154297, -0.3930054008960724, 6.951655864715576, -0.11750449240207672, 7.035222053527832], "params": [13.801798820495605, 0.25, 0.0, 14.856454849243164]}