{"x": [0, 1, 2, 3, 4, 5], "y": [1.0140323638916016, 3.3620176315307617, 0.5875913500785828, 2.8650314807891846, 0.00438845157623291, 3.0672833919525146], "params": [5.163348197937012, 0.25, 0.0, 6.715258598327637]}