{"x": [0, 1, 2, 3, 4, 5], "y": [1.1268326044082642, 4.992760181427002, 0.9961792230606079, 5.115826606750488, 0.9647700786590576, 4.813599586486816], "params": [7.858061790466309, 0.25, 0.0, 8.302112579345703]}