{"x": [0, 1, 2, 3, 4, 5], "y": [0.44607260823249817, 5.1679768562316895, 0.2997719347476959, 5.067832946777344, 0.6414592862129211, 4.759100437164307], "params": [9.599331855773926, 0.25, 0.0, 9.736410140991211]}