{"x": [0, 1, 2, 3, 4, 5], "y": [2.10951828956604, 8.66298770904541, 1.8593584299087524, 8.91676139831543, 2.0839157104492188, 8.527320861816406], "params": [13.075079917907715, 0.25, 0.0, 14.114806175231934]}