{"x": [0, 1, 2, 3, 4, 5], "y": [1.891298532485962, 6.112303733825684, 2.0043818950653076, 6.718751907348633, 1.8503550291061401, 6.8484110832214355], "params": [10.305920600891113, 0.25, 0.0, 9.996111869812012]}