{"x": [0, 1, 2, 3, 4, 5], "y": [0.49639520049095154, 5.670109272003174, 0.5471236109733582, 5.913598537445068, 0.36265361309051514, 5.30561637878418], "params": [11.184779167175293, 0.25, 0.0, 11.101889610290527]}