{"x": [0, 1, 2, 3, 4, 5], "y": [1.2379626035690308, 4.423835754394531, 1.0499213933944702, 4.133791446685791, 1.0554763078689575, 4.253700256347656], "params": [6.463523864746094, 0.25, 0.0, 6.747828483581543]}