{"x": [0, 1, 2, 3, 4, 5], "y": [-0.1896064281463623, 2.9469053745269775, 0.3006587028503418, 2.69500470161438, 0.6299620270729065, 3.181788444519043], "params": [5.534651756286621, 0.25, 0.0, 6.7427897453308105]}