{"x": [0, 1, 2, 3, 4, 5], "y": [0.5220600366592407, 6.028618812561035, 0.5218415260314941, 5.259770393371582, 0.030121594667434692, 5.69103479385376], "params": [10.072487831115723, 0.25, 0.0, 11.996994018554688]}