{"x": [0, 1, 2, 3, 4, 5], "y": [0.6808891296386719, 6.2334160804748535, 0.6450835466384888, 6.491514205932617, 0.6205255389213562, 6.3352532386779785], "params": [11.140915870666504, 0.25, 0.0, 11.74197769165039]}