{"x": [0, 1, 2, 3, 4, 5], "y": [-0.11946035176515579, 4.461206436157227, 0.5376766920089722, 4.688286304473877, 0.08151394128799438, 4.834442138671875], "params": [9.165261268615723, 0.25, 0.0, 9.907805442810059]}