{"x": [0, 1, 2, 3, 4, 5], "y": [1.354096531867981, 7.335261821746826, 1.2892037630081177, 7.417996406555176, 1.1330634355545044, 7.288810729980469], "params": [11.975166320800781, 0.25, 0.0, 12.569866180419922]}