{"x": [0, 1, 2, 3, 4, 5], "y": [0.135183185338974, 5.992855548858643, 0.2227248251438141, 6.08528470993042, 0.3455468416213989, 6.064511775970459], "params": [11.700088500976562, 0.25, 0.0, 11.900202751159668]}