{"x": [0, 1, 2, 3, 4, 5], "y": [1.1457468271255493, 6.831758975982666, 1.6334589719772339, 6.8697075843811035, 1.6714295148849487, 6.67724084854126], "params": [10.339685440063477, 0.25, 0.0, 11.447921752929688]}