{"x": [0, 1, 2, 3, 4, 5], "y": [0.3581254780292511, 4.427155494689941, 0.8786652088165283, 4.770730018615723, 0.2783465087413788, 4.577242851257324], "params": [7.975860118865967, 0.25, 0.0, 8.984766960144043]}