{"x": [0, 1, 2, 3, 4, 5], "y": [1.6266330480575562, 9.06775951385498, 2.1872963905334473, 8.709461212158203, 1.600039005279541, 9.278897285461426], "params": [14.069119453430176, 0.25, 0.0, 15.35771656036377]}