{"x": [0, 1, 2, 3, 4, 5], "y": [2.4547951221466064, 8.948577880859375, 2.4862728118896484, 9.054068565368652, 1.7857632637023926, 8.461750030517578], "params": [13.479728698730469, 0.25, 0.0, 14.53661060333252]}