{"x": [0, 1, 2, 3, 4, 5], "y": [1.7195508480072021, 6.8299455642700195, 1.4486753940582275, 6.971316337585449, 1.569753885269165, 7.130316734313965], "params": [10.981691360473633, 0.25, 0.0, 11.363283157348633]}