{"x": [0, 1, 2, 3, 4, 5], "y": [0.18338054418563843, 5.828695297241211, 0.18434453010559082, 5.6858811378479, 0.22965820133686066, 5.8391594886779785], "params": [11.242372512817383, 0.25, 0.0, 11.31155776977539]}