{"x": [0, 1, 2, 3, 4, 5], "y": [1.064677357673645, 6.450589179992676, 0.5935653448104858, 6.259451389312744, 0.5300734043121338, 6.009551048278809], "params": [10.165434837341309, 0.25, 0.0, 11.841032028198242]}