{"x": [0, 1, 2, 3, 4, 5], "y": [0.6287537813186646, 4.563511371612549, 0.6766953468322754, 4.302338600158691, 0.7536240220069885, 4.331045627593994], "params": [7.366635322570801, 0.25, 0.0, 7.869515419006348]}