{"x": [0, 1, 2, 3, 4, 5], "y": [0.7790418267250061, 6.4860382080078125, 0.7971153855323792, 6.875309467315674, 1.0804588794708252, 6.657447338104248], "params": [11.237876892089844, 0.25, 0.0, 12.192535400390625]}