{"x": [0, 1, 2, 3, 4, 5], "y": [1.2516390085220337, 8.221334457397461, 0.8889795541763306, 8.792058944702148, 0.9780557751655579, 8.284339904785156], "params": [14.303510665893555, 0.25, 0.0, 15.806159019470215]}