{"x": [0, 1, 2, 3, 4, 5], "y": [1.1472246646881104, 5.6023688316345215, 1.1335680484771729, 5.824708461761475, 1.0199096202850342, 5.460705757141113], "params": [9.431192398071289, 0.25, 0.0, 9.609598159790039]}