{"x": [0, 1, 2, 3, 4, 5], "y": [0.08019611239433289, 4.05861759185791, -0.09850354492664337, 4.676595687866211, -0.10147710144519806, 4.25404167175293], "params": [8.692241668701172, 0.25, 0.0, 9.556145668029785]}