{"x": [0, 1, 2, 3, 4, 5], "y": [0.27992740273475647, 3.093632698059082, -0.48381996154785156, 2.752148151397705, 0.08410502225160599, 2.8949334621429443], "params": [5.494588851928711, 0.25, 0.0, 7.154905319213867]}