{"x": [0, 1, 2, 3, 4, 5], "y": [2.655383586883545, 2.6585888862609863, 2.650404930114746, 3.6780974864959717, 3.72188138961792, 4.065047740936279], "params": [2.0669772624969482, -3.311410427093506, 2.8292856216430664]}