{"x": [0, 1, 2, 3, 4, 5], "y": [2.1379356384277344, 2.980027198791504, 4.028414726257324, 4.894556999206543, 5.07913875579834, 5.861813545227051], "params": [3.548234224319458, -1.545889973640442, 7.447755813598633]}