{"x": [0, 1, 2, 3, 4, 5], "y": [3.2269153594970703, 4.0300140380859375, 4.360463619232178, 5.078845977783203, 6.388364315032959, 7.082640647888184], "params": [3.9742488861083984, -0.10314285755157471, 7.711450576782227]}