{"x": [0, 1, 2, 3, 4, 5], "y": [1.030073642730713, 1.3631705045700073, 2.8796441555023193, 3.2307486534118652, 4.234580039978027, 5.1201252937316895], "params": [4.113410949707031, -3.795726776123047, 8.180103302001953]}