{"x": [0, 1, 2, 3, 4, 5], "y": [1.6893227100372314, 2.6720616817474365, 3.2337701320648193, 4.159610748291016, 4.592501640319824, 5.170288562774658], "params": [3.578887462615967, -2.563417434692383, 6.9619317054748535]}