{"x": [0, 1, 2, 3, 4, 5], "y": [3.0931761264801025, 3.5961368083953857, 4.032303810119629, 4.197244167327881, 4.721009731292725, 5.426970481872559], "params": [2.0271835327148438, -1.947462558746338, 4.667588710784912]}