{"x": [0, 1, 2, 3, 4, 5], "y": [3.7055492401123047, 4.505481243133545, 5.124563217163086, 5.101928234100342, 6.0715742111206055, 6.587700843811035], "params": [2.7671425342559814, 0.4419916868209839, 5.764303207397461]}