{"x": [0, 1, 2, 3, 4, 5], "y": [2.8112080097198486, 3.8796677589416504, 4.868614673614502, 5.623119354248047, 6.560535430908203, 7.677523612976074], "params": [4.773167133331299, 0.32794177532196045, 9.73263168334961]}