{"x": [0, 1, 2, 3, 4, 5], "y": [5.786123275756836, 5.88219690322876, 6.971487522125244, 7.3907694816589355, 8.24594497680664, 8.858908653259277], "params": [3.706078290939331, 4.11129093170166, 6.145570755004883]}