{"x": [0, 1, 2, 3, 4, 5], "y": [4.697480201721191, 4.983277797698975, 5.619832515716553, 6.064290523529053, 6.051782608032227, 6.710965156555176], "params": [2.559835433959961, 1.4344990253448486, 4.026969909667969]}