{"x": [0, 1, 2, 3, 4, 5], "y": [3.1901497840881348, 4.045985698699951, 4.742218017578125, 5.847977161407471, 6.676333427429199, 6.952667236328125], "params": [3.6252973079681396, 0.6243270635604858, 7.5250349044799805]}