{"x": [0, 1, 2, 3, 4, 5], "y": [4.757734775543213, 5.756556034088135, 6.544706344604492, 7.7452850341796875, 8.586371421813965, 9.395598411560059], "params": [4.733716011047363, 4.093800067901611, 9.275727272033691]}