{"x": [0, 1, 2, 3, 4, 5], "y": [4.00242805480957, 4.227635383605957, 4.949578762054443, 5.492940902709961, 5.653759002685547, 5.70560359954834], "params": [2.1327126026153564, -0.3143167495727539, 3.406351089477539]}