{"x": [0, 1, 2, 3, 4, 5], "y": [3.034165143966675, 3.5919976234436035, 3.5456135272979736, 4.532094955444336, 4.344265937805176, 5.077976226806641], "params": [2.2346224784851074, -1.8866169452667236, 4.087622165679932]}