{"x": [0, 1, 2, 3, 4, 5], "y": [4.539340972900391, 5.735846996307373, 5.9902544021606445, 7.333992958068848, 7.670851707458496, 8.781970024108887], "params": [4.169314861297607, 3.4183807373046875, 8.485258102416992]}