{"x": [0, 1, 2, 3, 4, 5], "y": [3.0715184211730957, 3.765418529510498, 3.867525577545166, 4.355283737182617, 4.860890865325928, 5.489571571350098], "params": [2.3491480350494385, -1.4613860845565796, 4.836106300354004]}