{"x": [0, 1, 2, 3, 4, 5], "y": [5.151871681213379, 6.364533424377441, 6.9852471351623535, 7.54954719543457, 8.220370292663574, 9.41949462890625], "params": [3.7424755096435547, 4.603779315948486, 8.535245895385742]}