{"x": [0, 1, 2, 3, 4, 5], "y": [3.2202329635620117, 3.756424903869629, 3.924063205718994, 5.072882175445557, 5.694611072540283, 6.183454513549805], "params": [3.280890464782715, -0.8473557233810425, 5.926443099975586]}