{"x": [0, 1, 2, 3, 4, 5], "y": [1.7719343900680542, 2.216634511947632, 2.224783420562744, 2.9855477809906006, 3.5826923847198486, 3.944613218307495], "params": [2.193800449371338, -4.587592124938965, 4.345357894897461]}