{"x": [0, 1, 2, 3, 4, 5], "y": [3.858588218688965, 4.534777641296387, 5.046037673950195, 5.468393325805664, 5.708958148956299, 6.3218464851379395], "params": [2.309739112854004, 0.30459582805633545, 4.926516532897949]}