{"x": [0, 1, 2, 3, 4, 5], "y": [2.0886166095733643, 2.0937304496765137, 3.210219144821167, 4.248905181884766, 4.106994152069092, 4.271302223205566], "params": [2.5402917861938477, -3.4660940170288086, 4.365371227264404]}