{"x": [0, 1, 2, 3, 4, 5], "y": [2.0694949626922607, 2.623631715774536, 2.9455533027648926, 3.7025647163391113, 4.4032487869262695, 5.030546188354492], "params": [3.044969081878662, -3.317362070083618, 5.922102451324463]}