{"x": [0, 1, 2, 3, 4, 5], "y": [5.1805338859558105, 5.910658836364746, 7.073399543762207, 7.550052642822266, 8.77258586883545, 9.73713493347168], "params": [4.430564880371094, 4.800970554351807, 9.113202095031738]}