{"x": [0, 1, 2, 3, 4, 5], "y": [4.287697792053223, 4.495986461639404, 4.9232964515686035, 5.480123519897461, 6.125142574310303, 6.573201656341553], "params": [2.0084118843078613, 0.6406247615814209, 4.57100772857666]}