{"x": [0, 1, 2, 3, 4, 5], "y": [4.7361063957214355, 5.556803226470947, 6.401203155517578, 6.698922157287598, 6.8244476318359375, 7.303191184997559], "params": [2.4833641052246094, 2.322633743286133, 5.134169578552246]}