{"x": [0, 1, 2, 3, 4, 5], "y": [1.5936615467071533, 2.1808972358703613, 3.352707862854004, 3.936642646789551, 4.415013313293457, 5.700054168701172], "params": [4.3542160987854, -3.1237494945526123, 8.212785720825195]}