{"x": [0, 1, 2, 3, 4, 5], "y": [3.3970818519592285, 4.044074058532715, 4.854941368103027, 5.888537883758545, 6.840301513671875, 7.598764419555664], "params": [4.248972415924072, 1.0465067625045776, 8.403365135192871]}