{"x": [0, 1, 2, 3, 4, 5], "y": [0.9846831560134888, 1.9151760339736938, 2.8678219318389893, 2.987635374069214, 3.8537375926971436, 4.270079612731934], "params": [2.898989677429199, -4.6082282066345215, 6.570793151855469]}