{"x": [0, 1, 2, 3, 4, 5], "y": [1.7898935079574585, 2.706976890563965, 3.1327645778656006, 4.243664264678955, 4.829808235168457, 4.87518835067749], "params": [3.3316032886505127, -2.701932907104492, 6.170589447021484]}