{"x": [0, 1, 2, 3, 4, 5], "y": [2.210925340652466, 2.9690957069396973, 3.3679914474487305, 3.595932960510254, 4.581527233123779, 5.219151496887207], "params": [2.8667070865631104, -2.6578493118286133, 6.016452312469482]}