{"x": [0, 1, 2, 3, 4, 5], "y": [5.867923259735107, 5.850710868835449, 5.812547206878662, 6.959382057189941, 7.535661220550537, 7.427919864654541], "params": [2.054990768432617, 3.162451982498169, 3.44622802734375]}