{"x": [0, 1, 2, 3, 4, 5], "y": [0.3935224115848541, 1.447892427444458, 2.992396354675293, 3.445805311203003, 4.4109015464782715, 5.371228218078613], "params": [4.497244834899902, -4.2113566398620605, 9.955411911010742]}