{"x": [0, 1, 2, 3, 4, 5], "y": [2.5528993606567383, 2.664715528488159, 3.1991331577301025, 4.297826766967773, 5.216225624084473, 5.915621757507324], "params": [3.781104564666748, -1.60780668258667, 6.725444793701172]}