{"x": [0, 1, 2, 3, 4, 5], "y": [3.2463088035583496, 4.032151699066162, 3.6859841346740723, 4.380570411682129, 5.519547462463379, 5.3888044357299805], "params": [2.063082218170166, -1.1815083026885986, 4.546477317810059]}