{"x": [0, 1, 2, 3, 4, 5], "y": [5.263124942779541, 6.299734115600586, 6.930589199066162, 7.8849897384643555, 7.881844997406006, 8.909363746643066], "params": [3.780449390411377, 4.553564071655273, 7.292477607727051]}