{"x": [0, 1, 2, 3, 4, 5], "y": [2.4910757541656494, 3.2112250328063965, 3.8227012157440186, 4.57643461227417, 4.702625751495361, 5.472728252410889], "params": [2.846421003341675, -1.7115259170532227, 5.9633049964904785]}