{"x": [0, 1, 2, 3, 4, 5], "y": [0.7531638741493225, 2.2428648471832275, 2.2098710536956787, 2.8454151153564453, 3.4046661853790283, 3.828216075897217], "params": [2.663510799407959, -4.574892520904541, 6.150104522705078]}