{"x": [0, 1, 2, 3, 4, 5], "y": [3.723539352416992, 3.9088664054870605, 4.722823143005371, 5.3127760887146, 5.899065971374512, 6.696545600891113], "params": [3.2926623821258545, 0.10795891284942627, 5.946012496948242]}