{"x": [0, 1, 2, 3, 4, 5], "y": [4.756477355957031, 5.756364822387695, 6.532039165496826, 7.876458168029785, 8.96171760559082, 9.447226524353027], "params": [4.8161444664001465, 4.2801995277404785, 9.381498336791992]}