{"x": [0, 1, 2, 3, 4, 5], "y": [2.1510322093963623, 2.7520949840545654, 3.6079976558685303, 3.732645034790039, 4.072863578796387, 4.51895809173584], "params": [2.061126708984375, -2.963533401489258, 4.735851764678955]}