{"x": [0, 1, 2, 3, 4, 5], "y": [4.01468563079834, 5.186225891113281, 5.726292610168457, 6.525112152099609, 7.3599324226379395, 8.178115844726562], "params": [4.145786285400391, 2.472273111343384, 8.326860427856445]}