{"x": [0, 1, 2, 3, 4, 5], "y": [3.432560682296753, 3.5784051418304443, 3.92486310005188, 4.321753025054932, 4.873555660247803, 5.4375176429748535], "params": [2.057002544403076, -1.5724045038223267, 4.009913921356201]}