{"x": [0, 1, 2, 3, 4, 5], "y": [2.6182408332824707, 2.9014840126037598, 3.326022148132324, 3.7247235774993896, 4.549280643463135, 5.464601516723633], "params": [3.1128273010253906, -2.7271151542663574, 5.692721366882324]}