{"x": [0, 1, 2, 3, 4, 5], "y": [0.4683573246002197, 1.4117372035980225, 2.3094372749328613, 3.464122772216797, 4.100213527679443, 5.287229537963867], "params": [4.8148088455200195, -4.352776527404785, 9.637744903564453]}