{"x": [0, 1, 2, 3, 4, 5], "y": [2.5585803985595703, 3.2480101585388184, 3.4137797355651855, 3.926189661026001, 4.240102291107178, 4.962527275085449], "params": [2.102130889892578, -2.6981468200683594, 4.807893753051758]}