{"x": [0, 1, 2, 3, 4, 5], "y": [5.284716606140137, 5.748086929321289, 6.63631010055542, 7.587039947509766, 8.507213592529297, 9.06005859375], "params": [4.3389129638671875, 4.141597270965576, 7.550683975219727]}