{"x": [0, 1, 2, 3, 4, 5], "y": [2.004794120788574, 2.708465337753296, 3.8602454662323, 5.038595676422119, 5.524937629699707, 6.783193588256836], "params": [4.905188083648682, -1.679013967514038, 9.556798934936523]}