{"x": [0, 1, 2, 3, 4, 5], "y": [4.438596248626709, 4.063821315765381, 5.2959184646606445, 5.660141944885254, 6.386227607727051, 7.252189636230469], "params": [2.5922975540161133, 0.9263712167739868, 6.376736640930176]}