{"x": [0, 1, 2, 3, 4, 5], "y": [3.749051332473755, 4.256275177001953, 5.3150529861450195, 5.789787292480469, 6.4128499031066895, 6.928366661071777], "params": [3.3911101818084717, 0.9040933847427368, 6.358630657196045]}