{"x": [0, 1, 2, 3, 4, 5], "y": [3.4690120220184326, 3.938965082168579, 4.274954319000244, 4.4111647605896, 5.2411394119262695, 5.734078884124756], "params": [2.784626007080078, -0.9018182754516602, 4.5301337242126465]}