{"x": [0, 1, 2, 3, 4, 5], "y": [4.777154922485352, 6.014582633972168, 7.052096843719482, 7.489102840423584, 8.183305740356445, 9.664018630981445], "params": [4.550489902496338, 4.37241268157959, 9.773727416992188]}