{"x": [0, 1, 2, 3, 4, 5], "y": [5.000489711761475, 5.6467719078063965, 5.670139789581299, 6.971051216125488, 6.657843112945557, 7.723383903503418], "params": [3.018104314804077, 2.4176673889160156, 5.445788383483887]}