{"x": [0, 1, 2, 3, 4, 5], "y": [1.5326097011566162, 1.6667969226837158, 2.6936092376708984, 3.405451536178589, 4.0589776039123535, 4.6931257247924805], "params": [3.1874961853027344, -4.349898815155029, 6.3210320472717285]}