{"x": [0, 1, 2, 3, 4, 5], "y": [4.79679536819458, 5.449120044708252, 6.710137367248535, 7.986980438232422, 8.51424503326416, 9.35888957977295], "params": [4.443035125732422, 4.35012149810791, 9.124188423156738]}