{"x": [0, 1, 2, 3, 4, 5], "y": [3.4648921489715576, 4.1003737449646, 5.323844909667969, 6.42464017868042, 7.402637958526611, 8.171043395996094], "params": [4.976383209228516, 1.6984021663665771, 9.412302017211914]}