{"x": [0, 1, 2, 3, 4, 5], "y": [4.870079040527344, 5.024501323699951, 5.752691268920898, 6.888950347900391, 7.501459121704102, 7.981657981872559], "params": [3.1957449913024902, 2.742030143737793, 6.22315788269043]}