{"x": [0, 1, 2, 3, 4, 5], "y": [1.4811307191848755, 2.4967730045318604, 2.735374927520752, 3.8137423992156982, 5.3481550216674805, 5.672657489776611], "params": [4.166054725646973, -2.800793170928955, 8.38305377960205]}