{"x": [0, 1, 2, 3, 4, 5], "y": [2.8755030632019043, 3.1425695419311523, 3.9792704582214355, 4.155961990356445, 4.467398166656494, 4.680769920349121], "params": [2.104689598083496, -2.5755298137664795, 3.6105337142944336]}