{"x": [0, 1, 2, 3, 4, 5], "y": [2.136019706726074, 3.2340896129608154, 3.1502554416656494, 3.964036464691162, 4.670909881591797, 5.002715587615967], "params": [2.5391287803649902, -2.554378032684326, 5.733391761779785]}