{"x": [0, 1, 2, 3, 4, 5], "y": [3.6203858852386475, 3.7877249717712402, 4.682535648345947, 4.985318183898926, 5.322727680206299, 6.048065185546875], "params": [2.5606331825256348, -0.6604164838790894, 4.855358600616455]}