{"x": [0, 1, 2, 3, 4, 5], "y": [6.245596408843994, 6.452486515045166, 7.668281078338623, 7.52774715423584, 8.08259391784668, 8.77949047088623], "params": [2.618927240371704, 4.715930938720703, 5.067788124084473]}