{"x": [0, 1, 2, 3, 4, 5], "y": [2.4278762340545654, 3.5373287200927734, 3.9409379959106445, 4.698764324188232, 5.4303812980651855, 6.271482944488525], "params": [3.6609573364257812, -1.0468435287475586, 7.68721342086792]}