{"x": [0, 1, 2, 3, 4, 5], "y": [3.103745698928833, 3.718991279602051, 3.74507474899292, 4.707319736480713, 5.019567012786865, 5.448428630828857], "params": [2.6769776344299316, -1.5635186433792114, 4.689365863800049]}