{"x": [0, 1, 2, 3, 4, 5], "y": [4.1687140464782715, 5.288755893707275, 5.537856101989746, 6.043951511383057, 7.1608500480651855, 7.463160514831543], "params": [3.2755789756774902, 1.9508087635040283, 6.588892936706543]}