{"x": [0, 1, 2, 3, 4, 5], "y": [5.138325214385986, 5.770327091217041, 6.1296467781066895, 6.608020305633545, 6.849493980407715, 7.353542327880859], "params": [2.397282123565674, 2.42600679397583, 4.430434226989746]}