{"x": [0, 1, 2, 3, 4, 5], "y": [1.519775390625, 2.469454050064087, 3.213284730911255, 4.31370735168457, 5.156620502471924, 6.3217854499816895], "params": [4.705892086029053, -2.2972707748413086, 9.604020118713379]}