{"x": [0, 1, 2, 3, 4, 5], "y": [3.61448073387146, 4.630167484283447, 5.417304039001465, 6.372021675109863, 6.908561706542969, 7.703428268432617], "params": [3.569438934326172, 1.4385181665420532, 8.177894592285156]}