{"x": [0, 1, 2, 3, 4, 5], "y": [1.8922053575515747, 2.363520622253418, 2.882232427597046, 3.8529393672943115, 4.573482990264893, 4.890410423278809], "params": [3.364562511444092, -3.381476402282715, 5.996410369873047]}