{"x": [0, 1, 2, 3, 4, 5], "y": [5.12839937210083, 5.694279670715332, 6.947020053863525, 7.586479187011719, 8.44872760772705, 9.830293655395508], "params": [4.7861456871032715, 4.463331699371338, 9.403788566589355]}