{"x": [0, 1, 2, 3, 4, 5], "y": [3.33957839012146, 4.177790641784668, 4.5970988273620605, 5.713680267333984, 6.702888011932373, 8.003433227539062], "params": [4.332045555114746, 0.8957082033157349, 9.327709197998047]}