{"x": [0, 1, 2, 3, 4, 5], "y": [0.9911055564880371, 1.7433942556381226, 2.5944323539733887, 3.4061081409454346, 4.47418737411499, 4.998398780822754], "params": [4.103112697601318, -3.7956273555755615, 8.014586448669434]}