{"x": [0, 1, 2, 3, 4, 5], "y": [6.430556297302246, 6.607081890106201, 6.967724323272705, 7.513017177581787, 8.162432670593262, 8.855560302734375], "params": [2.510117530822754, 4.785888195037842, 4.850008010864258]}