{"x": [0, 1, 2, 3, 4, 5], "y": [3.1448490619659424, 3.8333821296691895, 5.212867259979248, 6.2537102699279785, 6.402623176574707, 7.0798139572143555], "params": [4.0424113273620605, 0.6331300735473633, 7.869929790496826]}