{"x": [0, 1, 2, 3, 4, 5], "y": [5.013651371002197, 5.658390522003174, 6.256411075592041, 6.905900001525879, 7.735204219818115, 8.072086334228516], "params": [3.0896501541137695, 3.3069701194763184, 6.116869926452637]}