{"x": [0, 1, 2, 3, 4, 5], "y": [4.705696105957031, 5.383822441101074, 6.322966575622559, 6.808474540710449, 7.485762119293213, 8.10227108001709], "params": [3.342470407485962, 3.055875778198242, 6.793149948120117]}