{"x": [0, 1, 2, 3, 4, 5], "y": [5.776124954223633, 6.191393852233887, 6.830927848815918, 7.316348075866699, 8.648396492004395, 8.95151138305664], "params": [3.563239812850952, 4.456470012664795, 6.350772857666016]}