{"x": [0, 1, 2, 3, 4, 5], "y": [1.221916913986206, 1.6972155570983887, 2.290947914123535, 3.3182661533355713, 3.953242301940918, 5.063720703125], "params": [3.758056640625, -4.102896690368652, 7.683607578277588]}