{"x": [0, 1, 2, 3, 4, 5], "y": [3.4771621227264404, 3.9056971073150635, 4.4585185050964355, 4.844073295593262, 5.615250110626221, 6.704125881195068], "params": [3.310574531555176, -0.13871073722839355, 6.453927516937256]}