{"x": [0, 1, 2, 3, 4, 5], "y": [1.2406349182128906, 2.0402984619140625, 3.1531620025634766, 4.210799694061279, 5.157569408416748, 6.511234283447266], "params": [4.890255451202393, -2.51387882232666, 10.54119873046875]}