{"x": [0, 1, 2, 3, 4, 5], "y": [2.554461717605591, 3.570566177368164, 4.376852989196777, 5.203211784362793, 6.13654899597168, 6.952158451080322], "params": [4.071123123168945, -0.5553555488586426, 8.795392990112305]}