{"x": [0, 1, 2, 3, 4, 5], "y": [1.0442909002304077, 1.9149699211120605, 2.836920976638794, 3.3573198318481445, 4.294005870819092, 4.642146110534668], "params": [3.6260828971862793, -4.169035911560059, 7.195710182189941]}