{"x": [0, 1, 2, 3, 4, 5], "y": [1.021327257156372, 1.9541653394699097, 2.778914451599121, 3.5940301418304443, 4.241252422332764, 5.320123672485352], "params": [4.172756195068359, -3.534480333328247, 8.597593307495117]}