{"x": [0, 1, 2, 3, 4, 5], "y": [2.3347585201263428, 2.390272855758667, 3.2382314205169678, 3.859466314315796, 4.218444347381592, 4.74879264831543], "params": [2.8466544151306152, -3.0777435302734375, 4.828068256378174]}