{"x": [0, 1, 2, 3, 4, 5], "y": [3.1763341426849365, 4.205666542053223, 5.204859256744385, 6.4357075691223145, 7.206345558166504, 8.265914916992188], "params": [4.596299171447754, 1.5579456090927124, 10.179161071777344]}