{"x": [0, 1, 2, 3, 4, 5], "y": [4.451835632324219, 5.250350475311279, 6.640681266784668, 7.354555606842041, 8.755853652954102, 9.089735984802246], "params": [4.69888162612915, 3.808095932006836, 9.275800704956055]}