{"x": [0, 1, 2, 3, 4, 5], "y": [5.5624237060546875, 6.459760665893555, 7.142268657684326, 7.823550701141357, 7.86052131652832, 9.053812980651855], "params": [3.393342971801758, 4.853330612182617, 6.982778549194336]}