{"x": [0, 1, 2, 3, 4, 5], "y": [2.2599310874938965, 2.7487261295318604, 3.6351685523986816, 4.3111371994018555, 5.03995943069458, 4.993580341339111], "params": [2.58070969581604, -2.478799343109131, 5.560056686401367]}