{"x": [0, 1, 2, 3, 4, 5], "y": [5.171939849853516, 5.978692531585693, 6.73245096206665, 6.6604533195495605, 7.645218849182129, 7.742002010345459], "params": [2.191598892211914, 3.177799701690674, 5.140124320983887]}