{"x": [0, 1, 2, 3, 4, 5], "y": [3.9928362369537354, 4.302097320556641, 4.683484077453613, 5.260750770568848, 6.043140411376953, 6.507925987243652], "params": [2.4631705284118652, 0.3657752275466919, 5.030179500579834]}