{"x": [0, 1, 2, 3, 4, 5], "y": [0.9405723810195923, 1.5969916582107544, 1.935128927230835, 2.847576141357422, 3.7315926551818848, 4.3184428215026855], "params": [3.188755989074707, -4.771406650543213, 6.755741119384766]}