{"x": [0, 1, 2, 3, 4, 5], "y": [2.416837692260742, 2.8664169311523438, 3.0636789798736572, 3.871436834335327, 4.074904441833496, 4.531343460083008], "params": [2.5145211219787598, -3.4791314601898193, 4.229011535644531]}