{"x": [0, 1, 2, 3, 4, 5], "y": [5.816239833831787, 6.010961532592773, 6.6607513427734375, 6.9064412117004395, 7.776012420654297, 8.100809097290039], "params": [2.294827938079834, 3.462109088897705, 4.569138526916504]}