{"x": [0, 1, 2, 3, 4, 5], "y": [4.937892436981201, 5.684823989868164, 6.493251800537109, 6.417431831359863, 7.273685455322266, 7.852654457092285], "params": [2.853076219558716, 2.90903377532959, 5.829524040222168]}