{"x": [0, 1, 2, 3, 4, 5], "y": [5.015435695648193, 5.761407375335693, 6.527859210968018, 7.068246841430664, 8.00010871887207, 7.924371242523193], "params": [3.022634506225586, 3.5039496421813965, 5.969346046447754]}