{"x": [0, 1, 2, 3, 4, 5], "y": [4.334472179412842, 5.339908599853516, 5.874769687652588, 6.112964630126953, 7.457164287567139, 7.8116912841796875], "params": [3.70185923576355, 2.1529364585876465, 6.954438209533691]}