{"x": [0, 1, 2, 3, 4, 5], "y": [2.4141628742218018, 3.751893997192383, 4.663268089294434, 5.401218891143799, 5.963698387145996, 7.286658763885498], "params": [4.245037078857422, -0.0018340349197387695, 9.744991302490234]}