{"x": [0, 1, 2, 3, 4, 5], "y": [3.652604579925537, 4.106003284454346, 5.383419036865234, 6.1034321784973145, 6.862074375152588, 7.648870468139648], "params": [3.9734997749328613, 1.3466036319732666, 7.992531776428223]}