{"x": [0, 1, 2, 3, 4, 5], "y": [4.815425395965576, 5.800397872924805, 6.605161190032959, 7.321022987365723, 8.304364204406738, 9.050975799560547], "params": [3.945159673690796, 4.117580413818359, 8.471100807189941]}