{"x": [0, 1, 2, 3, 4, 5], "y": [2.6944689750671387, 3.26633620262146, 3.894108772277832, 4.511682987213135, 4.785377025604248, 6.232990264892578], "params": [3.2459921836853027, -1.6789346933364868, 7.077042579650879]}