{"x": [0, 1, 2, 3, 4, 5], "y": [2.0320005416870117, 3.2448067665100098, 3.8491415977478027, 4.589517116546631, 5.340713024139404, 6.0814313888549805], "params": [4.044084548950195, -1.669798493385315, 8.098861694335938]}