{"x": [0, 1, 2, 3, 4, 5], "y": [2.5528993606567383, 2.664715528488159, 3.1991331577301025, 3.4683940410614014, 0.29828840494155884, 3.41994309425354], "params": [3.781104564666748, -1.60780668258667, 6.725444793701172, 6.523248672485352, 0.25, 0.0, 6.770827293395996]}