{"x": [0, 1, 2, 3, 4, 5], "y": [4.756477355957031, 5.756364822387695, 6.532039165496826, 7.023728847503662, 1.0193073749542236, 7.320283889770508], "params": [4.8161444664001465, 4.2801995277404785, 9.381498336791992, 12.508766174316406, 0.25, 0.0, 12.801071166992188]}