{"x": [0, 1, 2, 3, 4, 5], "y": [2.0320005416870117, 3.2448067665100098, 3.8491415977478027, 5.824708461761475, 1.0199096202850342, 5.460705757141113], "params": [4.044084548950195, -1.669798493385315, 8.098861694335938, 9.431192398071289, 0.25, 0.0, 9.609598159790039]}