{"x": [0, 1, 2, 3, 4, 5], "y": [5.776124954223633, 6.191393852233887, 6.830927848815918, 8.709461212158203, 1.600039005279541, 9.278897285461426], "params": [3.563239812850952, 4.456470012664795, 6.350772857666016, 14.069119453430176, 0.25, 0.0, 15.35771656036377]}