{"x": [0, 1, 2, 3, 4, 5], "y": [0.4683573246002197, 1.4117372035980225, 2.3094372749328613, 7.22750186920166, 0.42284339666366577, 7.584500789642334], "params": [4.8148088455200195, -4.352776527404785, 9.637744903564453, 14.649277687072754, 0.25, 0.0, 14.597634315490723]}