{"x": [0, 1, 2, 3, 4, 5], "y": [2.554461717605591, 3.570566177368164, 4.376852989196777, 6.875309467315674, 1.0804588794708252, 6.657447338104248], "params": [4.071123123168945, -0.5553555488586426, 8.795392990112305, 11.237876892089844, 0.25, 0.0, 12.192535400390625]}