{"x": [0, 1, 2, 3, 4, 5], "y": [1.4811307191848755, 2.4967730045318604, 2.735374927520752, 6.363434791564941, 0.5413695573806763, 6.201828956604004], "params": [4.166054725646973, -2.800793170928955, 8.38305377960205, 12.044088363647461, 0.25, 0.0, 12.255132675170898]}