{"x": [0, 1, 2, 3, 4, 5], "y": [4.870079040527344, 5.024501323699951, 5.752691268920898, 4.884171009063721, 0.7034695744514465, 4.866271495819092], "params": [3.1957449913024902, 2.742030143737793, 6.22315788269043, 7.728625297546387, 0.25, 0.0, 8.540937423706055]}