{"x": [0, 1, 2, 3, 4, 5], "y": [2.210925340652466, 2.9690957069396973, 3.3679914474487305, 5.067832946777344, 0.6414592862129211, 4.759100437164307], "params": [2.8667070865631104, -2.6578493118286133, 6.016452312469482, 9.599331855773926, 0.25, 0.0, 9.736410140991211]}