{"x": [0, 1, 2, 3, 4, 5], "y": [3.2269153594970703, 4.0300140380859375, 4.360463619232178, 6.6382012367248535, 1.6335840225219727, 6.519126892089844], "params": [3.9742488861083984, -0.10314285755157471, 7.711450576782227, 10.83249282836914, 0.25, 0.0, 11.391950607299805]}