{"x": [0, 1, 2, 3, 4, 5], "y": [3.034165143966675, 3.5919976234436035, 3.5456135272979736, 7.7524518966674805, 1.683525562286377, 7.587301731109619], "params": [2.2346224784851074, -1.8866169452667236, 4.087622165679932, 11.773574829101562, 0.25, 0.0, 12.438996315002441]}