{"x": [0, 1, 2, 3, 4, 5], "y": [4.705696105957031, 5.383822441101074, 6.322966575622559, 6.836241722106934, 0.07513318955898285, 6.865654468536377], "params": [3.342470407485962, 3.055875778198242, 6.793149948120117, 12.910002708435059, 0.25, 0.0, 13.60817813873291]}