{"x": [0, 1, 2, 3, 4, 5], "y": [3.749051332473755, 4.256275177001953, 5.3150529861450195, 8.455463409423828, 1.423893928527832, 8.593463897705078], "params": [3.3911101818084717, 0.9040933847427368, 6.358630657196045, 14.977191925048828, 0.25, 0.0, 15.028244972229004]}