{"x": [0, 1, 2, 3, 4, 5], "y": [1.6893227100372314, 2.6720616817474365, 3.2337701320648193, 7.109956741333008, 0.17965862154960632, 7.0272674560546875], "params": [3.578887462615967, -2.563417434692383, 6.9619317054748535, 13.352431297302246, 0.25, 0.0, 13.860596656799316]}