{"x": [0, 1, 2, 3, 4, 5], "y": [2.4910757541656494, 3.2112250328063965, 3.8227012157440186, 4.556066036224365, 1.3168010711669922, 4.29287052154541], "params": [2.846421003341675, -1.7115259170532227, 5.9633049964904785, 7.148821830749512, 0.25, 0.0, 7.565185546875]}