{"x": [0, 1, 2, 3, 4, 5], "y": [3.9928362369537354, 4.302097320556641, 4.683484077453613, 8.748661994934082, 1.851425051689148, 9.188338279724121], "params": [2.4631705284118652, 0.3657752275466919, 5.030179500579834, 14.163933753967285, 0.25, 0.0, 15.25282096862793]}