{"x": [0, 1, 2, 3, 4, 5], "y": [4.777154922485352, 6.014582633972168, 7.052096843719482, 8.236056327819824, 1.5787354707717896, 8.33596420288086], "params": [4.550489902496338, 4.37241268157959, 9.773727416992188, 13.408470153808594, 0.25, 0.0, 13.946211814880371]}