{"x": [0, 1, 2, 3, 4, 5], "y": [5.816239833831787, 6.010961532592773, 6.6607513427734375, 4.676595687866211, -0.10147710144519806, 4.25404167175293], "params": [2.294827938079834, 3.462109088897705, 4.569138526916504, 8.692241668701172, 0.25, 0.0, 9.556145668029785]}