{"x": [0, 1, 2, 3, 4, 5], "y": [2.5585803985595703, 3.2480101585388184, 3.4137797355651855, 5.530200958251953, 1.2337327003479004, 5.507415771484375], "params": [2.102130889892578, -2.6981468200683594, 4.807893753051758, 8.492327690124512, 0.25, 0.0, 9.16756820678711]}