{"x": [0, 1, 2, 3, 4, 5], "y": [2.416837692260742, 2.8664169311523438, 3.0636789798736572, 6.574951171875, 1.0493053197860718, 6.763402462005615], "params": [2.5145211219787598, -3.4791314601898193, 4.229011535644531, 11.326528549194336, 0.25, 0.0, 12.001518249511719]}