{"x": [0, 1, 2, 3, 4, 5], "y": [5.867923259735107, 5.850710868835449, 5.812547206878662, 8.033835411071777, 1.7020913362503052, 8.305481910705566], "params": [2.054990768432617, 3.162451982498169, 3.44622802734375, 12.084114074707031, 0.25, 0.0, 13.206781387329102]}