{"x": [0, 1, 2, 3, 4, 5], "y": [3.3970818519592285, 4.044074058532715, 4.854941368103027, 5.176994800567627, 1.443662166595459, 5.002232074737549], "params": [4.248972415924072, 1.0465067625045776, 8.403365135192871, 7.952348709106445, 0.25, 0.0, 8.252886772155762]}