{"x": [0, 1, 2, 3, 4, 5], "y": [2.1510322093963623, 2.7520949840545654, 3.6079976558685303, 7.187482833862305, 1.5721138715744019, 6.9249491691589355], "params": [2.061126708984375, -2.963533401489258, 4.735851764678955, 11.011906623840332, 0.25, 0.0, 11.230737686157227]}