{"x": [0, 1, 2, 3, 4, 5], "y": [2.004794120788574, 2.708465337753296, 3.8602454662323, 5.259770393371582, 0.030121594667434692, 5.69103479385376], "params": [4.905188083648682, -1.679013967514038, 9.556798934936523, 10.072487831115723, 0.25, 0.0, 11.996994018554688]}