{"x": [0, 1, 2, 3, 4, 5], "y": [4.00242805480957, 4.227635383605957, 4.949578762054443, 6.845289707183838, 1.349621295928955, 6.8062591552734375], "params": [2.1327126026153564, -0.3143167495727539, 3.406351089477539, 11.595956802368164, 0.25, 0.0, 12.078909873962402]}