{"x": [0, 1, 2, 3, 4, 5], "y": [4.757734775543213, 5.756556034088135, 6.544706344604492, 5.760810852050781, 0.94078528881073, 6.0948686599731445], "params": [4.733716011047363, 4.093800067901611, 9.275727272033691, 10.574532508850098, 0.25, 0.0, 10.82337474822998]}