{"x": [0, 1, 2, 3, 4, 5], "y": [5.786123275756836, 5.88219690322876, 6.971487522125244, 8.250842094421387, 1.1644508838653564, 7.609069347381592], "params": [3.706078290939331, 4.11129093170166, 6.145570755004883, 13.177203178405762, 0.25, 0.0, 14.354986190795898]}