{"x": [0, 1, 2, 3, 4, 5], "y": [0.9846831560134888, 1.9151760339736938, 2.8678219318389893, 5.115826606750488, 0.9647700786590576, 4.813599586486816], "params": [2.898989677429199, -4.6082282066345215, 6.570793151855469, 7.858061790466309, 0.25, 0.0, 8.302112579345703]}