{"x": [0, 1, 2, 3, 4, 5], "y": [3.1448490619659424, 3.8333821296691895, 5.212867259979248, 6.835269451141357, 1.056036353111267, 7.265202045440674], "params": [4.0424113273620605, 0.6331300735473633, 7.869929790496826, 11.806184768676758, 0.25, 0.0, 12.418331146240234]}