{"x": [0, 1, 2, 3, 4, 5], "y": [1.2406349182128906, 2.0402984619140625, 3.1531620025634766, 3.0226690769195557, 0.5166492462158203, 2.9994866847991943], "params": [4.890255451202393, -2.51387882232666, 10.54119873046875, 5.436337471008301, 0.25, 0.0, 6.270115375518799]}