{"x": [0, 1, 2, 3, 4, 5], "y": [2.6182408332824707, 2.9014840126037598, 3.326022148132324, 6.718751907348633, 1.8503550291061401, 6.8484110832214355], "params": [3.1128273010253906, -2.7271151542663574, 5.692721366882324, 10.305920600891113, 0.25, 0.0, 9.996111869812012]}