{"x": [0, 1, 2, 3, 4, 5], "y": [2.2599310874938965, 2.7487261295318604, 3.6351685523986816, 7.148481369018555, 0.649659276008606, 6.847677707672119], "params": [2.58070969581604, -2.478799343109131, 5.560056686401367, 13.124444007873535, 0.25, 0.0, 13.154869079589844]}