{"x": [0, 1, 2, 3, 4, 5], "y": [4.451835632324219, 5.250350475311279, 6.640681266784668, 7.042603015899658, 1.3832776546478271, 7.020967483520508], "params": [4.69888162612915, 3.808095932006836, 9.275800704956055, 10.927858352661133, 0.25, 0.0, 11.383127212524414]}