{"x": [0, 1, 2, 3, 4, 5], "y": [5.5624237060546875, 6.459760665893555, 7.142268657684326, 6.259451389312744, 0.5300734043121338, 6.009551048278809], "params": [3.393342971801758, 4.853330612182617, 6.982778549194336, 10.165434837341309, 0.25, 0.0, 11.841032028198242]}