{"x": [0, 1, 2, 3, 4, 5], "y": [6.430556297302246, 6.607081890106201, 6.967724323272705, 5.6858811378479, 0.22965820133686066, 5.8391594886779785], "params": [2.510117530822754, 4.785888195037842, 4.850008010864258, 11.242372512817383, 0.25, 0.0, 11.31155776977539]}