{"x": [0, 1, 2, 3, 4, 5], "y": [3.858588218688965, 4.534777641296387, 5.046037673950195, 6.068079471588135, 1.0768465995788574, 6.272963523864746], "params": [2.309739112854004, 0.30459582805633545, 4.926516532897949, 10.466503143310547, 0.25, 0.0, 11.610200881958008]}