{"x": [0, 1, 2, 3, 4, 5], "y": [0.7531638741493225, 2.2428648471832275, 2.2098710536956787, 8.91676139831543, 2.0839157104492188, 8.527320861816406], "params": [2.663510799407959, -4.574892520904541, 6.150104522705078, 13.075079917907715, 0.25, 0.0, 14.114806175231934]}