{"x": [0, 1, 2, 3, 4, 5], "y": [4.815425395965576, 5.800397872924805, 6.605161190032959, 8.271538734436035, 1.9518425464630127, 8.711853981018066], "params": [3.945159673690796, 4.117580413818359, 8.471100807189941, 13.006002426147461, 0.25, 0.0, 13.62100601196289]}