{"x": [0, 1, 2, 3, 4, 5], "y": [4.1687140464782715, 5.288755893707275, 5.537856101989746, 5.1784772872924805, 0.6472246646881104, 5.43633508682251], "params": [3.2755789756774902, 1.9508087635040283, 6.588892936706543, 8.127373695373535, 0.25, 0.0, 9.57822036743164]}