{"x": [0, 1, 2, 3, 4, 5], "y": [3.2463088035583496, 4.032151699066162, 3.6859841346740723, 5.299905300140381, 1.0997188091278076, 4.848628520965576], "params": [2.063082218170166, -1.1815083026885986, 4.546477317810059, 8.191489219665527, 0.25, 0.0, 9.330352783203125]}