{"x": [0, 1, 2, 3, 4, 5], "y": [3.7055492401123047, 4.505481243133545, 5.124563217163086, 10.151758193969727, 2.168240547180176, 9.36432933807373], "params": [2.7671425342559814, 0.4419916868209839, 5.764303207397461, 14.991450309753418, 0.25, 0.0, 15.967035293579102]}