{"x": [0, 1, 2, 3, 4, 5], "y": [1.7719343900680542, 2.216634511947632, 2.224783420562744, 7.426059722900391, 0.019317224621772766, 7.8642168045043945], "params": [2.193800449371338, -4.587592124938965, 4.345357894897461, 14.69324016571045, 0.25, 0.0, 15.689799308776855]}