{"x": [0, 1, 2, 3, 4, 5], "y": [3.652604579925537, 4.106003284454346, 5.383419036865234, 2.794985294342041, 0.45780977606773376, 3.1046347618103027], "params": [3.9734997749328613, 1.3466036319732666, 7.992531776428223, 5.156554698944092, 0.25, 0.0, 5.729241847991943]}