{"x": [0, 1, 2, 3, 4, 5], "y": [3.723539352416992, 3.9088664054870605, 4.722823143005371, 7.538848876953125, 1.8774805068969727, 7.048344135284424], "params": [3.2926623821258545, 0.10795891284942627, 5.946012496948242, 11.535048484802246, 0.25, 0.0, 11.695691108703613]}