{"x": [0, 1, 2, 3, 4, 5], "y": [1.8922053575515747, 2.363520622253418, 2.882232427597046, 5.969681262969971, 0.7046559453010559, 5.770787715911865], "params": [3.364562511444092, -3.381476402282715, 5.996410369873047, 10.495399475097656, 0.25, 0.0, 11.205083847045898]}