{"x": [0, 1, 2, 3, 4, 5], "y": [3.4690120220184326, 3.938965082168579, 4.274954319000244, 6.815315246582031, 0.36675912141799927, 6.173624038696289], "params": [2.784626007080078, -0.9018182754516602, 4.5301337242126465, 12.612815856933594, 0.25, 0.0, 14.391851425170898]}