{"x": [0, 1, 2, 3, 4, 5], "y": [5.151871681213379, 6.364533424377441, 6.9852471351623535, 2.8650314807891846, 0.00438845157623291, 3.0672833919525146], "params": [3.7424755096435547, 4.603779315948486, 8.535245895385742, 5.163348197937012, 0.25, 0.0, 6.715258598327637]}