{"x": [0, 1, 2, 3, 4, 5], "y": [4.287697792053223, 4.495986461639404, 4.9232964515686035, 3.839992046356201, 0.6456711888313293, 3.0915350914001465], "params": [2.0084118843078613, 0.6406247615814209, 4.57100772857666, 5.025335311889648, 0.25, 0.0, 6.388641834259033]}