{"x": [0, 1, 2, 3, 4, 5], "y": [1.221916913986206, 1.6972155570983887, 2.290947914123535, 9.164571762084961, 2.150362014770508, 9.05364990234375], "params": [3.758056640625, -4.102896690368652, 7.683607578277588, 14.892631530761719, 0.25, 0.0, 15.860164642333984]}