{"x": [0, 1, 2, 3, 4, 5], "y": [5.284716606140137, 5.748086929321289, 6.63631010055542, 7.2476067543029785, 1.3202604055404663, 7.36177396774292], "params": [4.3389129638671875, 4.141597270965576, 7.550683975219727, 11.928491592407227, 0.25, 0.0, 12.163808822631836]}