{"x": [0, 1, 2, 3, 4, 5], "y": [1.021327257156372, 1.9541653394699097, 2.778914451599121, 4.302338600158691, 0.7536240220069885, 4.331045627593994], "params": [4.172756195068359, -3.534480333328247, 8.597593307495117, 7.366635322570801, 0.25, 0.0, 7.869515419006348]}