{"x": [0, 1, 2, 3, 4, 5], "y": [1.7898935079574585, 2.706976890563965, 3.1327645778656006, 3.394289493560791, 0.7687920928001404, 2.869936943054199], "params": [3.3316032886505127, -2.701932907104492, 6.170589447021484, 5.385653495788574, 0.25, 0.0, 6.082803249359131]}