{"x": [0, 1, 2, 3, 4, 5], "y": [0.3935224115848541, 1.447892427444458, 2.992396354675293, 3.955040693283081, 0.4234922528266907, 4.102981090545654], "params": [4.497244834899902, -4.2113566398620605, 9.955411911010742, 6.958051681518555, 0.25, 0.0, 7.904463768005371]}