{"x": [0, 1, 2, 3, 4, 5], "y": [1.5936615467071533, 2.1808972358703613, 3.352707862854004, 5.53253698348999, 1.1380021572113037, 6.1225972175598145], "params": [4.3542160987854, -3.1237494945526123, 8.212785720825195, 9.747170448303223, 0.25, 0.0, 10.633430480957031]}