{"x": [0, 1, 2, 3, 4, 5], "y": [3.0931761264801025, 3.5961368083953857, 4.032303810119629, 5.726679801940918, 0.025470193475484848, 5.706313133239746], "params": [2.0271835327148438, -1.947462558746338, 4.667588710784912, 11.753082275390625, 0.25, 0.0, 12.376774787902832]}