{"x": [0, 1, 2, 3, 4, 5], "y": [2.1379356384277344, 2.980027198791504, 4.028414726257324, 8.16466236114502, 1.4777600765228271, 7.866260528564453], "params": [3.548234224319458, -1.545889973640442, 7.447755813598633, 12.505796432495117, 0.25, 0.0, 13.839801788330078]}