{"x": [0, 1, 2, 3, 4, 5], "y": [3.432560682296753, 3.5784051418304443, 3.92486310005188, 4.779913425445557, 0.6613335013389587, 4.840291976928711], "params": [2.057002544403076, -1.5724045038223267, 4.009913921356201, 8.457404136657715, 0.25, 0.0, 8.586475372314453]}