{"x": [0, 1, 2, 3, 4, 5], "y": [3.4648921489715576, 4.1003737449646, 5.323844909667969, 4.688286304473877, 0.08151394128799438, 4.834442138671875], "params": [4.976383209228516, 1.6984021663665771, 9.412302017211914, 9.165261268615723, 0.25, 0.0, 9.907805442810059]}