{"x": [0, 1, 2, 3, 4, 5], "y": [3.33957839012146, 4.177790641784668, 4.5970988273620605, 7.975850582122803, 1.2525867223739624, 8.12222957611084], "params": [4.332045555114746, 0.8957082033157349, 9.327709197998047, 13.492284774780273, 0.25, 0.0, 14.124799728393555]}