{"x": [0, 1, 2, 3, 4, 5], "y": [2.655383586883545, 2.6585888862609863, 2.650404930114746, 7.589775085449219, 0.18056070804595947, 7.538986682891846], "params": [2.0669772624969482, -3.311410427093506, 2.8292856216430664, 14.52738094329834, 0.25, 0.0, 15.354619979858398]}