{"x": [0, 1, 2, 3, 4, 5], "y": [2.6944689750671387, 3.26633620262146, 3.894108772277832, 7.48749303817749, 0.7849528193473816, 7.496423721313477], "params": [3.2459921836853027, -1.6789346933364868, 7.077042579650879, 13.579078674316406, 0.25, 0.0, 13.910731315612793]}