{"x": [0, 1, 2, 3, 4, 5], "y": [4.79679536819458, 5.449120044708252, 6.710137367248535, 7.200908660888672, 0.6767977476119995, 6.952906131744385], "params": [4.443035125732422, 4.35012149810791, 9.124188423156738, 12.211687088012695, 0.25, 0.0, 13.357891082763672]}