{"x": [0, 1, 2, 3, 4, 5], "y": [4.7361063957214355, 5.556803226470947, 6.401203155517578, 3.280435562133789, 0.20946770906448364, 3.3519866466522217], "params": [2.4833641052246094, 2.322633743286133, 5.134169578552246, 5.619598388671875, 0.25, 0.0, 6.285037994384766]}