{"x": [0, 1, 2, 3, 4, 5], "y": [2.3347585201263428, 2.390272855758667, 3.2382314205169678, 5.804100036621094, 0.24730917811393738, 5.474628925323486], "params": [2.8466544151306152, -3.0777435302734375, 4.828068256378174, 10.831249237060547, 0.25, 0.0, 11.113581657409668]}