{"x": [0, 1, 2, 3, 4, 5], "y": [5.171939849853516, 5.978692531585693, 6.73245096206665, 3.51216197013855, -0.017761878669261932, 3.7165138721466064], "params": [2.191598892211914, 3.177799701690674, 5.140124320983887, 7.395331859588623, 0.25, 0.0, 8.928840637207031]}