{"x": [0, 1, 2, 3, 4, 5], "y": [4.334472179412842, 5.339908599853516, 5.874769687652588, 6.340050220489502, 1.4217013120651245, 6.719940185546875], "params": [3.70185923576355, 2.1529364585876465, 6.954438209533691, 10.390295028686523, 0.25, 0.0, 10.753777503967285]}