{"x": [0, 1, 2, 3, 4, 5], "y": [3.1763341426849365, 4.205666542053223, 5.204859256744385, 8.792058944702148, 0.9780557751655579, 8.284339904785156], "params": [4.596299171447754, 1.5579456090927124, 10.179161071777344, 14.303510665893555, 0.25, 0.0, 15.806159019470215]}