{"x": [0, 1, 2, 3, 4, 5], "y": [0.9405723810195923, 1.5969916582107544, 1.935128927230835, 4.689794540405273, 0.5869035720825195, 4.524012565612793], "params": [3.188755989074707, -4.771406650543213, 6.755741119384766, 8.353289604187012, 0.25, 0.0, 9.208959579467773]}