{"x": [0, 1, 2, 3, 4, 5], "y": [2.8755030632019043, 3.1425695419311523, 3.9792704582214355, 3.6361196041107178, 0.3806580603122711, 3.9745066165924072], "params": [2.104689598083496, -2.5755298137664795, 3.6105337142944336, 7.1784281730651855, 0.25, 0.0, 8.265005111694336]}