{"x": [0, 1, 2, 3, 4, 5], "y": [3.61448073387146, 4.630167484283447, 5.417304039001465, 2.4864768981933594, 0.1751861572265625, 2.6531546115875244], "params": [3.569438934326172, 1.4385181665420532, 8.177894592285156, 5.2419023513793945, 0.25, 0.0, 5.848176002502441]}