{"x": [0, 1, 2, 3, 4, 5], "y": [2.4141628742218018, 3.751893997192383, 4.663268089294434, 2.752148151397705, 0.08410502225160599, 2.8949334621429443], "params": [4.245037078857422, -0.0018340349197387695, 9.744991302490234, 5.494588851928711, 0.25, 0.0, 7.154905319213867]}