{"x": [0, 1, 2, 3, 4, 5], "y": [1.0442909002304077, 1.9149699211120605, 2.836920976638794, 9.747390747070312, 2.6589200496673584, 9.752302169799805], "params": [3.6260828971862793, -4.169035911560059, 7.195710182189941, 14.850068092346191, 0.25, 0.0, 15.485864639282227]}