{"x": [0, 1, 2, 3, 4, 5], "y": [5.1805338859558105, 5.910658836364746, 7.073399543762207, 6.951655864715576, -0.11750449240207672, 7.035222053527832], "params": [4.430564880371094, 4.800970554351807, 9.113202095031738, 13.801798820495605, 0.25, 0.0, 14.856454849243164]}