{"x": [0, 1, 2, 3, 4, 5], "y": [2.8112080097198486, 3.8796677589416504, 4.868614673614502, 4.851467132568359, 0.9203635454177856, 5.005637168884277], "params": [4.773167133331299, 0.32794177532196045, 9.73263168334961, 7.999885559082031, 0.25, 0.0, 9.243528366088867]}