{"x": [0, 1, 2, 3, 4, 5], "y": [4.539340972900391, 5.735846996307373, 5.9902544021606445, 6.4570794105529785, 0.831425130367279, 6.9717559814453125], "params": [4.169314861297607, 3.4183807373046875, 8.485258102416992, 11.149360656738281, 0.25, 0.0, 12.938840866088867]}