{"x": [0, 1, 2, 3, 4, 5], "y": [1.030073642730713, 1.3631705045700073, 2.8796441555023193, 6.697632789611816, 1.9164416790008545, 7.355987071990967], "params": [4.113410949707031, -3.795726776123047, 8.180103302001953, 10.478503227233887, 0.25, 0.0, 11.414450645446777]}