{"x": [0, 1, 2, 3, 4, 5], "y": [5.013651371002197, 5.658390522003174, 6.256411075592041, 9.054068565368652, 1.7857632637023926, 8.461750030517578], "params": [3.0896501541137695, 3.3069701194763184, 6.116869926452637, 13.479728698730469, 0.25, 0.0, 14.53661060333252]}