{"x": [0, 1, 2, 3, 4, 5], "y": [0.9911055564880371, 1.7433942556381226, 2.5944323539733887, 6.495377540588379, 0.1870429515838623, 6.505788326263428], "params": [4.103112697601318, -3.7956273555755615, 8.014586448669434, 12.569168090820312, 0.25, 0.0, 13.786638259887695]}