{"x": [0, 1, 2, 3, 4, 5], "y": [2.4278762340545654, 3.5373287200927734, 3.9409379959106445, 3.56292462348938, 0.30550387501716614, 3.605525255203247], "params": [3.6609573364257812, -1.0468435287475586, 7.68721342086792, 6.475329399108887, 0.25, 0.0, 6.600042819976807]}