{"x": [0, 1, 2, 3, 4, 5], "y": [1.519775390625, 2.469454050064087, 3.213284730911255, 7.260016918182373, 0.7316430807113647, 7.075549602508545], "params": [4.705892086029053, -2.2972707748413086, 9.604020118713379, 12.706621170043945, 0.25, 0.0, 13.056747436523438]}