{"x": [0, 1, 2, 3, 4, 5], "y": [4.01468563079834, 5.186225891113281, 5.726292610168457, 9.606904029846191, 2.289944887161255, 9.535126686096191], "params": [4.145786285400391, 2.472273111343384, 8.326860427856445, 14.082818031311035, 0.25, 0.0, 15.660900115966797]}