{"x": [0, 1, 2, 3, 4, 5], "y": [2.0886166095733643, 2.0937304496765137, 3.210219144821167, 4.276777267456055, 0.7671216130256653, 4.19577169418335], "params": [2.5402917861938477, -3.4660940170288086, 4.365371227264404, 7.6557416915893555, 0.25, 0.0, 8.747434616088867]}