{"x": [0, 1, 2, 3, 4, 5], "y": [5.138325214385986, 5.770327091217041, 6.1296467781066895, 6.08528470993042, 0.3455468416213989, 6.064511775970459], "params": [2.397282123565674, 2.42600679397583, 4.430434226989746, 11.700088500976562, 0.25, 0.0, 11.900202751159668]}