{"x": [0, 1, 2, 3, 4, 5], "y": [3.4771621227264404, 3.9056971073150635, 4.4585185050964355, 3.862063407897949, 0.7386572957038879, 4.139614582061768], "params": [3.310574531555176, -0.13871073722839355, 6.453927516937256, 6.1670451164245605, 0.25, 0.0, 6.801914691925049]}