{"x": [0, 1, 2, 3, 4, 5], "y": [1.5326097011566162, 1.6667969226837158, 2.6936092376708984, 6.491514205932617, 0.6205255389213562, 6.3352532386779785], "params": [3.1874961853027344, -4.349898815155029, 6.3210320472717285, 11.140915870666504, 0.25, 0.0, 11.74197769165039]}