{"x": [0, 1, 2, 3, 4, 5], "y": [4.697480201721191, 4.983277797698975, 5.619832515716553, 3.574693202972412, 0.9432164430618286, 4.064220428466797], "params": [2.559835433959961, 1.4344990253448486, 4.026969909667969, 5.9847211837768555, 0.25, 0.0, 6.639922142028809]}