{"x": [0, 1, 2, 3, 4, 5], "y": [3.103745698928833, 3.718991279602051, 3.74507474899292, 6.8697075843811035, 1.6714295148849487, 6.67724084854126], "params": [2.6769776344299316, -1.5635186433792114, 4.689365863800049, 10.339685440063477, 0.25, 0.0, 11.447921752929688]}