{"x": [0, 1, 2, 3, 4, 5], "y": [5.12839937210083, 5.694279670715332, 6.947020053863525, 6.971316337585449, 1.569753885269165, 7.130316734313965], "params": [4.7861456871032715, 4.463331699371338, 9.403788566589355, 10.981691360473633, 0.25, 0.0, 11.363283157348633]}