{"x": [0, 1, 2, 3, 4, 5], "y": [5.263124942779541, 6.299734115600586, 6.930589199066162, 5.913598537445068, 0.36265361309051514, 5.30561637878418], "params": [3.780449390411377, 4.553564071655273, 7.292477607727051, 11.184779167175293, 0.25, 0.0, 11.101889610290527]}