{"x": [0, 1, 2, 3, 4, 5], "y": [3.1901497840881348, 4.045985698699951, 4.742218017578125, 4.393003463745117, 0.4888204038143158, 3.40433669090271], "params": [3.6252973079681396, 0.6243270635604858, 7.5250349044799805, 6.5438313484191895, 0.25, 0.0, 7.808366298675537]}