{"x": [0, 1, 2, 3, 4, 5], "y": [6.245596408843994, 6.452486515045166, 7.668281078338623, 6.117824554443359, 0.11230355501174927, 6.282327175140381], "params": [2.618927240371704, 4.715930938720703, 5.067788124084473, 11.393336296081543, 0.25, 0.0, 12.340046882629395]}