{"x": [0, 1, 2, 3, 4, 5], "y": [2.0694949626922607, 2.623631715774536, 2.9455533027648926, 6.4294023513793945, 1.0266491174697876, 7.02063512802124], "params": [3.044969081878662, -3.317362070083618, 5.922102451324463, 11.010659217834473, 0.25, 0.0, 12.077075004577637]}