{"x": [0, 1, 2, 3, 4, 5], "y": [5.000489711761475, 5.6467719078063965, 5.670139789581299, 2.69500470161438, 0.6299620270729065, 3.181788444519043], "params": [3.018104314804077, 2.4176673889160156, 5.445788383483887, 5.534651756286621, 0.25, 0.0, 6.7427897453308105]}