{"x": [0, 1, 2, 3, 4, 5], "y": [4.438596248626709, 4.063821315765381, 5.2959184646606445, 4.133791446685791, 1.0554763078689575, 4.253700256347656], "params": [2.5922975540161133, 0.9263712167739868, 6.376736640930176, 6.463523864746094, 0.25, 0.0, 6.747828483581543]}