{"x": [0, 1, 2, 3, 4, 5], "y": [5.015435695648193, 5.761407375335693, 6.527859210968018, 4.377750396728516, -0.00570254772901535, 4.660733222961426], "params": [3.022634506225586, 3.5039496421813965, 5.969346046447754, 8.321372985839844, 0.25, 0.0, 9.332871437072754]}