{"x": [0, 1, 2, 3, 4, 5], "y": [2.136019706726074, 3.2340896129608154, 3.1502554416656494, 4.770730018615723, 0.2783465087413788, 4.577242851257324], "params": [2.5391287803649902, -2.554378032684326, 5.733391761779785, 7.975860118865967, 0.25, 0.0, 8.984766960144043]}