{"x": [0, 1, 2, 3, 4, 5], "y": [4.937892436981201, 5.684823989868164, 6.493251800537109, 4.375825881958008, 0.7324573397636414, 5.086025714874268], "params": [2.853076219558716, 2.90903377532959, 5.829524040222168, 7.522776126861572, 0.25, 0.0, 8.707137107849121]}