{"x": [0, 1, 2, 3, 4, 5], "y": [3.6203858852386475, 3.7877249717712402, 4.682535648345947, 7.417996406555176, 1.1330634355545044, 7.288810729980469], "params": [2.5606331825256348, -0.6604164838790894, 4.855358600616455, 11.975166320800781, 0.25, 0.0, 12.569866180419922]}