{"x": [0, 1, 2, 3, 4, 5], "y": [3.2202329635620117, 3.756424903869629, 3.924063205718994, 4.978115558624268, 0.7164005041122437, 4.811459064483643], "params": [3.280890464782715, -0.8473557233810425, 5.926443099975586, 8.30947494506836, 0.25, 0.0, 8.65073299407959]}