{"x": [0, 1, 2, 3, 4, 5], "y": [3.0715184211730957, 3.765418529510498, 3.867525577545166, 6.266051292419434, 1.1666162014007568, 6.178769588470459], "params": [2.3491480350494385, -1.4613860845565796, 4.836106300354004, 10.522564888000488, 0.25, 0.0, 12.070204734802246]}