{"x": [0, 1, 2, 3, 4, 5], "y": [7.574965476989746, 6.727046966552734, 6.79014778137207, 6.356380939483643, 5.509201526641846, 5.161071300506592], "params": [-2.339061737060547, 2.419869899749756, 4.827788352966309]}