{"x": [0, 1, 2, 3, 4, 5], "y": [4.136731147766113, 4.140506744384766, 3.7232518196105957, 3.6701292991638184, 3.124056339263916, 2.7228798866271973], "params": [-1.3159295320510864, -2.563417434692383, 2.8352537155151367]}