{"x": [0, 1, 2, 3, 4, 5], "y": [3.1211328506469727, 2.6178059577941895, 3.297856092453003, 2.8125367164611816, 2.9799444675445557, 3.0290658473968506], "params": [-0.06870764493942261, -3.795726776123047, 1.360100269317627]}