{"x": [0, 1, 2, 3, 4, 5], "y": [5.410749435424805, 5.3403143882751465, 4.7972307205200195, 4.6420793533325195, 5.07806396484375, 4.898806571960449], "params": [-0.3934192657470703, -0.10314285755157471, 1.5373401641845703]}