{"x": [0, 1, 2, 3, 4, 5], "y": [4.60577917098999, 4.460733413696289, 4.5219831466674805, 4.4009881019592285, 3.5984325408935547, 3.393969774246216], "params": [-1.387453556060791, -1.545889973640442, 2.423618793487549]}