{"x": [0, 1, 2, 3, 4, 5], "y": [6.665860652923584, 6.335479736328125, 6.071750164031982, 5.806922435760498, 5.245706081390381, 5.2801737785339355], "params": [-1.4486048221588135, 1.8062466382980347, 2.8403091430664062]}