{"x": [0, 1, 2, 3, 4, 5], "y": [4.8879876136779785, 4.618490695953369, 3.6180272102355957, 2.52832293510437, 2.195072889328003, 1.7511616945266724], "params": [-2.807788372039795, -3.4304003715515137, 6.273652076721191]}