{"x": [0, 1, 2, 3, 4, 5], "y": [4.044441223144531, 3.610536813735962, 3.7551212310791016, 3.5332188606262207, 3.7035279273986816, 2.9818508625030518], "params": [-0.3306964039802551, -2.5651776790618896, 2.125180721282959]}