{"x": [0, 1, 2, 3, 4, 5], "y": [4.3900604248046875, 4.240231513977051, 3.3748512268066406, 3.85819673538208, 3.0402040481567383, 2.7196149826049805], "params": [-1.937732458114624, -2.973726272583008, 3.340890884399414]}