{"x": [0, 1, 2, 3, 4, 5], "y": [6.4352569580078125, 6.7630696296691895, 6.880210876464844, 7.409780979156494, 7.579859256744385, 7.718075752258301], "params": [1.3786711692810059, 4.093800067901611, 2.5656375885009766]}