{"x": [0, 1, 2, 3, 4, 5], "y": [7.599699974060059, 8.181892395019531, 7.426681041717529, 6.941097259521484, 6.972292900085449, 6.969331741333008], "params": [-0.9527146816253662, 4.786528587341309, 2.4815902709960938]}