{"x": [0, 1, 2, 3, 4, 5], "y": [6.4013671875, 5.951083660125732, 6.271047115325928, 6.062363624572754, 6.307163238525391, 6.101747989654541], "params": [-0.3386029601097107, 2.5146007537841797, 0.9005670547485352]}