{"x": [0, 1, 2, 3, 4, 5], "y": [6.377750396728516, 5.598148822784424, 4.214330673217773, 3.8633780479431152, 2.3381147384643555, 1.7343910932540894], "params": [-4.452547550201416, -1.8866169452667236, 9.286718368530273]}