{"x": [0, 1, 2, 3, 4, 5], "y": [7.6941304206848145, 6.577049732208252, 6.932349681854248, 5.694545269012451, 5.265803813934326, 4.814812660217285], "params": [-2.813465118408203, 2.083578109741211, 5.758635520935059]}