{"x": [0, 1, 2, 3, 4, 5], "y": [7.5045061111450195, 6.414666175842285, 5.707128524780273, 4.8262434005737305, 3.2846291065216064, 2.418393850326538], "params": [-4.749398231506348, -0.25364160537719727, 10.172224044799805]}