{"x": [0, 1, 2, 3, 4, 5], "y": [7.4902215003967285, 7.767543315887451, 7.452917575836182, 7.081877708435059, 6.817361354827881, 7.0811448097229], "params": [-0.9342235326766968, 4.603779315948486, 1.9003639221191406]}