{"x": [0, 1, 2, 3, 4, 5], "y": [9.442418098449707, 8.650443077087402, 7.707563877105713, 6.714134216308594, 5.565815448760986, 4.936750411987305], "params": [-4.531342506408691, 4.521570205688477, 9.011335372924805]}