{"x": [0, 1, 2, 3, 4, 5], "y": [5.866305828094482, 5.344069004058838, 4.453278064727783, 4.543667316436768, 4.106967449188232, 3.537381649017334], "params": [-2.0112555027008057, -0.8473557233810425, 4.657848358154297]}