{"x": [0, 1, 2, 3, 4, 5], "y": [4.355510234832764, 3.5889475345611572, 3.004319667816162, 2.2484681606292725, 1.9542850255966187, 1.046439290046692], "params": [-3.1970999240875244, -4.374505043029785, 6.618142127990723]}