{"x": [0, 1, 2, 3, 4, 5], "y": [5.22842264175415, 3.977614164352417, 3.8381803035736084, 3.6209442615509033, 2.2231106758117676, 1.131496548652649], "params": [-3.739319324493408, -3.4660940170288086, 8.193852424621582]}