{"x": [0, 1, 2, 3, 4, 5], "y": [7.152095317840576, 6.510882377624512, 5.704739570617676, 4.809691905975342, 3.732853651046753, 3.02833890914917], "params": [-4.277275562286377, 0.30459582805633545, 8.247512817382812]}