{"x": [0, 1, 2, 3, 4, 5], "y": [4.872849464416504, 4.3056440353393555, 3.5062239170074463, 3.1418938636779785, 2.721236228942871, 2.2271924018859863], "params": [-2.5617387294769287, -3.317362070083618, 5.291314125061035]}