{"x": [0, 1, 2, 3, 4, 5], "y": [6.593131065368652, 6.96812105178833, 6.401011943817139, 6.9232354164123535, 6.438577651977539, 6.728179931640625], "params": [0.061734676361083984, 3.4183807373046875, 1.1342182159423828]}