{"x": [0, 1, 2, 3, 4, 5], "y": [3.524184226989746, 3.3392109870910645, 3.7388124465942383, 3.5505380630493164, 3.256700038909912, 3.769531011581421], "params": [0.4931706190109253, -3.1237494945526123, 1.0256619453430176]}