{"x": [0, 1, 2, 3, 4, 5], "y": [8.452446937561035, 7.567537784576416, 6.742072582244873, 5.652171611785889, 4.8911848068237305, 3.6509153842926025], "params": [-4.414150238037109, 2.241692066192627, 9.603063583374023]}