{"x": [0, 1, 2, 3, 4, 5], "y": [6.525150775909424, 6.521495819091797, 6.2370076179504395, 5.693690776824951, 5.651516914367676, 5.726306915283203], "params": [-0.6889620423316956, 2.4280965328216553, 1.747267723083496]}