{"x": [0, 1, 2, 3, 4, 5], "y": [8.118184089660645, 7.257050037384033, 6.240027904510498, 5.259771823883057, 4.2843017578125, 3.5000994205474854], "params": [-4.820194721221924, 1.526564359664917, 9.236169815063477]}