{"x": [0, 1, 2, 3, 4, 5], "y": [7.741213321685791, 8.126619338989258, 7.853227615356445, 7.422651767730713, 7.368003845214844, 7.1104841232299805], "params": [-1.1625683307647705, 4.9295830726623535, 2.0322704315185547]}