{"x": [0, 1, 2, 3, 4, 5], "y": [5.554836273193359, 4.788392066955566, 4.405241012573242, 3.535365581512451, 3.1013643741607666, 2.8394482135772705], "params": [-2.9948487281799316, -2.0864713191986084, 5.430776119232178]}