{"x": [0, 1, 2, 3, 4, 5], "y": [6.5029449462890625, 6.395352840423584, 5.403368949890137, 4.771763801574707, 4.648726463317871, 4.364589691162109], "params": [-2.2548604011535645, 0.5683934688568115, 4.276710510253906]}