{"x": [0, 1, 2, 3, 4, 5], "y": [7.782090187072754, 6.592621803283691, 5.622175216674805, 4.781245231628418, 4.028507232666016, 3.0788097381591797], "params": [-4.980372428894043, 0.6406247615814209, 9.406560897827148]}