{"x": [0, 1, 2, 3, 4, 5], "y": [5.294726848602295, 4.788177967071533, 4.570951461791992, 4.176848888397217, 3.1118409633636475, 2.9971752166748047], "params": [-2.53989839553833, -1.6413569450378418, 4.5951032638549805]}