{"x": [0, 1, 2, 3, 4, 5], "y": [6.189356803894043, 6.373421669006348, 6.034605503082275, 5.9535346031188965, 6.176112174987793, 5.653635501861572], "params": [-1.169787883758545, 2.165855884552002, 1.4395723342895508]}