{"x": [0, 1, 2, 3, 4, 5], "y": [2.09181809425354, 2.3858137130737305, 2.634129285812378, 3.1394307613372803, 3.1261372566223145, 3.663769006729126], "params": [1.567887306213379, -4.352776527404785, 3.143901824951172]}