{"x": [0, 1, 2, 3, 4, 5], "y": [7.736910343170166, 7.087028980255127, 7.140822887420654, 6.940263271331787, 7.056878566741943, 6.690517425537109], "params": [-0.7377469539642334, 3.893855094909668, 2.0927858352661133]}