{"x": [0, 1, 2, 3, 4, 5], "y": [7.815065860748291, 7.824527740478516, 7.682061195373535, 7.37645149230957, 6.769179344177246, 6.44116735458374], "params": [-1.4515095949172974, 4.710058689117432, 2.766720771789551]}