{"x": [0, 1, 2, 3, 4, 5], "y": [7.178668975830078, 6.519155979156494, 5.652950286865234, 5.067996501922607, 4.729454517364502, 3.7270851135253906], "params": [-3.7546160221099854, 1.4031153917312622, 6.903167724609375]}