{"x": [0, 1, 2, 3, 4, 5], "y": [4.227365493774414, 3.9188637733459473, 3.9225010871887207, 3.260716676712036, 3.452303171157837, 3.1578471660614014], "params": [-1.3452122211456299, -2.615445137023926, 2.1390366554260254]}