{"x": [0, 1, 2, 3, 4, 5], "y": [5.610280990600586, 4.8276448249816895, 4.29984712600708, 3.04079532623291, 1.9973140954971313, 1.0597091913223267], "params": [-4.8573713302612305, -2.963533401489258, 9.101143836975098]}