{"x": [0, 1, 2, 3, 4, 5], "y": [5.045456886291504, 4.401864051818848, 4.364177227020264, 3.8081231117248535, 3.3841660022735596, 3.338613748550415], "params": [-1.6055634021759033, -1.939498782157898, 3.4136862754821777]}