{"x": [0, 1, 2, 3, 4, 5], "y": [3.7114744186401367, 3.079862594604492, 3.359067678451538, 3.1536595821380615, 2.4065465927124023, 2.0116682052612305], "params": [-1.599554419517517, -4.130332946777344, 3.3996124267578125]}