{"x": [0, 1, 2, 3, 4, 5], "y": [3.810823440551758, 4.077460289001465, 2.8214027881622314, 2.2338833808898926, 1.5700703859329224, 0.7705563306808472], "params": [-3.451808214187622, -4.574892520904541, 6.613807678222656]}