{"x": [0, 1, 2, 3, 4, 5], "y": [5.990492820739746, 5.307157516479492, 4.100162506103516, 3.23980712890625, 2.180954933166504, 1.5306143760681152], "params": [-4.761694431304932, -2.6981468200683594, 8.919756889343262]}