{"x": [0, 1, 2, 3, 4, 5], "y": [3.034682512283325, 2.9892961978912354, 2.5288243293762207, 2.812018871307373, 2.3864030838012695, 1.986684799194336], "params": [-0.7822251319885254, -4.6122260093688965, 2.0959954261779785]}