{"x": [0, 1, 2, 3, 4, 5], "y": [6.3216447830200195, 5.799831390380859, 5.829571723937988, 5.2752685546875, 4.869293689727783, 4.355772972106934], "params": [-1.7540762424468994, 0.9040933847427368, 3.931743621826172]}