{"x": [0, 1, 2, 3, 4, 5], "y": [5.418524265289307, 4.7554826736450195, 5.097696781158447, 4.559199810028076, 4.91121768951416, 4.452957630157471], "params": [-0.20944416522979736, -0.04386425018310547, 1.9311332702636719]}