{"x": [0, 1, 2, 3, 4, 5], "y": [8.943374633789062, 8.354059219360352, 8.020883560180664, 7.048426628112793, 6.325286865234375, 5.686101913452148], "params": [-3.291365146636963, 4.638128280639648, 6.514545440673828]}