{"x": [0, 1, 2, 3, 4, 5], "y": [4.4549784660339355, 3.5681228637695312, 2.9821882247924805, 2.2961349487304688, 1.479253888130188, 1.1782729625701904], "params": [-3.659045696258545, -4.543179512023926, 6.55341100692749]}