{"x": [0, 1, 2, 3, 4, 5], "y": [4.6842851638793945, 4.643153667449951, 5.0198655128479, 4.931580066680908, 4.7149271965026855, 4.629338264465332], "params": [-0.03475844860076904, -0.3929710388183594, 0.7810544967651367]}