{"x": [0, 1, 2, 3, 4, 5], "y": [4.64810037612915, 3.9009997844696045, 3.6082305908203125, 2.891779661178589, 2.3250985145568848, 1.6120251417160034], "params": [-2.7305212020874023, -3.954747200012207, 6.072150230407715]}