{"x": [0, 1, 2, 3, 4, 5], "y": [3.5680019855499268, 3.646389961242676, 4.172887325286865, 4.725954055786133, 4.587012767791748, 5.219985485076904], "params": [1.7787721157073975, -1.679013967514038, 3.303966999053955]}