{"x": [0, 1, 2, 3, 4, 5], "y": [4.240945339202881, 3.2917985916137695, 3.235276222229004, 2.8637843132019043, 2.433976173400879, 1.984790325164795], "params": [-2.229175567626953, -4.349898815155029, 4.512310028076172]}