{"x": [0, 1, 2, 3, 4, 5], "y": [7.82175350189209, 7.339529991149902, 6.2343926429748535, 6.406798362731934, 4.965085029602051, 4.902120113372803], "params": [-2.6244232654571533, 2.4176673889160156, 5.839266777038574]}