{"x": [0, 1, 2, 3, 4, 5], "y": [5.849067687988281, 5.5331645011901855, 4.543544769287109, 3.384200096130371, 2.5658318996429443, 0.9905602931976318], "params": [-4.9440412521362305, -2.4871034622192383, 9.71701431274414]}