{"x": [0, 1, 2, 3, 4, 5], "y": [4.67605447769165, 4.612707614898682, 4.153127193450928, 4.27084493637085, 4.380944728851318, 4.217326641082764], "params": [-0.6072857975959778, -1.5828633308410645, 1.0458545684814453]}