{"x": [0, 1, 2, 3, 4, 5], "y": [7.473943710327148, 6.805989742279053, 6.542863368988037, 6.119910717010498, 5.460906028747559, 5.190906047821045], "params": [-2.3161849975585938, 2.598902702331543, 4.566075325012207]}