{"x": [0, 1, 2, 3, 4, 5], "y": [4.903182506561279, 4.112847328186035, 3.588475465774536, 3.007610321044922, 2.367591619491577, 1.1767972707748413], "params": [-3.017136573791504, -3.4020848274230957, 7.452770233154297]}