{"x": [0, 1, 2, 3, 4, 5], "y": [5.503227233886719, 4.835970401763916, 4.036844253540039, 3.863856792449951, 3.0928313732147217, 2.299057722091675], "params": [-2.84773325920105, -2.3265867233276367, 6.408339023590088]}