{"x": [0, 1, 2, 3, 4, 5], "y": [4.972596645355225, 4.651566505432129, 4.190767765045166, 3.7262232303619385, 3.4915034770965576, 2.674107074737549], "params": [-2.0055720806121826, -2.132554054260254, 4.596979141235352]}