{"x": [0, 1, 2, 3, 4, 5], "y": [6.1524271965026855, 5.548200607299805, 4.354811191558838, 4.097583293914795, 3.1903579235076904, 2.399747133255005], "params": [-3.4203855991363525, -1.5635186433792114, 7.505360126495361]}