{"x": [0, 1, 2, 3, 4, 5], "y": [6.3057098388671875, 5.200693607330322, 4.665311813354492, 3.469921112060547, 2.409273624420166, 1.250563144683838], "params": [-4.75572395324707, -2.5755298137664795, 10.1102933883667]}