{"x": [0, 1, 2, 3, 4, 5], "y": [3.7656612396240234, 3.2510862350463867, 3.0612034797668457, 3.2263174057006836, 2.434335470199585, 2.403075695037842], "params": [-1.2653460502624512, -3.914461135864258, 2.7251710891723633]}