{"x": [0, 1, 2, 3, 4, 5], "y": [5.276600360870361, 5.118438243865967, 3.778371810913086, 3.3359203338623047, 2.7865614891052246, 1.862134575843811], "params": [-3.742033004760742, -2.554378032684326, 6.82893180847168]}