{"x": [0, 1, 2, 3, 4, 5], "y": [4.913834095001221, 4.579209804534912, 4.385395050048828, 4.171252727508545, 3.553203821182251, 3.8243181705474854], "params": [-1.7116961479187012, -1.518341302871704, 2.7212605476379395]}