{"x": [0, 1, 2, 3, 4, 5], "y": [3.5370938777923584, 3.730350971221924, 3.1465675830841064, 3.402549982070923, 4.114577293395996, 3.616694450378418], "params": [0.05412811040878296, -2.800793170928955, 1.9360194206237793]}