{"x": [0, 1, 2, 3, 4, 5], "y": [8.3734712600708, 7.711414337158203, 6.776675701141357, 5.960991382598877, 4.908406734466553, 4.118397235870361], "params": [-4.0730085372924805, 2.42600679397583, 8.510148048400879]}