{"x": [0, 1, 2, 3, 4, 5], "y": [6.120929718017578, 5.871891021728516, 5.544551849365234, 5.332248210906982, 5.542047500610352, 5.196597099304199], "params": [-0.28456956148147583, 1.2384897470474243, 1.8486652374267578]}