{"x": [0, 1, 2, 3, 4, 5], "y": [7.78721809387207, 7.322530269622803, 6.811124324798584, 6.351186752319336, 6.071063995361328, 5.298519611358643], "params": [-2.4574830532073975, 3.3069701194763184, 4.9773969650268555]}