{"x": [0, 1, 2, 3, 4, 5], "y": [9.59047794342041, 8.503034591674805, 7.599708557128906, 6.881032943725586, 6.266480445861816, 5.695638656616211], "params": [-3.809725761413574, 4.785888195037842, 7.789678573608398]}