{"x": [0, 1, 2, 3, 4, 5], "y": [6.090036392211914, 4.8733320236206055, 4.830776691436768, 3.697204113006592, 2.4067180156707764, 1.6334978342056274], "params": [-4.183760166168213, -2.3786580562591553, 8.913077354431152]}