{"x": [0, 1, 2, 3, 4, 5], "y": [7.310715675354004, 6.946834564208984, 6.843970775604248, 6.28747034072876, 5.922749996185303, 5.497251510620117], "params": [-1.8675689697265625, 3.055875778198242, 3.6269283294677734]}