{"x": [0, 1, 2, 3, 4, 5], "y": [3.0890302658081055, 3.0021488666534424, 3.014017343521118, 2.986523389816284, 3.2154321670532227, 2.9004735946655273], "params": [-0.09273689985275269, -3.7956273555755615, 0.6299171447753906]}