{"x": [0, 1, 2, 3, 4, 5], "y": [6.15164041519165, 6.243564128875732, 5.3408098220825195, 5.181426048278809, 5.106107711791992, 4.578912258148193], "params": [-1.81829833984375, 0.9094089269638062, 3.329303741455078]}