{"x": [0, 1, 2, 3, 4, 5], "y": [8.233964920043945, 7.666098117828369, 7.322495937347412, 6.824779987335205, 7.17369270324707, 6.49367094039917], "params": [-1.352440357208252, 4.456470012664795, 3.480587959289551]}