{"x": [0, 1, 2, 3, 4, 5], "y": [6.68539571762085, 5.855580806732178, 5.061099052429199, 5.307715892791748, 4.8399834632873535, 4.560290336608887], "params": [-1.9236860275268555, 0.7507139444351196, 4.250210762023926]}