{"x": [0, 1, 2, 3, 4, 5], "y": [4.482497215270996, 3.9176957607269287, 3.4002907276153564, 3.334881067276001, 3.019307851791382, 2.300119161605835], "params": [-1.8160207271575928, -3.381476402282715, 4.364756107330322]}