{"x": [0, 1, 2, 3, 4, 5], "y": [6.103445529937744, 5.4814677238464355, 4.9837751388549805, 4.318817138671875, 4.039479732513428, 4.0778422355651855], "params": [-1.9419927597045898, -0.13871073722839355, 4.127931594848633]}