{"x": [0, 1, 2, 3, 4, 5], "y": [5.37805700302124, 5.0685133934021, 3.7694671154022217, 2.7964768409729004, 1.9486143589019775, 1.0340903997421265], "params": [-4.655517578125, -2.895042896270752, 8.687932968139648]}