{"x": [0, 1, 2, 3, 4, 5], "y": [9.137911796569824, 8.260224342346191, 6.987222194671631, 6.103079319000244, 5.5022292137146, 4.3986945152282715], "params": [-4.43131160736084, 3.3450775146484375, 9.478434562683105]}