{"x": [0, 1, 2, 3, 4, 5], "y": [6.152580738067627, 6.2707977294921875, 6.980830669403076, 7.014406204223633, 7.735405445098877, 7.388990879058838], "params": [1.2973909378051758, 3.808095932006836, 3.1656494140625]}