{"x": [0, 1, 2, 3, 4, 5], "y": [4.804919242858887, 3.9704060554504395, 3.2785091400146484, 2.535297155380249, 1.8337873220443726, 1.4868372678756714], "params": [-3.622365951538086, -4.096400260925293, 6.636163711547852]}