{"x": [0, 1, 2, 3, 4, 5], "y": [2.813797950744629, 2.984196424484253, 3.46779465675354, 3.896167278289795, 4.2136712074279785, 4.938071250915527], "params": [1.743929386138916, -2.51387882232666, 4.248546600341797]}