{"x": [0, 1, 2, 3, 4, 5], "y": [4.673713207244873, 4.8421173095703125, 4.800703525543213, 4.779361248016357, 4.864997863769531, 4.832906723022461], "params": [-0.16737979650497437, -0.5553555488586426, 0.3825693130493164]}