{"x": [0, 1, 2, 3, 4, 5], "y": [7.184055805206299, 6.216829299926758, 5.321727752685547, 4.622507095336914, 4.128408432006836, 3.316706418991089], "params": [-3.919268846511841, 0.3657752275466919, 7.73469877243042]}