{"x": [0, 1, 2, 3, 4, 5], "y": [7.950252056121826, 7.5567450523376465, 7.668673515319824, 7.0161356925964355, 6.297968864440918, 6.247957229614258], "params": [-2.1735026836395264, 4.581565856933594, 3.4045896530151367]}