{"x": [0, 1, 2, 3, 4, 5], "y": [4.427958011627197, 4.152185916900635, 3.8925063610076904, 3.887829303741455, 3.3167243003845215, 3.180856704711914], "params": [-0.8258354663848877, -2.355764389038086, 2.4942026138305664]}