{"x": [0, 1, 2, 3, 4, 5], "y": [3.3828585147857666, 3.3539223670959473, 3.046201467514038, 3.0464673042297363, 2.628303050994873, 2.6084072589874268], "params": [-0.844818651676178, -3.7912309169769287, 1.5489025115966797]}