{"x": [0, 1, 2, 3, 4, 5], "y": [6.749067306518555, 6.55548620223999, 6.141456127166748, 6.058714866638184, 5.922260284423828, 5.813126564025879], "params": [-0.9069409966468811, 2.651336193084717, 1.8718814849853516]}