{"x": [0, 1, 2, 3, 4, 5], "y": [5.819692134857178, 5.528240203857422, 5.251208305358887, 5.643606185913086, 5.71065092086792, 5.117483615875244], "params": [-0.6387615203857422, 0.8654510974884033, 1.4044170379638672]}