{"x": [0, 1, 2, 3, 4, 5], "y": [3.7376058101654053, 3.611485004425049, 3.4989137649536133, 3.0991017818450928, 3.0721864700317383, 3.3853585720062256], "params": [-0.3477078676223755, -3.2125556468963623, 1.330838680267334]}