{"x": [0, 1, 2, 3, 4, 5], "y": [3.0728230476379395, 3.185062885284424, 3.189213514328003, 3.1837310791015625, 3.010354995727539, 3.268627405166626], "params": [0.06976431608200073, -3.534480333328247, 0.5165448188781738]}