{"x": [0, 1, 2, 3, 4, 5], "y": [8.133528709411621, 8.002423286437988, 7.656489849090576, 7.309329509735107, 6.317858695983887, 6.482707977294922], "params": [-1.7488666772842407, 4.853330612182617, 3.6313400268554688]}