{"x": [0, 1, 2, 3, 4, 5], "y": [4.945467948913574, 5.267147064208984, 5.558685779571533, 6.081881046295166, 6.144865036010742, 6.496780872344971], "params": [1.0580313205718994, 1.5579456090927124, 3.102625846862793]}