{"x": [0, 1, 2, 3, 4, 5], "y": [6.984374046325684, 6.068915843963623, 5.2973551750183105, 4.127445697784424, 3.4615228176116943, 2.8718254566192627], "params": [-3.715179920196533, -0.29013633728027344, 8.22509765625]}