{"x": [0, 1, 2, 3, 4, 5], "y": [6.5414137840271, 5.8205389976501465, 5.05986213684082, 3.949965000152588, 3.554299831390381, 2.1112496852874756], "params": [-4.475078105926514, -1.0296046733856201, 8.860328674316406]}