{"x": [0, 1, 2, 3, 4, 5], "y": [5.289881229400635, 5.274569988250732, 4.632156848907471, 4.671935081481934, 3.588369369506836, 3.8981242179870605], "params": [-1.5048408508300781, -0.9179812669754028, 3.4030237197875977]}