{"x": [0, 1, 2, 3, 4, 5], "y": [3.8718414306640625, 3.502350091934204, 3.2745206356048584, 3.350698709487915, 2.98461651802063, 2.402463912963867], "params": [-1.3832828998565674, -3.7329392433166504, 2.9387550354003906]}