{"x": [0, 1, 2, 3, 4, 5], "y": [5.513084888458252, 5.332011699676514, 4.048973083496094, 3.36114764213562, 2.7656195163726807, 2.0631697177886963], "params": [-3.4896745681762695, -1.9923758506774902, 6.899830341339111]}