{"x": [0, 1, 2, 3, 4, 5], "y": [7.018652439117432, 7.122334003448486, 7.045806407928467, 6.880377769470215, 6.982427597045898, 6.847748756408691], "params": [-0.4612942337989807, 4.117580413818359, 0.5491704940795898]}