{"x": [0, 1, 2, 3, 4, 5], "y": [5.318900108337402, 4.967792987823486, 4.886911392211914, 3.9309659004211426, 3.7437028884887695, 2.669365882873535], "params": [-2.4858293533325195, -1.242523193359375, 5.299068450927734]}