{"x": [0, 1, 2, 3, 4, 5], "y": [5.217148780822754, 4.9552435874938965, 4.270047187805176, 4.399290084838867, 4.4490461349487305, 4.4003682136535645], "params": [-0.8889782428741455, -0.893334150314331, 1.8942031860351562]}