{"x": [0, 1, 2, 3, 4, 5], "y": [5.08909797668457, 4.53392219543457, 4.524233818054199, 4.276744365692139, 4.624169826507568, 4.116469860076904], "params": [-1.1454284191131592, -0.793604850769043, 1.945256233215332]}