{"x": [0, 1, 2, 3, 4, 5], "y": [5.4021992683410645, 4.147642612457275, 3.2701215744018555, 2.878978967666626, 1.615911841392517, 0.7245268225669861], "params": [-4.534491062164307, -3.9430289268493652, 9.355344772338867]}