{"x": [0, 1, 2, 3, 4, 5], "y": [9.210636138916016, 8.181829452514648, 7.394045352935791, 6.871176242828369, 5.82968282699585, 5.217381477355957], "params": [-3.6243438720703125, 3.956984281539917, 7.986509323120117]}