{"x": [0, 1, 2, 3, 4, 5], "y": [6.804144382476807, 6.389115333557129, 6.629184246063232, 6.168173313140869, 5.882460117340088, 6.147346496582031], "params": [-1.1835787296295166, 2.719087600708008, 1.8433685302734375]}