{"x": [0, 1, 2, 3, 4, 5], "y": [8.419637680053711, 7.687522888183594, 7.287990093231201, 6.744584083557129, 6.612443923950195, 5.948873519897461], "params": [-2.3686931133270264, 4.240281105041504, 4.9415283203125]}