{"x": [0, 1, 2, 3, 4, 5], "y": [6.670334339141846, 6.042789459228516, 6.413286209106445, 5.9208455085754395, 6.1875457763671875, 6.016505241394043], "params": [-0.38545578718185425, 2.311406135559082, 1.4989776611328125]}