{"x": [0, 1, 2, 3, 4, 5], "y": [7.700948715209961, 7.063424587249756, 6.516729354858398, 5.516679286956787, 4.720789909362793, 4.202255725860596], "params": [-3.42209529876709, 1.896888017654419, 6.9973859786987305]}