{"x": [0, 1, 2, 3, 4, 5], "y": [7.88821268081665, 6.8911213874816895, 6.532166957855225, 5.935170650482178, 5.501094818115234, 5.1989970207214355], "params": [-2.623802661895752, 2.8818321228027344, 5.37843132019043]}