{"x": [0, 1, 2, 3, 4, 5], "y": [4.143195629119873, 3.9259533882141113, 3.627833127975464, 3.0953471660614014, 2.7703027725219727, 1.8759615421295166], "params": [-1.8761537075042725, -3.641068458557129, 4.534468173980713]}