{"x": [0, 1, 2, 3, 4, 5], "y": [2.7575185298919678, 5.108607292175293, 2.537513017654419, 4.940227508544922, 1.7644670009613037, 4.152525901794434], "params": [-2.53989839553833, -1.6413569450378418, 4.5951032638549805, 9.93559741973877, 0.25, 0.0, 10.966592788696289]}