{"x": [0, 1, 2, 3, 4, 5], "y": [3.478062629699707, 5.793753147125244, 3.7690181732177734, 5.677303791046143, 3.5745625495910645, 5.474235534667969], "params": [-0.3764396905899048, 2.601869583129883, 0.8548717498779297, 8.2570161819458, 0.25, 0.0, 8.642797470092773]}