{"x": [0, 1, 2, 3, 4, 5], "y": [7.632146835327148, 10.2864351272583, 6.535051345825195, 9.101802825927734, 5.5950469970703125, 8.083908081054688], "params": [-2.6244232654571533, 2.4176673889160156, 5.839266777038574, 5.534651756286621, 0.25, 0.0, 6.7427897453308105]}