{"x": [0, 1, 2, 3, 4, 5], "y": [2.4575488567352295, 4.536036491394043, 2.207235097885132, 4.103927135467529, 1.6346549987792969, 3.393740177154541], "params": [-1.8761537075042725, -3.641068458557129, 4.534468173980713, 9.346487045288086, 0.25, 0.0, 9.294224739074707]}