{"x": [0, 1, 2, 3, 4, 5], "y": [2.929182291030884, 6.102596282958984, 2.7818617820739746, 5.638420581817627, 2.255537271499634, 4.941251277923584], "params": [-2.4858293533325195, -1.242523193359375, 5.299068450927734, 13.309779167175293, 0.25, 0.0, 13.612821578979492]}