{"x": [0, 1, 2, 3, 4, 5], "y": [2.3881442546844482, 5.666440010070801, 2.044300079345703, 5.265115261077881, 1.939064621925354, 5.066659927368164], "params": [-1.6912007331848145, -3.9593780040740967, 3.072819232940674, 13.559028625488281, 0.25, 0.0, 14.162921905517578]}