{"x": [0, 1, 2, 3, 4, 5], "y": [4.445190906524658, 4.269845008850098, 3.3568458557128906, 3.0977728366851807, 2.7616963386535645, 2.593306064605713], "params": [-3.9908857345581055, 3.060415267944336, 8.788163185119629, 0.1642388105392456, 0.25, 0.0, 1.5265661478042603]}