{"x": [0, 1, 2, 3, 4, 5], "y": [3.6909399032592773, 5.178414344787598, 3.035429000854492, 5.34307861328125, 2.952181816101074, 4.583530902862549], "params": [-2.0220823287963867, 0.7283508777618408, 4.884768486022949, 8.770313262939453, 0.25, 0.0, 9.4850492477417]}