{"x": [0, 1, 2, 3, 4, 5], "y": [8.740062713623047, 11.851160049438477, 8.085314750671387, 10.207001686096191, 6.247372627258301, 10.007397651672363], "params": [-3.009488821029663, 2.90903377532959, 5.89560604095459, 7.522776126861572, 0.25, 0.0, 8.707137107849121]}