{"x": [0, 1, 2, 3, 4, 5], "y": [6.467296123504639, 10.436357498168945, 5.695385932922363, 9.15545654296875, 5.139901161193848, 8.672872543334961], "params": [-2.0055720806121826, -2.132554054260254, 4.596979141235352, 8.991439819335938, 0.25, 0.0, 9.008131980895996]}