{"x": [0, 1, 2, 3, 4, 5], "y": [9.3035249710083, 15.764263153076172, 8.700600624084473, 14.672806739807129, 7.603867530822754, 14.089916229248047], "params": [-1.7848724126815796, 2.216082811355591, 3.951831817626953, 13.85936164855957, 0.25, 0.0, 13.940773010253906]}