{"x": [0, 1, 2, 3, 4, 5], "y": [3.637407064437866, 5.2818193435668945, 3.2299821376800537, 4.774662494659424, 2.8324646949768066, 4.725804328918457], "params": [-1.8540570735931396, 0.31560540199279785, 3.8904247283935547, 7.720998764038086, 0.25, 0.0, 8.244012832641602]}