{"x": [0, 1, 2, 3, 4, 5], "y": [4.861176490783691, 9.471027374267578, 6.164670467376709, 10.809778213500977, 6.574704647064209, 11.489740371704102], "params": [1.9448935985565186, 1.6984021663665771, 3.349323272705078, 9.165261268615723, 0.25, 0.0, 9.907805442810059]}