{"x": [0, 1, 2, 3, 4, 5], "y": [4.628945350646973, 6.427807807922363, 4.020043849945068, 5.517112731933594, 3.28267765045166, 5.021537780761719], "params": [-3.523263931274414, 4.068214416503906, 6.230997085571289, 7.238955974578857, 0.25, 0.0, 8.31822681427002]}