{"x": [0, 1, 2, 3, 4, 5], "y": [2.3215572834014893, 4.2439069747924805, 2.063943386077881, 4.2641448974609375, 1.6814723014831543, 3.8289387226104736], "params": [-0.8258354663848877, -2.355764389038086, 2.4942026138305664, 8.218363761901855, 0.25, 0.0, 9.188481330871582]}