{"x": [0, 1, 2, 3, 4, 5], "y": [4.445167064666748, 6.482781410217285, 3.7236902713775635, 5.945694446563721, 2.7923781871795654, 5.186168193817139], "params": [-3.163699150085449, 2.7622671127319336, 6.383852958679199, 10.022416114807129, 0.25, 0.0, 11.093052864074707]}