{"x": [0, 1, 2, 3, 4, 5], "y": [5.79725456237793, 8.57343864440918, 5.883790969848633, 8.367757797241211, 5.611523628234863, 7.902874946594238], "params": [-1.337976098060608, 1.4385181665420532, 1.705343246459961, 5.2419023513793945, 0.25, 0.0, 5.848176002502441]}