{"x": [0, 1, 2, 3, 4, 5], "y": [7.21070671081543, 12.049919128417969, 4.810029029846191, 9.967887878417969, 4.067165851593018, 8.401105880737305], "params": [-4.18532133102417, -1.4613860845565796, 8.232831954956055, 10.522564888000488, 0.25, 0.0, 12.070204734802246]}