{"x": [0, 1, 2, 3, 4, 5], "y": [3.3061935901641846, 3.040734052658081, 2.5540053844451904, 2.4522039890289307, 1.7395166158676147, 1.540049433708191], "params": [-3.5891060829162598, -0.6029009819030762, 7.259781837463379, 0.7025778293609619, 0.25, 0.0, 1.1583272218704224]}