{"x": [0, 1, 2, 3, 4, 5], "y": [6.612387180328369, 6.081468105316162, 5.108010768890381, 4.904407978057861, 3.4790332317352295, 3.080098867416382], "params": [-3.5891060829162598, -0.6029009819030762, 7.259781837463379, 0.7025778293609619, 0.25, 0.0, 1.1583272218704224]}