{"x": [0, 1, 2, 3, 4, 5], "y": [8.887269973754883, 9.785819053649902, 6.339675426483154, 8.621236801147461, 4.674178600311279, 6.170344829559326], "params": [-4.980372428894043, 0.6406247615814209, 9.406560897827148, 5.025335311889648, 0.25, 0.0, 6.388641834259033]}