{"x": [0, 1, 2, 3, 4, 5], "y": [4.841152667999268, 6.575924396514893, 3.9737966060638428, 5.73695707321167, 3.1956913471221924, 4.985532760620117], "params": [-3.4140899181365967, 4.562381744384766, 8.061423301696777, 8.550153732299805, 0.25, 0.0, 8.644158363342285]}