{"x": [0, 1, 2, 3, 4, 5], "y": [4.211912155151367, 10.399286270141602, 3.812035322189331, 9.765984535217285, 4.655946731567383, 9.818523406982422], "params": [0.05412811040878296, -2.800793170928955, 1.9360194206237793, 12.044088363647461, 0.25, 0.0, 12.255132675170898]}