{"x": [0, 1, 2, 3, 4, 5], "y": [9.198205947875977, 14.453012466430664, 8.250055313110352, 13.568780899047852, 6.847931861877441, 12.49225902557373], "params": [-1.7488666772842407, 4.853330612182617, 3.6313400268554688, 10.165434837341309, 0.25, 0.0, 11.841032028198242]}