{"x": [0, 1, 2, 3, 4, 5], "y": [2.4440019130706787, 4.728145599365234, 2.1319379806518555, 4.8374152183532715, 1.795204997062683, 4.41121768951416], "params": [-1.599554419517517, -4.130332946777344, 3.3996124267578125, 10.462458610534668, 0.25, 0.0, 11.811917304992676]}