{"x": [0, 1, 2, 3, 4, 5], "y": [3.4704201221466064, 6.249175071716309, 3.1255269050598145, 6.133145332336426, 3.256324529647827, 6.024501800537109], "params": [-0.20944416522979736, -0.04386425018310547, 1.9311332702636719, 12.515419960021973, 0.25, 0.0, 13.179019927978516]}