{"x": [0, 1, 2, 3, 4, 5], "y": [7.5186357498168945, 13.762052536010742, 6.3246026039123535, 12.287097930908203, 6.680197715759277, 12.105422973632812], "params": [-1.81829833984375, 0.9094089269638062, 3.329303741455078, 11.920738220214844, 0.25, 0.0, 13.085436820983887]}