{"x": [0, 1, 2, 3, 4, 5], "y": [6.655877590179443, 7.489081859588623, 5.061410427093506, 5.438767433166504, 3.28536319732666, 2.8273513317108154], "params": [-4.9440412521362305, -2.4871034622192383, 9.71701431274414, 3.4197182655334473, 0.25, 0.0, 3.0734028816223145]}