{"x": [0, 1, 2, 3, 4, 5], "y": [2.933403968811035, 3.797487735748291, 2.4575982093811035, 3.780545949935913, 1.9735666513442993, 3.2097837924957275], "params": [-1.5048408508300781, -0.9179812669754028, 3.4030237197875977, 4.1527838706970215, 0.25, 0.0, 5.2122344970703125]}