{"x": [0, 1, 2, 3, 4, 5], "y": [3.9377999305725098, 3.446201801300049, 3.5636990070343018, 2.9624483585357666, 2.6335904598236084, 2.775949716567993], "params": [-2.813465118408203, 2.083578109741211, 5.758635520935059, 0.22156298160552979, 0.25, 0.0, 1.4714192152023315]}