{"x": [0, 1, 2, 3, 4, 5], "y": [8.042950630187988, 13.342158317565918, 7.940646171569824, 11.979928970336914, 7.459609508514404, 12.166204452514648], "params": [-1.0289950370788574, 2.1529364585876465, 2.6258010864257812, 10.390295028686523, 0.25, 0.0, 10.753777503967285]}