{"x": [0, 1, 2, 3, 4, 5], "y": [2.670790672302246, 5.25855016708374, 2.086608648300171, 5.5653076171875, 2.0341782569885254, 4.883768558502197], "params": [-1.3832828998565674, -3.7329392433166504, 2.9387550354003906, 12.79068660736084, 0.25, 0.0, 13.762438774108887]}