{"x": [0, 1, 2, 3, 4, 5], "y": [4.3628129959106445, 5.177892684936523, 4.0902814865112305, 4.488777160644531, 3.501232624053955, 4.320713996887207], "params": [-2.691502809524536, 4.548723220825195, 4.695891380310059, 3.8489108085632324, 0.25, 0.0, 4.527495861053467]}