{"x": [0, 1, 2, 3, 4, 5], "y": [8.56851577758789, 10.639657020568848, 7.059030532836914, 9.013628005981445, 5.118933200836182, 7.648409366607666], "params": [-3.6937172412872314, 1.4344990253448486, 8.480134963989258, 5.9847211837768555, 0.25, 0.0, 6.639922142028809]}