{"x": [0, 1, 2, 3, 4, 5], "y": [3.6137170791625977, 4.738370418548584, 3.50864315032959, 4.6463422775268555, 3.0538852214813232, 4.548458576202393], "params": [-0.9391248226165771, 2.549593925476074, 1.9425554275512695, 4.95615816116333, 0.25, 0.0, 5.788862705230713]}