{"x": [0, 1, 2, 3, 4, 5], "y": [4.4006781578063965, 8.068828582763672, 3.3731846809387207, 8.281184196472168, 2.6919286251068115, 7.1772942543029785], "params": [-1.6148486137390137, -4.3198466300964355, 3.4389052391052246, 10.416776657104492, 0.25, 0.0, 11.454368591308594]}