{"x": [0, 1, 2, 3, 4, 5], "y": [3.757976531982422, 4.099092483520508, 2.8603243827819824, 3.21069073677063, 2.073776960372925, 2.4489707946777344], "params": [-3.715179920196533, -0.29013633728027344, 8.22509765625, 3.137953758239746, 0.25, 0.0, 3.7412846088409424]}