{"x": [0, 1, 2, 3, 4, 5], "y": [2.2003390789031982, 4.034414291381836, 1.6865923404693604, 4.140592098236084, 1.3459643125534058, 3.5886471271514893], "params": [-1.6148486137390137, -4.3198466300964355, 3.4389052391052246, 10.416776657104492, 0.25, 0.0, 11.454368591308594]}