{"x": [0, 1, 2, 3, 4, 5], "y": [2.2389845848083496, 4.59990119934082, 1.9313600063323975, 4.183887481689453, 1.627213478088379, 3.9108362197875977], "params": [-0.844818651676178, -3.7912309169769287, 1.5489025115966797, 9.171070098876953, 0.25, 0.0, 10.439512252807617]}