{"x": [0, 1, 2, 3, 4, 5], "y": [1.7377524375915527, 4.469916343688965, 1.7670422792434692, 4.323521614074707, 1.6117455959320068, 4.336045742034912], "params": [-0.4048916697502136, -3.720287799835205, 1.1943788528442383, 10.89721965789795, 0.25, 0.0, 10.684625625610352]}