{"x": [0, 1, 2, 3, 4, 5], "y": [1.9209940433502197, 5.34273624420166, 1.6250264644622803, 5.2156982421875, 1.4807698726654053, 4.5821852684021], "params": [-0.7822251319885254, -4.6122260093688965, 2.0959954261779785, 13.687912940979004, 0.25, 0.0, 14.24207878112793]}