{"x": [0, 1, 2, 3, 4, 5], "y": [2.855283498764038, 5.511667728424072, 2.363185167312622, 5.19993782043457, 1.751786708831787, 5.074773788452148], "params": [-2.1558918952941895, -1.3242238759994507, 4.033943176269531, 12.273547172546387, 0.25, 0.0, 13.4396390914917]}