{"x": [0, 1, 2, 3, 4, 5], "y": [2.524545192718506, 4.148989200592041, 2.17840576171875, 3.8511273860931396, 2.217784881591797, 3.628765106201172], "params": [-0.3306964039802551, -2.5651776790618896, 2.125180721282959, 7.132086753845215, 0.25, 0.0, 8.171502113342285]}