{"x": [0, 1, 2, 3, 4, 5], "y": [2.971567153930664, 3.1466898918151855, 2.381537437438965, 2.578488349914551, 1.6248191595077515, 1.9168932437896729], "params": [-2.6593587398529053, -2.138874053955078, 5.740298748016357, 2.2901968955993652, 0.25, 0.0, 3.0498108863830566]}