{"x": [0, 1, 2, 3, 4, 5], "y": [4.569676399230957, 7.974677085876465, 3.6696557998657227, 7.064933776855469, 2.9555225372314453, 6.091869354248047], "params": [-3.9754607677459717, 0.2994304895401001, 8.936508178710938, 14.753904342651367, 0.25, 0.0, 16.141918182373047]}