{"x": [0, 1, 2, 3, 4, 5], "y": [6.3446855545043945, 11.08790397644043, 4.457719326019287, 9.814990997314453, 3.230018138885498, 8.137760162353516], "params": [-3.7994508743286133, -3.4791314601898193, 8.398931503295898, 11.326528549194336, 0.25, 0.0, 12.001518249511719]}