{"x": [0, 1, 2, 3, 4, 5], "y": [4.356675148010254, 4.24168062210083, 3.341491460800171, 3.114262580871582, 2.5292279720306396, 2.1531918048858643], "params": [-4.414150238037109, 2.241692066192627, 9.603063583374023, 0.9023559093475342, 0.25, 0.0, 1.9498264789581299]}