{"x": [0, 1, 2, 3, 4, 5], "y": [5.7453083992004395, 9.78518295288086, 4.133973598480225, 9.07645320892334, 2.7044153213500977, 7.287857532501221], "params": [-3.024472951889038, -3.0777435302734375, 6.914187431335449, 10.831249237060547, 0.25, 0.0, 11.113581657409668]}