{"x": [0, 1, 2, 3, 4, 5], "y": [3.2336480617523193, 5.218178749084473, 2.8476929664611816, 4.577728271484375, 2.569950580596924, 4.3364362716674805], "params": [-2.0055720806121826, -2.132554054260254, 4.596979141235352, 8.991439819335938, 0.25, 0.0, 9.008131980895996]}