{"x": [0, 1, 2, 3, 4, 5], "y": [2.1541121006011963, 2.239689588546753, 2.1687369346618652, 1.8590514659881592, 1.680104374885559, 1.8024450540542603], "params": [-1.0445195436477661, -2.2942214012145996, 2.2628731727600098, 0.4014623165130615, 0.25, 0.0, 0.8708860278129578]}