{"x": [0, 1, 2, 3, 4, 5], "y": [9.098555564880371, 16.406190872192383, 7.927967548370361, 14.65597152709961, 6.446671485900879, 12.963459014892578], "params": [-3.21000075340271, 0.4419916868209839, 6.189984321594238, 14.991450309753418, 0.25, 0.0, 15.967035293579102]}