{"x": [0, 1, 2, 3, 4, 5], "y": [2.1447627544403076, 4.927845001220703, 2.1289689540863037, 4.638044357299805, 1.997652292251587, 4.661738395690918], "params": [-0.2630692720413208, -1.563030481338501, 1.1995534896850586, 10.92645263671875, 0.25, 0.0, 10.851934432983398]}