{"x": [0, 1, 2, 3, 4, 5], "y": [5.095240116119385, 10.124975204467773, 6.1900506019592285, 10.144342422485352, 6.490165710449219, 11.031938552856445], "params": [1.4707233905792236, 0.32794177532196045, 3.127743721008301, 7.999885559082031, 0.25, 0.0, 9.243528366088867]}