{"x": [0, 1, 2, 3, 4, 5], "y": [9.82834243774414, 14.332777976989746, 8.680871963500977, 13.028095245361328, 6.342469215393066, 11.974435806274414], "params": [-3.5558364391326904, 4.715930938720703, 7.281737327575684, 11.393336296081543, 0.25, 0.0, 12.340046882629395]}