{"x": [0, 1, 2, 3, 4, 5], "y": [9.222086906433105, 15.30060863494873, 8.743430137634277, 15.169088363647461, 7.992826461791992, 14.105363845825195], "params": [-1.019150733947754, 4.11129093170166, 3.3048877716064453, 13.177203178405762, 0.25, 0.0, 14.354986190795898]}