{"x": [0, 1, 2, 3, 4, 5], "y": [3.187746286392212, 5.294475555419922, 2.5999109745025635, 4.3125762939453125, 1.4121791124343872, 3.251858711242676], "params": [-4.685383319854736, -1.9978749752044678, 9.430910110473633, 8.393924713134766, 0.25, 0.0, 9.888164520263672]}