{"x": [0, 1, 2, 3, 4, 5], "y": [7.260074615478516, 10.290461540222168, 5.106027126312256, 9.521782875061035, 4.823368072509766, 8.348840713500977], "params": [-2.0112555027008057, -0.8473557233810425, 4.657848358154297, 8.30947494506836, 0.25, 0.0, 8.65073299407959]}