{"x": [0, 1, 2, 3, 4, 5], "y": [8.490519523620605, 13.509766578674316, 8.72420883178711, 14.229281425476074, 9.032939910888672, 15.31804084777832], "params": [1.501007080078125, 4.463331699371338, 3.015806198120117, 10.981691360473633, 0.25, 0.0, 11.363283157348633]}