{"x": [0, 1, 2, 3, 4, 5], "y": [2.9666380882263184, 5.835759162902832, 2.4399328231811523, 5.7772440910339355, 2.398837089538574, 4.944608688354492], "params": [-1.937732458114624, -2.973726272583008, 3.340890884399414, 12.14754581451416, 0.25, 0.0, 12.382553100585938]}