{"x": [0, 1, 2, 3, 4, 5], "y": [5.67061710357666, 5.09224796295166, 4.297485828399658, 4.176581859588623, 3.120422124862671, 3.192119598388672], "params": [-2.9948487281799316, -2.0864713191986084, 5.430776119232178, 0.5726730823516846, 0.25, 0.0, 1.497942328453064]}