{"x": [0, 1, 2, 3, 4, 5], "y": [3.7226109504699707, 4.677099704742432, 3.327810049057007, 4.351202964782715, 3.1589770317077637, 3.8633508682250977], "params": [-1.442063808441162, 3.33402681350708, 3.4630203247070312, 3.6467957496643066, 0.25, 0.0, 4.240323543548584]}