{"x": [0, 1, 2, 3, 4, 5], "y": [3.546527862548828, 6.723337173461914, 2.749645709991455, 6.038271903991699, 2.0134830474853516, 5.103982925415039], "params": [-4.108078956604004, -1.65865957736969, 7.772459983825684, 14.522951126098633, 0.25, 0.0, 14.775640487670898]}