{"x": [0, 1, 2, 3, 4, 5], "y": [3.1809284687042236, 5.81741189956665, 2.503736972808838, 5.057229518890381, 1.6232283115386963, 4.401394844055176], "params": [-3.622365951538086, -4.096400260925293, 6.636163711547852, 11.977705001831055, 0.25, 0.0, 12.503497123718262]}