{"x": [0, 1, 2, 3, 4, 5], "y": [5.452754974365234, 11.328155517578125, 5.597818851470947, 11.654670715332031, 5.945456504821777, 11.490354537963867], "params": [-0.16737979650497437, -0.5553555488586426, 0.3825693130493164, 11.237876892089844, 0.25, 0.0, 12.192535400390625]}