{"x": [0, 1, 2, 3, 4, 5], "y": [2.1892521381378174, 4.879395008087158, 2.474470376968384, 5.006329536437988, 2.129905939102173, 4.588756084442139], "params": [-0.6023862957954407, -1.4029890298843384, 1.6641597747802734, 10.055366516113281, 0.25, 0.0, 11.639968872070312]}