{"x": [0, 1, 2, 3, 4, 5], "y": [3.5988903045654297, 4.397094249725342, 3.2235019207000732, 4.358642578125, 3.509939193725586, 3.903848171234131], "params": [-0.5324694514274597, 2.9680442810058594, 1.6748361587524414, 2.7158751487731934, 0.25, 0.0, 3.689918041229248]}