{"x": [0, 1, 2, 3, 4, 5], "y": [8.596087455749512, 11.620141983032227, 7.271228313446045, 11.23255443572998, 6.583226680755615, 10.145092964172363], "params": [-2.209928512573242, 2.742030143737793, 4.588188171386719, 7.728625297546387, 0.25, 0.0, 8.540937423706055]}