{"x": [0, 1, 2, 3, 4, 5], "y": [1.7066041231155396, 3.710552453994751, 1.7627934217453003, 3.757077693939209, 1.4114686250686646, 3.6038613319396973], "params": [-0.031213462352752686, -3.405949592590332, 0.9219427108764648, 8.218036651611328, 0.25, 0.0, 8.94051456451416]}