{"x": [0, 1, 2, 3, 4, 5], "y": [8.608534812927246, 13.704761505126953, 7.750717639923096, 13.812804222106934, 7.445397853851318, 13.109846115112305], "params": [-2.0981407165527344, 3.487813949584961, 3.0960521697998047, 11.826688766479492, 0.25, 0.0, 12.650243759155273]}