{"x": [0, 1, 2, 3, 4, 5], "y": [3.1532020568847656, 5.684575080871582, 2.9013326168060303, 5.527467727661133, 2.833949565887451, 5.330224514007568], "params": [-0.9185165166854858, -0.17687678337097168, 2.1205501556396484, 10.653849601745605, 0.25, 0.0, 10.868412017822266]}