{"x": [0, 1, 2, 3, 4, 5], "y": [3.3776047229766846, 5.33772611618042, 3.204598903656006, 5.534064292907715, 2.759740114212036, 5.29203462600708], "params": [-0.4069584608078003, 0.9848058223724365, 1.9872913360595703, 8.921175003051758, 0.25, 0.0, 9.821222305297852]}