{"x": [0, 1, 2, 3, 4, 5], "y": [3.826077938079834, 4.4493794441223145, 3.0011396408081055, 3.872769832611084, 2.847622871398926, 3.28928279876709], "params": [-3.0037922859191895, 1.7397171258926392, 5.569161415100098, 3.9350929260253906, 0.25, 0.0, 3.719493865966797]}