{"x": [0, 1, 2, 3, 4, 5], "y": [2.668605089187622, 2.7937848567962646, 2.1953794956207275, 2.3897361755371094, 1.7997491359710693, 2.41192626953125], "params": [-1.7116961479187012, -1.518341302871704, 2.7212605476379395, 1.2921979427337646, 0.25, 0.0, 2.0059916973114014]}