{"x": [0, 1, 2, 3, 4, 5], "y": [6.710443019866943, 11.44428539276123, 4.299314022064209, 9.227548599243164, 2.657353162765503, 7.6514058113098145], "params": [-4.9365715980529785, -1.947462558746338, 9.25992202758789, 11.753082275390625, 0.25, 0.0, 12.376774787902832]}