{"x": [0, 1, 2, 3, 4, 5], "y": [4.576331615447998, 4.365967750549316, 3.527548313140869, 2.812410831451416, 0.9920543432235718, 0.1994067281484604], "params": [-4.1553730964660645, -4.9079132080078125, 9.147790908813477, 0.1801040768623352, 0.25, 0.0, 1.8505456447601318]}