{"x": [0, 1, 2, 3, 4, 5], "y": [2.6868224143981934, 4.008755207061768, 2.1509156227111816, 3.623173713684082, 2.310303211212158, 3.3549439907073975], "params": [-0.8889782428741455, -0.893334150314331, 1.8942031860351562, 4.653257846832275, 0.25, 0.0, 6.0609660148620605]}