{"x": [0, 1, 2, 3, 4, 5], "y": [7.242721080780029, 8.863493919372559, 5.188314437866211, 8.158445358276367, 4.810009002685547, 7.230210304260254], "params": [-1.9236860275268555, 0.7507139444351196, 4.250210762023926, 4.7067179679870605, 0.25, 0.0, 6.075775623321533]}