{"x": [0, 1, 2, 3, 4, 5], "y": [2.601285219192505, 5.89509391784668, 2.1501739025115967, 5.308236122131348, 1.9342994689941406, 5.316059589385986], "params": [-1.6055634021759033, -1.939498782157898, 3.4136862754821777, 13.440125465393066, 0.25, 0.0, 14.904305458068848]}