{"x": [0, 1, 2, 3, 4, 5], "y": [8.441893577575684, 13.221992492675781, 6.610749244689941, 10.877771377563477, 4.809700012207031, 9.301301956176758], "params": [-4.277275562286377, 0.30459582805633545, 8.247512817382812, 10.466503143310547, 0.25, 0.0, 11.610200881958008]}