{"x": [0, 1, 2, 3, 4, 5], "y": [4.830770492553711, 5.60176944732666, 3.8866937160491943, 4.685204029083252, 3.0278167724609375, 3.5928478240966797], "params": [-4.531342506408691, 4.521570205688477, 9.011335372924805, 4.31102180480957, 0.25, 0.0, 5.1809000968933105]}