{"x": [0, 1, 2, 3, 4, 5], "y": [5.660628795623779, 8.682435035705566, 5.583533763885498, 8.04134464263916, 5.288283348083496, 7.826259613037109], "params": [-0.39394527673721313, -0.2203679084777832, 1.353865623474121, 5.787740230560303, 0.25, 0.0, 6.310488700866699]}