{"x": [0, 1, 2, 3, 4, 5], "y": [5.316501617431641, 10.129541397094727, 5.410164833068848, 9.986770629882812, 5.078256607055664, 9.40485954284668], "params": [-0.23046910762786865, -1.669798493385315, 1.1660380363464355, 9.431192398071289, 0.25, 0.0, 9.609598159790039]}