{"x": [0, 1, 2, 3, 4, 5], "y": [2.786940097808838, 5.199328422546387, 2.3122339248657227, 4.299128532409668, 1.266853928565979, 3.4735870361328125], "params": [-3.4142496585845947, -4.902291774749756, 6.434364318847656, 9.974398612976074, 0.25, 0.0, 11.388951301574707]}