{"x": [0, 1, 2, 3, 4, 5], "y": [7.29242467880249, 12.505194664001465, 7.563392162322998, 13.170591354370117, 8.520644187927246, 13.812944412231445], "params": [1.3786711692810059, 4.093800067901611, 2.5656375885009766, 10.574532508850098, 0.25, 0.0, 10.82337474822998]}