{"x": [0, 1, 2, 3, 4, 5], "y": [2.2793385982513428, 2.878528118133545, 2.2335448265075684, 2.42783522605896, 1.9487807750701904, 2.4333155155181885], "params": [-1.3452122211456299, -2.615445137023926, 2.1390366554260254, 2.9248836040496826, 0.25, 0.0, 3.0137619972229004]}