{"x": [0, 1, 2, 3, 4, 5], "y": [1.8876007795333862, 2.961324691772461, 1.598104476928711, 2.3491921424865723, 1.1430540084838867, 1.938949704170227], "params": [-2.037184476852417, -4.2828826904296875, 3.76871919631958, 4.405914306640625, 0.25, 0.0, 4.324578285217285]}