{"x": [0, 1, 2, 3, 4, 5], "y": [4.6431145668029785, 8.487813949584961, 4.127886772155762, 8.528289794921875, 3.3629446029663086, 7.657877445220947], "params": [-0.8258354663848877, -2.355764389038086, 2.4942026138305664, 8.218363761901855, 0.25, 0.0, 9.188481330871582]}