{"x": [0, 1, 2, 3, 4, 5], "y": [3.030698537826538, 4.672886848449707, 2.30094051361084, 3.450026273727417, 1.8967310190200806, 2.8818881511688232], "params": [-3.4896745681762695, -1.9923758506774902, 6.899830341339111, 6.574150562286377, 0.25, 0.0, 6.930898666381836]}