{"x": [0, 1, 2, 3, 4, 5], "y": [9.257890701293945, 12.855615615844727, 8.040087699890137, 11.034225463867188, 6.56535530090332, 10.043075561523438], "params": [-3.523263931274414, 4.068214416503906, 6.230997085571289, 7.238955974578857, 0.25, 0.0, 8.31822681427002]}