{"x": [0, 1, 2, 3, 4, 5], "y": [7.933783531188965, 10.537099838256836, 5.2055206298828125, 8.40926742553711, 3.4576902389526367, 6.815811634063721], "params": [-4.8669939041137695, -1.5724045038223267, 9.838079452514648, 8.457404136657715, 0.25, 0.0, 8.586475372314453]}