{"x": [0, 1, 2, 3, 4, 5], "y": [4.340213298797607, 10.738779067993164, 4.372971534729004, 11.23451042175293, 4.8706207275390625, 11.701263427734375], "params": [1.3137481212615967, -2.2972707748413086, 2.819733142852783, 12.706621170043945, 0.25, 0.0, 13.056747436523438]}