{"x": [0, 1, 2, 3, 4, 5], "y": [4.0588555335998535, 5.144491195678711, 3.606006622314453, 4.407087326049805, 3.1256659030914307, 4.138291835784912], "params": [-2.623802661895752, 2.8818321228027344, 5.37843132019043, 4.975138187408447, 0.25, 0.0, 6.33672571182251]}