{"x": [0, 1, 2, 3, 4, 5], "y": [2.3203704357147217, 2.2549822330474854, 1.5188697576522827, 1.6888651847839355, 0.6587010025978088, 0.8184914588928223], "params": [-3.5696542263031006, -4.911512851715088, 7.530094623565674, 2.0300021171569824, 0.25, 0.0, 2.7143208980560303]}