{"x": [0, 1, 2, 3, 4, 5], "y": [4.65176248550415, 7.882131576538086, 4.350300312042236, 7.3364033699035645, 3.801933765411377, 7.044958114624023], "params": [-1.7848724126815796, 2.216082811355591, 3.951831817626953, 13.85936164855957, 0.25, 0.0, 13.940773010253906]}