{"x": [0, 1, 2, 3, 4, 5], "y": [2.928670644760132, 5.813419818878174, 2.7648634910583496, 5.6978302001953125, 2.788440465927124, 5.378747940063477], "params": [-0.6072857975959778, -1.5828633308410645, 1.0458545684814453, 11.37067699432373, 0.25, 0.0, 11.88705825805664]}