{"x": [0, 1, 2, 3, 4, 5], "y": [2.544374942779541, 3.120694160461426, 1.8374313116073608, 2.0024402141571045, 1.3430920839309692, 1.7280066013336182], "params": [-2.807788372039795, -3.4304003715515137, 6.273652076721191, 2.8707799911499023, 0.25, 0.0, 3.2960317134857178]}