{"x": [0, 1, 2, 3, 4, 5], "y": [4.142969608306885, 5.009258270263672, 3.634653091430664, 4.412417888641357, 3.2151949405670166, 4.030620098114014], "params": [-2.3686931133270264, 4.240281105041504, 4.9415283203125, 4.426305770874023, 0.25, 0.0, 5.026095867156982]}