{"x": [0, 1, 2, 3, 4, 5], "y": [6.327253341674805, 12.608257293701172, 5.4057536125183105, 11.46530818939209, 3.968726873397827, 11.060075759887695], "params": [-2.0926849842071533, -1.6789346933364868, 4.360067367553711, 13.579078674316406, 0.25, 0.0, 13.910731315612793]}