{"x": [0, 1, 2, 3, 4, 5], "y": [4.546378135681152, 11.177671432495117, 4.0225067138671875, 10.780086517333984, 3.3037149906158447, 9.750146865844727], "params": [-1.3159295320510864, -2.563417434692383, 2.8352537155151367, 13.352431297302246, 0.25, 0.0, 13.860596656799316]}