{"x": [0, 1, 2, 3, 4, 5], "y": [2.862384796142578, 3.448805809020996, 2.510596990585327, 3.5782816410064697, 2.7088143825531006, 3.7536725997924805], "params": [-0.31792521476745605, -0.08802950382232666, 0.6619186401367188, 3.9092910289764404, 0.25, 0.0, 4.5301947593688965]}