{"x": [0, 1, 2, 3, 4, 5], "y": [2.8180465698242188, 5.73117208480835, 2.7621865272521973, 5.703344821929932, 2.4702343940734863, 5.667192459106445], "params": [-1.1454284191131592, -0.793604850769043, 1.945256233215332, 13.141572952270508, 0.25, 0.0, 13.803234100341797]}