{"x": [0, 1, 2, 3, 4, 5], "y": [5.0550055503845215, 5.5724029541015625, 2.8062355518341064, 4.351953029632568, 1.922338843345642, 3.5786147117614746], "params": [-3.659045696258545, -4.543179512023926, 6.55341100692749, 3.4867215156555176, 0.25, 0.0, 5.152588844299316]}