{"x": [0, 1, 2, 3, 4, 5], "y": [4.6521100997924805, 5.528367042541504, 3.942488670349121, 4.889092445373535, 3.4428958892822266, 3.894906997680664], "params": [-4.015068531036377, 4.231997489929199, 7.560019493103027, 4.669704437255859, 0.25, 0.0, 5.201616287231445]}