{"x": [0, 1, 2, 3, 4, 5], "y": [5.469771385192871, 7.5688581466674805, 4.423670291900635, 6.934111595153809, 4.705801486968994, 6.474838733673096], "params": [-1.081593632698059, -1.3865667581558228, 1.8541607856750488, 3.7687020301818848, 0.25, 0.0, 4.443971633911133]}