{"x": [0, 1, 2, 3, 4, 5], "y": [5.710566997528076, 11.023335456848145, 4.726370334625244, 10.39987564086914, 3.503573417663574, 10.149547576904297], "params": [-2.1558918952941895, -1.3242238759994507, 4.033943176269531, 12.273547172546387, 0.25, 0.0, 13.4396390914917]}