{"x": [0, 1, 2, 3, 4, 5], "y": [3.9982540607452393, 4.7129292488098145, 3.898216724395752, 4.088862895965576, 3.9166336059570312, 3.8308563232421875], "params": [-1.228100299835205, 4.5057573318481445, 2.37429141998291, 1.8807631731033325, 0.25, 0.0, 2.7321035861968994]}