{"x": [0, 1, 2, 3, 4, 5], "y": [3.7593178749084473, 6.881026268005371, 3.1623013019561768, 6.143548965454102, 3.3400988578796387, 6.052711486816406], "params": [-1.81829833984375, 0.9094089269638062, 3.329303741455078, 11.920738220214844, 0.25, 0.0, 13.085436820983887]}