{"x": [0, 1, 2, 3, 4, 5], "y": [3.8133585453033447, 6.840297698974609, 3.7003204822540283, 6.582056045532227, 3.3998007774353027, 6.245894432067871], "params": [-1.4515095949172974, 4.710058689117432, 2.766720771789551, 11.833765983581543, 0.25, 0.0, 12.664082527160645]}