{"x": [0, 1, 2, 3, 4, 5], "y": [2.288165807723999, 2.182983875274658, 1.7637741565704346, 1.406205415725708, 0.4960271716117859, 0.0997033640742302], "params": [-4.1553730964660645, -4.9079132080078125, 9.147790908813477, 0.1801040768623352, 0.25, 0.0, 1.8505456447601318]}