{"x": [0, 1, 2, 3, 4, 5], "y": [1.9736686944961548, 1.8900258541107178, 1.8955793380737305, 1.803835391998291, 1.317178726196289, 1.4715849161148071], "params": [-1.1269164085388184, -3.7363953590393066, 2.8375635147094727, 0.5773168802261353, 0.25, 0.0, 1.8305034637451172]}