{"x": [0, 1, 2, 3, 4, 5], "y": [3.7640678882598877, 5.087071895599365, 3.522156238555908, 4.927475929260254, 3.3734896183013916, 4.730005741119385], "params": [-0.9069409966468811, 2.651336193084717, 1.8718814849853516, 5.836536884307861, 0.25, 0.0, 6.034337997436523]}