{"x": [0, 1, 2, 3, 4, 5], "y": [4.697398662567139, 8.04751205444336, 4.5801100730896, 7.752705097198486, 4.845817565917969, 8.17828369140625], "params": [0.2384192943572998, -0.0018340349197387695, 1.7317571640014648, 5.494588851928711, 0.25, 0.0, 7.154905319213867]}