{"x": [0, 1, 2, 3, 4, 5], "y": [9.661540985107422, 11.20353889465332, 7.773387432098389, 9.370408058166504, 6.055633544921875, 7.185695648193359], "params": [-4.531342506408691, 4.521570205688477, 9.011335372924805, 4.31102180480957, 0.25, 0.0, 5.1809000968933105]}