{"x": [0, 1, 2, 3, 4, 5], "y": [3.3279387950897217, 3.7445409297943115, 2.530705213546753, 2.719383716583252, 1.64268159866333, 1.4136756658554077], "params": [-4.9440412521362305, -2.4871034622192383, 9.71701431274414, 3.4197182655334473, 0.25, 0.0, 3.0734028816223145]}