{"x": [0, 1, 2, 3, 4, 5], "y": [2.5275027751922607, 2.7862014770507812, 1.4031177759170532, 2.175976514816284, 0.961169421672821, 1.7893073558807373], "params": [-3.659045696258545, -4.543179512023926, 6.55341100692749, 3.4867215156555176, 0.25, 0.0, 5.152588844299316]}