{"x": [0, 1, 2, 3, 4, 5], "y": [4.304465293884277, 6.708454132080078, 4.072229862213135, 6.238656044006348, 3.454401731491089, 5.743420600891113], "params": [-2.756129741668701, 3.1727747917175293, 4.899603843688965, 10.254708290100098, 0.25, 0.0, 10.655424118041992]}