{"x": [0, 1, 2, 3, 4, 5], "y": [3.8163676261901855, 6.315337181091309, 3.5700109004974365, 6.01010799407959, 3.254897117614746, 5.78514289855957], "params": [-1.5839335918426514, 3.086808919906616, 3.2581377029418945, 10.858572006225586, 0.25, 0.0, 11.401521682739258]}