{"x": [0, 1, 2, 3, 4, 5], "y": [3.3027758598327637, 4.0248308181762695, 2.6317410469055176, 2.9507858753204346, 1.9281612634658813, 2.1809544563293457], "params": [-4.052981376647949, -0.2357083559036255, 7.752762794494629, 2.8894946575164795, 0.25, 0.0, 3.8177037239074707]}