{"x": [0, 1, 2, 3, 4, 5], "y": [9.199884414672852, 12.051648139953613, 7.222937107086182, 10.922347068786621, 5.6924662590026855, 9.051403045654297], "params": [-4.312067985534668, 3.462109088897705, 8.644654273986816, 8.692241668701172, 0.25, 0.0, 9.556145668029785]}