{"x": [0, 1, 2, 3, 4, 5], "y": [3.358865976333618, 3.21091365814209, 2.9941089153289795, 2.574831962585449, 2.350494146347046, 2.446131944656372], "params": [-2.477166175842285, 1.5369588136672974, 4.191219329833984, 0.3646034002304077, 0.25, 0.0, 1.0335885286331177]}