{"x": [0, 1, 2, 3, 4, 5], "y": [4.08865213394165, 4.127443313598633, 3.4837584495544434, 3.962332248687744, 3.645782709121704, 4.095551013946533], "params": [-0.7377469539642334, 3.893855094909668, 2.0927858352661133, 2.6064705848693848, 0.25, 0.0, 3.347781181335449]}