{"x": [0, 1, 2, 3, 4, 5], "y": [4.289525508880615, 9.855690002441406, 4.257937908172607, 9.27608871459961, 3.995304584503174, 9.323476791381836], "params": [-0.2630692720413208, -1.563030481338501, 1.1995534896850586, 10.92645263671875, 0.25, 0.0, 10.851934432983398]}