{"x": [0, 1, 2, 3, 4, 5], "y": [5.2096357345581055, 12.635069847106934, 4.367534637451172, 12.017245292663574, 4.706827163696289, 11.789407730102539], "params": [-0.8978679776191711, -4.102896690368652, 1.9868288040161133, 14.892631530761719, 0.25, 0.0, 15.860164642333984]}