{"x": [0, 1, 2, 3, 4, 5], "y": [3.9404373168945312, 6.566568374633789, 3.452908992767334, 5.942609786987305, 2.8024368286132812, 5.058465003967285], "params": [-3.42209529876709, 1.896888017654419, 6.9973859786987305, 11.074042320251465, 0.25, 0.0, 12.377228736877441]}