{"x": [0, 1, 2, 3, 4, 5], "y": [4.378504276275635, 9.758790016174316, 4.948940753936768, 10.012659072875977, 4.259811878204346, 9.177512168884277], "params": [-0.6023862957954407, -1.4029890298843384, 1.6641597747802734, 10.055366516113281, 0.25, 0.0, 11.639968872070312]}