{"x": [0, 1, 2, 3, 4, 5], "y": [4.028402328491211, 4.923506736755371, 3.8388612270355225, 4.6009602546691895, 3.4035544395446777, 4.251778602600098], "params": [-1.5204304456710815, 4.549144744873047, 3.30593204498291, 3.358798027038574, 0.25, 0.0, 4.231449127197266]}