{"x": [0, 1, 2, 3, 4, 5], "y": [2.4043688774108887, 4.58013391494751, 1.6469780206680298, 3.8219032287597656, 1.3037629127502441, 3.5342209339141846], "params": [-3.1970999240875244, -4.374505043029785, 6.618142127990723, 10.398982048034668, 0.25, 0.0, 11.46473217010498]}