{"x": [0, 1, 2, 3, 4, 5], "y": [5.510503768920898, 11.746476173400879, 3.1100306510925293, 9.737447738647461, 1.579529881477356, 8.438030242919922], "params": [-4.5477986335754395, -4.587592124938965, 9.13784122467041, 14.69324016571045, 0.25, 0.0, 15.689799308776855]}