{"x": [0, 1, 2, 3, 4, 5], "y": [3.8494715690612793, 7.3094482421875, 3.961662530899048, 7.439186096191406, 4.33288049697876, 7.143111228942871], "params": [-0.27469635009765625, 2.4585556983947754, 0.6867923736572266, 12.472697257995605, 0.25, 0.0, 13.709121704101562]}