{"x": [0, 1, 2, 3, 4, 5], "y": [7.430383682250977, 9.561059951782227, 6.162545204162598, 8.180880546569824, 4.77813720703125, 8.217456817626953], "params": [-1.9419927597045898, -0.13871073722839355, 4.127931594848633, 6.1670451164245605, 0.25, 0.0, 6.801914691925049]}