{"x": [0, 1, 2, 3, 4, 5], "y": [6.092737197875977, 11.569299697875977, 4.828787326812744, 10.83704662322998, 3.821902275085449, 8.728397369384766], "params": [-3.6450107097625732, -2.478799343109131, 6.984142303466797, 13.124444007873535, 0.25, 0.0, 13.154869079589844]}