{"x": [0, 1, 2, 3, 4, 5], "y": [3.6213605403900146, 4.431746959686279, 2.5941572189331055, 4.079222679138184, 2.4050045013427734, 3.615105152130127], "params": [-1.9236860275268555, 0.7507139444351196, 4.250210762023926, 4.7067179679870605, 0.25, 0.0, 6.075775623321533]}