{"x": [0, 1, 2, 3, 4, 5], "y": [8.274782180786133, 11.567970275878906, 7.697528839111328, 10.882349014282227, 6.303459167480469, 9.766860961914062], "params": [-2.6138529777526855, 3.5039496421813965, 5.455102920532227, 8.321372985839844, 0.25, 0.0, 9.332871437072754]}