{"x": [0, 1, 2, 3, 4, 5], "y": [3.452549695968628, 5.044672012329102, 2.04620623588562, 3.896775722503662, 1.0674347877502441, 2.9920425415039062], "params": [-4.861473560333252, -4.800097942352295, 10.41085433959961, 9.077710151672363, 0.25, 0.0, 9.657094955444336]}