{"x": [0, 1, 2, 3, 4, 5], "y": [2.99723482131958, 3.3033676147460938, 1.8976333141326904, 2.746236801147461, 0.8815639019012451, 1.707284688949585], "params": [-4.534491062164307, -3.9430289268493652, 9.355344772338867, 4.318119525909424, 0.25, 0.0, 5.085652828216553]}