{"x": [0, 1, 2, 3, 4, 5], "y": [4.482586860656738, 7.100651741027832, 4.394489765167236, 6.9437971115112305, 3.871328353881836, 6.328187942504883], "params": [-2.3161849975585938, 2.598902702331543, 4.566075325012207, 11.776618957519531, 0.25, 0.0, 12.55290699005127]}