{"x": [0, 1, 2, 3, 4, 5], "y": [4.857621192932129, 9.511098861694336, 3.6649773120880127, 9.700521469116211, 3.036508321762085, 8.494695663452148], "params": [-1.8154346942901611, -3.657320737838745, 3.6723761558532715, 10.858708381652832, 0.25, 0.0, 11.673469543457031]}