{"x": [0, 1, 2, 3, 4, 5], "y": [4.090062141418457, 9.675008773803711, 4.694728851318359, 9.985724449157715, 4.6171345710754395, 10.911020278930664], "params": [1.7787721157073975, -1.679013967514038, 3.303966999053955, 10.072487831115723, 0.25, 0.0, 11.996994018554688]}