{"x": [0, 1, 2, 3, 4, 5], "y": [6.042381763458252, 10.764172554016113, 4.488321304321289, 9.571296691894531, 3.747885227203369, 9.247827529907227], "params": [-2.5617387294769287, -3.317362070083618, 5.291314125061035, 11.010659217834473, 0.25, 0.0, 12.077075004577637]}