{"x": [0, 1, 2, 3, 4, 5], "y": [4.720268249511719, 6.643650054931641, 3.8774476051330566, 6.2437424659729, 3.1595864295959473, 5.375444412231445], "params": [-3.8864269256591797, 4.157623767852783, 7.857553482055664, 10.121061325073242, 0.25, 0.0, 10.889310836791992]}