{"x": [0, 1, 2, 3, 4, 5], "y": [2.026149034500122, 2.83658504486084, 1.7237659692764282, 2.5536885261535645, 1.4768040180206299, 2.275747776031494], "params": [-1.2653460502624512, -3.914461135864258, 2.7251710891723633, 3.90315580368042, 0.25, 0.0, 4.2708940505981445]}