{"x": [0, 1, 2, 3, 4, 5], "y": [4.407915115356445, 6.006709098815918, 4.500868320465088, 5.555207252502441, 4.304326057434082, 5.345477104187012], "params": [-1.1625683307647705, 4.9295830726623535, 2.0322704315185547, 6.063116550445557, 0.25, 0.0, 5.624364852905273]}