{"x": [0, 1, 2, 3, 4, 5], "y": [2.7348856925964355, 3.7844290733337402, 2.2118351459503174, 3.4670557975769043, 2.352900743484497, 3.237419366836548], "params": [-1.081593632698059, -1.3865667581558228, 1.8541607856750488, 3.7687020301818848, 0.25, 0.0, 4.443971633911133]}