{"x": [0, 1, 2, 3, 4, 5], "y": [3.404857873916626, 5.644774913787842, 2.840562582015991, 5.2756500244140625, 2.198727607727051, 4.246451377868652], "params": [-3.4626171588897705, -0.3873854875564575, 6.139389991760254, 10.602530479431152, 0.25, 0.0, 11.050914764404297]}