{"x": [0, 1, 2, 3, 4, 5], "y": [4.8559980392456055, 6.54091215133667, 4.55745792388916, 6.2534050941467285, 3.6300101280212402, 5.514118194580078], "params": [-3.291365146636963, 4.638128280639648, 6.514545440673828, 8.501364707946777, 0.25, 0.0, 9.379524230957031]}