{"x": [0, 1, 2, 3, 4, 5], "y": [3.156480073928833, 2.986607551574707, 3.06773042678833, 3.0169334411621094, 3.3947527408599854, 3.07631254196167], "params": [-0.3386029601097107, 2.5146007537841797, 0.9005670547485352, 0.19948840141296387, 0.25, 0.0, 1.2358570098876953]}