{"x": [0, 1, 2, 3, 4, 5], "y": [3.120492458343506, 3.4331297874450684, 2.5306315422058105, 2.280439853668213, 1.4893972873687744, 1.752685308456421], "params": [-4.079671382904053, -0.9926408529281616, 7.472469329833984, 1.675565242767334, 0.25, 0.0, 2.0012404918670654]}