{"x": [0, 1, 2, 3, 4, 5], "y": [3.729043960571289, 4.9203901290893555, 3.088143825531006, 4.101579189300537, 2.6052117347717285, 3.3917675018310547], "params": [-3.7546160221099854, 1.4031153917312622, 6.903167724609375, 5.788124084472656, 0.25, 0.0, 6.084411144256592]}