{"x": [0, 1, 2, 3, 4, 5], "y": [6.061397075653076, 9.345773696899414, 4.60188102722168, 6.900052547454834, 3.793462038040161, 5.7637763023376465], "params": [-3.4896745681762695, -1.9923758506774902, 6.899830341339111, 6.574150562286377, 0.25, 0.0, 6.930898666381836]}