{"x": [0, 1, 2, 3, 4, 5], "y": [3.1938328742980957, 3.5801868438720703, 2.871295690536499, 3.65435791015625, 3.01985502243042, 3.6594061851501465], "params": [-0.28456956148147583, 1.2384897470474243, 1.8486652374267578, 3.3544769287109375, 0.25, 0.0, 3.848351240158081]}