{"x": [0, 1, 2, 3, 4, 5], "y": [2.8402857780456543, 6.458189487457275, 1.8908804655075073, 5.00139045715332, 1.1159096956253052, 4.327328681945801], "params": [-4.655517578125, -2.895042896270752, 8.687932968139648, 14.508703231811523, 0.25, 0.0, 15.671143531799316]}