{"x": [0, 1, 2, 3, 4, 5], "y": [5.376343250274658, 8.056900024414062, 5.000848770141602, 7.783149719238281, 4.300268173217773, 7.484313011169434], "params": [-1.1244328022003174, -1.0468435287475586, 2.1883158683776855, 6.475329399108887, 0.25, 0.0, 6.600042819976807]}