{"x": [0, 1, 2, 3, 4, 5], "y": [8.725625991821289, 10.355785369873047, 8.180562973022461, 8.977554321289062, 7.00246524810791, 8.641427993774414], "params": [-2.691502809524536, 4.548723220825195, 4.695891380310059, 3.8489108085632324, 0.25, 0.0, 4.527495861053467]}