{"x": [0, 1, 2, 3, 4, 5], "y": [4.007552146911621, 5.767971992492676, 3.0936858654022217, 4.989519119262695, 1.9923568964004517, 3.5628514289855957], "params": [-4.749398231506348, -0.25364160537719727, 10.172224044799805, 8.69347095489502, 0.25, 0.0, 9.345104217529297]}