{"x": [0, 1, 2, 3, 4, 5], "y": [6.956125259399414, 11.587506294250488, 7.538036346435547, 11.354607582092285, 7.149125099182129, 10.948471069335938], "params": [-0.3764396905899048, 2.601869583129883, 0.8548717498779297, 8.2570161819458, 0.25, 0.0, 8.642797470092773]}