{"x": [0, 1, 2, 3, 4, 5], "y": [3.7254714965820312, 9.382648468017578, 2.6264865398406982, 9.481901168823242, 3.402475118637085, 9.406261444091797], "params": [-0.09273689985275269, -3.7956273555755615, 0.6299171447753906, 12.569168090820312, 0.25, 0.0, 13.786638259887695]}