{"x": [0, 1, 2, 3, 4, 5], "y": [4.078428268432617, 6.194162368774414, 4.030328273773193, 5.712899208068848, 3.766578197479248, 5.517107009887695], "params": [-0.9527146816253662, 4.786528587341309, 2.4815902709960938, 7.006113052368164, 0.25, 0.0, 7.855090141296387]}