{"x": [0, 1, 2, 3, 4, 5], "y": [5.043414115905762, 7.918391704559326, 4.275134086608887, 7.002432346343994, 3.5954043865203857, 6.463871955871582], "params": [-3.579585313796997, 2.092252254486084, 7.949285507202148, 12.623604774475098, 0.25, 0.0, 13.63111686706543]}