{"x": [0, 1, 2, 3, 4, 5], "y": [3.3305985927581787, 3.533982515335083, 2.860255479812622, 3.4590272903442383, 3.2527241706848145, 3.499687671661377], "params": [-0.49046188592910767, 2.6319408416748047, 1.038987159729004, 0.8945703506469727, 0.25, 0.0, 2.2461676597595215]}