{"x": [0, 1, 2, 3, 4, 5], "y": [5.216001033782959, 7.30819034576416, 4.156176567077637, 6.8572869300842285, 3.458284378051758, 6.291886806488037], "params": [-3.6243438720703125, 3.956984281539917, 7.986509323120117, 11.092860221862793, 0.25, 0.0, 12.896167755126953]}