{"x": [0, 1, 2, 3, 4, 5], "y": [3.34527850151062, 3.567875862121582, 2.6689233779907227, 2.9616711139678955, 2.3732964992523193, 2.4903552532196045], "params": [-2.6868319511413574, 0.857621431350708, 5.935864448547363, 1.3227921724319458, 0.25, 0.0, 2.526554822921753]}