{"x": [0, 1, 2, 3, 4, 5], "y": [3.9218642711639404, 6.287289619445801, 3.412067413330078, 5.85145378112793, 3.237516403198242, 5.189252853393555], "params": [-1.9680589437484741, 1.5669143199920654, 3.736802101135254, 9.76696491241455, 0.25, 0.0, 10.401988983154297]}