{"x": [0, 1, 2, 3, 4, 5], "y": [6.940840244293213, 12.498350143432617, 6.251053810119629, 12.266290664672852, 6.512649059295654, 12.049003601074219], "params": [-0.20944416522979736, -0.04386425018310547, 1.9311332702636719, 12.515419960021973, 0.25, 0.0, 13.179019927978516]}