{"x": [0, 1, 2, 3, 4, 5], "y": [3.6440486907958984, 6.46796178817749, 3.6395206451416016, 6.296299457550049, 3.07978892326355, 6.2956695556640625], "params": [-0.6889620423316956, 2.4280965328216553, 1.747267723083496, 11.687992095947266, 0.25, 0.0, 12.781694412231445]}