{"x": [0, 1, 2, 3, 4, 5], "y": [3.27803897857666, 3.7143025398254395, 2.1662204265594482, 3.1516551971435547, 1.595198631286621, 2.4756674766540527], "params": [-2.84773325920105, -2.3265867233276367, 6.408339023590088, 4.360871315002441, 0.25, 0.0, 5.10942268371582]}