{"x": [0, 1, 2, 3, 4, 5], "y": [8.100727081298828, 12.998733520507812, 6.596987724304199, 11.77806568145752, 4.580044269561768, 10.210631370544434], "params": [-3.6918559074401855, -0.6604164838790894, 7.649619102478027, 11.975166320800781, 0.25, 0.0, 12.569866180419922]}