{"x": [0, 1, 2, 3, 4, 5], "y": [4.304267406463623, 6.852380752563477, 3.875358819961548, 6.906402111053467, 3.722698926925659, 6.554923057556152], "params": [-2.0981407165527344, 3.487813949584961, 3.0960521697998047, 11.826688766479492, 0.25, 0.0, 12.650243759155273]}