{"x": [0, 1, 2, 3, 4, 5], "y": [7.316063404083252, 13.797843933105469, 7.056318759918213, 14.125783920288086, 7.527307987213135, 14.892733573913574], "params": [0.6713180541992188, 4.800970554351807, 1.6381568908691406, 13.801798820495605, 0.25, 0.0, 14.856454849243164]}