{"x": [0, 1, 2, 3, 4, 5], "y": [2.83530855178833, 2.54612398147583, 2.148742914199829, 2.0882909297943115, 1.5602110624313354, 1.596059799194336], "params": [-2.9948487281799316, -2.0864713191986084, 5.430776119232178, 0.5726730823516846, 0.25, 0.0, 1.497942328453064]}