{"x": [0, 1, 2, 3, 4, 5], "y": [3.410611629486084, 6.449413776397705, 2.860828399658203, 5.504432201385498, 2.167442560195923, 4.574248313903809], "params": [-4.475078105926514, -1.0296046733856201, 8.860328674316406, 13.62584400177002, 0.25, 0.0, 13.59695816040039]}