{"x": [0, 1, 2, 3, 4, 5], "y": [2.2156879901885986, 3.382235527038574, 1.9813872575759888, 3.024219274520874, 1.6193628311157227, 3.0637104511260986], "params": [-1.500417947769165, -3.0525946617126465, 2.571107864379883, 5.298575401306152, 0.25, 0.0, 5.922786235809326]}