{"x": [0, 1, 2, 3, 4, 5], "y": [3.0518033504486084, 4.857451438903809, 2.667172908782959, 4.494084358215332, 2.4857897758483887, 4.638927459716797], "params": [-0.5802932381629944, -1.1221152544021606, 0.7263078689575195, 8.335814476013184, 0.25, 0.0, 9.226012229919434]}