{"x": [0, 1, 2, 3, 4, 5], "y": [2.8303143978118896, 4.341217517852783, 2.791766881942749, 4.02067232131958, 2.644141674041748, 3.9131298065185547], "params": [-0.39394527673721313, -0.2203679084777832, 1.353865623474121, 5.787740230560303, 0.25, 0.0, 6.310488700866699]}