{"x": [0, 1, 2, 3, 4, 5], "y": [8.78646183013916, 12.211271286010742, 7.151701927185059, 9.498162269592285, 5.604096412658691, 8.086248397827148], "params": [-4.55293607711792, 3.177799701690674, 8.348945617675781, 7.395331859588623, 0.25, 0.0, 8.928840637207031]}