{"x": [0, 1, 2, 3, 4, 5], "y": [5.535404205322266, 10.336566925048828, 5.790735244750977, 10.727920532226562, 5.659134387969971, 10.828510284423828], "params": [-0.03475844860076904, -0.3929710388183594, 0.7810544967651367, 10.067605972290039, 0.25, 0.0, 10.85660457611084]}