{"x": [0, 1, 2, 3, 4, 5], "y": [4.12101411819458, 4.8269853591918945, 3.0863146781921387, 3.9501662254333496, 2.217132329940796, 2.8845207691192627], "params": [-4.820194721221924, 1.526564359664917, 9.236169815063477, 4.338580131530762, 0.25, 0.0, 5.41591739654541]}