{"x": [0, 1, 2, 3, 4, 5], "y": [3.6894514560699463, 6.29175329208374, 2.692281484603882, 5.599010467529297, 1.8380717039108276, 4.624114990234375], "params": [-4.239259243011475, -0.23630499839782715, 8.65349292755127, 13.273924827575684, 0.25, 0.0, 13.693598747253418]}