{"x": [0, 1, 2, 3, 4, 5], "y": [2.8081753253936768, 3.677158832550049, 2.0279576778411865, 3.217487335205078, 1.4436991214752197, 2.0914721488952637], "params": [-3.017136573791504, -3.4020848274230957, 7.452770233154297, 5.979297637939453, 0.25, 0.0, 5.919848442077637]}