{"x": [0, 1, 2, 3, 4, 5], "y": [8.1773042678833, 8.254886627197266, 6.967516899108887, 7.924664497375488, 7.291565418243408, 8.191102027893066], "params": [-0.7377469539642334, 3.893855094909668, 2.0927858352661133, 2.6064705848693848, 0.25, 0.0, 3.347781181335449]}