{"x": [0, 1, 2, 3, 4, 5], "y": [7.41439151763916, 11.832229614257812, 5.933544635772705, 10.228278160095215, 3.569427967071533, 7.984658241271973], "params": [-4.8573713302612305, -2.963533401489258, 9.101143836975098, 11.011906623840332, 0.25, 0.0, 11.230737686157227]}