{"x": [0, 1, 2, 3, 4, 5], "y": [7.2676544189453125, 10.668657302856445, 5.8820271492004395, 9.891852378845215, 4.7447662353515625, 9.55489730834961], "params": [-2.4034030437469482, -2.7271151542663574, 5.339738368988037, 10.305920600891113, 0.25, 0.0, 9.996111869812012]}