{"x": [0, 1, 2, 3, 4, 5], "y": [3.7652111053466797, 3.9444079399108887, 2.8695077896118164, 3.1608505249023438, 1.9031280279159546, 1.9986228942871094], "params": [-4.4035162925720215, 0.4401355981826782, 9.541447639465332, 2.3804283142089844, 0.25, 0.0, 2.856515645980835]}