{"x": [0, 1, 2, 3, 4, 5], "y": [3.6109423637390137, 3.6627135276794434, 3.0329437255859375, 3.2901883125305176, 2.9651432037353516, 3.1514902114868164], "params": [-1.4486048221588135, 1.8062466382980347, 2.8403091430664062, 1.4067389965057373, 0.25, 0.0, 2.0573384761810303]}