{"x": [0, 1, 2, 3, 4, 5], "y": [3.043207883834839, 2.7080297470092773, 2.20475172996521, 1.8131904602050781, 1.283537745475769, 1.3123760223388672], "params": [-4.638023853302002, -2.199195623397827, 7.818948745727539, 0.6327813863754272, 0.25, 0.0, 0.9815295934677124]}