{"x": [0, 1, 2, 3, 4, 5], "y": [7.378902912139893, 12.58350658416748, 5.384562969207764, 11.198020935058594, 3.6761434078216553, 9.24822998046875], "params": [-4.239259243011475, -0.23630499839782715, 8.65349292755127, 13.273924827575684, 0.25, 0.0, 13.693598747253418]}