{"x": [0, 1, 2, 3, 4, 5], "y": [2.808610439300537, 4.199618339538574, 2.2394232749938965, 3.5772247314453125, 1.7400070428848267, 3.130577325820923], "params": [-2.7305212020874023, -3.954747200012207, 6.072150230407715, 6.547698497772217, 0.25, 0.0, 7.5570268630981445]}