{"x": [0, 1, 2, 3, 4, 5], "y": [2.4288105964660645, 4.755549430847168, 1.8324886560440063, 4.8502607345581055, 1.5182541608810425, 4.247347831726074], "params": [-1.8154346942901611, -3.657320737838745, 3.6723761558532715, 10.858708381652832, 0.25, 0.0, 11.673469543457031]}