{"x": [0, 1, 2, 3, 4, 5], "y": [2.767702102661133, 5.168283462524414, 2.8953676223754883, 5.363960266113281, 2.8295671939849854, 5.414255142211914], "params": [-0.03475844860076904, -0.3929710388183594, 0.7810544967651367, 10.067605972290039, 0.25, 0.0, 10.85660457611084]}