{"x": [0, 1, 2, 3, 4, 5], "y": [6.600992202758789, 9.224197387695312, 5.717364311218262, 9.757686614990234, 5.715272426605225, 7.940535545349121], "params": [-1.2076396942138672, 0.6243270635604858, 2.1408395767211914, 6.5438313484191895, 0.25, 0.0, 7.808366298675537]}