{"x": [0, 1, 2, 3, 4, 5], "y": [3.6287238597869873, 5.491392135620117, 2.9209673404693604, 5.089931488037109, 2.530687093734741, 4.478155136108398], "params": [-2.2576143741607666, 1.9508856534957886, 5.7969865798950195, 8.381709098815918, 0.25, 0.0, 9.317863464355469]}