{"x": [0, 1, 2, 3, 4, 5], "y": [5.422661304473877, 8.40089225769043, 4.408511638641357, 7.95659065246582, 3.744887113571167, 6.8821516036987305], "params": [-3.916543483734131, 3.038900375366211, 7.72380256652832, 14.215495109558105, 0.25, 0.0, 15.048666000366211]}