{"x": [0, 1, 2, 3, 4, 5], "y": [5.579193115234375, 9.890390396118164, 4.25220251083374, 8.079326629638672, 3.4696691036224365, 7.056056976318359], "params": [-2.9776835441589355, -2.6578493118286133, 5.672328472137451, 9.599331855773926, 0.25, 0.0, 9.736410140991211]}