{"x": [0, 1, 2, 3, 4, 5], "y": [3.5008347034454346, 4.645987033843994, 2.5746636390686035, 3.789797306060791, 2.0357553958892822, 2.7613930702209473], "params": [-4.006545066833496, -0.08591353893280029, 8.13481616973877, 5.660776138305664, 0.25, 0.0, 6.052593231201172]}