{"x": [0, 1, 2, 3, 4, 5], "y": [3.3874058723449707, 3.807365894317627, 2.720834970474243, 3.4682416915893555, 1.3944556713104248, 2.4365267753601074], "params": [-4.183760166168213, -2.3786580562591553, 8.913077354431152, 4.890970706939697, 0.25, 0.0, 5.714725017547607]}