{"x": [0, 1, 2, 3, 4, 5], "y": [4.15329122543335, 4.419206142425537, 3.533454179763794, 3.9283523559570312, 2.723378896713257, 3.4849023818969727], "params": [-3.390244483947754, 2.181307792663574, 7.6344451904296875, 4.757974147796631, 0.25, 0.0, 4.96088981628418]}