{"x": [0, 1, 2, 3, 4, 5], "y": [6.197106838226318, 13.488481521606445, 6.447665214538574, 14.873939514160156, 7.122920989990234, 14.781120300292969], "params": [1.0580313205718994, 1.5579456090927124, 3.102625846862793, 14.303510665893555, 0.25, 0.0, 15.806159019470215]}