{"x": [0, 1, 2, 3, 4, 5], "y": [6.8695478439331055, 9.71385383605957, 5.329344272613525, 7.106040954589844, 2.7899317741394043, 5.225069999694824], "params": [-4.75572395324707, -2.5755298137664795, 10.1102933883667, 7.1784281730651855, 0.25, 0.0, 8.265005111694336]}