{"x": [0, 1, 2, 3, 4, 5], "y": [7.298173904418945, 12.379959106445312, 5.988270282745361, 10.967290878295898, 4.86178731918335, 9.076988220214844], "params": [-3.4203855991363525, -1.5635186433792114, 7.505360126495361, 10.339685440063477, 0.25, 0.0, 11.447921752929688]}