{"x": [0, 1, 2, 3, 4, 5], "y": [3.9344305992126465, 4.720109462738037, 3.585484027862549, 4.341529369354248, 2.962054967880249, 3.9881317615509033], "params": [-2.339061737060547, 2.419869899749756, 4.827788352966309, 4.220668792724609, 0.25, 0.0, 5.042592525482178]}