{"x": [0, 1, 2, 3, 4, 5], "y": [4.407137870788574, 6.917941093444824, 4.225407600402832, 6.663662910461426, 3.6879687309265137, 6.413574695587158], "params": [-1.1835787296295166, 2.719087600708008, 1.8433685302734375, 10.778169631958008, 0.25, 0.0, 11.90657901763916]}