{"x": [0, 1, 2, 3, 4, 5], "y": [7.458087921142578, 9.840780258178711, 6.176287651062012, 8.203158378601074, 5.210423469543457, 6.783535003662109], "params": [-3.7546160221099854, 1.4031153917312622, 6.903167724609375, 5.788124084472656, 0.25, 0.0, 6.084411144256592]}