{"x": [0, 1, 2, 3, 4, 5], "y": [7.288097381591797, 12.93592357635498, 7.279041290283203, 12.592598915100098, 6.1595778465271, 12.591339111328125], "params": [-0.6889620423316956, 2.4280965328216553, 1.747267723083496, 11.687992095947266, 0.25, 0.0, 12.781694412231445]}