{"x": [0, 1, 2, 3, 4, 5], "y": [3.155996561050415, 3.965076446533203, 2.587636947631836, 3.2615296840667725, 2.262988567352295, 2.9331870079040527], "params": [-2.2548604011535645, 0.5683934688568115, 4.276710510253906, 3.277125597000122, 0.25, 0.0, 3.9587810039520264]}