{"x": [0, 1, 2, 3, 4, 5], "y": [7.093055725097656, 13.446674346923828, 5.49929141998291, 12.076543807983398, 4.026966094970703, 10.207965850830078], "params": [-4.108078956604004, -1.65865957736969, 7.772459983825684, 14.522951126098633, 0.25, 0.0, 14.775640487670898]}