{"x": [0, 1, 2, 3, 4, 5], "y": [2.012024402618408, 4.1898393630981445, 1.2068283557891846, 3.831747055053711, 1.0159618854522705, 3.305665969848633], "params": [-2.095853805541992, -4.958531856536865, 4.831719875335693, 10.413501739501953, 0.25, 0.0, 11.037420272827148]}