{"x": [0, 1, 2, 3, 4, 5], "y": [6.661197185516357, 7.067965030670166, 5.720510959625244, 6.918054580688477, 6.505448341369629, 6.999375343322754], "params": [-0.49046188592910767, 2.6319408416748047, 1.038987159729004, 0.8945703506469727, 0.25, 0.0, 2.2461676597595215]}