{"x": [0, 1, 2, 3, 4, 5], "y": [3.0120692253112793, 5.789223670959473, 2.963496208190918, 5.8087358474731445, 3.003556251525879, 5.437106609344482], "params": [-1.169787883758545, 2.165855884552002, 1.4395723342895508, 10.504815101623535, 0.25, 0.0, 11.665872573852539]}