{"x": [0, 1, 2, 3, 4, 5], "y": [1.5432155132293701, 7.431286334991455, 1.5050146579742432, 7.696291446685791, 1.757469892501831, 7.169601917266846], "params": [12.14754581451416, 0.25, 0.0, 12.382553100585938]}