{"x": [0, 1, 2, 3, 4, 5], "y": [1.595049500465393, 6.92827033996582, 1.2322947978973389, 6.6382012367248535, 1.6335840225219727, 6.519126892089844], "params": [10.83249282836914, 0.25, 0.0, 11.391950607299805]}