{"x": [0, 1, 2, 3, 4, 5], "y": [1.37189781665802, 6.690899848937988, 1.415109395980835, 6.540882587432861, 0.99642413854599, 5.962373733520508], "params": [9.974398612976074, 0.25, 0.0, 11.388951301574707]}