{"x": [0, 1, 2, 3, 4, 5], "y": [0.0666089877486229, 0.2674829363822937, 0.003634619526565075, -0.1363557130098343, 0.07991395890712738, 0.13712990283966064], "params": [0.035034120082855225, 0.25, 0.0, 0.8076772689819336]}