{"x": [0, 1, 2, 3, 4, 5], "y": [0.6536023020744324, 2.1574037075042725, 0.21767473220825195, 2.1666932106018066, 0.47569432854652405, 2.4827721118927], "params": [3.9092910289764404, 0.25, 0.0, 4.5301947593688965]}