{"x": [0, 1, 2, 3, 4, 5], "y": [0.40964722633361816, 7.03716516494751, 0.2992550730705261, 7.109956741333008, 0.17965862154960632, 7.0272674560546875], "params": [13.352431297302246, 0.25, 0.0, 13.860596656799316]}