{"x": [0, 1, 2, 3, 4, 5], "y": [2.0946717262268066, 8.37744140625, 1.4575402736663818, 8.16466236114502, 1.4777600765228271, 7.866260528564453], "params": [12.505796432495117, 0.25, 0.0, 13.839801788330078]}