{"x": [0, 1, 2, 3, 4, 5], "y": [0.021071434020996094, 1.3871232271194458, 0.4125187397003174, 1.2195907831192017, 0.5003675222396851, 0.810123085975647], "params": [1.8807631731033325, 0.25, 0.0, 2.7321035861968994]}