{"x": [0, 1, 2, 3, 4, 5], "y": [1.2897980213165283, 6.7111101150512695, 0.9060098528862, 6.068079471588135, 1.0768465995788574, 6.272963523864746], "params": [10.466503143310547, 0.25, 0.0, 11.610200881958008]}