{"x": [0, 1, 2, 3, 4, 5], "y": [-0.0011550337076187134, 2.1145694255828857, 0.0940304696559906, 2.0860178470611572, 0.2530631721019745, 2.0985636711120605], "params": [3.358798027038574, 0.25, 0.0, 4.231449127197266]}