{"x": [0, 1, 2, 3, 4, 5], "y": [0.19922634959220886, 1.369798183441162, 0.12546828389167786, 1.1252543926239014, 0.012637775391340256, 0.9605156779289246], "params": [2.0300021171569824, 0.25, 0.0, 2.7143208980560303]}