{"x": [0, 1, 2, 3, 4, 5], "y": [0.9204989075660706, 7.926918983459473, 0.8454581499099731, 7.584754467010498, 0.9354326128959656, 7.813940525054932], "params": [13.559028625488281, 0.25, 0.0, 14.162921905517578]}