{"x": [0, 1, 2, 3, 4, 5], "y": [0.45322760939598083, 5.571320056915283, 0.28963643312454224, 5.39533805847168, 0.6532407402992249, 6.022002696990967], "params": [10.398982048034668, 0.25, 0.0, 11.46473217010498]}