{"x": [0, 1, 2, 3, 4, 5], "y": [1.8357079029083252, 7.903023719787598, 1.8799548149108887, 7.7524518966674805, 1.683525562286377, 7.587301731109619], "params": [11.773574829101562, 0.25, 0.0, 12.438996315002441]}