{"x": [0, 1, 2, 3, 4, 5], "y": [0.2843570113182068, 2.3812177181243896, 0.2509591281414032, 1.928004264831543, 0.21892859041690826, 2.220827341079712], "params": [4.405914306640625, 0.25, 0.0, 4.324578285217285]}