{"x": [0, 1, 2, 3, 4, 5], "y": [0.1777205467224121, 4.551437854766846, 0.4302421808242798, 4.276777267456055, 0.7671216130256653, 4.19577169418335], "params": [7.6557416915893555, 0.25, 0.0, 8.747434616088867]}