{"x": [0, 1, 2, 3, 4, 5], "y": [1.9794220924377441, 8.294466018676758, 1.7915213108062744, 8.033835411071777, 1.7020913362503052, 8.305481910705566], "params": [12.084114074707031, 0.25, 0.0, 13.206781387329102]}