{"x": [0, 1, 2, 3, 4, 5], "y": [0.1238439530134201, 2.3969204425811768, -0.06739842891693115, 2.6405603885650635, 0.14996275305747986, 2.26894211769104], "params": [4.338580131530762, 0.25, 0.0, 5.41591739654541]}