{"x": [0, 1, 2, 3, 4, 5], "y": [0.5105977058410645, 5.121277809143066, 0.4802430272102356, 5.152795314788818, 0.7000846862792969, 4.707309246063232], "params": [8.69347095489502, 0.25, 0.0, 9.345104217529297]}