{"x": [0, 1, 2, 3, 4, 5], "y": [0.7525787353515625, 3.555990695953369, 0.40074622631073, 3.3219025135040283, 0.6086717844009399, 3.3204047679901123], "params": [5.787740230560303, 0.25, 0.0, 6.310488700866699]}