{"x": [0, 1, 2, 3, 4, 5], "y": [0.055905815213918686, -0.14364483952522278, -0.09983833134174347, -0.19074702262878418, -0.16431310772895813, 0.32604724168777466], "params": [0.3646034002304077, 0.25, 0.0, 1.0335885286331177]}