{"x": [0, 1, 2, 3, 4, 5], "y": [0.39093706011772156, 2.976947784423828, 0.4511048197746277, 3.280435562133789, 0.20946770906448364, 3.3519866466522217], "params": [5.619598388671875, 0.25, 0.0, 6.285037994384766]}