{"x": [0, 1, 2, 3, 4, 5], "y": [0.9720103740692139, 6.041407108306885, 0.6622887849807739, 5.664186000823975, 0.4948808550834656, 5.645938873291016], "params": [10.022416114807129, 0.25, 0.0, 11.093052864074707]}