{"x": [0, 1, 2, 3, 4, 5], "y": [0.08298047631978989, 3.07817006111145, 0.5042734146118164, 3.4683940410614014, 0.29828840494155884, 3.41994309425354], "params": [6.523248672485352, 0.25, 0.0, 6.770827293395996]}