{"x": [0, 1, 2, 3, 4, 5], "y": [0.26090359687805176, 0.9158234596252441, -0.05908975005149841, 0.5763536095619202, 0.16727107763290405, 0.6554681062698364], "params": [0.9023559093475342, 0.25, 0.0, 1.9498264789581299]}