{"x": [0, 1, 2, 3, 4, 5], "y": [0.3966830372810364, 5.571930408477783, 0.1350397765636444, 5.787956714630127, -0.03202769160270691, 5.0240325927734375], "params": [10.055366516113281, 0.25, 0.0, 11.639968872070312]}