{"x": [0, 1, 2, 3, 4, 5], "y": [-0.18834896385669708, 5.856067657470703, -0.2814203202724457, 5.787660598754883, 0.030422359704971313, 6.050621032714844], "params": [11.833765983581543, 0.25, 0.0, 12.664082527160645]}