{"x": [0, 1, 2, 3, 4, 5], "y": [1.9005693197250366, 7.458817005157471, 1.6910032033920288, 7.538848876953125, 1.8774805068969727, 7.048344135284424], "params": [11.535048484802246, 0.25, 0.0, 11.695691108703613]}