{"x": [0, 1, 2, 3, 4, 5], "y": [1.1609686613082886, 7.029499530792236, 0.9197482466697693, 7.023728847503662, 1.0193073749542236, 7.320283889770508], "params": [12.508766174316406, 0.25, 0.0, 12.801071166992188]}