{"x": [0, 1, 2, 3, 4, 5], "y": [1.0392241477966309, 4.881495475769043, 0.5882580280303955, 4.779913425445557, 0.6613335013389587, 4.840291976928711], "params": [8.457404136657715, 0.25, 0.0, 8.586475372314453]}