{"x": [0, 1, 2, 3, 4, 5], "y": [0.33131173253059387, 1.8381927013397217, 0.5445884466171265, 1.5949537754058838, 0.4452584683895111, 1.7087838649749756], "params": [2.9248836040496826, 0.25, 0.0, 3.0137619972229004]}