{"x": [0, 1, 2, 3, 4, 5], "y": [1.7764537334442139, 9.31328296661377, 2.4917659759521484, 9.606904029846191, 2.289944887161255, 9.535126686096191], "params": [14.082818031311035, 0.25, 0.0, 15.660900115966797]}