{"x": [0, 1, 2, 3, 4, 5], "y": [0.4403935372829437, 1.1678576469421387, -0.17330574989318848, 0.9844009876251221, 0.23468677699565887, 1.5005848407745361], "params": [2.6064705848693848, 0.25, 0.0, 3.347781181335449]}