{"x": [0, 1, 2, 3, 4, 5], "y": [0.12031228095293045, 4.308621883392334, 0.17342452704906464, 4.0686116218566895, -0.16163517534732819, 3.966611623764038], "params": [8.218036651611328, 0.25, 0.0, 8.94051456451416]}