{"x": [0, 1, 2, 3, 4, 5], "y": [0.11578074097633362, 0.3038557469844818, -0.10775500535964966, 0.6412161588668823, 0.019057661294937134, 0.3526715040206909], "params": [0.5726730823516846, 0.25, 0.0, 1.497942328453064]}