{"x": [0, 1, 2, 3, 4, 5], "y": [0.7686216235160828, 4.727765083312988, 1.094031810760498, 5.458383560180664, 0.9347336292266846, 5.342134475708008], "params": [8.501364707946777, 0.25, 0.0, 9.379524230957031]}