{"x": [0, 1, 2, 3, 4, 5], "y": [1.3628582954406738, 8.3092679977417, 1.5438371896743774, 8.236056327819824, 1.5787354707717896, 8.33596420288086], "params": [13.408470153808594, 0.25, 0.0, 13.946211814880371]}