{"x": [0, 1, 2, 3, 4, 5], "y": [-0.030402643606066704, 0.46036216616630554, 0.06729310750961304, 0.1727868914604187, 0.06927241384983063, 0.4174080789089203], "params": [0.6327813863754272, 0.25, 0.0, 0.9815295934677124]}