{"x": [0, 1, 2, 3, 4, 5], "y": [0.4486062526702881, 2.0853111743927, 0.299850195646286, 2.022430181503296, 0.3574487268924713, 2.159597158432007], "params": [3.9350929260253906, 0.25, 0.0, 3.719493865966797]}