{"x": [0, 1, 2, 3, 4, 5], "y": [1.0231720209121704, 4.973938465118408, 0.9779701232910156, 4.884171009063721, 0.7034695744514465, 4.866271495819092], "params": [7.728625297546387, 0.25, 0.0, 8.540937423706055]}