{"x": [0, 1, 2, 3, 4, 5], "y": [0.8170411586761475, 7.355743408203125, 0.7897404432296753, 7.200908660888672, 0.6767977476119995, 6.952906131744385], "params": [12.211687088012695, 0.25, 0.0, 13.357891082763672]}