{"x": [0, 1, 2, 3, 4, 5], "y": [0.9691206216812134, 4.498237133026123, 0.87061607837677, 4.262670040130615, 1.1549155712127686, 4.649129390716553], "params": [6.547698497772217, 0.25, 0.0, 7.5570268630981445]}