{"x": [0, 1, 2, 3, 4, 5], "y": [0.33762747049331665, 5.281709671020508, 0.7240763306617737, 4.9564619064331055, 0.4382779002189636, 5.181307792663574], "params": [8.393924713134766, 0.25, 0.0, 9.888164520263672]}