{"x": [0, 1, 2, 3, 4, 5], "y": [0.2203103005886078, 5.429036617279053, 0.5040743947029114, 5.703606605529785, 0.4170929789543152, 5.3078765869140625], "params": [9.93559741973877, 0.25, 0.0, 10.966592788696289]}