{"x": [0, 1, 2, 3, 4, 5], "y": [1.5018348693847656, 8.659658432006836, 1.1455360651016235, 8.455463409423828, 1.423893928527832, 8.593463897705078], "params": [14.977191925048828, 0.25, 0.0, 15.028244972229004]}