{"x": [0, 1, 2, 3, 4, 5], "y": [0.851118803024292, 5.693412780761719, 0.7708696722984314, 5.796339988708496, 0.9442072510719299, 6.199172019958496], "params": [10.067605972290039, 0.25, 0.0, 10.85660457611084]}