{"x": [0, 1, 2, 3, 4, 5], "y": [-0.2709333896636963, 2.471046209335327, -0.024254947900772095, 2.4864768981933594, 0.1751861572265625, 2.6531546115875244], "params": [5.2419023513793945, 0.25, 0.0, 5.848176002502441]}