{"x": [0, 1, 2, 3, 4, 5], "y": [0.1835143119096756, 0.11843273043632507, 0.42728355526924133, 0.35061126947402954, -0.317123144865036, 0.5981285572052002], "params": [0.5773168802261353, 0.25, 0.0, 1.8305034637451172]}