{"x": [0, 1, 2, 3, 4, 5], "y": [1.0528508424758911, 2.592634916305542, 0.29559656977653503, 2.439453601837158, 0.09756584465503693, 2.6522772312164307], "params": [4.360871315002441, 0.25, 0.0, 5.10942268371582]}