{"x": [0, 1, 2, 3, 4, 5], "y": [0.9941493272781372, 2.6767923831939697, 0.45480650663375854, 2.5646276473999023, 0.6613086462020874, 2.5098531246185303], "params": [3.7687020301818848, 0.25, 0.0, 4.443971633911133]}