{"x": [0, 1, 2, 3, 4, 5], "y": [1.4101216793060303, 5.06432580947876, 1.394801139831543, 5.1784772872924805, 0.6472246646881104, 5.43633508682251], "params": [8.127373695373535, 0.25, 0.0, 9.57822036743164]}