{"x": [0, 1, 2, 3, 4, 5], "y": [0.2667359709739685, 1.288482666015625, 0.19803965091705322, 1.9764677286148071, 0.4976623058319092, 2.1222152709960938], "params": [3.3544769287109375, 0.25, 0.0, 3.848351240158081]}