{"x": [0, 1, 2, 3, 4, 5], "y": [0.6748181581497192, 6.668935775756836, 0.6654677391052246, 6.363434791564941, 0.5413695573806763, 6.201828956604004], "params": [12.044088363647461, 0.25, 0.0, 12.255132675170898]}