{"x": [0, 1, 2, 3, 4, 5], "y": [0.22401918470859528, 2.9887325763702393, 0.2541230320930481, 2.9700558185577393, 0.3169226050376892, 3.1854124069213867], "params": [5.298575401306152, 0.25, 0.0, 5.922786235809326]}