{"x": [0, 1, 2, 3, 4, 5], "y": [1.4912301301956177, 7.395313739776611, 2.2461161613464355, 7.767683506011963, 2.2817509174346924, 7.465469837188721], "params": [11.776618957519531, 0.25, 0.0, 12.55290699005127]}