{"x": [0, 1, 2, 3, 4, 5], "y": [1.1765294075012207, 6.376428127288818, 0.9048081040382385, 6.5211710929870605, 1.1838634014129639, 6.810766696929932], "params": [10.462458610534668, 0.25, 0.0, 11.811917304992676]}