{"x": [0, 1, 2, 3, 4, 5], "y": [1.1243661642074585, 7.251682281494141, 0.8204725384712219, 7.260016918182373, 0.7316430807113647, 7.075549602508545], "params": [12.706621170043945, 0.25, 0.0, 13.056747436523438]}