{"x": [0, 1, 2, 3, 4, 5], "y": [0.7131679654121399, 3.2414700984954834, 0.4674399793148041, 3.4273641109466553, 0.5198067426681519, 3.0061471462249756], "params": [5.979297637939453, 0.25, 0.0, 5.919848442077637]}