{"x": [0, 1, 2, 3, 4, 5], "y": [1.1812869310379028, 7.014132022857666, 1.376599907875061, 7.124815940856934, 1.1959360837936401, 6.540168762207031], "params": [11.37067699432373, 0.25, 0.0, 11.88705825805664]}