{"x": [0, 1, 2, 3, 4, 5], "y": [1.6597566604614258, 9.54107666015625, 1.610994577407837, 9.164571762084961, 2.150362014770508, 9.05364990234375], "params": [14.892631530761719, 0.25, 0.0, 15.860164642333984]}