{"x": [0, 1, 2, 3, 4, 5], "y": [0.6947855949401855, 5.016184329986572, 1.0826818943023682, 4.999707221984863, 1.0052388906478882, 4.770949840545654], "params": [8.2570161819458, 0.25, 0.0, 8.642797470092773]}