{"x": [0, 1, 2, 3, 4, 5], "y": [1.3269381523132324, 4.079591751098633, 1.1787699460983276, 3.862063407897949, 0.7386572957038879, 4.139614582061768], "params": [6.1670451164245605, 0.25, 0.0, 6.801914691925049]}