{"x": [0, 1, 2, 3, 4, 5], "y": [1.2710838317871094, 6.865695953369141, 1.4573609828948975, 6.835269451141357, 1.056036353111267, 7.265202045440674], "params": [11.806184768676758, 0.25, 0.0, 12.418331146240234]}