{"x": [0, 1, 2, 3, 4, 5], "y": [1.366995096206665, 7.518488883972168, 0.9837929010391235, 7.105671405792236, 1.5740900039672852, 7.526511192321777], "params": [11.920738220214844, 0.25, 0.0, 13.085436820983887]}