{"x": [0, 1, 2, 3, 4, 5], "y": [0.30251437425613403, 7.847865581512451, 0.012293770909309387, 7.206304550170898, 0.28320497274398804, 7.620567321777344], "params": [14.508703231811523, 0.25, 0.0, 15.671143531799316]}