{"x": [0, 1, 2, 3, 4, 5], "y": [0.4233759045600891, 1.0083599090576172, 0.005364060401916504, 0.6082198619842529, 0.0462944358587265, 0.9995344877243042], "params": [1.2921979427337646, 0.25, 0.0, 2.0059916973114014]}