{"x": [0, 1, 2, 3, 4, 5], "y": [1.4697399139404297, 7.014750003814697, 0.8986968398094177, 7.779916286468506, 1.0837398767471313, 7.365073204040527], "params": [12.79068660736084, 0.25, 0.0, 13.762438774108887]}