{"x": [0, 1, 2, 3, 4, 5], "y": [0.47498610615730286, 5.633571624755859, 0.3086290955543518, 5.804100036621094, 0.24730917811393738, 5.474628925323486], "params": [10.831249237060547, 0.25, 0.0, 11.113581657409668]}