{"x": [0, 1, 2, 3, 4, 5], "y": [-0.04398075118660927, 0.24403023719787598, 0.014052441343665123, -0.11695192009210587, 0.15382367372512817, 0.6463311314582825], "params": [0.1642388105392456, 0.25, 0.0, 1.5265661478042603]}