{"x": [0, 1, 2, 3, 4, 5], "y": [0.8141085505485535, 4.358574390411377, 0.5024205446243286, 4.350584030151367, 0.5276244282722473, 4.661533832550049], "params": [7.238955974578857, 0.25, 0.0, 8.31822681427002]}