{"x": [0, 1, 2, 3, 4, 5], "y": [0.2151564657688141, 4.335628509521484, 0.23538042604923248, 4.640460968017578, 0.04622030258178711, 4.477020740509033], "params": [8.218363761901855, 0.25, 0.0, 9.188481330871582]}