{"x": [0, 1, 2, 3, 4, 5], "y": [0.7199461460113525, 6.952857494354248, 0.5710468292236328, 7.148481369018555, 0.649659276008606, 6.847677707672119], "params": [13.124444007873535, 0.25, 0.0, 13.154869079589844]}