{"x": [0, 1, 2, 3, 4, 5], "y": [0.557325541973114, 3.00791335105896, 0.1272151619195938, 2.8507297039031982, -0.029974550008773804, 2.669919729232788], "params": [4.7067179679870605, 0.25, 0.0, 6.075775623321533]}