{"x": [0, 1, 2, 3, 4, 5], "y": [1.4946993589401245, 5.784790992736816, 1.5046182870864868, 5.429233074188232, 1.648397445678711, 5.998765468597412], "params": [8.991439819335938, 0.25, 0.0, 9.008131980895996]}