{"x": [0, 1, 2, 3, 4, 5], "y": [2.730102300643921, 9.782096862792969, 2.0391643047332764, 9.747390747070312, 2.6589200496673584, 9.752302169799805], "params": [14.850068092346191, 0.25, 0.0, 15.485864639282227]}