{"x": [0, 1, 2, 3, 4, 5], "y": [0.4411039352416992, 4.115616321563721, 0.6060210466384888, 4.377750396728516, -0.00570254772901535, 4.660733222961426], "params": [8.321372985839844, 0.25, 0.0, 9.332871437072754]}