{"x": [0, 1, 2, 3, 4, 5], "y": [0.6711340546607971, 5.800532341003418, 0.48729872703552246, 6.324033737182617, 0.6862092614173889, 6.0551533699035645], "params": [10.858708381652832, 0.25, 0.0, 11.673469543457031]}