{"x": [0, 1, 2, 3, 4, 5], "y": [0.39139223098754883, 5.451944351196289, 0.31325191259384155, 5.369228839874268, 0.3327922523021698, 5.655564785003662], "params": [10.89721965789795, 0.25, 0.0, 10.684625625610352]}