{"x": [0, 1, 2, 3, 4, 5], "y": [1.3430513143539429, 6.582993507385254, 1.5927904844284058, 6.340050220489502, 1.4217013120651245, 6.719940185546875], "params": [10.390295028686523, 0.25, 0.0, 10.753777503967285]}