{"x": [0, 1, 2, 3, 4, 5], "y": [0.7708619236946106, 6.327295780181885, 0.7626432776451111, 6.574951171875, 1.0493053197860718, 6.763402462005615], "params": [11.326528549194336, 0.25, 0.0, 12.001518249511719]}