{"x": [0, 1, 2, 3, 4, 5], "y": [0.5315788388252258, 2.129269599914551, 0.42329347133636475, 2.293935775756836, 0.6860312223434448, 2.026116371154785], "params": [3.137953758239746, 0.25, 0.0, 3.7412846088409424]}