{"x": [0, 1, 2, 3, 4, 5], "y": [1.5183513164520264, 8.20158863067627, 1.7612614631652832, 8.372912406921387, 2.171891927719116, 8.04690933227539], "params": [12.472697257995605, 0.25, 0.0, 13.709121704101562]}