{"x": [0, 1, 2, 3, 4, 5], "y": [1.901350975036621, 8.395990371704102, 2.2806622982025146, 8.271538734436035, 1.9518425464630127, 8.711853981018066], "params": [13.006002426147461, 0.25, 0.0, 13.62100601196289]}