{"x": [0, 1, 2, 3, 4, 5], "y": [0.5014802813529968, 5.105959892272949, 0.680797815322876, 4.689794540405273, 0.5869035720825195, 4.524012565612793], "params": [8.353289604187012, 0.25, 0.0, 9.208959579467773]}