{"x": [0, 1, 2, 3, 4, 5], "y": [1.0493803024291992, 0.2834915220737457, 0.941095769405365, 0.0054447948932647705, 1.0765705108642578, 0.15018776059150696], "params": [1.282508134841919, 0.25, 1.0, 2.142251491546631]}