{"x": [0, 1, 2, 3, 4, 5], "y": [3.623105525970459, 0.8196118474006653, 3.637927293777466, 0.9603788256645203, 4.006324768066406, 0.4003123939037323], "params": [5.69342565536499, 0.25, 1.0, 7.212024688720703]}