{"x": [0, 1, 2, 3, 4, 5], "y": [1.3810105323791504, -0.004046306014060974, 1.2051838636398315, 0.21003425121307373, 1.0942212343215942, -0.05776745080947876], "params": [1.9600975513458252, 0.25, 1.0, 2.8775558471679688]}