{"x": [0, 1, 2, 3, 4, 5], "y": [-0.05382281541824341, 0.35313093662261963, -0.2757311463356018, 0.03347045183181763, -0.05979647487401962, 0.05872708931565285], "params": [0.015193819999694824, 0.25, 1.0, 1.2577241659164429]}