{"x": [0, 1, 2, 3, 4, 5], "y": [6.223442077636719, 0.08001086115837097, 5.843564987182617, -0.15021935105323792, 6.148097991943359, -0.0966673195362091], "params": [12.08719253540039, 0.25, 1.0, 12.747323036193848]}