{"x": [0, 1, 2, 3, 4, 5], "y": [8.380805015563965, 1.363412857055664, 8.288491249084473, 1.9256808757781982, 8.474204063415527, 1.5339839458465576], "params": [13.133538246154785, 0.25, 1.0, 14.221582412719727]}