{"x": [0, 1, 2, 3, 4, 5], "y": [8.467747688293457, 1.900719404220581, 8.93185806274414, 1.5661183595657349, 8.382784843444824, 1.8425885438919067], "params": [13.644058227539062, 0.25, 1.0, 14.73147964477539]}