{"x": [0, 1, 2, 3, 4, 5], "y": [1.9046587944030762, 0.2874489426612854, 1.8098211288452148, -0.1545465886592865, 1.3591890335083008, -0.4123251438140869], "params": [2.9865119457244873, 0.25, 1.0, 4.633967876434326]}