{"x": [0, 1, 2, 3, 4, 5], "y": [5.30336856842041, 1.07355535030365, 5.478475570678711, 1.4580923318862915, 5.4489827156066895, 1.616485834121704], "params": [8.717822074890137, 0.25, 1.0, 8.809840202331543]}