{"x": [0, 1, 2, 3, 4, 5], "y": [4.686067581176758, 3.785835027694702, 3.2085232734680176, 2.1874284744262695, 2.0176024436950684, 0.8832948803901672], "params": [-3.658704996109009, -4.559237480163574, 7.605545520782471]}