{"x": [0, 1, 2, 3, 4, 5], "y": [6.0343708992004395, 6.054524898529053, 5.087971210479736, 4.574125289916992, 4.6123552322387695, 3.7663469314575195], "params": [-2.5294041633605957, 0.018768906593322754, 4.576355934143066]}