{"x": [0, 1, 2, 3, 4, 5], "y": [5.61208438873291, 5.389523029327393, 4.498097896575928, 4.32846212387085, 3.608564615249634, 2.38006854057312], "params": [-3.6125874519348145, -1.354149580001831, 6.46403169631958]}