{"x": [0, 1, 2, 3, 4, 5], "y": [7.996574878692627, 7.439474105834961, 6.990944862365723, 6.565051555633545, 6.216681957244873, 6.050038814544678], "params": [-1.9124096632003784, 3.649604320526123, 3.8930721282958984]}