{"x": [0, 1, 2, 3, 4, 5], "y": [5.8405070304870605, 4.8821868896484375, 4.105340957641602, 3.724057674407959, 2.8180928230285645, 2.1701500415802], "params": [-3.572373390197754, -2.3120462894439697, 7.340713977813721]}