{"x": [0, 1, 2, 3, 4, 5], "y": [5.123025894165039, 5.1030964851379395, 4.563514232635498, 5.088878154754639, 4.817539691925049, 4.779734134674072], "params": [-0.3662639856338501, -0.24996399879455566, 1.119023323059082]}