{"x": [0, 1, 2, 3, 4, 5], "y": [5.453726291656494, 4.930062294006348, 4.051024913787842, 3.727184772491455, 2.6253490447998047, 2.3499646186828613], "params": [-3.0873260498046875, -2.3557286262512207, 6.207523345947266]}