{"x": [0, 1, 2, 3, 4, 5], "y": [5.221452713012695, 4.562822341918945, 3.5981578826904297, 2.907628059387207, 2.2274765968322754, 1.653072714805603], "params": [-3.4759435653686523, -3.4312355518341064, 7.1367597579956055]}