{"x": [0, 1, 2, 3, 4, 5], "y": [6.7863287925720215, 5.26595401763916, 4.169783592224121, 3.2384033203125, 2.9253501892089844, 1.9702402353286743], "params": [-4.528034687042236, -1.6807234287261963, 9.632177352905273]}