{"x": [0, 1, 2, 3, 4, 5], "y": [5.997857093811035, 6.180055618286133, 5.611716270446777, 5.769134998321533, 6.058192253112793, 5.653861045837402], "params": [-0.18064618110656738, 1.8332773447036743, 1.136678695678711]}