{"x": [0, 1, 2, 3, 4, 5], "y": [6.158487796783447, 5.092385292053223, 4.104388236999512, 3.535076141357422, 2.5721733570098877, 1.4091938734054565], "params": [-4.77901554107666, -2.3439931869506836, 9.498587608337402]}