{"x": [0, 1, 2, 3, 4, 5], "y": [9.794017791748047, 6.265617370605469, 8.823993682861328, 4.613072395324707, 7.567115783691406, 3.6137473583221436], "params": [-2.221616268157959, -1.5086418390274048, 5.598890781402588, 6.761363506317139, 0.25, 1.0, 7.4237565994262695]}