{"x": [0, 1, 2, 3, 4, 5], "y": [14.660143852233887, 8.726189613342285, 13.624326705932617, 7.01080322265625, 12.704065322875977, 6.32492733001709], "params": [-2.3799548149108887, 2.5757062435150146, 4.487724304199219, 12.482094764709473, 0.25, 1.0, 12.391596794128418]}