{"x": [0, 1, 2, 3, 4, 5], "y": [9.501758575439453, 5.917214870452881, 8.49206829071045, 5.08618688583374, 7.71526575088501, 4.158923625946045], "params": [-2.5899455547332764, 1.0941588878631592, 5.157149791717529, 5.190188884735107, 0.25, 1.0, 6.4775848388671875]}