{"x": [0, 1, 2, 3, 4, 5], "y": [14.431686401367188, 9.104289054870605, 14.438213348388672, 8.044050216674805, 13.148033142089844, 6.217050075531006], "params": [-2.1977546215057373, 2.4571938514709473, 4.527420997619629, 11.542118072509766, 0.25, 1.0, 12.518013000488281]}