{"x": [0, 1, 2, 3, 4, 5], "y": [13.74699878692627, 5.816678047180176, 12.444862365722656, 5.167377471923828, 12.537718772888184, 4.500004291534424], "params": [-1.7774162292480469, -4.447678565979004, 3.61136794090271, 14.899271011352539, 0.25, 1.0, 15.536873817443848]}