{"x": [0, 1, 2, 3, 4, 5], "y": [11.70710563659668, 6.301858901977539, 9.945140838623047, 4.934323787689209, 8.864771842956543, 3.6269214153289795], "params": [-3.572373390197754, -2.3120462894439697, 7.340713977813721, 8.856647491455078, 0.25, 1.0, 9.672825813293457]}