{"x": [0, 1, 2, 3, 4, 5], "y": [7.4710693359375, 5.379312515258789, 6.369080066680908, 3.7561395168304443, 4.585380554199219, 2.6164135932922363], "params": [-2.5382113456726074, -1.6358834505081177, 5.075343608856201, 2.9865119457244873, 0.25, 1.0, 4.633967876434326]}