{"x": [0, 1, 2, 3, 4, 5], "y": [12.391561508178711, 7.688920021057129, 12.362110137939453, 6.0533246994018555, 11.447772026062012, 5.419003486633301], "params": [-2.1004762649536133, 1.544727087020874, 3.9269285202026367, 10.533129692077637, 0.25, 1.0, 11.349547386169434]}