{"x": [0, 1, 2, 3, 4, 5], "y": [13.998538970947266, 7.811211109161377, 13.621858596801758, 7.1885480880737305, 12.93452262878418, 7.001175880432129], "params": [-1.2860095500946045, 1.2851643562316895, 1.8671579360961914, 11.916194915771484, 0.25, 1.0, 12.729851722717285]}