{"x": [0, 1, 2, 3, 4, 5], "y": [14.053597450256348, 8.420878410339355, 13.788867950439453, 7.5874223709106445, 13.652885437011719, 7.887612342834473], "params": [-0.2173525094985962, 3.245645046234131, 1.658823013305664, 11.513758659362793, 0.25, 1.0, 11.794315338134766]}