{"x": [0, 1, 2, 3, 4, 5], "y": [9.5478515625, 5.814693927764893, 9.733088493347168, 5.416464328765869, 9.263068199157715, 5.240981101989746], "params": [-0.8507904410362244, 1.3662660121917725, 1.8389873504638672, 7.648870468139648, 0.25, 1.0, 8.612099647521973]}