{"x": [0, 1, 2, 3, 4, 5], "y": [12.516338348388672, 7.580728530883789, 12.092751502990723, 6.719331741333008, 11.706127166748047, 6.284197807312012], "params": [-1.177363634109497, 2.500506639480591, 2.5368289947509766, 10.765595436096191, 0.25, 1.0, 10.7906494140625]}