{"x": [0, 1, 2, 3, 4, 5], "y": [3.812143325805664, 3.1841626167297363, 2.996793746948242, 2.065335750579834, 2.9162940979003906, 2.2768867015838623], "params": [-1.1133778095245361, -4.492347240447998, 2.830902576446533, 0.7330423593521118, 0.25, 1.0, 1.8459734916687012]}