{"x": [0, 1, 2, 3, 4, 5], "y": [0.4631190896034241, 5.701389312744141, 0.929470419883728, 5.693096160888672, 0.39175742864608765, 6.0334153175354], "params": [10.171737670898438, 0.25, 0.0, 11.283315658569336]}