{"x": [0, 1, 2, 3, 4, 5], "y": [0.8121994733810425, 4.363170146942139, 1.2622528076171875, 4.662785530090332, 0.6838080883026123, 4.355302810668945], "params": [6.915730953216553, 0.25, 0.0, 7.9579548835754395]}