{"x": [0, 1, 2, 3, 4, 5], "y": [1.1943875551223755, 8.489705085754395, 1.7049680948257446, 8.527775764465332, 1.6672316789627075, 8.354615211486816], "params": [14.135396957397461, 0.25, 0.0, 14.666776657104492]}