{"x": [0, 1, 2, 3, 4, 5], "y": [1.0819954872131348, 6.533572196960449, 0.9294942617416382, 7.015161991119385, 0.901737630367279, 6.585351943969727], "params": [11.441747665405273, 0.25, 0.0, 12.226848602294922]}