{"x": [0, 1, 2, 3, 4, 5], "y": [0.23088596761226654, 6.352941989898682, 0.35697153210639954, 6.5711669921875, 0.236554354429245, 6.1934638023376465], "params": [11.801215171813965, 0.25, 0.0, 12.680562019348145]}