{"x": [0, 1, 2, 3, 4, 5], "y": [0.1286645233631134, 6.83964204788208, 0.3766922950744629, 6.972400188446045, 0.13245438039302826, 6.435104846954346], "params": [13.030881881713867, 0.25, 0.0, 13.687471389770508]}