{"x": [0, 1, 2, 3, 4, 5], "y": [1.1082987785339355, 5.210921764373779, 1.0523083209991455, 5.113292694091797, 1.632619857788086, 5.369932174682617], "params": [8.315908432006836, 0.25, 0.0, 8.635248184204102]}