{"x": [0, 1, 2, 3, 4, 5], "y": [0.5298658609390259, 5.428940773010254, 0.5585016012191772, 5.170514106750488, 0.4478841722011566, 5.275302886962891], "params": [10.286969184875488, 0.25, 0.0, 9.962113380432129]}