{"x": [0, 1, 2, 3, 4, 5], "y": [0.3747161626815796, 5.100096702575684, 0.5329318642616272, 5.583022117614746, 0.42882204055786133, 5.191999912261963], "params": [9.637516021728516, 0.25, 0.0, 10.416611671447754]}