{"x": [0, 1, 2, 3, 4, 5], "y": [0.3063510060310364, 6.002984523773193, 0.39158564805984497, 5.72560453414917, 0.35078370571136475, 5.89442777633667], "params": [10.899239540100098, 0.25, 0.0, 11.393266677856445]}