{"x": [0, 1, 2, 3, 4, 5], "y": [0.3813572824001312, 5.496276378631592, 0.29507631063461304, 5.432689189910889, 0.5616742372512817, 5.168431758880615], "params": [9.823110580444336, 0.25, 0.0, 10.402400016784668]}