{"x": [0, 1, 2, 3, 4, 5], "y": [0.20982395112514496, 3.951735258102417, 0.28975147008895874, 4.291983127593994, 0.23924189805984497, 4.4209747314453125], "params": [7.953944683074951, 0.25, 0.0, 8.422301292419434]}