{"x": [0, 1, 2, 3, 4, 5], "y": [1.5517215728759766, 8.435367584228516, 1.6844568252563477, 8.645401000976562, 1.9305381774902344, 8.600958824157715], "params": [13.55673599243164, 0.25, 0.0, 14.187358856201172]}