{"x": [0, 1, 2, 3, 4, 5], "y": [0.5691876411437988, 4.767985820770264, 0.8346431851387024, 4.317582130432129, -0.06119447946548462, 4.570150375366211], "params": [8.273760795593262, 0.25, 0.0, 9.658360481262207]}