{"x": [0, 1, 2, 3, 4, 5], "y": [0.4977455139160156, 7.219727039337158, 0.4756830930709839, 7.281892776489258, 0.22603639960289001, 7.203418731689453], "params": [13.857840538024902, 0.25, 0.0, 14.111712455749512]}