{"x": [0, 1, 2, 3, 4, 5], "y": [1.190732717514038, 6.229677200317383, 0.7307177186012268, 6.540984153747559, 1.273503065109253, 6.713709354400635], "params": [10.914300918579102, 0.25, 0.0, 11.965983390808105]}