{"x": [0, 1, 2, 3, 4, 5], "y": [1.2099719047546387, 5.348581790924072, 1.1594469547271729, 5.152482032775879, 1.1189169883728027, 5.795759201049805], "params": [8.452349662780762, 0.25, 0.0, 9.353684425354004]}