{"x": [0, 1, 2, 3, 4, 5], "y": [-0.016099900007247925, 4.90553092956543, 0.19300951063632965, 4.8551154136657715, 0.09703997522592545, 4.942718505859375], "params": [9.035689353942871, 0.25, 0.0, 9.91763687133789]}