{"x": [0, 1, 2, 3, 4, 5], "y": [0.5864850282669067, 3.4885940551757812, -0.12314453721046448, 3.7238950729370117, 0.802411675453186, 3.72676682472229], "params": [6.916162490844727, 0.25, 0.0, 7.699822902679443]}