{"x": [0, 1, 2, 3, 4, 5], "y": [0.6104395389556885, 5.531188011169434, 0.852506697177887, 4.997772216796875, 0.9136093854904175, 4.937248706817627], "params": [7.849237442016602, 0.25, 0.0, 9.841497421264648]}