{"x": [0, 1, 2, 3, 4, 5], "y": [0.9866553544998169, 6.0514817237854, 1.182184100151062, 6.613205909729004, 1.0878039598464966, 6.198870658874512], "params": [10.013609886169434, 0.25, 0.0, 11.253101348876953]}