{"x": [0, 1, 2, 3, 4, 5], "y": [0.04782649874687195, 4.268774032592773, 0.015532881021499634, 4.3199357986450195, 0.14820462465286255, 4.985011577606201], "params": [8.985095977783203, 0.25, 0.0, 9.938957214355469]}