{"x": [0, 1, 2, 3, 4, 5], "y": [1.6306205987930298, 7.310317039489746, 1.3162000179290771, 6.951889514923096, 1.6256791353225708, 7.487862586975098], "params": [11.301182746887207, 0.25, 0.0, 12.343324661254883]}