{"x": [0, 1, 2, 3, 4, 5], "y": [0.04325244203209877, 3.5017197132110596, 0.1651686280965805, 3.030148506164551, 0.09225545823574066, 3.4241392612457275], "params": [6.962067604064941, 0.25, 0.0, 6.916934490203857]}