{"x": [0, 1, 2, 3, 4, 5], "y": [0.7327343225479126, 6.96658182144165, 0.3096173405647278, 6.571043014526367, 0.4136391580104828, 6.631974697113037], "params": [12.21734619140625, 0.25, 0.0, 13.313928604125977]}