{"x": [0, 1, 2, 3, 4, 5], "y": [0.12123362720012665, 3.4046003818511963, 0.23124724626541138, 3.5815560817718506, 0.3878723084926605, 3.650059700012207], "params": [5.933906555175781, 0.25, 0.0, 7.057651996612549]}