{"x": [0, 1, 2, 3, 4, 5], "y": [1.1038576364517212, 5.061545372009277, 0.7088651657104492, 4.963205814361572, 1.1574807167053223, 4.732531547546387], "params": [8.06872844696045, 0.25, 0.0, 8.705360412597656]}