{"x": [0, 1, 2, 3, 4, 5], "y": [1.3892512321472168, 4.580066680908203, 0.833612859249115, 4.5546674728393555, 0.8363081216812134, 4.752343654632568], "params": [6.902522563934326, 0.25, 0.0, 7.837461471557617]}