{"x": [0, 1, 2, 3, 4, 5], "y": [-0.3799925148487091, 3.3596866130828857, -0.0625779926776886, 3.456458568572998, 0.24327148497104645, 3.472429037094116], "params": [6.992425918579102, 0.25, 0.0, 7.704843044281006]}