{"x": [0, 1, 2, 3, 4, 5], "y": [0.35125699639320374, 5.834730625152588, 0.6161352396011353, 5.760634422302246, 0.5382947325706482, 5.4168548583984375], "params": [10.373303413391113, 0.25, 0.0, 10.966947555541992]}