{"x": [0, 1, 2, 3, 4, 5], "y": [1.3473719358444214, 6.797658443450928, 1.5614126920700073, 6.205592155456543, 1.6884421110153198, 6.373530864715576], "params": [9.731374740600586, 0.25, 0.0, 10.900572776794434]}