{"x": [0, 1, 2, 3, 4, 5], "y": [0.15542025864124298, 6.693192958831787, 0.06837597489356995, 6.495146751403809, 0.3401549756526947, 6.912400245666504], "params": [12.54733657836914, 0.25, 0.0, 13.688048362731934]}