{"x": [0, 1, 2, 3, 4, 5], "y": [0.8780558109283447, 7.809533596038818, 0.8768908381462097, 8.14279556274414, 1.4181065559387207, 8.525008201599121], "params": [14.562256813049316, 0.25, 0.0, 15.296235084533691]}