{"x": [0, 1, 2, 3, 4, 5], "y": [0.3033590018749237, 3.47390079498291, -0.22721002995967865, 3.5133776664733887, -0.004585284739732742, 3.589784860610962], "params": [6.952820301055908, 0.25, 0.0, 7.6339898109436035]}