{"x": [0, 1, 2, 3, 4, 5], "y": [0.12610329687595367, 3.4119839668273926, -0.002691209316253662, 3.6441609859466553, 0.01661860942840576, 3.345552444458008], "params": [6.673604965209961, 0.25, 0.0, 7.293704509735107]}