{"x": [0, 1, 2, 3, 4, 5], "y": [0.17440250515937805, 6.4710164070129395, 0.23401568830013275, 6.933650970458984, 0.25653383135795593, 7.157639503479004], "params": [13.558207511901855, 0.25, 0.0, 13.966473579406738]}