{"x": [0, 1, 2, 3, 4, 5], "y": [0.9842219352722168, 8.918825149536133, 1.4983704090118408, 8.50912857055664, 1.3558318614959717, 8.771049499511719], "params": [14.874436378479004, 0.25, 0.0, 15.869206428527832]}