{"x": [0, 1, 2, 3, 4, 5], "y": [2.1179938316345215, 8.079632759094238, 1.8573086261749268, 8.541983604431152, 1.7531613111495972, 8.433121681213379], "params": [13.581143379211426, 0.25, 0.0, 13.577644348144531]}