{"x": [0, 1, 2, 3, 4, 5], "y": [1.3151004314422607, 5.777829647064209, 1.1065661907196045, 5.821507930755615, 0.7866458892822266, 5.693889141082764], "params": [9.455418586730957, 0.25, 0.0, 10.069724082946777]}