{"x": [0, 1, 2, 3, 4, 5], "y": [0.965069591999054, 5.078653335571289, 0.9689289927482605, 5.251471519470215, 1.1233314275741577, 5.2359514236450195], "params": [8.66052532196045, 0.25, 0.0, 8.572803497314453]}