{"x": [0, 1, 2, 3, 4, 5], "y": [0.020542677491903305, 5.650391578674316, -0.02641022391617298, 5.475633144378662, -0.19655883312225342, 5.70294713973999], "params": [10.966203689575195, 0.25, 0.0, 11.799012184143066]}