{"x": [0, 1, 2, 3, 4, 5], "y": [0.48922717571258545, 5.5870490074157715, 0.5508000254631042, 5.816105365753174, 0.654900848865509, 5.796859264373779], "params": [10.640568733215332, 0.25, 0.0, 10.653756141662598]}