{"x": [0, 1, 2, 3, 4, 5], "y": [1.5292346477508545, 5.919717788696289, 1.5260179042816162, 6.490740776062012, 1.7775442600250244, 7.071107864379883], "params": [10.170839309692383, 0.25, 0.0, 11.090179443359375]}