{"x": [0, 1, 2, 3, 4, 5], "y": [0.372187077999115, 7.271589756011963, 0.27432331442832947, 6.477088451385498, 0.8353688716888428, 6.6942853927612305], "params": [13.054140090942383, 0.25, 0.0, 13.994532585144043]}