{"x": [0, 1, 2, 3, 4, 5], "y": [0.7798910737037659, 4.828357219696045, 0.6940121650695801, 5.048956871032715, 0.5464944243431091, 5.125000953674316], "params": [8.667540550231934, 0.25, 0.0, 9.157012939453125]}