{"x": [0, 1, 2, 3, 4, 5], "y": [2.5150444507598877, 9.20793342590332, 1.5983080863952637, 9.58687686920166, 1.8236639499664307, 9.555889129638672], "params": [14.624016761779785, 0.25, 0.0, 15.977137565612793]}