{"x": [0, 1, 2, 3, 4, 5], "y": [1.221920132637024, 5.829283714294434, 1.3047659397125244, 5.64576530456543, 1.4009193181991577, 5.617372035980225], "params": [8.89207935333252, 0.25, 0.0, 9.214727401733398]}