{"x": [0, 1, 2, 3, 4, 5], "y": [0.31702446937561035, 3.130723714828491, 0.9184200763702393, 3.2037971019744873, 0.3884918689727783, 3.2413341999053955], "params": [6.032016277313232, 0.25, 0.0, 5.84861946105957]}