{"x": [0, 1, 2, 3, 4, 5], "y": [-0.02796052396297455, 2.9754269123077393, 0.07173129916191101, 3.2432022094726562, 0.26873233914375305, 2.9901280403137207], "params": [5.5757832527160645, 0.25, 0.0, 6.542325496673584]}