{"x": [0, 1, 2, 3, 4, 5], "y": [0.8137495517730713, 6.938255786895752, 0.4819854497909546, 6.683561325073242, 0.877612292766571, 6.959871292114258], "params": [12.625777244567871, 0.25, 0.0, 12.955771446228027]}