{"x": [0, 1, 2, 3, 4, 5], "y": [1.09260094165802, 6.143375873565674, 0.9737447500228882, 7.00002384185791, 0.575502872467041, 6.295504570007324], "params": [11.628870010375977, 0.25, 0.0, 12.849041938781738]}