{"x": [0, 1, 2, 3, 4, 5], "y": [1.5699546337127686, 5.731814861297607, 1.435584306716919, 5.833913326263428, 1.5900120735168457, 5.718386650085449], "params": [8.820572853088379, 0.25, 0.0, 8.79665756225586]}