{"x": [0, 1, 2, 3, 4, 5], "y": [0.13917464017868042, 3.725264549255371, 0.49623849987983704, 3.6336731910705566, -0.00948113203048706, 3.811232566833496], "params": [6.123652458190918, 0.25, 0.0, 7.641427516937256]}