{"x": [0, 1, 2, 3, 4, 5], "y": [1.0340403318405151, 6.1725897789001465, 0.717806875705719, 5.44429349899292, 0.6511057615280151, 5.929503917694092], "params": [10.104310989379883, 0.25, 0.0, 11.042967796325684]}