{"x": [0, 1, 2, 3, 4, 5], "y": [1.3180594444274902, 5.624543190002441, 0.8125287890434265, 5.883401393890381, 1.1003512144088745, 5.5876264572143555], "params": [9.56529712677002, 0.25, 0.0, 10.141745567321777]}