{"x": [0, 1, 2, 3, 4, 5], "y": [0.15685990452766418, 4.107612609863281, -0.17269538342952728, 3.7157416343688965, 0.46462783217430115, 4.093568325042725], "params": [7.320827484130859, 0.25, 0.0, 8.560615539550781]}