{"x": [0, 1, 2, 3, 4, 5], "y": [1.2122925519943237, 6.811560153961182, 0.8218914270401001, 6.903609752655029, 1.1737606525421143, 6.60321044921875], "params": [10.796483039855957, 0.25, 0.0, 12.163436889648438]}