{"x": [0, 1, 2, 3, 4, 5], "y": [0.6950262188911438, 3.6676580905914307, 0.31017690896987915, 4.1980977058410645, 0.9331175088882446, 3.642666816711426], "params": [5.621304988861084, 0.25, 0.0, 7.77584171295166]}