{"x": [0, 1, 2, 3, 4, 5], "y": [0.8428223133087158, 8.111495018005371, 0.26058101654052734, 8.16272258758545, 0.5015323758125305, 8.225260734558105], "params": [14.898245811462402, 0.25, 0.0, 15.929359436035156]}