{"x": [0, 1, 2, 3, 4, 5], "y": [1.2939413785934448, 7.364579677581787, 1.8355629444122314, 7.669673442840576, 1.5799758434295654, 7.272365093231201], "params": [12.053519248962402, 0.25, 0.0, 12.751463890075684]}