{"x": [0, 1, 2, 3, 4, 5], "y": [1.6806669235229492, 7.882050037384033, 1.2276432514190674, 8.17314624786377, 1.5150688886642456, 8.258283615112305], "params": [13.379487991333008, 0.25, 0.0, 14.061281204223633]}