{"x": [0, 1, 2, 3, 4, 5], "y": [0.5414514541625977, 6.73449182510376, 0.22400633990764618, 7.334001541137695, 0.31118112802505493, 7.018092155456543], "params": [13.917882919311523, 0.25, 0.0, 14.219990730285645]}