{"x": [0, 1, 2, 3, 4, 5], "y": [1.3870768547058105, 4.146008491516113, 1.16273832321167, 4.724351406097412, 1.0461561679840088, 4.6385722160339355], "params": [6.577538967132568, 0.25, 0.0, 7.356390476226807]}