{"x": [0, 1, 2, 3, 4, 5], "y": [-0.3874356150627136, 5.825774669647217, -0.05892525613307953, 5.634673118591309, -0.21495431661605835, 5.655730724334717], "params": [11.30683708190918, 0.25, 0.0, 12.426420211791992]}