{"x": [0, 1, 2, 3, 4, 5], "y": [-0.03295379877090454, 5.223175525665283, 0.09396339952945709, 5.409271240234375, -0.01165097951889038, 5.472484111785889], "params": [10.180368423461914, 0.25, 0.0, 11.010875701904297]}