{"x": [0, 1, 2, 3, 4, 5], "y": [1.3065528869628906, 8.11630630493164, 0.7871346473693848, 8.047204971313477, 0.7675532102584839, 8.145710945129395], "params": [14.605146408081055, 0.25, 0.0, 14.756315231323242]}