{"x": [0, 1, 2, 3, 4, 5], "y": [0.2622828185558319, 3.1040265560150146, 0.5534451007843018, 3.531822681427002, 0.7318418025970459, 3.6257388591766357], "params": [5.517545223236084, 0.25, 0.0, 6.726912021636963]}