{"x": [0, 1, 2, 3, 4, 5], "y": [0.9757217168807983, 4.204821586608887, 0.4819793105125427, 4.581368446350098, 0.8394694328308105, 4.657086372375488], "params": [7.726707458496094, 0.25, 0.0, 8.350214004516602]}