{"x": [0, 1, 2, 3, 4, 5], "y": [0.4347827434539795, 4.200927257537842, 0.6904269456863403, 4.021312713623047, 0.23144616186618805, 3.677783727645874], "params": [7.659744739532471, 0.25, 0.0, 7.938961982727051]}