{"x": [0, 1, 2, 3, 4, 5], "y": [1.0823822021484375, 4.7178778648376465, 0.971153974533081, 4.8135600090026855, 0.5272971391677856, 4.837378025054932], "params": [8.09597396850586, 0.25, 0.0, 8.620162010192871]}