{"x": [0, 1, 2, 3, 4, 5], "y": [0.8819670677185059, 4.3754496574401855, 0.4610956013202667, 4.239556312561035, 0.5205411314964294, 4.06913948059082], "params": [6.811131477355957, 0.25, 0.0, 7.828708171844482]}