{"x": [0, 1, 2, 3, 4, 5], "y": [0.2067730724811554, 6.091537952423096, 0.18848997354507446, 5.450538635253906, 0.12260818481445312, 5.636314392089844], "params": [11.084524154663086, 0.25, 0.0, 11.937859535217285]}