{"x": [0, 1, 2, 3, 4, 5], "y": [0.6919865012168884, 7.006885528564453, 0.5974757671356201, 7.131148338317871, 0.535208523273468, 6.804333209991455], "params": [12.137138366699219, 0.25, 0.0, 13.191879272460938]}