{"x": [0, 1, 2, 3, 4, 5], "y": [2.520292043685913, 10.017963409423828, 1.8364007472991943, 10.256330490112305, 2.3255395889282227, 9.909880638122559], "params": [14.800339698791504, 0.25, 0.0, 16.839859008789062]}