{"x": [0, 1, 2, 3, 4, 5], "y": [0.6980743408203125, 5.288531303405762, 0.16428081691265106, 5.546144008636475, 0.052293211221694946, 5.412189483642578], "params": [10.102511405944824, 0.25, 0.0, 10.987701416015625]}