{"x": [0, 1, 2, 3, 4, 5], "y": [1.368096947669983, 6.230600357055664, 1.3299462795257568, 6.885757923126221, 1.6178021430969238, 6.736634254455566], "params": [9.699071884155273, 0.25, 0.0, 11.111623764038086]}