{"x": [0, 1, 2, 3, 4, 5], "y": [1.487235426902771, 5.38632869720459, 1.2175559997558594, 5.428324222564697, 0.9703265428543091, 5.194692611694336], "params": [8.225587844848633, 0.25, 0.0, 8.915995597839355]}