{"x": [0, 1, 2, 3, 4, 5], "y": [0.5785359740257263, 4.885697364807129, 1.0483884811401367, 5.022647380828857, 0.9873153567314148, 4.964250564575195], "params": [8.179021835327148, 0.25, 0.0, 8.888222694396973]}