{"x": [0, 1, 2, 3, 4, 5], "y": [1.1545636653900146, 5.8730268478393555, 1.4030529260635376, 5.907388687133789, 1.290048360824585, 5.767752647399902], "params": [9.111054420471191, 0.25, 0.0, 9.50564956665039]}