{"x": [0, 1, 2, 3, 4, 5], "y": [1.0772544145584106, 5.313727855682373, 0.6989641189575195, 5.253116130828857, 0.6570842266082764, 5.527281761169434], "params": [8.932069778442383, 0.25, 0.0, 9.740394592285156]}