{"x": [0, 1, 2, 3, 4, 5], "y": [1.0123077630996704, 6.924893856048584, 1.2076044082641602, 6.777693748474121, 1.477919101715088, 7.196742534637451], "params": [11.543527603149414, 0.25, 0.0, 12.36886978149414]}