{"x": [0, 1, 2, 3, 4, 5], "y": [0.42867499589920044, 7.526403903961182, 0.46556979417800903, 7.0368757247924805, 0.9260478615760803, 7.2384934425354], "params": [13.769845962524414, 0.25, 0.0, 14.195457458496094]}