{"x": [0, 1, 2, 3, 4, 5], "y": [0.3865226209163666, 8.04084300994873, 0.13118574023246765, 7.3268938064575195, -0.4770435690879822, 7.827445983886719], "params": [14.714990615844727, 0.25, 0.0, 17.0357723236084]}