{"x": [0, 1, 2, 3, 4, 5], "y": [-0.21250155568122864, 6.093016624450684, 0.16826900839805603, 6.1747212409973145, 0.2592235207557678, 6.537182331085205], "params": [12.27459716796875, 0.25, 0.0, 13.499367713928223]}