{"x": [0, 1, 2, 3, 4, 5], "y": [1.157200574874878, 8.44607162475586, 1.7926803827285767, 8.770299911499023, 1.8537553548812866, 8.604508399963379], "params": [13.657421112060547, 0.25, 0.0, 15.226198196411133]}