{"x": [0, 1, 2, 3, 4, 5], "y": [0.500328540802002, 2.809674024581909, 0.5523601770401001, 3.3161134719848633, 0.6365618109703064, 3.034642457962036], "params": [5.267350196838379, 0.25, 0.0, 5.631569862365723]}