{"x": [0, 1, 2, 3, 4, 5], "y": [0.2690946161746979, 6.591111660003662, 0.009801801294088364, 6.591403484344482, 0.4003360867500305, 6.464509963989258], "params": [13.149974822998047, 0.25, 0.0, 13.163203239440918]}