{"x": [0, 1, 2, 3, 4, 5], "y": [0.6924198269844055, 5.10414457321167, 0.5598287582397461, 5.64210319519043, 1.1755669116973877, 6.027075290679932], "params": [9.334739685058594, 0.25, 0.0, 10.934493064880371]}