{"x": [0, 1, 2, 3, 4, 5], "y": [0.4112609624862671, 6.929412364959717, 0.16620439291000366, 6.729916572570801, 0.10108441114425659, 6.709462642669678], "params": [12.993619918823242, 0.25, 0.0, 13.656656265258789]}