{"x": [0, 1, 2, 3, 4, 5], "y": [0.08943066745996475, 2.6269662380218506, 0.2881121039390564, 3.3722643852233887, 0.029770247638225555, 2.7198612689971924], "params": [5.495047569274902, 0.25, 0.0, 6.684988498687744]}