{"x": [0, 1, 2, 3, 4, 5], "y": [1.1600748300552368, 6.138580799102783, 1.5622494220733643, 6.601001262664795, 1.1986719369888306, 6.332804203033447], "params": [10.735746383666992, 0.25, 0.0, 10.881853103637695]}