{"x": [0, 1, 2, 3, 4, 5], "y": [1.0318561792373657, 7.4959001541137695, 1.0397307872772217, 7.8831071853637695, 1.299257755279541, 7.7931809425354], "params": [13.780752182006836, 0.25, 0.0, 13.702502250671387]}