{"x": [0, 1, 2, 3, 4, 5], "y": [0.8340290188789368, 7.578957557678223, 1.0276954174041748, 7.663014888763428, 1.0893664360046387, 7.707900524139404], "params": [13.604540824890137, 0.25, 0.0, 13.747742652893066]}