{"x": [0, 1, 2, 3, 4, 5], "y": [0.8080795407295227, 6.850472450256348, 0.49359607696533203, 6.783792018890381, 0.9083410501480103, 6.709632873535156], "params": [12.364450454711914, 0.25, 0.0, 12.713752746582031]}