{"x": [0, 1, 2, 3, 4, 5], "y": [0.6377996206283569, 3.056218147277832, 0.7228189706802368, 3.311427354812622, 0.6575576663017273, 2.979231119155884], "params": [5.0998382568359375, 0.25, 0.0, 5.347255706787109]}