{"x": [0, 1, 2, 3, 4, 5], "y": [1.8291425704956055, 9.3120756149292, 2.1928789615631104, 9.324845314025879, 2.281432628631592, 9.451669692993164], "params": [14.441980361938477, 0.25, 0.0, 15.245054244995117]}