{"x": [0, 1, 2, 3, 4, 5], "y": [0.005888231098651886, 5.297708988189697, 0.43827584385871887, 5.4428839683532715, 0.206788569688797, 5.944169998168945], "params": [10.72736644744873, 0.25, 0.0, 11.87656307220459]}