{"x": [0, 1, 2, 3, 4, 5], "y": [0.1558809131383896, 7.211620330810547, 0.0310496985912323, 6.992940902709961, 0.3317304253578186, 6.922163486480713], "params": [13.683003425598145, 0.25, 0.0, 14.361141204833984]}