{"x": [0, 1, 2, 3, 4, 5], "y": [0.8416458368301392, 5.084357738494873, 0.6874499320983887, 5.015129566192627, 0.5561182498931885, 4.943061351776123], "params": [8.278759956359863, 0.25, 0.0, 9.056478500366211]}