{"x": [0, 1, 2, 3, 4, 5], "y": [1.0414271354675293, 5.71486234664917, 1.63930344581604, 6.028203964233398, 1.717146396636963, 6.210597038269043], "params": [9.838229179382324, 0.25, 0.0, 10.338339805603027]}