{"x": [0, 1, 2, 3, 4, 5], "y": [-0.016099900007247925, 4.90553092956543, 0.19300951063632965, 4.318748474121094, 4.856062412261963, 4.921306133270264], "params": [9.035689353942871, 0.25, 0.0, 9.91763687133789, 2.731504440307617, -2.090306282043457, 4.282925605773926]}