{"x": [0, 1, 2, 3, 4, 5], "y": [0.2067730724811554, 6.091537952423096, 0.18848997354507446, 3.7866528034210205, 3.9820477962493896, 4.508255481719971], "params": [11.084524154663086, 0.25, 0.0, 11.937859535217285, 3.7545247077941895, -4.250233173370361, 7.103087425231934]}