{"x": [0, 1, 2, 3, 4, 5], "y": [-0.3874356150627136, 5.825774669647217, -0.05892525613307953, 6.619714260101318, 7.247133731842041, 8.383493423461914], "params": [11.30683708190918, 0.25, 0.0, 12.426420211791992, 3.1800007820129395, 2.966517925262451, 6.592243194580078]}