{"x": [0, 1, 2, 3, 4, 5], "y": [0.8137495517730713, 6.938255786895752, 0.4819854497909546, 7.517301559448242, 8.252063751220703, 8.603760719299316], "params": [12.625777244567871, 0.25, 0.0, 12.955771446228027, 2.15602445602417, 4.949672698974609, 4.143226623535156]}