{"x": [0, 1, 2, 3, 4, 5], "y": [0.6919865012168884, 7.006885528564453, 0.5974757671356201, 3.7423133850097656, 4.213644504547119, 4.988715171813965], "params": [12.137138366699219, 0.25, 0.0, 13.191879272460938, 3.868527412414551, -3.308972120285034, 7.254803657531738]}