{"x": [0, 1, 2, 3, 4, 5], "y": [0.8080795407295227, 6.850472450256348, 0.49359607696533203, 7.026511192321777, 7.737933158874512, 8.310154914855957], "params": [12.364450454711914, 0.25, 0.0, 12.713752746582031, 4.161532878875732, 2.7062714099884033, 7.931547164916992]}