{"x": [0, 1, 2, 3, 4, 5], "y": [0.9842219352722168, 8.918825149536133, 1.4983704090118408, 7.872933387756348, 8.738351821899414, 9.325451850891113], "params": [14.874436378479004, 0.25, 0.0, 15.869206428527832, 3.5948166847229004, 4.934726715087891, 7.3343000411987305]}