{"x": [0, 1, 2, 3, 4, 5], "y": [0.2690946161746979, 6.591111660003662, 0.009801801294088364, 4.56176233291626, 4.736239910125732, 5.247714519500732], "params": [13.149974822998047, 0.25, 0.0, 13.163203239440918, 4.205397129058838, -2.9460608959198, 8.165098190307617]}