{"x": [0, 1, 2, 3, 4, 5], "y": [0.04325244203209877, 3.5017197132110596, 0.1651686280965805, 2.684164524078369, 4.069207668304443, 4.787362098693848], "params": [6.962067604064941, 0.25, 0.0, 6.916934490203857, 4.327355861663818, -4.875060081481934, 8.337274551391602]}