{"x": [0, 1, 2, 3, 4, 5], "y": [1.1545636653900146, 5.8730268478393555, 1.4030529260635376, 6.6843953132629395, 6.968610763549805, 8.20429515838623], "params": [9.111054420471191, 0.25, 0.0, 9.50564956665039, 4.115400314331055, 1.869853138923645, 8.134764671325684]}