{"x": [0, 1, 2, 3, 4, 5], "y": [0.5414514541625977, 6.73449182510376, 0.22400633990764618, 4.020049571990967, 4.582132816314697, 5.041195392608643], "params": [13.917882919311523, 0.25, 0.0, 14.219990730285645, 2.401095390319824, -2.4115781784057617, 4.750200271606445]}