{"x": [0, 1, 2, 3, 4, 5], "y": [0.5691876411437988, 4.767985820770264, 0.8346431851387024, 3.6999552249908447, 4.365038871765137, 5.455852508544922], "params": [8.273760795593262, 0.25, 0.0, 9.658360481262207, 4.491595268249512, -3.1508982181549072, 7.930126190185547]}