{"x": [0, 1, 2, 3, 4, 5], "y": [0.15685990452766418, 4.107612609863281, -0.17269538342952728, 7.012272357940674, 6.980043888092041, 7.949582576751709], "params": [7.320827484130859, 0.25, 0.0, 8.560615539550781, 2.231257438659668, 3.3104491233825684, 4.710564613342285]}