{"x": [0, 1, 2, 3, 4, 5], "y": [0.005888231098651886, 5.297708988189697, 0.43827584385871887, 3.0561819076538086, 3.747373104095459, 4.212804317474365], "params": [10.72736644744873, 0.25, 0.0, 11.87656307220459, 2.965155601501465, -4.082535743713379, 5.651430130004883]}