{"x": [0, 1, 2, 3, 4, 5], "y": [2.1179938316345215, 8.079632759094238, 1.8573086261749268, 6.309332847595215, 7.717410087585449, 8.462604522705078], "params": [13.581143379211426, 0.25, 0.0, 13.577644348144531, 4.389950752258301, 2.2496109008789062, 9.014311790466309]}