{"x": [0, 1, 2, 3, 4, 5], "y": [0.04782649874687195, 4.268774032592773, 0.015532881021499634, 4.804978847503662, 5.199915885925293, 5.757238388061523], "params": [8.985095977783203, 0.25, 0.0, 9.938957214355469, 2.227189540863037, -0.5752891302108765, 4.311225891113281]}