{"x": [0, 1, 2, 3, 4, 5], "y": [0.8780558109283447, 7.809533596038818, 0.8768908381462097, 7.119451522827148, 7.523981094360352, 7.790211200714111], "params": [14.562256813049316, 0.25, 0.0, 15.296235084533691, 2.4544050693511963, 3.6619620323181152, 4.430140495300293]}