{"x": [0, 1, 2, 3, 4, 5], "y": [-0.3799925148487091, 3.3596866130828857, -0.0625779926776886, 7.150094985961914, 7.80600643157959, 8.556294441223145], "params": [6.992425918579102, 0.25, 0.0, 7.704843044281006, 3.462473154067993, 3.8001961708068848, 7.201016426086426]}