{"x": [0, 1, 2, 3, 4, 5], "y": [1.0123077630996704, 6.924893856048584, 1.2076044082641602, 3.0522408485412598, 3.8921902179718018, 3.9663259983062744], "params": [11.543527603149414, 0.25, 0.0, 12.36886978149414, 2.6387581825256348, -4.2925567626953125, 5.050026893615723]}