{"x": [0, 1, 2, 3, 4, 5], "y": [0.9757217168807983, 4.204821586608887, 0.4819793105125427, 3.2969937324523926, 4.200970649719238, 4.801103115081787], "params": [7.726707458496094, 0.25, 0.0, 8.350214004516602, 2.425363063812256, -3.1859822273254395, 5.958462715148926]}