{"x": [0, 1, 2, 3, 4, 5], "y": [1.5517215728759766, 8.435367584228516, 1.6844568252563477, 6.689545154571533, 7.959620475769043, 8.341039657592773], "params": [13.55673599243164, 0.25, 0.0, 14.187358856201172, 4.056107521057129, 2.975983142852783, 8.710616111755371]}