{"x": [0, 1, 2, 3, 4, 5], "y": [0.13917464017868042, 3.725264549255371, 0.49623849987983704, 7.153961658477783, 7.8509063720703125, 9.200596809387207], "params": [6.123652458190918, 0.25, 0.0, 7.641427516937256, 4.199190139770508, 4.074306011199951, 8.21330738067627]}