{"x": [0, 1, 2, 3, 4, 5], "y": [0.23088596761226654, 6.352941989898682, 0.35697153210639954, 6.918471813201904, 7.749879360198975, 8.473219871520996], "params": [11.801215171813965, 0.25, 0.0, 12.680562019348145, 3.796252727508545, 2.698734998703003, 8.383312225341797]}