{"x": [0, 1, 2, 3, 4, 5], "y": [0.6980743408203125, 5.288531303405762, 0.16428081691265106, 2.714682102203369, 4.291905879974365, 4.887760162353516], "params": [10.102511405944824, 0.25, 0.0, 10.987701416015625, 4.439977169036865, -4.434878826141357, 9.19040298461914]}