{"x": [0, 1, 2, 3, 4, 5], "y": [0.4977455139160156, 7.219727039337158, 0.4756830930709839, 5.89193868637085, 6.710036754608154, 7.238997936248779], "params": [13.857840538024902, 0.25, 0.0, 14.111712455749512, 2.519108772277832, 1.8350446224212646, 5.970292091369629]}