{"x": [0, 1, 2, 3, 4, 5], "y": [0.12123362720012665, 3.4046003818511963, 0.23124724626541138, 3.9783718585968018, 4.987964630126953, 5.834512710571289], "params": [5.933906555175781, 0.25, 0.0, 7.057651996612549, 2.2881429195404053, -1.6674131155014038, 5.749921798706055]}