{"x": [0, 1, 2, 3, 4, 5], "y": [0.3063510060310364, 6.002984523773193, 0.39158564805984497, 7.825520038604736, 8.59692668914795, 8.857637405395508], "params": [10.899239540100098, 0.25, 0.0, 11.393266677856445, 3.92364501953125, 4.209842205047607, 7.182372093200684]}