{"x": [0, 1, 2, 3, 4, 5], "y": [0.8340290188789368, 7.578957557678223, 1.0276954174041748, 3.03181791305542, 3.757520914077759, 4.365097522735596], "params": [13.604540824890137, 0.25, 0.0, 13.747742652893066, 3.0103812217712402, -4.485674858093262, 6.098484039306641]}