{"x": [0, 1, 2, 3, 4, 5], "y": [0.4112609624862671, 6.929412364959717, 0.16620439291000366, 5.072964191436768, 5.819571018218994, 5.914003372192383], "params": [12.993619918823242, 0.25, 0.0, 13.656656265258789, 2.2180259227752686, -0.006965994834899902, 3.8547935485839844]}