{"x": [0, 1, 2, 3, 4, 5], "y": [1.2122925519943237, 6.811560153961182, 0.8218914270401001, 5.464379787445068, 6.093408584594727, 6.349885940551758], "params": [10.796483039855957, 0.25, 0.0, 12.163436889648438, 2.491218090057373, 0.20806849002838135, 4.30980110168457]}