{"x": [0, 1, 2, 3, 4, 5], "y": [0.3813572824001312, 5.496276378631592, 0.29507631063461304, 3.556562662124634, 3.525660276412964, 3.6977953910827637], "params": [9.823110580444336, 0.25, 0.0, 10.402400016784668, 2.109143018722534, -3.7482082843780518, 3.1254796981811523]}