{"x": [0, 1, 2, 3, 4, 5], "y": [1.1082987785339355, 5.210921764373779, 1.0523083209991455, 5.096782207489014, 5.768409729003906, 6.427491188049316], "params": [8.315908432006836, 0.25, 0.0, 8.635248184204102, 4.62551212310791, -1.5334832668304443, 9.426185607910156]}