{"x": [0, 1, 2, 3, 4, 5], "y": [0.31702446937561035, 3.130723714828491, 0.9184200763702393, 4.591826438903809, 5.308640956878662, 6.07505989074707], "params": [6.032016277313232, 0.25, 0.0, 5.84861946105957, 2.8990631103515625, -1.2744581699371338, 6.384392738342285]}