{"x": [0, 1, 2, 3, 4, 5], "y": [0.8416458368301392, 5.084357738494873, 0.6874499320983887, 6.30205774307251, 7.143111705780029, 7.951468467712402], "params": [8.278759956359863, 0.25, 0.0, 9.056478500366211, 3.5960049629211426, 2.395536422729492, 7.718188285827637]}