{"x": [0, 1, 2, 3, 4, 5], "y": [1.6806669235229492, 7.882050037384033, 1.2276432514190674, 4.800619602203369, 5.442083835601807, 6.344361305236816], "params": [13.379487991333008, 0.25, 0.0, 14.061281204223633, 4.0272393226623535, -1.5072822570800781, 7.49997615814209]}