{"x": [0, 1, 2, 3, 4, 5], "y": [1.0823822021484375, 4.7178778648376465, 0.971153974533081, 3.3621861934661865, 4.1570234298706055, 5.2891364097595215], "params": [8.09597396850586, 0.25, 0.0, 8.620162010192871, 4.556610107421875, -4.3849687576293945, 9.900642395019531]}