{"x": [0, 1, 2, 3, 4, 5], "y": [0.6104395389556885, 5.531188011169434, 0.852506697177887, 5.051031589508057, 5.8349175453186035, 6.84394645690918], "params": [7.849237442016602, 0.25, 0.0, 9.841497421264648, 4.548583507537842, -1.142924427986145, 9.095809936523438]}