{"x": [0, 1, 2, 3, 4, 5], "y": [0.3033590018749237, 3.47390079498291, -0.22721002995967865, 3.2029201984405518, 3.2793126106262207, 4.057746887207031], "params": [6.952820301055908, 0.25, 0.0, 7.6339898109436035, 2.296710252761841, -4.334740161895752, 4.5909576416015625]}