{"x": [0, 1, 2, 3, 4, 5], "y": [0.372187077999115, 7.271589756011963, 0.27432331442832947, 6.083257675170898, 7.062506198883057, 8.691649436950684], "params": [13.054140090942383, 0.25, 0.0, 13.994532585144043, 4.909758567810059, 1.7715388536453247, 10.704065322875977]}