{"x": [0, 1, 2, 3, 4, 5], "y": [1.09260094165802, 6.143375873565674, 0.9737447500228882, 6.453089714050293, 7.068349838256836, 7.621631622314453], "params": [11.628870010375977, 0.25, 0.0, 12.849041938781738, 4.180928707122803, 1.1879974603652954, 8.645780563354492]}