{"x": [0, 1, 2, 3, 4, 5], "y": [1.1943875551223755, 8.489705085754395, 1.7049680948257446, 3.7672245502471924, 4.584707736968994, 5.690157890319824], "params": [14.135396957397461, 0.25, 0.0, 14.666776657104492, 4.141319751739502, -2.8778724670410156, 8.725736618041992]}