{"x": [0, 1, 2, 3, 4, 5], "y": [1.0340403318405151, 6.1725897789001465, 0.717806875705719, 6.071745872497559, 6.937973976135254, 8.087224960327148], "params": [10.104310989379883, 0.25, 0.0, 11.042967796325684, 4.593459129333496, 1.1335182189941406, 9.282073974609375]}