{"x": [0, 1, 2, 3, 4, 5], "y": [1.1600748300552368, 6.138580799102783, 1.5622494220733643, 6.113131046295166, 7.22387170791626, 7.54034423828125], "params": [10.735746383666992, 0.25, 0.0, 10.881853103637695, 2.6225948333740234, 2.2711734771728516, 4.73073673248291]}