{"x": [0, 1, 2, 3, 4, 5], "y": [0.20982395112514496, 3.951735258102417, 0.28975147008895874, 7.534465789794922, 8.257675170898438, 8.138017654418945], "params": [7.953944683074951, 0.25, 0.0, 8.422301292419434, 2.3358514308929443, 4.382179260253906, 4.569518089294434]}