{"x": [0, 1, 2, 3, 4, 5], "y": [0.08943066745996475, 2.6269662380218506, 0.2881121039390564, 6.253726959228516, 6.790408611297607, 8.00877571105957], "params": [5.495047569274902, 0.25, 0.0, 6.684988498687744, 4.8979387283325195, 0.8477848768234253, 10.454501152038574]}