{"x": [0, 1, 2, 3, 4, 5], "y": [0.42867499589920044, 7.526403903961182, 0.46556979417800903, 3.9992806911468506, 5.223292350769043, 5.804563522338867], "params": [13.769845962524414, 0.25, 0.0, 14.195457458496094, 3.6145200729370117, -2.0484840869903564, 6.9335808753967285]}