{"x": [0, 1, 2, 3, 4, 5], "y": [1.368096947669983, 6.230600357055664, 1.3299462795257568, 3.499591827392578, 4.56665563583374, 6.044537544250488], "params": [9.699071884155273, 0.25, 0.0, 11.111623764038086, 4.758333206176758, -3.4503674507141113, 10.859380722045898]}