{"x": [0, 1, 2, 3, 4, 5], "y": [1.2099719047546387, 5.348581790924072, 1.1594469547271729, 6.790873050689697, 7.563992500305176, 8.277283668518066], "params": [8.452349662780762, 0.25, 0.0, 9.353684425354004, 3.920672655105591, 2.540836811065674, 7.869840621948242]}