{"x": [0, 1, 2, 3, 4, 5], "y": [1.3892512321472168, 4.580066680908203, 0.833612859249115, 3.651418924331665, 4.136661529541016, 4.818461894989014], "params": [6.902522563934326, 0.25, 0.0, 7.837461471557617, 2.957031488418579, -3.0790317058563232, 5.6904120445251465]}