{"x": [0, 1, 2, 3, 4, 5], "y": [0.1558809131383896, 7.211620330810547, 0.0310496985912323, 5.979379177093506, 7.0299787521362305, 7.210184097290039], "params": [13.683003425598145, 0.25, 0.0, 14.361141204833984, 3.0163683891296387, 1.7822599411010742, 5.75340461730957]}