{"x": [0, 1, 2, 3, 4, 5], "y": [0.35125699639320374, 5.834730625152588, 0.6161352396011353, 6.86590576171875, 7.295347690582275, 7.252531051635742], "params": [10.373303413391113, 0.25, 0.0, 10.966947555541992, 2.047312021255493, 3.042126178741455, 3.5177135467529297]}