{"x": [0, 1, 2, 3, 4, 5], "y": [1.6306205987930298, 7.310317039489746, 1.3162000179290771, 6.2112016677856445, 6.960359573364258, 7.37559175491333], "params": [11.301182746887207, 0.25, 0.0, 12.343324661254883, 2.5512144565582275, 2.1621787548065186, 4.895451545715332]}