{"x": [0, 1, 2, 3, 4, 5], "y": [0.5298658609390259, 5.428940773010254, 0.5585016012191772, 3.700620651245117, 4.818612098693848, 5.5158843994140625], "params": [10.286969184875488, 0.25, 0.0, 9.962113380432129, 4.743159294128418, -3.356994390487671, 9.352072715759277]}