{"x": [0, 1, 2, 3, 4, 5], "y": [0.5864850282669067, 3.4885940551757812, -0.12314453721046448, 6.338903427124023, 7.171204090118408, 7.560067176818848], "params": [6.916162490844727, 0.25, 0.0, 7.699822902679443, 2.307302713394165, 2.4885897636413574, 4.2971038818359375]}