{"x": [0, 1, 2, 3, 4, 5], "y": [0.4347827434539795, 4.200927257537842, 0.6904269456863403, 3.164731502532959, 3.8707916736602783, 4.399931907653809], "params": [7.659744739532471, 0.25, 0.0, 7.938961982727051, 3.5497727394104004, -4.081205368041992, 6.5149149894714355]}