{"x": [0, 1, 2, 3, 4, 5], "y": [1.3065528869628906, 8.11630630493164, 0.7871346473693848, 5.4394989013671875, 5.651960849761963, 6.467140197753906], "params": [14.605146408081055, 0.25, 0.0, 14.756315231323242, 3.771929979324341, -0.6906479597091675, 8.04212760925293]}