{"x": [0, 1, 2, 3, 4, 5], "y": [1.487235426902771, 5.38632869720459, 1.2175559997558594, 5.2806549072265625, 5.823691368103027, 6.117898464202881], "params": [8.225587844848633, 0.25, 0.0, 8.915995597839355, 2.4484357833862305, -0.1488858461380005, 4.744893550872803]}