{"x": [0, 1, 2, 3, 4, 5], "y": [0.48922717571258545, 5.5870490074157715, 0.5508000254631042, 6.482183456420898, 7.211732864379883, 7.984418869018555], "params": [10.640568733215332, 0.25, 0.0, 10.653756141662598, 4.397380828857422, 1.8281865119934082, 8.778843879699707]}