{"x": [0, 1, 2, 3, 4, 5], "y": [1.2939413785934448, 7.364579677581787, 1.8355629444122314, 3.2988171577453613, 5.183242321014404, 5.016878604888916], "params": [12.053519248962402, 0.25, 0.0, 12.751463890075684, 4.346670627593994, -3.4349851608276367, 8.380531311035156]}