{"x": [0, 1, 2, 3, 4, 5], "y": [2.520292043685913, 10.017963409423828, 1.8364007472991943, 5.581037521362305, 6.07261323928833, 6.169632434844971], "params": [14.800339698791504, 0.25, 0.0, 16.839859008789062, 2.2134385108947754, 0.47263026237487793, 4.449665069580078]}