{"x": [0, 1, 2, 3, 4, 5], "y": [0.500328540802002, 2.809674024581909, 0.5523601770401001, 4.238403797149658, 4.437896728515625, 4.554141998291016], "params": [5.267350196838379, 0.25, 0.0, 5.631569862365723, 2.1839511394500732, -2.682292938232422, 3.4384660720825195]}