{"x": [0, 1, 2, 3, 4, 5], "y": [0.15542025864124298, 6.693192958831787, 0.06837597489356995, 4.2497406005859375, 4.572772026062012, 5.403441429138184], "params": [12.54733657836914, 0.25, 0.0, 13.688048362731934, 2.412562370300293, -2.5425076484680176, 5.7836198806762695]}