{"x": [0, 1, 2, 3, 4, 5], "y": [0.7798910737037659, 4.828357219696045, 0.6940121650695801, 3.5229299068450928, 4.772727966308594, 5.396601676940918], "params": [8.667540550231934, 0.25, 0.0, 9.157012939453125, 4.049243927001953, -3.3792901039123535, 9.222247123718262]}