{"x": [0, 1, 2, 3, 4, 5], "y": [1.0819954872131348, 6.533572196960449, 0.9294942617416382, 3.5415053367614746, 4.273526191711426, 5.23046350479126], "params": [11.441747665405273, 0.25, 0.0, 12.226848602294922, 4.004507541656494, -3.3057641983032227, 8.611455917358398]}