{"x": [0, 1, 2, 3, 4, 5], "y": [1.0318561792373657, 7.4959001541137695, 1.0397307872772217, 4.012451648712158, 4.93316650390625, 4.966894149780273], "params": [13.780752182006836, 0.25, 0.0, 13.702502250671387, 2.5715184211730957, -2.414760112762451, 4.981980323791504]}