{"x": [0, 1, 2, 3, 4, 5], "y": [-0.21250155568122864, 6.093016624450684, 0.16826900839805603, 5.7951579093933105, 6.680187702178955, 7.101271152496338], "params": [12.27459716796875, 0.25, 0.0, 13.499367713928223, 3.915001153945923, 0.3879302740097046, 7.596609115600586]}