{"x": [0, 1, 2, 3, 4, 5], "y": [1.5292346477508545, 5.919717788696289, 1.5260179042816162, 5.781754016876221, 6.5362935066223145, 7.227491855621338], "params": [10.170839309692383, 0.25, 0.0, 11.090179443359375, 4.410143852233887, 0.1585674285888672, 8.530924797058105]}