{"x": [0, 1, 2, 3, 4, 5], "y": [1.5699546337127686, 5.731814861297607, 1.435584306716919, 6.233237266540527, 6.833911895751953, 8.136990547180176], "params": [8.820572853088379, 0.25, 0.0, 8.79665756225586, 3.7722418308258057, 2.079946994781494, 7.458138465881348]}