{"x": [0, 1, 2, 3, 4, 5], "y": [1.1038576364517212, 5.061545372009277, 0.7088651657104492, 6.874725818634033, 8.068071365356445, 8.701394081115723], "params": [8.06872844696045, 0.25, 0.0, 8.705360412597656, 4.7737836837768555, 3.0128872394561768, 9.77391529083252]}