{"x": [0, 1, 2, 3, 4, 5], "y": [0.2622828185558319, 3.1040265560150146, 0.5534451007843018, 3.6983461380004883, 3.7968626022338867, 4.449704647064209], "params": [5.517545223236084, 0.25, 0.0, 6.726912021636963, 2.224623680114746, -3.4864516258239746, 4.401097297668457]}