{"x": [0, 1, 2, 3, 4, 5], "y": [-0.02796052396297455, 2.9754269123077393, 0.07173129916191101, 4.552456378936768, 5.45765495300293, 6.433751583099365], "params": [5.5757832527160645, 0.25, 0.0, 6.542325496673584, 4.810456275939941, -1.8200397491455078, 10.154894828796387]}