{"x": [0, 1, 2, 3, 4, 5], "y": [0.1286645233631134, 6.83964204788208, 0.3766922950744629, 6.491520881652832, 7.424193382263184, 8.40819263458252], "params": [13.030881881713867, 0.25, 0.0, 13.687471389770508, 3.9829230308532715, 2.896190881729126, 8.075618743896484]}