{"x": [0, 1, 2, 3, 4, 5], "y": [0.6924198269844055, 5.10414457321167, 0.5598287582397461, 5.017110347747803, 5.3288044929504395, 5.382266044616699], "params": [9.334739685058594, 0.25, 0.0, 10.934493064880371, 3.349673271179199, -1.156952977180481, 4.970848083496094]}