{"x": [0, 1, 2, 3, 4, 5], "y": [0.17440250515937805, 6.4710164070129395, 0.23401568830013275, 3.310370922088623, 3.6454501152038574, 4.308123588562012], "params": [13.558207511901855, 0.25, 0.0, 13.966473579406738, 2.6297693252563477, -4.295780658721924, 4.611228942871094]}