{"x": [0, 1, 2, 3, 4, 5], "y": [0.6377996206283569, 3.056218147277832, 0.7228189706802368, 6.387808799743652, 7.107435703277588, 8.080093383789062], "params": [5.0998382568359375, 0.25, 0.0, 5.347255706787109, 4.257806301116943, 1.5154838562011719, 8.699081420898438]}