{"x": [0, 1, 2, 3, 4, 5], "y": [0.020542677491903305, 5.650391578674316, -0.02641022391617298, 4.633327007293701, 4.735456943511963, 5.2486677169799805], "params": [10.966203689575195, 0.25, 0.0, 11.799012184143066, 3.269097328186035, -2.4697184562683105, 5.657698631286621]}