{"x": [0, 1, 2, 3, 4, 5], "y": [0.9866553544998169, 6.0514817237854, 1.182184100151062, 4.667574882507324, 5.1061201095581055, 5.493189334869385], "params": [10.013609886169434, 0.25, 0.0, 11.253101348876953, 2.1981563568115234, -0.8928805589675903, 4.1485819816589355]}