{"x": [0, 1, 2, 3, 4, 5], "y": [0.4631190896034241, 5.701389312744141, 0.929470419883728, 3.3724958896636963, 4.171529769897461, 4.1358723640441895], "params": [10.171737670898438, 0.25, 0.0, 11.283315658569336, 2.006943941116333, -3.7842421531677246, 5.206416606903076]}