{"x": [0, 1, 2, 3, 4, 5], "y": [0.3747161626815796, 5.100096702575684, 0.5329318642616272, 3.549898147583008, 4.114325046539307, 5.0380425453186035], "params": [9.637516021728516, 0.25, 0.0, 10.416611671447754, 3.254291296005249, -3.3465957641601562, 7.221172332763672]}