{"x": [0, 1, 2, 3, 4, 5], "y": [1.157200574874878, 8.44607162475586, 1.7926803827285767, 3.4001333713531494, 4.005970001220703, 3.749073028564453], "params": [13.657421112060547, 0.25, 0.0, 15.226198196411133, 2.43686580657959, -4.07496452331543, 4.544912338256836]}