{"x": [0, 1, 2, 3, 4, 5], "y": [0.6950262188911438, 3.6676580905914307, 0.31017690896987915, 6.630373954772949, 7.14935302734375, 8.927828788757324], "params": [5.621304988861084, 0.25, 0.0, 7.77584171295166, 4.537044048309326, 2.862851142883301, 10.009251594543457]}