{"x": [0, 1, 2, 3, 4, 5], "y": [1.8291425704956055, 9.3120756149292, 2.1928789615631104, 4.636555194854736, 4.810000896453857, 5.559541702270508], "params": [14.441980361938477, 0.25, 0.0, 15.245054244995117, 2.1805992126464844, -1.3778305053710938, 5.278456687927246]}