{"x": [0, 1, 2, 3, 4, 5], "y": [2.5150444507598877, 9.20793342590332, 1.5983080863952637, 6.180470943450928, 6.977891445159912, 7.656087875366211], "params": [14.624016761779785, 0.25, 0.0, 15.977137565612793, 2.8493478298187256, 2.1860361099243164, 5.903289794921875]}