{"x": [0, 1, 2, 3, 4, 5], "y": [0.7327343225479126, 6.96658182144165, 0.3096173405647278, 5.759306907653809, 6.322999000549316, 7.0150146484375], "params": [12.21734619140625, 0.25, 0.0, 13.313928604125977, 2.5519957542419434, 0.9733939170837402, 6.141270637512207]}