{"x": [0, 1, 2, 3, 4, 5], "y": [0.8428223133087158, 8.111495018005371, 0.26058101654052734, 4.921402931213379, 5.569061279296875, 5.7634711265563965], "params": [14.898245811462402, 0.25, 0.0, 15.929359436035156, 2.2211437225341797, -0.5137407779693604, 5.300195693969727]}