{"x": [0, 1, 2, 3, 4, 5], "y": [1.3473719358444214, 6.797658443450928, 1.5614126920700073, 2.4630002975463867, 3.0022575855255127, 3.8690032958984375], "params": [9.731374740600586, 0.25, 0.0, 10.900572776794434, 2.3090739250183105, -4.960108280181885, 4.905735969543457]}