{"x": [0, 1, 2, 3, 4, 5], "y": [0.8121994733810425, 4.363170146942139, 1.2622528076171875, 6.828808784484863, 6.934591293334961, 7.47739839553833], "params": [6.915730953216553, 0.25, 0.0, 7.9579548835754395, 2.1268649101257324, 2.85127592086792, 3.9999074935913086]}