{"x": [0, 1, 2, 3, 4, 5], "y": [1.190732717514038, 6.229677200317383, 0.7307177186012268, 7.547522068023682, 8.063654899597168, 9.242959022521973], "params": [10.914300918579102, 0.25, 0.0, 11.965983390808105, 4.654551029205322, 3.5970687866210938, 9.315007209777832]}