{"x": [0, 1, 2, 3, 4, 5], "y": [0.965069591999054, 5.078653335571289, 0.9689289927482605, 3.6991477012634277, 4.839951992034912, 5.158559322357178], "params": [8.66052532196045, 0.25, 0.0, 8.572803497314453, 4.065879821777344, -3.471174716949463, 7.4994306564331055]}