{"x": [0, 1, 2, 3, 4, 5], "y": [-0.03295379877090454, 5.223175525665283, 0.09396339952945709, 6.383209705352783, 7.239795207977295, 7.981010437011719], "params": [10.180368423461914, 0.25, 0.0, 11.010875701904297, 3.79860258102417, 2.2861905097961426, 6.9899797439575195]}