{"x": [0, 1, 2, 3, 4, 5], "y": [1.3180594444274902, 5.624543190002441, 0.8125287890434265, 4.5334320068359375, 5.159184455871582, 5.175239086151123], "params": [9.56529712677002, 0.25, 0.0, 10.141745567321777, 2.5212690830230713, -1.5857410430908203, 4.318586826324463]}