{"x": [0, 1, 2, 3, 4, 5], "y": [1.0772544145584106, 5.313727855682373, 0.6989641189575195, 6.636935234069824, 7.531864643096924, 8.18868350982666], "params": [8.932069778442383, 0.25, 0.0, 9.740394592285156, 3.9617505073547363, 2.5115437507629395, 7.561178207397461]}