{"x": [0, 1, 2, 3, 4, 5], "y": [1.3151004314422607, 5.777829647064209, 1.1065661907196045, 3.870009183883667, 4.08431339263916, 5.3030242919921875], "params": [9.455418586730957, 0.25, 0.0, 10.069724082946777, 2.8171026706695557, -2.81394362449646, 6.183299541473389]}