{"x": [0, 1, 2, 3, 4, 5], "y": [1.0414271354675293, 5.71486234664917, 1.63930344581604, 5.877457618713379, 6.535688877105713, 7.292199611663818], "params": [9.838229179382324, 0.25, 0.0, 10.338339805603027, 2.474256992340088, 2.0393757820129395, 5.103298187255859]}