{"x": [0, 1, 2, 3, 4, 5], "y": [0.12610329687595367, 3.4119839668273926, -0.002691209316253662, 7.028825283050537, 7.349438667297363, 7.455592632293701], "params": [6.673604965209961, 0.25, 0.0, 7.293704509735107, 2.4787991046905518, 3.3101792335510254, 4.3417510986328125]}