{"x": [0, 1, 2, 3, 4, 5], "y": [1.3870768547058105, 4.146008491516113, 1.16273832321167, 5.868227005004883, 6.428213596343994, 7.620365619659424], "params": [6.577538967132568, 0.25, 0.0, 7.356390476226807, 4.218089580535889, 0.6598716974258423, 8.46099853515625]}