{"x": [0, 1, 2, 3, 4, 5], "y": [0.8819670677185059, 4.3754496574401855, 0.4610956013202667, 6.611799716949463, 7.325567722320557, 7.775824069976807], "params": [6.811131477355957, 0.25, 0.0, 7.828708171844482, 2.9084532260894775, 2.6373023986816406, 5.664333343505859]}