{"x": [0, 1, 2, 3, 4, 5], "y": [1.221920132637024, 5.829283714294434, 1.3047659397125244, 7.100088596343994, 8.26899528503418, 8.187970161437988], "params": [8.89207935333252, 0.25, 0.0, 9.214727401733398, 3.1327338218688965, 4.019330978393555, 5.62660026550293]}