{"x": [0, 1, 2, 3, 4, 5], "y": [1.5683214664459229, 2.5620601177215576, 2.640472888946533, 3.3724958896636963, 4.171529769897461, 4.1358723640441895], "params": [2.006943941116333, -3.7842421531677246, 5.206416606903076]}