{"x": [0, 1, 2, 3, 4, 5], "y": [5.477444648742676, 5.5506086349487305, 6.482165813446045, 6.828808784484863, 6.934591293334961, 7.47739839553833], "params": [2.1268649101257324, 2.85127592086792, 3.9999074935913086]}