{"x": [0, 1, 2, 3, 4, 5], "y": [5.266451358795166, 5.931837558746338, 6.452620983123779, 7.825520038604736, 8.59692668914795, 8.857637405395508], "params": [3.92364501953125, 4.209842205047607, 7.182372093200684]}