{"x": [0, 1, 2, 3, 4, 5], "y": [0.839847981929779, 1.7332836389541626, 2.5822622776031494, 3.700620651245117, 4.818612098693848, 5.5158843994140625], "params": [4.743159294128418, -3.356994390487671, 9.352072715759277]}