{"x": [0, 1, 2, 3, 4, 5], "y": [1.4274563789367676, 2.3374931812286377, 2.8839447498321533, 3.549898147583008, 4.114325046539307, 5.0380425453186035], "params": [3.254291296005249, -3.3465957641601562, 7.221172332763672]}