{"x": [0, 1, 2, 3, 4, 5], "y": [4.281563758850098, 5.401829242706299, 6.155198097229004, 6.918471813201904, 7.749879360198975, 8.473219871520996], "params": [3.796252727508545, 2.698734998703003, 8.383312225341797]}