{"x": [0, 1, 2, 3, 4, 5], "y": [1.7143982648849487, 2.511756658554077, 3.9614944458007812, 5.096782207489014, 5.768409729003906, 6.427491188049316], "params": [4.62551212310791, -1.5334832668304443, 9.426185607910156]}