{"x": [0, 1, 2, 3, 4, 5], "y": [0.9247356653213501, 2.2074525356292725, 2.5048038959503174, 3.5415053367614746, 4.273526191711426, 5.23046350479126], "params": [4.004507541656494, -3.3057641983032227, 8.611455917358398]}