{"x": [0, 1, 2, 3, 4, 5], "y": [1.3272898197174072, 2.681683301925659, 3.1725106239318848, 3.7672245502471924, 4.584707736968994, 5.690157890319824], "params": [4.141319751739502, -2.8778724670410156, 8.725736618041992]}