{"x": [0, 1, 2, 3, 4, 5], "y": [4.370383262634277, 5.397968769073486, 5.652135372161865, 6.491520881652832, 7.424193382263184, 8.40819263458252], "params": [3.9829230308532715, 2.896190881729126, 8.075618743896484]}