{"x": [0, 1, 2, 3, 4, 5], "y": [5.972916126251221, 6.793123722076416, 6.9962477684021, 7.534465789794922, 8.257675170898438, 8.138017654418945], "params": [2.3358514308929443, 4.382179260253906, 4.569518089294434]}