{"x": [0, 1, 2, 3, 4, 5], "y": [2.1350555419921875, 2.693101167678833, 3.1250789165496826, 3.556562662124634, 3.525660276412964, 3.6977953910827637], "params": [2.109143018722534, -3.7482082843780518, 3.1254796981811523]}