{"x": [0, 1, 2, 3, 4, 5], "y": [4.585455417633057, 5.234932899475098, 5.926254749298096, 7.547522068023682, 8.063654899597168, 9.242959022521973], "params": [4.654551029205322, 3.5970687866210938, 9.315007209777832]}