{"x": [0, 1, 2, 3, 4, 5], "y": [1.4907894134521484, 2.1132402420043945, 2.6693012714385986, 3.6999552249908447, 4.365038871765137, 5.455852508544922], "params": [4.491595268249512, -3.1508982181549072, 7.930126190185547]}