{"x": [0, 1, 2, 3, 4, 5], "y": [3.8647053241729736, 3.418898344039917, 4.159311294555664, 4.667574882507324, 5.1061201095581055, 5.493189334869385], "params": [2.1981563568115234, -0.8928805589675903, 4.1485819816589355]}