{"x": [0, 1, 2, 3, 4, 5], "y": [5.411515235900879, 5.93782901763916, 6.156530380249023, 6.338903427124023, 7.171204090118408, 7.560067176818848], "params": [2.307302713394165, 2.4885897636413574, 4.2971038818359375]}