{"x": [0, 1, 2, 3, 4, 5], "y": [2.779843330383301, 3.134068489074707, 3.8582961559295654, 4.318748474121094, 4.856062412261963, 4.921306133270264], "params": [2.731504440307617, -2.090306282043457, 4.282925605773926]}