{"x": [0, 1, 2, 3, 4, 5], "y": [4.927865982055664, 5.482603549957275, 6.043598175048828, 6.2112016677856445, 6.960359573364258, 7.37559175491333], "params": [2.5512144565582275, 2.1621787548065186, 4.895451545715332]}