{"x": [0, 1, 2, 3, 4, 5], "y": [2.296041250228882, 2.753098964691162, 3.9265620708465576, 5.051031589508057, 5.8349175453186035, 6.84394645690918], "params": [4.548583507537842, -1.142924427986145, 9.095809936523438]}