{"x": [0, 1, 2, 3, 4, 5], "y": [3.985731601715088, 5.046124458312988, 6.094642639160156, 6.689545154571533, 7.959620475769043, 8.341039657592773], "params": [4.056107521057129, 2.975983142852783, 8.710616111755371]}