{"x": [0, 1, 2, 3, 4, 5], "y": [3.601625442504883, 4.191450119018555, 4.734465599060059, 4.804978847503662, 5.199915885925293, 5.757238388061523], "params": [2.227189540863037, -0.5752891302108765, 4.311225891113281]}