{"x": [0, 1, 2, 3, 4, 5], "y": [4.342363357543945, 5.5200114250183105, 6.144901752471924, 6.790873050689697, 7.563992500305176, 8.277283668518066], "params": [3.920672655105591, 2.540836811065674, 7.869840621948242]}