{"x": [0, 1, 2, 3, 4, 5], "y": [4.253851890563965, 5.315009117126465, 5.738125801086426, 5.89193868637085, 6.710036754608154, 7.238997936248779], "params": [2.519108772277832, 1.8350446224212646, 5.970292091369629]}