{"x": [0, 1, 2, 3, 4, 5], "y": [3.9443793296813965, 4.7650885581970215, 5.001834869384766, 5.759306907653809, 6.322999000549316, 7.0150146484375], "params": [2.5519957542419434, 0.9733939170837402, 6.141270637512207]}