{"x": [0, 1, 2, 3, 4, 5], "y": [0.6187247633934021, 1.1396515369415283, 1.936316967010498, 2.684164524078369, 4.069207668304443, 4.787362098693848], "params": [4.327355861663818, -4.875060081481934, 8.337274551391602]}