{"x": [0, 1, 2, 3, 4, 5], "y": [5.575140953063965, 5.97730827331543, 6.8025898933410645, 7.119451522827148, 7.523981094360352, 7.790211200714111], "params": [2.4544050693511963, 3.6619620323181152, 4.430140495300293]}