{"x": [0, 1, 2, 3, 4, 5], "y": [5.5364909172058105, 5.748698711395264, 6.101387023925781, 6.86590576171875, 7.295347690582275, 7.252531051635742], "params": [2.047312021255493, 3.042126178741455, 3.5177135467529297]}