{"x": [0, 1, 2, 3, 4, 5], "y": [1.9732558727264404, 2.684030055999756, 2.922744035720825, 3.651418924331665, 4.136661529541016, 4.818461894989014], "params": [2.957031488418579, -3.0790317058563232, 5.6904120445251465]}