{"x": [0, 1, 2, 3, 4, 5], "y": [1.4161354303359985, 1.8667038679122925, 2.1278202533721924, 2.4630002975463867, 3.0022575855255127, 3.8690032958984375], "params": [2.3090739250183105, -4.960108280181885, 4.905735969543457]}