{"x": [0, 1, 2, 3, 4, 5], "y": [4.955786228179932, 6.018880844116211, 6.520061492919922, 7.150094985961914, 7.80600643157959, 8.556294441223145], "params": [3.462473154067993, 3.8001961708068848, 7.201016426086426]}