{"x": [0, 1, 2, 3, 4, 5], "y": [2.511631488800049, 3.071882486343384, 3.6712121963500977, 4.2497406005859375, 4.572772026062012, 5.403441429138184], "params": [2.412562370300293, -2.5425076484680176, 5.7836198806762695]}