{"x": [0, 1, 2, 3, 4, 5], "y": [3.814436435699463, 4.990827560424805, 6.010353088378906, 6.874725818634033, 8.068071365356445, 8.701394081115723], "params": [4.7737836837768555, 3.0128872394561768, 9.77391529083252]}