{"x": [0, 1, 2, 3, 4, 5], "y": [2.9595518112182617, 3.4421744346618652, 4.231947422027588, 3.9783718585968018, 4.987964630126953, 5.834512710571289], "params": [2.2881429195404053, -1.6674131155014038, 5.749921798706055]}