{"x": [0, 1, 2, 3, 4, 5], "y": [1.7622679471969604, 1.9428036212921143, 2.3611464500427246, 3.2029201984405518, 3.2793126106262207, 4.057746887207031], "params": [2.296710252761841, -4.334740161895752, 4.5909576416015625]}