{"x": [0, 1, 2, 3, 4, 5], "y": [1.4088441133499146, 2.1974053382873535, 2.828465223312378, 3.6991477012634277, 4.839951992034912, 5.158559322357178], "params": [4.065879821777344, -3.471174716949463, 7.4994306564331055]}