{"x": [0, 1, 2, 3, 4, 5], "y": [5.284717082977295, 5.825308322906494, 6.597935199737549, 7.028825283050537, 7.349438667297363, 7.455592632293701], "params": [2.4787991046905518, 3.3101792335510254, 4.3417510986328125]}