{"x": [0, 1, 2, 3, 4, 5], "y": [2.962029457092285, 3.678013563156128, 4.693767070770264, 5.781754016876221, 6.5362935066223145, 7.227491855621338], "params": [4.410143852233887, 0.1585674285888672, 8.530924797058105]}