{"x": [0, 1, 2, 3, 4, 5], "y": [2.211374521255493, 2.617886781692505, 3.568201780319214, 3.870009183883667, 4.08431339263916, 5.3030242919921875], "params": [2.8171026706695557, -2.81394362449646, 6.183299541473389]}