{"x": [0, 1, 2, 3, 4, 5], "y": [0.7854782342910767, 1.9724243879318237, 2.990675210952759, 3.5229299068450928, 4.772727966308594, 5.396601676940918], "params": [4.049243927001953, -3.3792901039123535, 9.222247123718262]}