{"x": [0, 1, 2, 3, 4, 5], "y": [3.3396167755126953, 4.690552234649658, 5.205687522888184, 6.083257675170898, 7.062506198883057, 8.691649436950684], "params": [4.909758567810059, 1.7715388536453247, 10.704065322875977]}