{"x": [0, 1, 2, 3, 4, 5], "y": [2.41981840133667, 2.8237369060516357, 3.10961651802063, 4.633327007293701, 4.735456943511963, 5.2486677169799805], "params": [3.269097328186035, -2.4697184562683105, 5.657698631286621]}