{"x": [0, 1, 2, 3, 4, 5], "y": [3.594996929168701, 4.55729341506958, 5.6517462730407715, 6.482183456420898, 7.211732864379883, 7.984418869018555], "params": [4.397380828857422, 1.8281865119934082, 8.778843879699707]}