{"x": [0, 1, 2, 3, 4, 5], "y": [3.955448627471924, 4.797712326049805, 5.735121250152588, 6.309332847595215, 7.717410087585449, 8.462604522705078], "params": [4.389950752258301, 2.2496109008789062, 9.014311790466309]}