{"x": [0, 1, 2, 3, 4, 5], "y": [2.044297456741333, 2.002509117126465, 2.320399522781372, 3.310370922088623, 3.6454501152038574, 4.308123588562012], "params": [2.6297693252563477, -4.295780658721924, 4.611228942871094]}