{"x": [0, 1, 2, 3, 4, 5], "y": [5.658301830291748, 6.566198348999023, 7.255150318145752, 7.872933387756348, 8.738351821899414, 9.325451850891113], "params": [3.5948166847229004, 4.934726715087891, 7.3343000411987305]}