{"x": [0, 1, 2, 3, 4, 5], "y": [1.3563041687011719, 2.6483206748962402, 3.5774240493774414, 4.552456378936768, 5.45765495300293, 6.433751583099365], "params": [4.810456275939941, -1.8200397491455078, 10.154894828796387]}