{"x": [0, 1, 2, 3, 4, 5], "y": [3.0159456729888916, 3.471694231033325, 3.756753921508789, 4.5334320068359375, 5.159184455871582, 5.175239086151123], "params": [2.5212690830230713, -1.5857410430908203, 4.318586826324463]}