{"x": [0, 1, 2, 3, 4, 5], "y": [2.8828635215759277, 3.397578716278076, 4.280441761016846, 4.591826438903809, 5.308640956878662, 6.07505989074707], "params": [2.8990631103515625, -1.2744581699371338, 6.384392738342285]}