{"x": [0, 1, 2, 3, 4, 5], "y": [4.407921314239502, 4.997701644897461, 5.295892715454102, 6.233237266540527, 6.833911895751953, 8.136990547180176], "params": [3.7722418308258057, 2.079946994781494, 7.458138465881348]}