{"x": [0, 1, 2, 3, 4, 5], "y": [4.704442977905273, 5.276119709014893, 6.310727596282959, 6.180470943450928, 6.977891445159912, 7.656087875366211], "params": [2.8493478298187256, 2.1860361099243164, 5.903289794921875]}