{"x": [0, 1, 2, 3, 4, 5], "y": [6.648433208465576, 6.532147407531738, 7.271958351135254, 7.517301559448242, 8.252063751220703, 8.603760719299316], "params": [2.15602445602417, 4.949672698974609, 4.143226623535156]}