{"x": [0, 1, 2, 3, 4, 5], "y": [3.298741579055786, 4.428614139556885, 5.035731315612793, 6.453089714050293, 7.068349838256836, 7.621631622314453], "params": [4.180928707122803, 1.1879974603652954, 8.645780563354492]}