{"x": [0, 1, 2, 3, 4, 5], "y": [3.44618821144104, 4.533369541168213, 5.67293643951416, 6.071745872497559, 6.937973976135254, 8.087224960327148], "params": [4.593459129333496, 1.1335182189941406, 9.282073974609375]}