{"x": [0, 1, 2, 3, 4, 5], "y": [5.455695152282715, 5.929710865020752, 6.56777811050415, 7.100088596343994, 8.26899528503418, 8.187970161437988], "params": [3.1327338218688965, 4.019330978393555, 5.62660026550293]}