{"x": [0, 1, 2, 3, 4, 5], "y": [5.093943119049072, 6.079249382019043, 6.498983860015869, 7.153961658477783, 7.8509063720703125, 9.200596809387207], "params": [4.199190139770508, 4.074306011199951, 8.21330738067627]}