{"x": [0, 1, 2, 3, 4, 5], "y": [5.7682623863220215, 5.594300270080566, 5.971875190734863, 7.012272357940674, 6.980043888092041, 7.949582576751709], "params": [2.231257438659668, 3.3104491233825684, 4.710564613342285]}