{"x": [0, 1, 2, 3, 4, 5], "y": [3.113373279571533, 4.215202331542969, 4.618682384490967, 4.921402931213379, 5.569061279296875, 5.7634711265563965], "params": [2.2211437225341797, -0.5137407779693604, 5.300195693969727]}