{"x": [0, 1, 2, 3, 4, 5], "y": [4.486020565032959, 4.981385707855225, 5.824954509735107, 6.383209705352783, 7.239795207977295, 7.981010437011719], "params": [3.79860258102417, 2.2861905097961426, 6.9899797439575195]}