{"x": [0, 1, 2, 3, 4, 5], "y": [2.4460766315460205, 3.3609793186187744, 4.065648555755615, 5.4394989013671875, 5.651960849761963, 6.467140197753906], "params": [3.771929979324341, -0.6906479597091675, 8.04212760925293]}