{"x": [0, 1, 2, 3, 4, 5], "y": [2.605522394180298, 2.5943732261657715, 3.8324809074401855, 4.800619602203369, 5.442083835601807, 6.344361305236816], "params": [4.0272393226623535, -1.5072822570800781, 7.49997615814209]}