{"x": [0, 1, 2, 3, 4, 5], "y": [2.66609525680542, 2.679365396499634, 3.6487085819244385, 4.020049571990967, 4.582132816314697, 5.041195392608643], "params": [2.401095390319824, -2.4115781784057617, 4.750200271606445]}