{"x": [0, 1, 2, 3, 4, 5], "y": [0.9929764866828918, 2.122600793838501, 2.855931282043457, 3.2988171577453613, 5.183242321014404, 5.016878604888916], "params": [4.346670627593994, -3.4349851608276367, 8.380531311035156]}