{"x": [0, 1, 2, 3, 4, 5], "y": [4.278674125671387, 4.194985389709473, 4.758818626403809, 5.464379787445068, 6.093408584594727, 6.349885940551758], "params": [2.491218090057373, 0.20806849002838135, 4.30980110168457]}