{"x": [0, 1, 2, 3, 4, 5], "y": [3.9232029914855957, 4.8068013191223145, 6.150149345397949, 6.630373954772949, 7.14935302734375, 8.927828788757324], "params": [4.537044048309326, 2.862851142883301, 10.009251594543457]}