{"x": [0, 1, 2, 3, 4, 5], "y": [5.087371826171875, 5.549353122711182, 6.526941299438477, 6.619714260101318, 7.247133731842041, 8.383493423461914], "params": [3.1800007820129395, 2.966517925262451, 6.592243194580078]}