{"x": [0, 1, 2, 3, 4, 5], "y": [3.3898661136627197, 4.283776760101318, 5.109553813934326, 5.868227005004883, 6.428213596343994, 7.620365619659424], "params": [4.218089580535889, 0.6598716974258423, 8.46099853515625]}