{"x": [0, 1, 2, 3, 4, 5], "y": [2.2491559982299805, 2.647052526473999, 3.2471024990081787, 3.6983461380004883, 3.7968626022338867, 4.449704647064209], "params": [2.224623680114746, -3.4864516258239746, 4.401097297668457]}