{"x": [0, 1, 2, 3, 4, 5], "y": [5.783398151397705, 6.0621562004089355, 6.623867988586426, 7.370203495025635, 7.43208646774292, 7.375339984893799], "params": [2.0074362754821777, 3.6410117149353027, 3.2973766326904297]}