{"x": [0, 1, 2, 3, 4, 5], "y": [1.1424744129180908, 1.7684093713760376, 3.039945602416992, 3.164731502532959, 3.8707916736602783, 4.399931907653809], "params": [3.5497727394104004, -4.081205368041992, 6.5149149894714355]}