{"x": [0, 1, 2, 3, 4, 5], "y": [3.9447999000549316, 4.325549602508545, 5.301900863647461, 5.581037521362305, 6.07261323928833, 6.169632434844971], "params": [2.2134385108947754, 0.47263026237487793, 4.449665069580078]}