{"x": [0, 1, 2, 3, 4, 5], "y": [1.8218718767166138, 2.4977922439575195, 2.9057297706604004, 3.2969937324523926, 4.200970649719238, 4.801103115081787], "params": [2.425363063812256, -3.1859822273254395, 5.958462715148926]}