{"x": [0, 1, 2, 3, 4, 5], "y": [0.2925587296485901, 1.6098202466964722, 2.2170779705047607, 2.714682102203369, 4.291905879974365, 4.887760162353516], "params": [4.439977169036865, -4.434878826141357, 9.19040298461914]}