{"x": [0, 1, 2, 3, 4, 5], "y": [1.3613134622573853, 2.272549629211426, 3.079078197479248, 3.7423133850097656, 4.213644504547119, 4.988715171813965], "params": [3.868527412414551, -3.308972120285034, 7.254803657531738]}