{"x": [0, 1, 2, 3, 4, 5], "y": [0.9567118883132935, 1.7426613569259644, 2.631558656692505, 3.7866528034210205, 3.9820477962493896, 4.508255481719971], "params": [3.7545247077941895, -4.250233173370361, 7.103087425231934]}