{"x": [0, 1, 2, 3, 4, 5], "y": [0.33881497383117676, 0.9268870949745178, 2.531583547592163, 3.3621861934661865, 4.1570234298706055, 5.2891364097595215], "params": [4.556610107421875, -4.3849687576293945, 9.900642395019531]}