{"x": [0, 1, 2, 3, 4, 5], "y": [0.6148474216461182, 1.9726914167404175, 2.936375379562378, 3.499591827392578, 4.56665563583374, 6.044537544250488], "params": [4.758333206176758, -3.4503674507141113, 10.859380722045898]}