{"x": [0, 1, 2, 3, 4, 5], "y": [4.943657398223877, 5.349393844604492, 5.95611572265625, 6.611799716949463, 7.325567722320557, 7.775824069976807], "params": [2.9084532260894775, 2.6373023986816406, 5.664333343505859]}