{"x": [0, 1, 2, 3, 4, 5], "y": [3.7454516887664795, 4.078860759735107, 4.629908561706543, 5.2806549072265625, 5.823691368103027, 6.117898464202881], "params": [2.4484357833862305, -0.1488858461380005, 4.744893550872803]}