{"x": [0, 1, 2, 3, 4, 5], "y": [2.2304539680480957, 1.7335138320922852, 2.821545124053955, 3.4001333713531494, 4.005970001220703, 3.749073028564453], "params": [2.43686580657959, -4.07496452331543, 4.544912338256836]}