{"x": [0, 1, 2, 3, 4, 5], "y": [2.834908962249756, 2.8992667198181152, 3.7752811908721924, 4.238403797149658, 4.437896728515625, 4.554141998291016], "params": [2.1839511394500732, -2.682292938232422, 3.4384660720825195]}