{"x": [0, 1, 2, 3, 4, 5], "y": [4.136912822723389, 4.682106971740723, 5.801098823547363, 6.6843953132629395, 6.968610763549805, 8.20429515838623], "params": [4.115400314331055, 1.869853138923645, 8.134764671325684]}