{"x": [0, 1, 2, 3, 4, 5], "y": [1.441312551498413, 1.7709649801254272, 2.7198283672332764, 3.0522408485412598, 3.8921902179718018, 3.9663259983062744], "params": [2.6387581825256348, -4.2925567626953125, 5.050026893615723]}