{"x": [0, 1, 2, 3, 4, 5], "y": [2.8968420028686523, 3.404707670211792, 3.8286569118499756, 5.017110347747803, 5.3288044929504395, 5.382266044616699], "params": [3.349673271179199, -1.156952977180481, 4.970848083496094]}