{"x": [0, 1, 2, 3, 4, 5], "y": [2.337773084640503, 2.768578052520752, 3.553950786590576, 3.9992806911468506, 5.223292350769043, 5.804563522338867], "params": [3.6145200729370117, -2.0484840869903564, 6.9335808753967285]}