{"x": [0, 1, 2, 3, 4, 5], "y": [3.302966594696045, 4.300974369049072, 5.058856010437012, 5.7951579093933105, 6.680187702178955, 7.101271152496338], "params": [3.915001153945923, 0.3879302740097046, 7.596609115600586]}