{"x": [0, 1, 2, 3, 4, 5], "y": [3.9866065979003906, 4.451704978942871, 4.981936931610107, 5.072964191436768, 5.819571018218994, 5.914003372192383], "params": [2.2180259227752686, -0.006965994834899902, 3.8547935485839844]}