{"x": [0, 1, 2, 3, 4, 5], "y": [2.12689208984375, 2.9492340087890625, 4.242146015167236, 4.59381103515625, 5.533954620361328, 6.122889041900635], "params": [3.9679195880889893, -1.3874810934066772, 7.9919939041137695]}