{"x": [0, 1, 2, 3, 4, 5], "y": [4.40809440612793, 4.9709248542785645, 5.970825672149658, 6.636935234069824, 7.531864643096924, 8.18868350982666], "params": [3.9617505073547363, 2.5115437507629395, 7.561178207397461]}