{"x": [0, 1, 2, 3, 4, 5], "y": [1.165165662765503, 2.6223342418670654, 3.1304001808166504, 4.56176233291626, 4.736239910125732, 5.247714519500732], "params": [4.205397129058838, -2.9460608959198, 8.165098190307617]}