{"x": [0, 1, 2, 3, 4, 5], "y": [4.740550518035889, 5.197109699249268, 5.736652851104736, 5.877457618713379, 6.535688877105713, 7.292199611663818], "params": [2.474256992340088, 2.0393757820129395, 5.103298187255859]}