{"x": [0, 1, 2, 3, 4, 5], "y": [2.781525135040283, 4.12978458404541, 4.906355857849121, 6.253726959228516, 6.790408611297607, 8.00877571105957], "params": [4.8979387283325195, 0.8477848768234253, 10.454501152038574]}