{"x": [0, 1, 2, 3, 4, 5], "y": [2.4759039878845215, 3.474313497543335, 3.3517279624938965, 4.012451648712158, 4.93316650390625, 4.966894149780273], "params": [2.5715184211730957, -2.414760112762451, 4.981980323791504]}