{"x": [0, 1, 2, 3, 4, 5], "y": [2.9203133583068848, 4.115246772766113, 3.788872241973877, 4.636555194854736, 4.810000896453857, 5.559541702270508], "params": [2.1805992126464844, -1.3778305053710938, 5.278456687927246]}