{"x": [0, 1, 2, 3, 4, 5], "y": [4.092374324798584, 5.278576850891113, 5.2996416091918945, 6.30205774307251, 7.143111705780029, 7.951468467712402], "params": [3.5960049629211426, 2.395536422729492, 7.718188285827637]}