{"x": [0, 1, 2, 3, 4, 5], "y": [4.344381332397461, 5.20294189453125, 5.544151782989502, 7.026511192321777, 7.737933158874512, 8.310154914855957], "params": [4.161532878875732, 2.7062714099884033, 7.931547164916992]}