{"x": [0, 1, 2, 3, 4, 5], "y": [1.3870892524719238, 2.266089916229248, 2.65903902053833, 3.0561819076538086, 3.747373104095459, 4.212804317474365], "params": [2.965155601501465, -4.082535743713379, 5.651430130004883]}