{"x": [0, 1, 2, 3, 4, 5], "y": [1.3158555030822754, 1.7778830528259277, 2.3581058979034424, 3.03181791305542, 3.757520914077759, 4.365097522735596], "params": [3.0103812217712402, -4.485674858093262, 6.098484039306641]}