{"x": [0, 1, 2, 3, 4, 5], "y": [4.333481788635254, 4.6747846603393555, 5.661511421203613, 5.979379177093506, 7.0299787521362305, 7.210184097290039], "params": [3.0163683891296387, 1.7822599411010742, 5.75340461730957]}