{"x": [0, 1, 2, 3, 4, 5], "y": [5.174975872039795, 5.583031177520752, 6.13783073425293, 6.113131046295166, 7.22387170791626, 7.54034423828125], "params": [2.6225948333740234, 2.2711734771728516, 4.73073673248291]}