{"x": [0, 1, 2, 3, 4, 5], "y": [3.7305526733398438, 4.583944320678711, 5.240901947021484, 6.387808799743652, 7.107435703277588, 8.080093383789062], "params": [4.257806301116943, 1.5154838562011719, 8.699081420898438]}