{"x": [0, 1, 2, 3, 4, 5], "y": [1.450203537940979, 5.180737018585205, 1.2861319780349731, 5.204628944396973, 1.55381178855896, 5.862983226776123], "params": [8.217754364013672, 0.25, 0.0, 9.153702735900879]}