{"x": [0, 1, 2, 3, 4, 5], "y": [1.9292312860488892, 7.588449478149414, 1.2920997142791748, 7.375670909881592, 1.3123195171356201, 7.077268600463867], "params": [11.25869369506836, 0.25, 0.0, 12.59269905090332]}