{"x": [0, 1, 2, 3, 4, 5], "y": [0.9937686920166016, 7.4655632972717285, 1.2198398113250732, 7.715562343597412, 1.0848708152770996, 7.073789596557617], "params": [12.265804290771484, 0.25, 0.0, 13.443587303161621]}