{"x": [0, 1, 2, 3, 4, 5], "y": [0.25571274757385254, 3.127448558807373, 0.6140938997268677, 2.7243411540985107, 0.5432658195495605, 2.878511428833008], "params": [4.499828338623047, 0.25, 0.0, 5.743471622467041]}