{"x": [0, 1, 2, 3, 4, 5], "y": [0.05946774780750275, 2.0352392196655273, 0.7296129465103149, 2.6305510997772217, 0.11880014836788177, 1.9909923076629639], "params": [3.8087081909179688, 0.25, 0.0, 5.142166614532471]}