{"x": [0, 1, 2, 3, 4, 5], "y": [1.347442388534546, 5.638786792755127, 0.9846875071525574, 5.34871768951416, 1.3859765529632568, 5.22964334487915], "params": [8.748739242553711, 0.25, 0.0, 9.308198928833008]}