{"x": [0, 1, 2, 3, 4, 5], "y": [0.6632423996925354, 0.5520649552345276, 0.23680123686790466, 0.05507875233888626, -0.3464018702507019, 0.2573305666446686], "params": [0.2450224757194519, 0.25, 0.0, 2.0192885398864746]}