{"x": [0, 1, 2, 3, 4, 5], "y": [0.25578245520591736, 6.4597368240356445, -0.3931288421154022, 6.651981830596924, -0.11762795597314835, 6.73554801940918], "params": [13.20269775390625, 0.25, 0.0, 14.257353782653809]}