{"x": [0, 1, 2, 3, 4, 5], "y": [0.6746317744255066, 5.007477760314941, 0.09173440933227539, 4.94936990737915, 0.9692935943603516, 4.862088203430176], "params": [8.283846855163574, 0.25, 0.0, 9.831486701965332]}