{"x": [0, 1, 2, 3, 4, 5], "y": [0.3652274012565613, 7.428130149841309, 0.20854498445987701, 7.346827507019043, 0.016774997115135193, 7.784984588623047], "params": [14.539859771728516, 0.25, 0.0, 15.536418914794922]}