{"x": [0, 1, 2, 3, 4, 5], "y": [0.458368182182312, 5.9651288986206055, 0.6514714956283569, 5.310661315917969, 0.6476664543151855, 5.825337886810303], "params": [9.224040985107422, 0.25, 0.0, 11.013521194458008]}