{"x": [0, 1, 2, 3, 4, 5], "y": [0.9401852488517761, 5.231846332550049, 0.7527506351470947, 5.2027201652526855, 0.7973021864891052, 5.793952941894531], "params": [9.015989303588867, 0.25, 0.0, 10.082405090332031]}