{"x": [0, 1, 2, 3, 4, 5], "y": [1.0420918464660645, 2.9220848083496094, 0.30107226967811584, 2.953808069229126, 0.3647235631942749, 2.787151336669922], "params": [4.964212894439697, 0.25, 0.0, 5.305471420288086]}