{"x": [0, 1, 2, 3, 4, 5], "y": [-0.032143786549568176, 0.8438578844070435, 0.3891489803791046, 1.2340818643569946, 0.18316379189491272, 1.1856309175491333], "params": [2.2848727703094482, 0.25, 0.0, 2.5324513912200928]}