{"x": [0, 1, 2, 3, 4, 5], "y": [0.38715288043022156, 0.45622631907463074, -0.18158882856369019, 0.34444761276245117, 0.12253671884536743, -0.179904967546463], "params": [0.578480064868927, 0.25, 0.0, 1.275630235671997]}