{"x": [0, 1, 2, 3, 4, 5], "y": [0.6279755234718323, 3.3273227214813232, 0.3642733097076416, 3.1297385692596436, 0.6316792964935303, 2.678462266921997], "params": [4.787234306335449, 0.25, 0.0, 5.926098823547363]}