{"x": [0, 1, 2, 3, 4, 5], "y": [1.7412936687469482, 7.327366828918457, 1.5533928871154785, 7.066736221313477, 1.4639627933502197, 7.338382720947266], "params": [10.626172065734863, 0.25, 0.0, 11.74884033203125]}