{"x": [0, 1, 2, 3, 4, 5], "y": [0.692061722278595, 2.7725045680999756, 0.5614082217216492, 2.895570993423462, 0.5299988985061646, 2.593344211578369], "params": [4.287092685699463, 0.25, 0.0, 4.731143951416016]}