{"x": [0, 1, 2, 3, 4, 5], "y": [0.1506761610507965, 0.3915866017341614, 0.21084371209144592, 0.6950743794441223, -0.030793577432632446, 0.7666254043579102], "params": [0.9293979406356812, 0.25, 0.0, 1.5948379039764404]}