{"x": [0, 1, 2, 3, 4, 5], "y": [0.2843695282936096, 7.009113788604736, 0.3555825352668762, 7.1385064125061035, 0.4215291440486908, 7.495505332946777], "params": [14.473916053771973, 0.25, 0.0, 14.422271728515625]}