{"x": [0, 1, 2, 3, 4, 5], "y": [1.6646661758422852, 6.35667610168457, 1.4551000595092773, 6.436707496643066, 1.6415772438049316, 5.946203231811523], "params": [9.802572250366211, 0.25, 0.0, 9.963214874267578]}