{"x": [0, 1, 2, 3, 4, 5], "y": [0.28932106494903564, 2.0396485328674316, 0.237196147441864, 2.0569944381713867, 0.7805237770080566, 1.7937989234924316], "params": [3.2232329845428467, 0.25, 0.0, 3.639596462249756]}