{"x": [0, 1, 2, 3, 4, 5], "y": [0.7618736028671265, 2.968496561050415, 0.31090736389160156, 2.8669142723083496, 0.38398268818855286, 2.927292585372925], "params": [5.1861066818237305, 0.25, 0.0, 5.315178394317627]}