{"x": [0, 1, 2, 3, 4, 5], "y": [1.5248898267745972, 4.572375297546387, 1.6379730701446533, 5.178823471069336, 1.4839460849761963, 5.308482646942139], "params": [7.958881378173828, 0.25, 0.0, 7.649073123931885]}