{"x": [0, 1, 2, 3, 4, 5], "y": [0.4604981541633606, 4.68040657043457, 0.5112265348434448, 4.923895835876465, 0.32675641775131226, 4.315913677215576], "params": [9.277168273925781, 0.25, 0.0, 9.194278717041016]}