{"x": [0, 1, 2, 3, 4, 5], "y": [1.066499948501587, 6.312222480773926, 0.8252795338630676, 6.306451797485352, 0.924838662147522, 6.603006839752197], "params": [11.26314926147461, 0.25, 0.0, 11.55545425415039]}