{"x": [0, 1, 2, 3, 4, 5], "y": [1.0138475894927979, 3.692560911178589, 0.7708980441093445, 3.405245065689087, 0.7356944680213928, 3.382460117340088], "params": [5.238492012023926, 0.25, 0.0, 5.913733005523682]}