{"x": [0, 1, 2, 3, 4, 5], "y": [0.5449392199516296, 5.132695198059082, 0.5091335773468018, 5.390793323516846, 0.4845755100250244, 5.234532356262207], "params": [9.211373329162598, 0.25, 0.0, 9.812435150146484]}