{"x": [0, 1, 2, 3, 4, 5], "y": [1.2696301937103271, 7.818157196044922, 1.4506090879440308, 7.744945526123047, 1.4855072498321533, 7.844852924346924], "params": [12.61270523071289, 0.25, 0.0, 13.150445938110352]}