{"x": [0, 1, 2, 3, 4, 5], "y": [0.6060680747032166, 2.7389914989471436, 0.5608659982681274, 2.649224042892456, 0.2863653898239136, 2.631324291229248], "params": [4.092938423156738, 0.25, 0.0, 4.905252456665039]}