{"x": [0, 1, 2, 3, 4, 5], "y": [0.7049952745437622, 6.546619415283203, 0.6776944398880005, 6.39178466796875, 0.5647517442703247, 6.143782138824463], "params": [10.81753158569336, 0.25, 0.0, 11.963735580444336]}