{"x": [0, 1, 2, 3, 4, 5], "y": [-0.15872767567634583, 2.963254451751709, 0.4984092712402344, 3.1903340816497803, 0.042246345430612564, 3.3364901542663574], "params": [6.247891902923584, 0.25, 0.0, 6.990435600280762]}