{"x": [0, 1, 2, 3, 4, 5], "y": [-0.39623650908470154, 0.37393826246261597, 0.09402842819690704, 0.1220376193523407, 0.4233315587043762, 0.6088213920593262], "params": [0.801977813243866, 0.25, 0.0, 2.0101158618927]}