{"x": [0, 1, 2, 3, 4, 5], "y": [0.6412719488143921, 5.896412372589111, 0.6319214105606079, 5.590911388397217, 0.5078231692314148, 5.429305553436279], "params": [10.566133499145508, 0.25, 0.0, 10.777178764343262]}