{"x": [0, 1, 2, 3, 4, 5], "y": [-0.32206815481185913, -0.019612759351730347, -0.07538995146751404, -0.00418226420879364, 0.12405094504356384, 0.16249552369117737], "params": [0.3628537058830261, 0.25, 0.0, 0.969127357006073]}