{"x": [0, 1, 2, 3, 4, 5], "y": [0.4327481985092163, 5.0635786056518555, 0.332497775554657, 5.153541564941406, 0.04968684911727905, 5.318044185638428], "params": [9.590003967285156, 0.25, 0.0, 10.536714553833008]}