{"x": [0, 1, 2, 3, 4, 5], "y": [0.6283713579177856, 1.1727862358093262, 0.480202853679657, 0.9552578926086426, 0.040090009570121765, 1.2328091859817505], "params": [1.75056791305542, 0.25, 0.0, 2.3854384422302246]}