{"x": [0, 1, 2, 3, 4, 5], "y": [0.6253933906555176, 5.761743068695068, -0.3985787630081177, 5.876621246337891, 0.17599502205848694, 5.8870320320129395], "params": [11.353751182556152, 0.25, 0.0, 12.571221351623535]}