{"x": [0, 1, 2, 3, 4, 5], "y": [1.1342405080795288, 5.930399417877197, 1.3205175399780273, 5.899972915649414, 0.9191927909851074, 6.3299055099487305], "params": [10.209278106689453, 0.25, 0.0, 10.821425437927246]}