{"x": [0, 1, 2, 3, 4, 5], "y": [1.6540634632110596, 9.508541107177734, 1.6053013801574707, 9.132036209106445, 2.1446688175201416, 9.021114349365234], "params": [14.838946342468262, 0.25, 0.0, 15.806479454040527]}