{"x": [0, 1, 2, 3, 4, 5], "y": [1.450008749961853, 5.555825233459473, 1.1791331768035889, 5.6971964836120605, 1.3002116680145264, 5.856196880340576], "params": [8.972536087036133, 0.25, 0.0, 9.354127883911133]}