{"x": [0, 1, 2, 3, 4, 5], "y": [0.14751236140727997, 4.853420734405518, 0.1484762579202652, 4.710606575012207, 0.19378985464572906, 4.863884925842285], "params": [9.36355972290039, 0.25, 0.0, 9.432744979858398]}