{"x": [0, 1, 2, 3, 4, 5], "y": [0.27045148611068726, 4.539953708648682, 0.46262454986572266, 4.7468438148498535, 0.6079680323600769, 4.547950267791748], "params": [8.2431001663208, 0.25, 0.0, 8.952784538269043]}