{"x": [0, 1, 2, 3, 4, 5], "y": [1.563491940498352, 8.77189826965332, 2.124155282974243, 8.413599967956543, 1.536897897720337, 8.983036041259766], "params": [13.603679656982422, 0.25, 0.0, 14.892276763916016]}