{"x": [0, 1, 2, 3, 4, 5], "y": [2.329313278198242, 8.443028450012207, 2.360790967941284, 8.548519134521484, 1.6602814197540283, 7.956201076507568], "params": [12.719593048095703, 0.25, 0.0, 13.77647590637207]}