{"x": [0, 1, 2, 3, 4, 5], "y": [0.6363179087638855, 5.402783393859863, 0.6543914079666138, 5.792054653167725, 0.937734842300415, 5.574192523956299], "params": [9.35681438446045, 0.25, 0.0, 10.311473846435547]}