{"x": [0, 1, 2, 3, 4, 5], "y": [1.2257144451141357, 8.021286964416504, 0.8630549907684326, 8.592012405395508, 0.9521312117576599, 8.0842924118042], "params": [13.955265998840332, 0.25, 0.0, 15.457914352416992]}