{"x": [0, 1, 2, 3, 4, 5], "y": [1.0808742046356201, 5.551624774932861, 1.0775866508483887, 5.751114845275879, 1.1098246574401855, 5.7294793128967285], "params": [8.8917875289917, 0.25, 0.0, 9.34705638885498]}