{"x": [0, 1, 2, 3, 4, 5], "y": [0.26865893602371216, 2.295074701309204, 0.31660032272338867, 2.033902168273926, 0.3935287892818451, 2.0626089572906494], "params": [3.549952745437622, 0.25, 0.0, 4.052831649780273]}