{"x": [0, 1, 2, 3, 4, 5], "y": [2.7186524868011475, 9.733163833618164, 2.027714490890503, 9.698457717895508, 2.647470235824585, 9.703369140625], "params": [14.775102615356445, 0.25, 0.0, 15.410898208618164]}