{"x": [0, 1, 2, 3, 4, 5], "y": [1.7422643899917603, 7.738405227661133, 2.1215755939483643, 7.613954067230225, 1.7927558422088623, 8.054268836975098], "params": [12.009004592895508, 0.25, 0.0, 12.624009132385254]}