{"x": [0, 1, 2, 3, 4, 5], "y": [0.41268593072891235, 2.417541742324829, 0.5776029229164124, 2.679675817489624, -0.034120842814445496, 2.962658166885376], "params": [4.982059478759766, 0.25, 0.0, 5.993557929992676]}