{"x": [0, 1, 2, 3, 4, 5], "y": [0.8487149477005005, 3.9116570949554443, 0.8350582718849182, 4.133996486663818, 0.7213996052742004, 3.769993543624878], "params": [6.646788597106934, 0.25, 0.0, 6.825193881988525]}