{"x": [0, 1, 2, 3, 4, 5], "y": [0.3258284032344818, 3.2686305046081543, 0.505145788192749, 2.8524649143218994, 0.411251425743103, 2.686683177947998], "params": [5.029934883117676, 0.25, 0.0, 5.885604381561279]}