{"x": [0, 1, 2, 3, 4, 5], "y": [0.0338575653731823, -0.10673229396343231, -0.15664289891719818, -0.06253263354301453, 0.06115281954407692, 0.2471168041229248], "params": [0.23483186960220337, 0.25, 0.0, 0.8075194358825684]}