{"x": [0, 1, 2, 3, 4, 5], "y": [0.6131756901741028, 5.251241207122803, 0.6049569845199585, 5.498896598815918, 0.8916189074516296, 5.687347888946533], "params": [9.489791870117188, 0.25, 0.0, 10.16478157043457]}