{"x": [0, 1, 2, 3, 4, 5], "y": [3.6330575942993164, 3.2451934814453125, 2.8459396362304688, 3.482562780380249, 3.1352767944335938, 3.087373733520508], "params": [0.11162877082824707, -3.311410427093506, 1.5742359161376953]}