{"x": [0, 1, 2, 3, 4, 5], "y": [4.084115028381348, 4.190700054168701, 4.230491638183594, 3.999056339263916, 4.126446723937988, 4.436031341552734], "params": [0.04530608654022217, -1.947462558746338, 0.8739500045776367]}