{"x": [0, 1, 2, 3, 4, 5], "y": [3.6483840942382812, 4.320926666259766, 4.833865165710449, 5.756330490112305, 6.401392936706543, 6.4944329261779785], "params": [2.7088286876678467, 0.6243270635604858, 5.6920976638793945]}