{"x": [0, 1, 2, 3, 4, 5], "y": [2.8868188858032227, 3.925034284591675, 4.883737087249756, 5.607996940612793, 6.5151686668396, 7.601912975311279], "params": [4.621945381164551, 0.32794177532196045, 9.430188179016113]}