{"x": [0, 1, 2, 3, 4, 5], "y": [6.217430591583252, 6.140981197357178, 7.057749271392822, 7.304507732391357, 7.9871602058410645, 8.427600860595703], "params": [2.843463659286499, 4.11129093170166, 4.573239326477051]}