{"x": [0, 1, 2, 3, 4, 5], "y": [2.163027048110962, 2.956284284591675, 3.3285109996795654, 4.0648698806762695, 4.308278560638428, 4.696584224700928], "params": [2.631478786468506, -2.563417434692383, 5.067114353179932]}