{"x": [0, 1, 2, 3, 4, 5], "y": [6.337766170501709, 6.914062976837158, 7.01601505279541, 7.5147552490234375, 7.480771064758301, 7.886020183563232], "params": [1.4872756004333496, 4.098368167877197, 3.096508026123047]}