{"x": [0, 1, 2, 3, 4, 5], "y": [3.5688323974609375, 4.235164165496826, 4.428847312927246, 5.010462760925293, 6.18321418762207, 6.740723609924316], "params": [3.290414810180664, -0.10314285755157471, 6.343782424926758]}