{"x": [0, 1, 2, 3, 4, 5], "y": [2.707334041595459, 2.77787446975708, 2.4118635654449463, 2.7984676361083984, 3.0214524269104004, 3.009213447570801], "params": [0.32300084829330444, -4.587592124938965, 1.2191777229309082]}