{"x": [0, 1, 2, 3, 4, 5], "y": [2.9085195064544678, 2.58567214012146, 3.374199867248535, 4.084924697875977, 3.6150524616241455, 3.451399087905884], "params": [0.9004861116409302, -3.4660940170288086, 2.998505115509033]}