{"x": [0, 1, 2, 3, 4, 5], "y": [3.793269395828247, 4.100246906280518, 4.038671016693115, 4.958274841308594, 5.3507890701293945, 5.610418319702148], "params": [2.134817600250244, -0.8473557233810425, 3.6342978477478027]}