{"x": [0, 1, 2, 3, 4, 5], "y": [3.9559576511383057, 4.145072937011719, 3.7299718856811523, 4.347736358642578, 3.7911901473999023, 4.15618371963501], "params": [0.3910374641418457, -1.8866169452667236, 1.2355289459228516]}