{"x": [0, 1, 2, 3, 4, 5], "y": [4.81623649597168, 5.901983737945557, 6.045633316040039, 7.278614044189453, 7.5047149658203125, 8.505074501037598], "params": [3.6155247688293457, 3.4183807373046875, 7.377676010131836]}