{"x": [0, 1, 2, 3, 4, 5], "y": [4.958190441131592, 4.801093101501465, 5.140731334686279, 5.301788330078125, 5.080301284790039, 4.749841213226318], "params": [0.2211877703666687, -0.3143167495727539, 1.1038942337036133]}