{"x": [0, 1, 2, 3, 4, 5], "y": [2.959197998046875, 2.908494710922241, 3.28039288520813, 4.216567039489746, 4.972446441650391, 5.5093231201171875], "params": [2.9685072898864746, -1.60780668258667, 5.201656818389893]}