{"x": [0, 1, 2, 3, 4, 5], "y": [6.849593162536621, 6.4397125244140625, 6.008881092071533, 6.76304817199707, 6.946659088134766, 6.4462504386901855], "params": [0.09165138006210327, 3.162451982498169, 1.8755559921264648]}