{"x": [0, 1, 2, 3, 4, 5], "y": [2.922023057937622, 3.395754337310791, 3.5102109909057617, 3.4537134170532227, 4.1548686027526855, 4.508053779602051], "params": [1.4445116519927979, -2.6578493118286133, 3.1720614433288574]}