{"x": [0, 1, 2, 3, 4, 5], "y": [1.8089230060577393, 2.310054302215576, 3.3957600593566895, 3.893590211868286, 4.285857200622559, 5.484792709350586], "params": [3.9236931800842285, -3.1237494945526123, 7.351739406585693]}