{"x": [0, 1, 2, 3, 4, 5], "y": [1.685020089149475, 2.3353779315948486, 3.0078892707824707, 2.8475680351257324, 3.433535575866699, 3.569742441177368], "params": [1.4983159303665161, -4.6082282066345215, 3.769444704055786]}