{"x": [0, 1, 2, 3, 4, 5], "y": [5.284893989562988, 5.094304084777832, 5.122735977172852, 5.280684471130371, 5.526824951171875, 5.576005458831787], "params": [0.014019608497619629, 0.6406247615814209, 0.9634027481079102]}