{"x": [0, 1, 2, 3, 4, 5], "y": [3.524536609649658, 3.8275840282440186, 3.606971263885498, 3.7329981327056885, 3.6605286598205566, 3.9965708255767822], "params": [0.1702183485031128, -2.6981468200683594, 0.944068431854248]}