{"x": [0, 1, 2, 3, 4, 5], "y": [3.208935499191284, 3.6419408321380615, 3.966273546218872, 4.432862281799316, 4.271910190582275, 4.754868507385254], "params": [1.4107015132904053, -1.7115259170532227, 3.0918660163879395]}