{"x": [0, 1, 2, 3, 4, 5], "y": [4.299423694610596, 5.3570685386657715, 5.78324031829834, 6.468164920806885, 7.189089298248291, 7.893377780914307], "params": [3.576310157775879, 2.472273111343384, 7.187908172607422]}