{"x": [0, 1, 2, 3, 4, 5], "y": [4.817762851715088, 5.793136119842529, 6.5442962646484375, 7.864201068878174, 8.924945831298828, 9.385941505432129], "params": [4.693573951721191, 4.2801995277404785, 9.136357307434082]}