{"x": [0, 1, 2, 3, 4, 5], "y": [4.292651653289795, 4.250333786010742, 4.836645603179932, 5.198953628540039, 5.55759859085083, 6.127432823181152], "params": [2.154437303543091, 0.10795891284942627, 3.7541980743408203]}