{"x": [0, 1, 2, 3, 4, 5], "y": [1.5319936275482178, 2.71016263961792, 2.3656368255615234, 2.6896493434906006, 2.937368392944336, 3.0493862628936768], "params": [1.105851173400879, -4.574892520904541, 3.034785270690918]}