{"x": [0, 1, 2, 3, 4, 5], "y": [0.5300877094268799, 1.4487755298614502, 2.3217833042144775, 3.4517767429351807, 4.063175201416016, 5.225499153137207], "params": [4.691348075866699, -4.352776527404785, 9.390823364257812]}