{"x": [0, 1, 2, 3, 4, 5], "y": [5.669641494750977, 6.543644428253174, 7.011892795562744, 7.803686141967773, 7.63793420791626, 8.502847671508789], "params": [2.9674158096313477, 4.553564071655273, 5.666412353515625]}