{"x": [0, 1, 2, 3, 4, 5], "y": [3.2472984790802, 3.278918504714966, 3.451833724975586, 3.598912000656128, 4.17184591293335, 4.835544109344482], "params": [1.8547120094299316, -2.7271151542663574, 3.1764912605285645]}