{"x": [0, 1, 2, 3, 4, 5], "y": [5.471497058868408, 5.385352611541748, 5.872974872589111, 6.768666744232178, 7.140607833862305, 7.380239486694336], "params": [1.9929081201553345, 2.742030143737793, 3.989773750305176]}