{"x": [0, 1, 2, 3, 4, 5], "y": [4.982450485229492, 5.560513019561768, 6.747268199920654, 7.949849605560303, 8.402852058410645, 9.173234939575195], "params": [4.071725368499756, 4.35012149810791, 8.381568908691406]}