{"x": [0, 1, 2, 3, 4, 5], "y": [5.241163730621338, 4.5453619956970215, 5.456432342529297, 5.49962854385376, 5.904687404632568, 6.44962215423584], "params": [0.9871625900268555, 0.9263712167739868, 3.8085203170776367]}