{"x": [0, 1, 2, 3, 4, 5], "y": [4.285347938537598, 4.5780534744262695, 5.422312259674072, 5.682528018951416, 6.091072082519531, 6.3920698165893555], "params": [2.318516969680786, 0.9040933847427368, 4.213443756103516]}