{"x": [0, 1, 2, 3, 4, 5], "y": [5.505078315734863, 5.880303859710693, 6.680382251739502, 7.542967319488525, 8.374996185302734, 8.839695930480957], "params": [3.898188591003418, 4.141597270965576, 6.6692352294921875]}