{"x": [0, 1, 2, 3, 4, 5], "y": [2.036397933959961, 2.7274277210235596, 3.8665661811828613, 5.0322747230529785, 5.505975246429443, 6.751589298248291], "params": [4.84197998046875, -1.679013967514038, 9.43038272857666]}