{"x": [0, 1, 2, 3, 4, 5], "y": [4.9269914627075195, 6.104484558105469, 7.082064151763916, 7.45913553237915, 8.093403816223145, 9.514182090759277], "params": [4.250816822052002, 4.37241268157959, 9.174381256103516]}