{"x": [0, 1, 2, 3, 4, 5], "y": [4.207470417022705, 4.382039546966553, 4.422645568847656, 4.2634735107421875, 4.798064708709717, 4.9956207275390625], "params": [1.307709813117981, -0.9018182754516602, 1.5763006210327148]}