{"x": [0, 1, 2, 3, 4, 5], "y": [3.840606689453125, 3.7216315269470215, 4.172290802001953, 3.9629416465759277, 3.888335704803467, 3.7156667709350586], "params": [0.17448276281356812, -2.5755298137664795, 0.9132480621337891]}