{"x": [0, 1, 2, 3, 4, 5], "y": [7.039287090301514, 6.928700923919678, 7.827019691467285, 7.369008541107178, 7.606379985809326, 7.985799789428711], "params": [1.0315454006195068, 4.715930938720703, 2.1141977310180664]}