{"x": [0, 1, 2, 3, 4, 5], "y": [3.878086566925049, 4.183595657348633, 3.8999428749084473, 4.5524516105651855, 4.554962158203125, 4.674088001251221], "params": [1.1282958984375, -1.5635186433792114, 1.5920028686523438]}