{"x": [0, 1, 2, 3, 4, 5], "y": [4.433508396148682, 4.275598526000977, 4.845160007476807, 4.822693824768066, 4.834854602813721, 5.23494291305542], "params": [0.9343886375427246, -0.6604164838790894, 1.9186887741088867]}