{"x": [0, 1, 2, 3, 4, 5], "y": [2.956310272216797, 3.7262637615203857, 3.3143136501312256, 3.799978256225586, 4.178735733032227, 4.182425022125244], "params": [0.8985477685928345, -2.554378032684326, 2.4522294998168945]}