{"x": [0, 1, 2, 3, 4, 5], "y": [1.6178114414215088, 2.528275728225708, 3.232891798019409, 4.294100284576416, 5.097798824310303, 6.22374963760376], "params": [4.509819984436035, -2.2972707748413086, 9.211875915527344]}