{"x": [0, 1, 2, 3, 4, 5], "y": [7.260517120361328, 7.105058193206787, 7.133716106414795, 7.347024917602539, 7.664456844329834, 8.025599479675293], "params": [0.8501958847045898, 4.785888195037842, 1.8410825729370117]}