{"x": [0, 1, 2, 3, 4, 5], "y": [3.464045286178589, 4.024899959564209, 5.276706695556641, 6.189871311187744, 6.2111053466796875, 6.760618209838867], "params": [3.4040188789367676, 0.6331300735473633, 6.593145847320557]}