{"x": [0, 1, 2, 3, 4, 5], "y": [3.562229871749878, 4.3113813400268555, 4.641629219055176, 5.669149875640869, 6.5692973136901855, 7.7807817459106445], "params": [3.8867428302764893, 0.8957082033157349, 8.437103271484375]}