{"x": [0, 1, 2, 3, 4, 5], "y": [5.199684143066406, 5.7370500564575195, 6.961277008056641, 7.5722222328186035, 8.405957221984863, 9.75900936126709], "params": [4.643576622009277, 4.463331699371338, 9.118650436401367]}