{"x": [0, 1, 2, 3, 4, 5], "y": [5.650434970855713, 6.040460109710693, 6.383767604827881, 6.778543472290039, 7.353133678436279, 7.435302734375], "params": [1.8160834312438965, 3.3069701194763184, 3.569735527038574]}