{"x": [0, 1, 2, 3, 4, 5], "y": [2.4373512268066406, 2.690608263015747, 2.9912617206573486, 3.743910074234009, 4.246395587921143, 4.345264911651611], "params": [2.274271011352539, -3.381476402282715, 3.8158273696899414]}