{"x": [0, 1, 2, 3, 4, 5], "y": [6.255044937133789, 6.478745937347412, 6.9267120361328125, 7.220564365386963, 8.361044883728027, 8.472591400146484], "params": [2.6053998470306396, 4.456470012664795, 4.435092926025391]}