{"x": [0, 1, 2, 3, 4, 5], "y": [1.6358981132507324, 1.9456043243408203, 2.373744487762451, 3.2354698181152344, 3.7048535346984863, 4.649739742279053], "params": [2.9300942420959473, -4.102896690368652, 6.027683258056641]}