{"x": [0, 1, 2, 3, 4, 5], "y": [3.066361427307129, 3.232584238052368, 3.796454668045044, 4.149851322174072, 4.556101322174072, 4.187150001525879], "params": [0.9678494930267334, -2.478799343109131, 2.9794797897338867]}