{"x": [0, 1, 2, 3, 4, 5], "y": [6.108074188232422, 6.540372371673584, 6.919677734375, 6.473226547241211, 7.083538055419922, 6.805868625640869], "params": [0.3193312883377075, 3.177799701690674, 1.950927734375]}