{"x": [0, 1, 2, 3, 4, 5], "y": [2.8640875816345215, 3.7563416957855225, 4.438778400421143, 5.141286373138428, 5.9507737159729, 6.6425323486328125], "params": [3.451871633529663, -0.5553555488586426, 7.556889533996582]}