{"x": [0, 1, 2, 3, 4, 5], "y": [1.2970750331878662, 2.1196141242980957, 2.83406400680542, 3.5388805866241455, 4.075803756713867, 5.044375419616699], "params": [3.621260166168213, -3.534480333328247, 7.494600772857666]}