{"x": [0, 1, 2, 3, 4, 5], "y": [6.097976207733154, 6.781092166900635, 7.249379634857178, 7.716439723968506, 7.539190292358398, 8.51826000213623], "params": [2.322237968444824, 4.853330612182617, 4.840567588806152]}