{"x": [0, 1, 2, 3, 4, 5], "y": [1.2772164344787598, 2.0622475147247314, 3.160478353500366, 4.2034831047058105, 5.135620594024658, 6.474652290344238], "params": [4.817092418670654, -2.51387882232666, 10.394871711730957]}