{"x": [0, 1, 2, 3, 4, 5], "y": [6.717963695526123, 6.551995754241943, 6.8410964012146, 6.726096153259277, 7.234977722167969, 7.199084758758545], "params": [0.49138009548187256, 3.462109088897705, 1.3659639358520508]}