{"x": [0, 1, 2, 3, 4, 5], "y": [3.2791383266448975, 3.617137908935547, 4.011042594909668, 4.394749164581299, 4.43457555770874, 5.64832067489624], "params": [2.076653480529785, -1.6789346933364868, 4.7383646965026855]}