{"x": [0, 1, 2, 3, 4, 5], "y": [2.6658172607421875, 3.9028866291046143, 4.71359920501709, 5.350887775421143, 5.812705039978027, 7.035004138946533], "params": [3.7417280673980713, -0.0018340349197387695, 8.738373756408691]}