{"x": [0, 1, 2, 3, 4, 5], "y": [5.653533458709717, 6.114208698272705, 6.636379718780518, 6.274303913116455, 6.844300270080566, 7.1370134353637695], "params": [1.4217936992645264, 2.90903377532959, 2.9669599533081055]}