{"x": [0, 1, 2, 3, 4, 5], "y": [6.826578140258789, 12.335941314697266, 7.82199239730835, 13.871284484863281, 9.543844223022461, 15.282180786132812], "params": [3.898188591003418, 4.141597270965576, 6.6692352294921875, 10.39273738861084, 0.25, 0.0, 10.62805461883545]}