{"x": [0, 1, 2, 3, 4, 5], "y": [5.95731782913208, 10.607009887695312, 6.291745662689209, 11.635661125183105, 7.199175834655762, 12.073636054992676], "params": [2.154437303543091, 0.10795891284942627, 3.7541980743408203, 9.802572250366211, 0.25, 0.0, 9.963214874267578]}