{"x": [0, 1, 2, 3, 4, 5], "y": [2.7078027725219727, 7.230562210083008, 3.4538862705230713, 8.490754127502441, 4.854363441467285, 8.89321517944336], "params": [2.274271011352539, -3.381476402282715, 3.8158273696899414, 8.2431001663208, 0.25, 0.0, 8.952784538269043]}