{"x": [0, 1, 2, 3, 4, 5], "y": [4.551088809967041, 10.858829498291016, 5.417299270629883, 12.173442840576172, 6.101104736328125, 12.455160140991211], "params": [2.580390214920044, -1.545889973640442, 5.512067794799805, 11.25869369506836, 0.25, 0.0, 12.59269905090332]}