{"x": [0, 1, 2, 3, 4, 5], "y": [3.544098138809204, 10.714377403259277, 2.873647689819336, 10.9527587890625, 3.314413070678711, 10.506781578063965], "params": [0.11162877082824707, -3.311410427093506, 1.5742359161376953, 14.291071891784668, 0.25, 0.0, 15.118310928344727]}