{"x": [0, 1, 2, 3, 4, 5], "y": [7.818536758422852, 15.25064468383789, 9.050867080688477, 15.634164810180664, 9.897942543029785, 17.45562744140625], "params": [2.6053998470306396, 4.456470012664795, 4.435092926025391, 13.603679656982422, 0.25, 0.0, 14.892276763916016]}