{"x": [0, 1, 2, 3, 4, 5], "y": [4.598285675048828, 9.955299377441406, 6.597224235534668, 12.08984375, 7.130298137664795, 13.090523719787598], "params": [3.4040188789367676, 0.6331300735473633, 6.593145847320557, 10.209278106689453, 0.25, 0.0, 10.821425437927246]}