{"x": [0, 1, 2, 3, 4, 5], "y": [5.673598766326904, 8.499765396118164, 6.567574501037598, 8.909266471862793, 6.983145236968994, 10.126487731933594], "params": [2.125964641571045, 1.9508087635040283, 4.289664268493652, 4.691061019897461, 0.25, 0.0, 6.141908168792725]}