{"x": [0, 1, 2, 3, 4, 5], "y": [3.1993536949157715, 7.347646713256836, 4.747927665710449, 8.659786224365234, 5.870930194854736, 9.53278636932373], "params": [3.4068078994750977, -1.669798493385315, 6.824307441711426, 6.646788597106934, 0.25, 0.0, 6.825193881988525]}