{"x": [0, 1, 2, 3, 4, 5], "y": [5.264885425567627, 6.417088985443115, 5.896294593811035, 6.960962295532227, 6.68479585647583, 7.671573162078857], "params": [1.696840524673462, 2.4176673889160156, 2.80325984954834, 0.801977813243866, 0.25, 0.0, 2.0101158618927]}