{"x": [0, 1, 2, 3, 4, 5], "y": [2.6545262336730957, 9.118962287902832, 3.965712785720825, 10.893121719360352, 5.741790294647217, 12.638303756713867], "params": [4.509819984436035, -2.2972707748413086, 9.211875915527344, 11.559931755065918, 0.25, 0.0, 11.910058975219727]}