{"x": [0, 1, 2, 3, 4, 5], "y": [2.3560986518859863, 6.2502570152282715, 3.9858694076538086, 7.854213714599609, 5.165152549743652, 10.035476684570312], "params": [3.9236931800842285, -3.1237494945526123, 7.351739406585693, 7.120756149291992, 0.25, 0.0, 8.007017135620117]}