{"x": [0, 1, 2, 3, 4, 5], "y": [4.18026065826416, 6.055215358734131, 4.6121392250061035, 5.4194841384887695, 4.044809341430664, 5.51059627532959], "params": [0.17448276281356812, -2.5755298137664795, 0.9132480621337891, 3.2676422595977783, 0.25, 0.0, 4.354220390319824]}