{"x": [0, 1, 2, 3, 4, 5], "y": [6.649693012237549, 11.292875289916992, 8.140410423278809, 13.269418716430664, 9.706169128417969, 15.615205764770508], "params": [4.643576622009277, 4.463331699371338, 9.118650436401367, 8.972536087036133, 0.25, 0.0, 9.354127883911133]}