{"x": [0, 1, 2, 3, 4, 5], "y": [1.9154610633850098, 7.68451452255249, 2.255646228790283, 9.222936630249023, 4.470804691314697, 10.586467742919922], "params": [3.50518798828125, -3.7956273555755615, 6.818737030029297, 11.353751182556152, 0.25, 0.0, 12.571221351623535]}