{"x": [0, 1, 2, 3, 4, 5], "y": [7.408029556274414, 11.958478927612305, 7.282192230224609, 12.057631492614746, 7.858246803283691, 12.889484405517578], "params": [0.8501958847045898, 4.785888195037842, 1.8410825729370117, 9.36355972290039, 0.25, 0.0, 9.432744979858398]}