{"x": [0, 1, 2, 3, 4, 5], "y": [2.8859543800354004, 5.100759506225586, 3.604156255722046, 6.325351715087891, 4.181888103485107, 5.610820770263672], "params": [0.9004861116409302, -3.4660940170288086, 2.998505115509033, 3.983612298965454, 0.25, 0.0, 5.075304985046387]}