{"x": [0, 1, 2, 3, 4, 5], "y": [5.794451713562012, 6.150404453277588, 5.82167911529541, 6.814626693725586, 6.27548885345459, 7.884529113769531], "params": [0.9871625900268555, 0.9263712167739868, 3.8085203170776367, 2.195286273956299, 0.25, 0.0, 2.479591131210327]}