{"x": [0, 1, 2, 3, 4, 5], "y": [3.4982566833496094, 5.681589126586914, 4.203469753265381, 6.489856719970703, 5.052433967590332, 6.5486674308776855], "params": [1.4107015132904053, -1.7115259170532227, 3.0918660163879395, 3.2232329845428467, 0.25, 0.0, 3.639596462249756]}