{"x": [0, 1, 2, 3, 4, 5], "y": [4.511495113372803, 6.736245155334473, 5.487662315368652, 8.785653114318848, 7.665859222412109, 10.120841979980469], "params": [3.7482876777648926, 1.0465067625045776, 7.401995658874512, 4.428523063659668, 0.25, 0.0, 4.729062080383301]}