{"x": [0, 1, 2, 3, 4, 5], "y": [2.4803929328918457, 7.446104049682617, 4.310342788696289, 8.982102394104004, 5.45803165435791, 11.132680892944336], "params": [4.84197998046875, -1.679013967514038, 9.43038272857666, 7.608732223510742, 0.25, 0.0, 9.533239364624023]}