{"x": [0, 1, 2, 3, 4, 5], "y": [2.4003841876983643, 8.559974670410156, 3.4228925704956055, 9.349058151245117, 5.689189434051514, 10.823982238769531], "params": [3.6100914478302, -2.800793170928955, 7.271127700805664, 10.566133499145508, 0.25, 0.0, 10.777178764343262]}