{"x": [0, 1, 2, 3, 4, 5], "y": [5.7494072914123535, 5.15316915512085, 5.199569225311279, 5.986343860626221, 5.531828880310059, 5.53320837020874], "params": [0.014019608497619629, 0.6406247615814209, 0.9634027481079102, 0.03800332546234131, 0.25, 0.0, 1.4969135522842407]}