{"x": [0, 1, 2, 3, 4, 5], "y": [0.8144572377204895, 8.457889556884766, 2.677365779876709, 10.590283393859863, 4.484704494476318, 12.721004486083984], "params": [4.691348075866699, -4.352776527404785, 9.390823364257812, 14.473916053771973, 0.25, 0.0, 14.422271728515625]}