{"x": [0, 1, 2, 3, 4, 5], "y": [6.397233963012695, 8.949302673339844, 7.7456278800964355, 10.145306587219238, 7.599571228027344, 9.877012252807617], "params": [1.4872756004333496, 4.098368167877197, 3.096508026123047, 3.8087081909179688, 0.25, 0.0, 5.142166614532471]}