{"x": [0, 1, 2, 3, 4, 5], "y": [6.000126838684082, 14.365304946899414, 8.199254989624023, 15.770023345947266, 9.40328311920166, 17.123458862304688], "params": [3.576310157775879, 2.472273111343384, 7.187908172607422, 13.624227523803711, 0.25, 0.0, 15.202310562133789]}