{"x": [0, 1, 2, 3, 4, 5], "y": [6.1301398277282715, 11.224050521850586, 7.5231194496154785, 12.727581977844238, 7.964690685272217, 12.818761825561523], "params": [2.9674158096313477, 4.553564071655273, 5.666412353515625, 9.277168273925781, 0.25, 0.0, 9.194278717041016]}