{"x": [0, 1, 2, 3, 4, 5], "y": [2.6817169189453125, 7.161993026733398, 3.3235762119293213, 8.675411224365234, 4.181052207946777, 9.323490142822266], "params": [1.9791603088378906, -4.349898815155029, 4.119320869445801, 9.211373329162598, 0.25, 0.0, 9.812435150146484]}