{"x": [0, 1, 2, 3, 4, 5], "y": [2.9450550079345703, 4.619476318359375, 4.229089260101318, 5.7259931564331055, 5.896120071411133, 7.5528950691223145], "params": [3.7417280673980713, -0.0018340349197387695, 8.738373756408691, 0.7418829202651978, 0.25, 0.0, 2.4021997451782227]}