{"x": [0, 1, 2, 3, 4, 5], "y": [4.216942310333252, 9.135430335998535, 3.7985641956329346, 8.911445617675781, 4.149354934692383, 9.328052520751953], "params": [0.04530608654022217, -1.947462558746338, 0.8739500045776367, 10.129623413085938, 0.25, 0.0, 10.753315925598145]}