{"x": [0, 1, 2, 3, 4, 5], "y": [3.5004055500030518, 9.159125328063965, 5.093169689178467, 10.933341026306152, 6.8885087966918945, 12.216724395751953], "params": [3.451871633529663, -0.5553555488586426, 7.556889533996582, 9.35681438446045, 0.25, 0.0, 10.311473846435547]}