{"x": [0, 1, 2, 3, 4, 5], "y": [4.9162750244140625, 9.873950958251953, 5.413534641265869, 10.359180450439453, 7.569190979003906, 11.970367431640625], "params": [3.290414810180664, -0.10314285755157471, 6.343782424926758, 8.748739242553711, 0.25, 0.0, 9.308198928833008]}