{"x": [0, 1, 2, 3, 4, 5], "y": [3.2703306674957275, 4.598258972167969, 4.451913356781006, 5.88158655166626, 5.30841064453125, 7.139827251434326], "params": [2.7682623863220215, -1.0468435287475586, 5.901823043823242, 2.21299409866333, 0.25, 0.0, 2.3377084732055664]}