{"x": [0, 1, 2, 3, 4, 5], "y": [4.152566909790039, 5.445023536682129, 4.835525989532471, 7.545101165771484, 6.400022029876709, 7.294536590576172], "params": [2.7088286876678467, 0.6243270635604858, 5.6920976638793945, 2.315746784210205, 0.25, 0.0, 3.580282688140869]}