{"x": [0, 1, 2, 3, 4, 5], "y": [5.884263038635254, 12.105358123779297, 7.3695759773254395, 14.170652389526367, 9.849784851074219, 15.988948822021484], "params": [4.693573951721191, 4.2801995277404785, 9.136357307434082, 11.26314926147461, 0.25, 0.0, 11.55545425415039]}