{"x": [0, 1, 2, 3, 4, 5], "y": [6.3909010887146, 13.61277961730957, 6.360080718994141, 13.576821327209473, 7.332746505737305, 14.58718490600586], "params": [0.7719507813453674, 0.3657752275466919, 1.7057056427001953, 13.74590015411377, 0.25, 0.0, 14.834787368774414]}