{"x": [0, 1, 2, 3, 4, 5], "y": [1.8701488971710205, 5.227870941162109, 2.5610241889953613, 5.579291343688965, 3.780595302581787, 6.401378154754639], "params": [1.981259822845459, -4.771406650543213, 4.3407487869262695, 5.029934883117676, 0.25, 0.0, 5.885604381561279]}