{"x": [0, 1, 2, 3, 4, 5], "y": [2.7758069038391113, 6.721225261688232, 4.224882125854492, 8.37627124786377, 5.611074447631836, 10.687579154968262], "params": [3.5223517417907715, -3.795726776123047, 6.997985363006592, 8.217754364013672, 0.25, 0.0, 9.153702735900879]}