{"x": [0, 1, 2, 3, 4, 5], "y": [2.377081871032715, 5.107882499694824, 3.5692975521087646, 5.743139266967773, 3.963534355163574, 6.163086891174316], "params": [1.4983159303665161, -4.6082282066345215, 3.769444704055786, 4.287092685699463, 0.25, 0.0, 4.731143951416016]}