{"x": [0, 1, 2, 3, 4, 5], "y": [7.979748249053955, 14.483488082885742, 8.744558334350586, 15.327062606811523, 9.013415336608887, 15.391504287719727], "params": [1.8160834312438965, 3.3069701194763184, 3.569735527038574, 12.719593048095703, 0.25, 0.0, 13.77647590637207]}