{"x": [0, 1, 2, 3, 4, 5], "y": [5.633082389831543, 10.862198829650879, 7.73834228515625, 13.085596084594727, 9.80545425415039, 14.718843460083008], "params": [4.498136520385742, 3.808095932006836, 8.874311447143555, 8.8917875289917, 0.25, 0.0, 9.34705638885498]}