{"x": [0, 1, 2, 3, 4, 5], "y": [4.538384437561035, 7.520144939422607, 4.377869129180908, 7.138243198394775, 4.396223068237305, 7.379031181335449], "params": [0.1702183485031128, -2.6981468200683594, 0.944068431854248, 5.238492012023926, 0.25, 0.0, 5.913733005523682]}