{"x": [0, 1, 2, 3, 4, 5], "y": [6.234289169311523, 7.168103218078613, 7.305883407592773, 7.520791530609131, 7.622465133666992, 9.257651329040527], "params": [2.9041261672973633, 4.603779315948486, 6.858547210693359, 0.2450224757194519, 0.25, 0.0, 2.0192885398864746]}