{"x": [0, 1, 2, 3, 4, 5], "y": [6.096713066101074, 8.224761009216309, 7.214478015899658, 8.35311508178711, 7.149048805236816, 9.926024436950684], "params": [1.4217936992645264, 2.90903377532959, 2.9669599533081055, 3.7841641902923584, 0.25, 0.0, 4.968525409698486]}