{"x": [0, 1, 2, 3, 4, 5], "y": [4.028628349304199, 4.20457124710083, 5.2952094078063965, 5.972465991973877, 6.7179274559021, 7.553820610046387], "params": [3.2891664505004883, 1.3466036319732666, 6.623865127563477, 0.23483186960220337, 0.25, 0.0, 0.8075194358825684]}