{"x": [0, 1, 2, 3, 4, 5], "y": [6.301847457885742, 8.799942016601562, 6.615993499755859, 8.03573989868164, 7.017294406890869, 8.572733879089355], "params": [0.3193312883377075, 3.177799701690674, 1.950927734375, 3.5929977893829346, 0.25, 0.0, 5.12650728225708]}