{"x": [0, 1, 2, 3, 4, 5], "y": [6.909303188323975, 13.749771118164062, 8.797060012817383, 14.864654541015625, 9.886152267456055, 16.753631591796875], "params": [3.2419326305389404, 4.117580413818359, 7.064645767211914, 12.009004592895508, 0.25, 0.0, 12.624009132385254]}