{"x": [0, 1, 2, 3, 4, 5], "y": [4.662939071655273, 9.075603485107422, 5.1657915115356445, 9.455351829528809, 4.785374641418457, 9.19543170928955], "params": [0.10187774896621704, -2.963533401489258, 1.346531867980957, 9.017860412597656, 0.25, 0.0, 9.236692428588867]}