{"x": [0, 1, 2, 3, 4, 5], "y": [3.0248680114746094, 6.107816219329834, 3.9034109115600586, 6.5251054763793945, 4.167514324188232, 6.7140655517578125], "params": [0.8985477685928345, -2.554378032684326, 2.4522294998168945, 4.463790416717529, 0.25, 0.0, 5.472697734832764]}