{"x": [0, 1, 2, 3, 4, 5], "y": [1.5657339096069336, 4.414689064025879, 3.1506643295288086, 5.572782516479492, 4.469332695007324, 7.1069841384887695], "params": [3.621260166168213, -3.534480333328247, 7.494600772857666, 3.549952745437622, 0.25, 0.0, 4.052831649780273]}