{"x": [0, 1, 2, 3, 4, 5], "y": [3.7692666053771973, 4.896667003631592, 5.43728494644165, 6.272468566894531, 6.7465009689331055, 7.389069557189941], "params": [2.6157312393188477, 1.4385181665420532, 6.270478248596191, 0.3628537058830261, 0.25, 0.0, 0.969127357006073]}