{"x": [0, 1, 2, 3, 4, 5], "y": [5.786228179931641, 13.23105525970459, 6.566893577575684, 14.13133430480957, 7.514011383056641, 14.978877067565918], "params": [2.318516969680786, 0.9040933847427368, 4.213443756103516, 14.965788841247559, 0.25, 0.0, 15.016840934753418]}