{"x": [0, 1, 2, 3, 4, 5], "y": [4.220915794372559, 11.922917366027832, 4.956230163574219, 12.96418285369873, 6.666692733764648, 13.887542724609375], "params": [2.7101378440856934, -4.169035911560059, 5.3638200759887695, 14.775102615356445, 0.25, 0.0, 15.410898208618164]}