{"x": [0, 1, 2, 3, 4, 5], "y": [4.89177131652832, 3.9693922996520996, 4.48818302154541, 3.5118367671966553, 4.180141448974609, 3.30928373336792], "params": [-1.8319213390350342, 4.632143020629883, 3.176513671875, 2.8483870029449463, 0.25, 1.0, 3.29380464553833]}